word_form	frequency	length
και	7958	3
της	6719	3
την	5267	3
να	4769	2
του	4521	3
των	4487	3
για	3924	3
το	3491	2
που	3362	3
με	2964	2
σε	2126	2
τα	2117	2
από	2075	3
τη	1961	2
στην	1938	4
τις	1770	3
οι	1509	2
στο	1358	3
άρθρο	1295	5
ότι	1275	3
είναι	1191	5
επιτροπή	1137	8
τους	1135	4
θα	1021	2
τον	1007	3
πρέπει	988	6
κατά	741	4
παράγραφος	728	10
δεν	697	3
σχετικά	669	7
στις	669	4
υπόψη	667	5
εκ	650	2
επιτροπής	564	9
στη	529	3
στον	527	4
μέλη	515	4
κανονισμού	485	10
οποία	480	5
ως	477	2
έχει	468	4
σύμφωνα	466	7
εε	465	2
κράτη	464	5
αφορά	437	5
ευρωπαϊκό	418	9
διαδικασία	416	10
όπως	405	4
κοινοβούλιο	404	11
μπορεί	401	6
έχουν	399	5
στα	397	3
πρόταση	396	7
πλαίσιο	392	7
καθώς	386	5
συμβουλίου	374	10
τομέα	374	5
προς	366	4
ημερομηνία	332	10
ευρωπαϊκής	331	10
αυτό	331	4
ένα	330	3
έχοντας	325	7
ανάπτυξη	325	8
ευρωπαϊκού	324	10
μια	315	3
κοινοβουλίου	313	12
συμβούλιο	302	9
μεταξύ	301	6
αριθ.	299	5
όσον	286	4
κάθε	269	4
βάση	261	4
εν	260	2
νέα	258	3
ανάπτυξης	257	9
επίσης	256	6
ευρωπαϊκή	244	9
ενέργειας	243	9
λόγω	242	4
προκειμένου	241	11
υπηρεσιών	239	9
αυτές	236	5
μπορούν	234	7
ελέγχου	233	7
μέσω	229	4
επίπεδο	229	7
αυτή	223	4
αρχή	218	4
συνθήκης	217	8
ένωσης	215	6
παράρτημα	214	9
οδηγίας	213	7
μελών	212	5
πλειοψηφία	209	10
έκθεση	209	6
εφαρμογή	208	8
περίπτωση	205	9
συνεδρίου	198	9
θέση	193	4
πολιτικής	192	9
αιτιολογική	189	11
λαμβάνοντας	189	11
μιας	187	4
κρατών	187	6
όταν	184	4
στους	184	5
μέτρα	184	5
οδηγία	184	6
εργασίας	182	8
σκέψη	180	5
σημείο	180	6
ιδίως	179	5
ενός	179	4
μετά	178	4
παρόντος	178	8
χρήση	177	5
μία	176	3
τροφίμων	175	8
περιοχές	173	8
ελεγκτικού	171	10
ανάγνωση	166	8
επί	166	3
στοιχεία	163	8
εντός	162	5
προώθηση	162	8
έως	161	3
μέλος	161	5
χωρίς	160	5
κοινότητας	160	10
μόνο	159	4
υπηρεσίες	158	9
αγορά	157	5
οποίες	157	6
ισχυρισμός	157	10
νέο	156	3
οποίο	155	5
ώστε	154	4
έγκριση	151	7
εάν	151	3
εοκ	150	3
απόφασης	149	8
κανονισμό	148	9
ψηφοφορία	148	9
διατάξεις	148	9
ιδιότητες	148	9
απόφαση	146	7
στοιχείο	145	8
τελική	144	6
συνεργασίας	143	11
μη	140	2
προστασία	140	9
κανονισμός	139	10
ζητεί	138	5
οικονομική	138	10
τρόπο	137	5
πρώτη	136	5
ολομέλεια	136	9
αλλά	135	4
διαχείρισης	135	11
ημερομ	134	6
γνώμη	133	5
μεταφορών	133	9
τομείς	133	6
ψηφισάντων	132	10
βελτίωση	132	8
ρόλο	132	4
πρόσβαση	131	8
δημιουργία	131	10
έγκρισης	130	8
πληροφορίες	130	11
περίοδο	130	7
καλεί	130	5
συνέδριο	130	8
αγοράς	128	6
άρθρου	128	6
βάσει	128	5
αποτελούν	127	9
αν	127	2
διαχείριση	127	10
απασχόλησης	127	11
πολιτική	125	8
εφαρμογής	125	9
άλλων	125	5
αγροτικές	125	9
κοινής	124	6
αποτελεί	124	8
προστασίας	123	10
περιβάλλον	122	10
οικονομικής	121	11
κοινοτική	118	9
παρ	118	3
αυτών	118	5
αρμόδια	117	7
παρόντες	117	8
αναφέρεται	117	10
περιπτώσεις	116	11
ποιότητας	116	9
κοινωνική	115	9
συνεργασία	114	10
αρθρο	114	5
τροποποίηση	113	11
εκτός	113	5
στόχο	113	5
μέλους	112	6
κανόνες	112	7
ευρωπαϊκου	111	10
κοινοβουλιου	111	12
αρχές	111	5
υγιεινές	111	8
πρόγραμμα	111	9
ελεγκτικό	111	9
έτος	110	4
νομική	109	6
ένωση	109	5
προϊόντων	109	9
ισχυρισμοί	109	10
ενίσχυση	109	8
θέσης	108	5
όπου	108	4
στόχων	108	6
αναγγελίας	108	10
δυνατότητα	108	10
εφόσον	107	6
ιδιαίτερα	107	9
επιχειρήσεων	107	12
υπό	106	3
επιχειρήσεις	106	12
αξιολόγηση	105	10
κοινού	104	6
μέσο	104	4
περί	103	4
ψηφισματος	102	10
ουσίας	102	6
σχέδιο	102	6
ακόμη	101	5
σχέση	101	5
μέσα	101	4
μου	101	3
προτείνει	100	9
ευρωπαϊκών	100	10
σημασία	99	7
μέτρων	99	6
χώρες	99	5
κοινωνικής	99	10
συναπόφασης	98	11
τμήμα	98	5
δράσης	98	6
θρεπτικών	98	9
μείωση	98	6
κοινή	97	5
όσο	97	3
αγροτικής	97	9
περιβάλλοντος	96	13
νέων	95	4
κράτος	95	6
όλες	95	4
δράσεις	95	7
έτη	95	3
όλα	95	3
προτάσεις	94	9
κράτους	94	7
νομοθεσία	94	9
δυνατόν	94	7
στρατηγικής	94	11
εισηγητής	93	9
τουλάχιστον	93	11
κείμενο	92	7
αυτής	90	5
κοινοτικό	89	9
επίτευξη	89	8
απασχόληση	89	10
καταναλωτή	89	10
αρχής	89	5
γυναικών	89	8
σημαντικό	88	9
αυτού	88	5
ανάγκης	88	7
μέρος	88	5
κοινοτικής	88	10
δασών	88	5
προγράμματα	87	11
ανάγκη	86	6
εδάφιο	86	6
παράγραφο	86	9
προϋπολογισμού	86	14
σελ.	85	4
απαιτήσεις	85	10
πηγών	85	5
αφορούν	84	7
συμμετοχή	84	9
πόρων	84	5
νέες	84	4
πληροφορίας	84	11
παροχή	83	6
ανά	83	3
πληροφοριών	83	11
περαιτέρω	83	9
οικονομικών	83	11
ανανεώσιμων	83	11
τπε	83	3
άρθρα	82	5
αποτέλεσμα	82	10
αναφέρονται	82	11
δεύτερη	81	7
αυτά	81	4
ωστόσο	81	6
δραστηριοτήτων	81	14
τόσο	81	4
αύξηση	81	6
σκοπό	80	5
θεωρεί	80	6
τίτλος	80	6
εθνικών	80	7
προϊόν	80	6
διαδικασίες	79	11
διατροφή	79	8
γεωργίας	79	8
διαδικασίας	78	11
πολιτικών	78	9
διάρκεια	78	8
γνωμοδότησης	78	12
έκτακτης	78	8
αίτηση	78	6
κειμένου	77	8
διατήρηση	77	9
προϊόντα	77	8
τροπολογίες	76	11
γίνεται	76	7
σχεδιο	76	6
νομοθετικου	76	11
διακρίσεων	76	10
εξέταση	76	7
στρατηγική	76	10
έλεγχο	76	6
ορίζεται	76	8
διατροφής	76	9
πιο	76	3
ιδιοτήτων	75	9
παραγωγή	75	8
όργανα	75	6
έργα	75	4
ανάγκες	74	7
κοινοτικών	74	10
τρόφιμα	74	7
σήμανση	73	7
αναφοράς	73	8
άλλες	73	5
διαγράφεται	73	11
ήδη	73	3
σας	73	3
κοινωνία	73	8
όλων	72	4
ισχυρισμού	72	10
τροπολογία	72	10
βουλευτών	71	9
είτε	71	4
ανακοίνωση	71	10
δραστηριότητες	71	14
καταπολέμηση	71	12
παράδειγμα	70	10
μέχρι	70	5
αξία	70	4
επισημαίνει	70	11
χρηματοδότηση	70	13
προγραμμάτων	70	12
προβλέπεται	69	11
εθνικό	69	6
παρόντα	69	7
παροχής	69	7
αξιολόγησης	68	11
υπάρχει	68	7
όλους	68	5
κατάρτιση	68	9
επιτευχθεί	68	10
ισχύει	68	6
περιλαμβάνει	68	12
γίνει	68	5
πριν	68	4
υγεία	68	5
διατίθενται	68	11
ενημέρωσης	68	10
ποσότητα	68	8
πηγές	68	5
προγράμματος	68	12
έργων	68	5
προϋποθέσεις	67	12
διατάξεων	67	9
υγείας	67	6
υποβάλει	66	8
de	66	2
προορίζονται	66	12
μέσων	66	5
μόνον	65	5
κυρίως	65	6
όρους	64	5
υλοποίηση	64	9
όχι	64	3
πολύ	64	4
αναπληρωτές	64	11
άλλα	64	4
ισχυρισμούς	64	11
ήταν	64	4
περιέχει	64	8
αξίας	64	5
αποτελέσματα	64	12
πολίτες	64	7
τονίζει	64	7
κατάσταση	63	9
πρότασης	63	8
κοινωνικών	63	10
σημειο	63	6
υγιεινών	63	8
δήλωση	63	6
κοινωνίας	63	9
αναθέτει	62	8
συστήματα	62	9
ίδιο	62	4
μέσου	62	5
θρεπτικές	62	9
θητείας	62	7
χρησιμοποιούνται	61	16
κανόνων	61	7
στόχους	61	7
περισσότερο	61	11
παρούσα	61	7
παραγωγής	61	9
άποψη	60	5
δικαιωμάτων	60	11
δύο	60	3
συγκεκριμένα	60	12
υπερβαίνει	60	10
δυνατό	60	6
ευρωπαϊκά	60	9
πέντε	60	5
στήριξη	60	7
γεωργία	60	7
πρόσβασης	59	9
υπόκεινται	59	10
ένας	59	4
εξής	59	4
περιοχών	59	8
παρών	59	5
συνεπώς	59	7
συνέπεια	59	8
θεμάτων	59	7
πρόεδρό	58	7
προβλέπει	58	9
στόχος	58	6
προβλέπονται	58	12
φορείς	58	6
κεφαλαίου	58	9
προσοχή	58	7
εοδς	58	4
δημοσιονομικής	58	14
διοικητικό	58	10
προτεραιότητες	58	14
άξονα	58	5
αλιείας	58	7
ορισμού	57	7
σημαντικές	57	10
εργαζομένων	57	11
κατευθυντήριες	57	14
δίκαιο	57	6
δικαίωμα	57	8
δράσεων	57	7
υπογραμμίζει	57	12
απόρριψη	56	8
πλήρως	56	6
συστήματος	56	10
εγκρίνει	56	8
ασφάλεια	56	8
εφαρμόζεται	56	11
γραμμές	56	7
ορίζονται	56	9
μεγαλύτερη	56	10
θητεία	56	6
υπαίθρου	56	8
κόμματα	56	7
τεχνικών	55	8
διαβιβάσει	55	10
ειδικότερα	55	10
γεγονός	55	7
λάβει	55	5
ασφάλειας	55	9
παύλα	55	5
αντιμετώπιση	55	12
προσέγγιση	55	10
θέματα	55	6
πολιτικές	55	9
πληρωμής	55	8
σχεδίου	54	7
θέσπιση	54	7
συνθήκες	54	8
συστημάτων	54	10
ποσοστό	54	7
κατόπιν	54	7
τρόφιμο	54	7
γνωμοδότηση	54	11
τοπικών	54	7
συνθήκη	54	7
the	54	3
τεχνικές	53	8
ενώ	53	3
αργότερο	53	8
διαβούλευση	53	11
δεκεμβρίου	53	10
περιεκτικότητα	53	14
τροφίμου	53	8
χρήσης	53	6
συμβάλει	53	8
δικτύων	52	7
εθνικές	52	7
ακόλουθες	52	9
παρατηρήσεις	52	12
εκπαίδευσης	52	11
δημόσιας	52	8
ορισμένες	52	9
πλαισίου	52	8
πολιτικά	52	8
δάση	52	4
επεξεργασίας	51	12
τελευταία	51	9
παρούσας	51	8
βαθμό	51	5
πληθυσμού	51	9
έγγραφα	51	7
μην	51	3
ενδέχεται	51	9
γνωμοδοτηση	51	11
γεωργικών	51	9
ιδιαίτερη	51	9
προϋπολογισμό	51	13
διευθυντή	51	9
ποσό	51	4
συνδρομής	51	9
επενδύσεις	51	10
εκτιμά	51	6
έρευνας	50	7
μέρους	50	6
κοινό	50	5
λαμβάνονται	50	11
σκόπιμο	50	7
τι	50	2
στοιχείων	50	9
φορά	50	4
χορήγηση	50	8
χρηματοδότησης	50	14
αγροτικών	50	9
έκδοση	49	6
σύσταση	49	7
απαιτείται	49	10
εσωτερικής	49	10
όμως	49	4
τροποποιήσεις	49	13
λόγους	49	6
υποβάλλει	49	9
βουλευτές	49	9
χώρα	49	4
ισχυρισμών	49	10
ευρώπη	49	6
πλέον	49	5
οικονομίας	49	10
ειδικές	48	7
θέμα	48	4
ιανουαρίου	48	10
σύστημα	48	7
έναν	48	4
κοινοτικού	48	10
χαρακτηριστικά	48	14
έτους	48	5
δυνατότητες	48	11
δημόσια	48	7
προτείνεται	47	11
δικτύου	47	7
παρέχει	47	7
χαρακτήρα	47	9
τοπικές	47	7
σημαντική	47	9
αντικείμενο	47	11
πρόκειται	47	9
υπάρχουν	47	8
συντονισμού	47	11
νομικών	47	7
παραγραφος	47	10
αναφορά	47	7
πρόληψη	47	7
σύμβαση	47	7
ευρώ	47	4
μεταφοράς	46	9
όργανο	46	6
μεταφορές	46	9
προϋπόθεση	46	10
υπηρεσίας	46	9
εκπαίδευση	46	10
ετών	46	4
δικαιώματα	46	10
σημαντικά	46	9
μπορούσε	46	8
ειδών	46	5
καθηκόντων	46	10
δημοσιονομικού	46	14
συνδρομή	46	8
στρατηγικές	46	11
αρχών	45	5
επιπλέον	45	8
γνωμοδοτήσει	45	12
ψηφοφορίας	45	10
μαρτίου	45	7
καθήκοντα	45	9
οποίων	45	6
συμπεριλαμβανομένων	45	19
λιπαρά	45	6
υποστήριξη	45	10
άτομα	45	5
έτσι	45	4
συμμετοχής	45	10
προϋπολογισμών	45	14
επιπτώσεις	45	10
διόρθωση	44	8
απαραίτητο	44	10
εισηγητήςές	44	11
περιφερειών	44	11
τελικής	44	7
συμφωνίας	44	9
εκτέλεση	44	8
συμβάσεων	44	9
επίδραση	44	8
αποφάσεων	44	9
νόημα	44	5
οργανισμού	44	10
συνοχή	44	6
εοες	44	4
σήμερα	44	6
προτεραιότητας	44	14
πολλές	44	6
νομοθετικού	43	11
δημοσιευθεί	43	11
νέου	43	4
επίπεδα	43	7
κριτήρια	43	8
ισχύουν	43	7
τροποποιήθηκε	43	13
ορισμένων	43	9
κοινότητα	43	9
θρεπτική	43	8
ισχυρισμό	43	9
φορέων	43	6
πρώτης	43	6
αξιοπιστίας	43	11
δοθεί	43	5
διορισμό	43	8
ανανεώσιμες	43	11
μετοχών	43	7
τρίτη	42	5
επενδύσεων	42	10
λαμβάνουν	42	9
υπηρεσία	42	8
αίτησης	42	7
κατηγορίες	42	10
δυνατή	42	6
δεδομένου	42	9
οχήματα	42	7
ημέρα	42	5
αυτόν	42	5
κοινοτικές	42	10
μορφή	42	5
παράγοντες	42	10
σχετίζονται	42	11
αιτούντα	42	8
έργο	42	4
φτώχειας	42	8
ταμείο	42	6
κοινωνικό	42	9
κατάρτισης	42	10
πολιτών	42	7
οικονομικά	42	10
τεχνολογίες	42	11
δασικής	42	7
βιομηχανίας	41	11
υποβολή	41	7
χρησιμοποιείται	41	15
βάσης	41	5
διαφόρων	41	8
καταστάσεις	41	11
φύσεως	41	6
ουσιών	41	6
περιέχεται	41	10
οποίος	41	6
τεχνολογιών	41	11
προτεραιότητα	41	13
οργανισμούς	41	11
συνοχής	41	7
λισαβόνας	41	9
εκτιμώντας	41	10
γενικά	40	6
σύνολο	40	6
ισχύ	40	4
ισχύος	40	6
περίοδος	40	8
προϊόντος	40	9
οποίοι	40	6
ανταγωνιστικότητα	40	17
εσωτερική	40	9
επιστημονικά	40	12
αειφόρο	40	7
ενέργεια	40	8
σημειώνει	40	9
ευκαιρίες	40	9
καλλιεργειών	40	12
απλά	39	4
ενδείκνυται	39	11
εφαρμόζονται	39	12
ίδια	39	4
παρέχουν	39	8
χρόνια	39	6
βασίζεται	39	9
ενισχυμένη	39	10
κατάθεσης	39	9
ανάπαυσης	39	9
σοβαρές	39	7
ενημερώνει	39	10
όριο	39	4
επιφύλαξη	39	9
προταση	39	7
ενθάρρυνση	39	10
γνώμης	39	6
έννοια	39	6
ιδιοκτησίας	39	11
εθνικά	39	6
ενίσχυσης	39	9
ευρώπης	39	7
ισότητας	39	8
ενσωμάτωση	39	10
γλωσσική	38	8
αρμόδιων	38	8
περιφερειακής	38	13
ορίζει	38	6
χρησιμοποίηση	38	13
τουρισμού	38	9
νομοθεσίας	38	10
αυτοί	38	5
λήψη	38	4
επιτροπης	38	9
είδους	38	6
θρεπτικής	38	9
ζωής	38	4
παρόν	38	5
υποθέσεων	38	9
συμβάλλουν	38	10
συνιστά	38	7
διασφάλιση	38	10
ενδιαφέροντος	38	13
στρατηγικών	38	11
πρωτοβουλίες	38	12
αναδιαρθρώσεων	38	14
θέρμανσης	38	9
ψύξης	38	5
δίκτυα	37	6
διαβούλευσης	37	12
απευθύνεται	37	11
όψει	37	4
συμπεριλαμβανομένης	37	19
σύμβασης	37	8
προτίθεται	37	10
κ.	37	2
παρέχεται	37	9
καθορίζει	37	9
2α	37	2
χρειάζεται	37	10
επισήμανση	37	10
ποιότητα	37	8
επίσημη	37	7
πρότυπα	37	7
σχέδια	37	6
επικοινωνιών	37	12
θέσεων	37	6
ενισχύσεις	37	10
έντονους	36	8
πλάγιους	36	8
χαρακτήρες	36	10
πλάγια	36	6
τελικού	36	7
εμφανώς	36	7
λανθασμένα	36	10
παραλειφθεί	36	11
διόρθωσης	36	9
συγκατάθεση	36	11
καθορίζονται	36	12
1η	36	2
επιφέρει	36	8
ενημέρωση	36	9
περιφερειακών	36	13
νομικό	36	6
λαμβάνει	36	8
δραστηριότητα	36	13
καταναλωτών	36	11
μητρώο	36	6
σχετικές	36	8
βοήθεια	36	7
λήξη	36	4
εκμετάλλευσης	36	13
ούτε	36	4
εδαφικής	36	8
μπορούσαν	36	9
δαπανών	36	7
αποκλεισμού	36	11
αγροτική	36	8
λαμβάνεται	35	10
διακρίσεις	35	10
επικοινωνίας	35	12
δεδομένα	35	8
περιοχή	35	7
ειδικά	35	6
μορφές	35	6
αναθεώρηση	35	10
ενθαρρύνει	35	10
τούτου	35	6
άλλη	35	4
δικαίου	35	7
προβλήματα	35	10
φυσικά	35	6
in	35	2
εξάλειψη	35	8
ίδρυση	35	6
επιτρέπει	35	9
κοινοτήτων	35	10
φάση	35	4
αποφάσεις	35	9
πόροι	35	5
δυναμικού	35	9
αυτούς	34	6
επιπτώσεων	34	10
ληφθεί	34	6
διατύπωση	34	9
αριθμό	34	6
διάφορες	34	8
εργασίες	34	8
δραστηριότητας	34	14
τέλος	34	5
σκοπούς	34	7
θετική	34	6
είδος	34	5
αφού	34	4
λειτουργία	34	10
σεπτεμβρίου	34	11
ψήφισμα	34	7
ταχείας	34	7
συμβιβαστική	34	12
επέμβασης	34	9
εκθέσεων	34	8
φύλων	34	5
κοινωνικού	34	10
εκθέσεις	34	8
διαφοροποίηση	34	13
μεταφορά	33	8
διάθεση	33	7
ορισμένα	33	8
απαραίτητη	33	10
μέρη	33	4
ημερών	33	6
άδεια	33	5
πραγματοποιείται	33	16
χωρών	33	5
νοεμβρίου	33	9
βοήθειας	33	8
επιχείρησης	33	11
κατ’	33	4
άλλης	33	5
ιουνίου	33	7
βασίζονται	33	10
παραλαβής	33	9
διασφάλισης	33	11
πράξη	33	5
περιβαλλοντικών	33	15
δημόσιες	33	8
πόρους	33	6
τοπικής	33	7
περιβαλλοντικές	33	15
συμβάλουν	33	9
τομέας	33	6
πρώτο	33	5
ισότητα	33	7
γυναίκες	33	8
δασοκομίας	33	10
βιοκαυσίμων	33	11
σύμφωνη	32	7
ιουλίου	32	7
καθορισμό	32	9
περιφερειακές	32	13
ενισχύσεων	32	10
εκατομμύρια	32	11
άλλο	32	4
πρωτοβουλία	32	11
αποφάσισε	32	9
πεδίο	32	5
σημεία	32	6
συμφωνία	32	8
συνδέονται	32	10
καινοτομία	32	10
έρευνα	32	6
αποτελεσματική	32	14
διασυνοριακής	32	13
δημιουργίας	32	11
δημόσιων	32	8
μας	32	3
υπενθυμίζει	32	11
εταιρία	32	7
δεδομένων	31	9
πρόβλεψη	31	8
ληφθούν	31	7
μαΐου	31	5
φορέα	31	5
διεθνείς	31	8
αυξηθεί	31	7
αποτελεσματικότητα	31	18
ανάλογα	31	7
περιόδου	31	8
ii	31	2
καταστεί	31	8
λόγο	31	4
εγκατάστασης	31	12
λειτουργίες	31	11
eκ	31	2
ουσία	31	5
υποβάλλεται	31	11
ευθύνη	31	6
πως	31	3
οικονομία	31	9
δε	31	2
αειφόρου	31	8
στήριξης	31	8
στόχοι	31	6
of	31	2
εταιρίας	31	8
πρότεινε	30	8
εγκριθεί	30	8
διαθέτει	30	8
τούτο	30	5
εξασφαλίζουν	30	12
εξασφάλιση	30	10
ηλικίας	30	7
αγορές	30	6
αριθμός	30	7
επιτρέπεται	30	11
γενική	30	6
γενικώς	30	7
όρος	30	4
χαμηλή	30	6
εγγυήσεις	30	9
οργάνου	30	7
αποστολή	30	8
θέσεις	30	6
μεγάλο	30	6
γραμμή	30	6
δυνάμει	29	7
εφαρμόζουν	29	10
πρακτικές	29	9
διαρθρωτικών	29	12
ιι	29	2
υποβολής	29	8
οργανισμός	29	10
εθνική	29	6
χώρο	29	4
1α	29	2
περιλαμβάνουν	29	13
διάφορα	29	7
υψηλής	29	6
διάστημα	29	8
έργου	29	5
άσκηση	29	6
επιστημονική	29	12
παρουσίαση	29	10
μηνών	29	5
κοινοποίηση	29	11
στ	29	2
εφημερίδα	29	9
γενικό	29	6
παρακολούθηση	29	13
διαταγής	29	8
δικαστηρίου	29	11
οργανισμών	29	10
διευθυντών	29	10
εκτελεστικού	29	12
αποσκοπεί	29	9
ευρατόμ	29	7
οργάνων	29	7
δεσμεύσεις	29	10
βίου	29	4
βιοκαύσιμα	29	10
καινοτομίας	29	11
ετοιμότητας	29	11
στηρίζεται	28	10
κόστος	28	6
κίνητρα	28	7
nuts	28	4
υποστηρίζει	28	11
μεταχείριση	28	11
οικονομικό	28	10
μέλλον	28	6
ανωτέρω	28	7
σχετικών	28	8
δεόντως	28	7
χορήγησης	28	9
προώθησης	28	9
συμβολή	28	7
χρησιμοποιηθεί	28	14
κεφάλαιο	28	8
διαδικασιών	28	11
ταμείων	28	7
ταμεία	28	6
νέους	28	5
δημοσιονομικό	28	13
ψήφισμά	28	7
σχεδίων	28	7
τίτλο	28	5
συνέπειες	28	9
box	28	3
καταστάσεων	28	11
αυτός	27	5
μέτρο	27	5
καλύτερη	27	8
νομικής	27	7
καθήκοντά	27	9
έναρξη	27	6
εξελίξεις	27	9
συνολική	27	8
τώρα	27	4
σαφώς	27	5
ρυθμίσεις	27	9
εξάλλου	27	7
φυσικών	27	7
ομάδες	27	6
αναμένεται	27	10
συμβάλλει	27	9
καθυστέρηση	27	11
κινδύνου	27	8
εμπορίου	27	8
προμηθειών	27	10
οικονομικές	27	11
έπρεπε	27	6
καθεστώς	27	8
πραγματική	27	10
προσεχή	27	7
συμφέροντα	27	10
ένταξη	27	6
αναδιαρθρώσεις	27	14
δασοκομία	27	9
ανταγωνιστικότητας	27	18
καλλιέργειες	27	12
αρμόδιες	26	8
έκθεσης	26	7
jan	26	3
άνω	26	3
περιλαμβάνονται	26	15
3α	26	2
παράγραφοι	26	10
κατανάλωση	26	10
συστατικών	26	10
ρόλος	26	5
κινδύνων	26	8
επιλογή	26	7
κατάλογο	26	8
μήνα	26	4
συνέχεια	26	8
δικαστήριο	26	10
καταγωγής	26	9
δημοσιονομικών	26	14
ζήτημα	26	6
παραταθεί	26	9
αναπληρωτήςές	26	13
σχεδιασμό	26	9
πρόεδρος	26	8
έναντι	26	6
la	26	2
ξυλείας	26	7
ανανεώσιμης	26	11
λισσαβόνας	26	10
σοβαρών	26	7
κομμάτων	26	8
κατάλληλα	25	9
έλλειψη	25	7
ορισμό	25	6
οργάνωση	25	8
συντονισμό	25	10
φύση	25	4
τήρηση	25	6
σ.	25	2
ατόμων	25	6
σύγκριση	25	8
προσφέρει	25	9
διαφήμιση	25	9
ζητήματα	25	8
ειδική	25	6
παρέχονται	25	10
διευκόλυνση	25	11
ενέκρινε	25	8
προσπάθειες	25	11
καλύπτει	25	8
αγορών	25	6
παραρτημα	25	9
ανταγωνισμού	25	12
συντάκτης	25	9
αλλαγές	25	7
βασικό	25	6
ταχεία	25	6
μετοχές	25	7
παρώνόντες	25	10
επιλογής	25	8
χάρτη	25	5
φύλου	25	5
εσωτερικού	25	10
πώς	25	3
αλλαγής	25	7
ετοιμότητα	25	10
λιμένα	25	6
δεξιοτήτων	25	10
μετεγκαταστάσεις	25	16
καταστροφών	25	11
προθεσμίας	24	10
κώδικα	24	6
υποβλήθηκε	24	10
αντικαταστήσει	24	14
τρεις	24	5
είχε	24	4
συμπεράσματα	24	12
απλοποιημένη	24	12
χρηματοδοτικού	24	14
χώρας	24	5
πραγματοποιούνται	24	17
ελέγχων	24	7
συμμετέχουν	24	11
τρίτες	24	6
χρονικό	24	7
εξέλιξη	24	7
ομάδας	24	6
οφέλη	24	5
χορηγείται	24	10
γλώσσα	24	6
περιφερειακή	24	12
βασικές	24	7
πρωτοκόλλου	24	11
προβλεφθεί	24	10
επέμβαση	24	8
δράση	24	5
τρίτο	24	5
εκατ.	24	5
αναγκαίες	24	9
τρόπους	24	7
προσφέρουν	24	10
προστιθέμενη	24	12
κινδύνους	24	9
ετήσια	24	6
ευκαιρία	24	8
αξιοποίηση	24	10
δασική	24	6
φτώχεια	24	7
ενεργειακών	24	11
διαφοροποίησης	24	14
αλιευτικών	24	10
γεωργικό	24	8
κατάλληλη	23	9
λιγότερο	23	8
γενικού	23	7
διοικητική	23	10
απαραίτητες	23	11
παραρτήματος	23	12
πχ	23	2
οχημάτων	23	8
αυτήν	23	5
δηλαδή	23	6
απαιτούνται	23	11
ενέργειες	23	9
επιτρέπουν	23	10
συμμόρφωση	23	10
πρόσωπο	23	7
ανώτατο	23	7
συνολικής	23	9
περισσότερες	23	12
υποχρέωση	23	9
τέτοιου	23	7
φυσιολογική	23	11
κύριο	23	5
οδηγίες	23	7
γενικές	23	7
κοινοποίησης	23	12
άλλους	23	6
βιομηχανία	23	10
γνώση	23	5
διεύθυνση	23	9
γλώσσες	23	7
περιλαμβανομένων	23	16
ποια	23	4
μείωσης	23	7
αλλαγή	23	6
ενισχυθεί	23	9
υποδομής	23	8
υποχρεώσεις	23	11
δημοσιονομική	23	13
αποτελέσει	23	10
εκτέλεσης	23	9
οργανισμοί	23	10
περίπου	23	7
θαλάσσιων	23	9
επίτευξής	23	9
ευκαιριών	23	9
διάδοση	23	7
μεταρρυθμίσεις	23	14
λιμενικών	23	9
μετεγκαταστάσεων	23	16
κγπ	23	3
βιομάζα	23	7
shetland	23	8
υπόμνημα	22	8
χρησιμοποιούμενα	22	16
σύμβολα	22	7
μνημονεύονται	22	13
ενδεικνυόμενη	22	13
αποτελεσματικά	22	14
αποδοτικότητα	22	13
πλαίσια	22	7
κεφαλαίων	22	9
τριών	22	5
πρώτων	22	6
εκ.	22	3
προέλευσης	22	10
καυσίμων	22	8
οποιαδήποτε	22	11
παράλληλα	22	9
επαγγελματική	22	13
χρησιμοποιηθούν	22	15
παραλαβή	22	8
οκτωβρίου	22	9
ακολουθεί	22	9
οφείλει	22	7
καμία	22	5
ύστερα	22	6
δημοσίευση	22	10
σχετική	22	7
εμπορικές	22	9
χαρακτηριστικών	22	15
αναγκαίο	22	8
απαγόρευση	22	10
επιτρέπονται	22	12
υλοποίησης	22	10
εμπειρογνώμονες	22	15
παραγόντων	22	10
έκδοσης	22	7
γνώσης	22	6
μελέτες	22	7
ανάλυση	22	7
οικονομικού	22	11
νομικά	22	6
διαφάνεια	22	9
δημοσίων	22	8
λειτουργίας	22	11
προοπτικές	22	10
συμφέρον	22	8
ενδεχόμενο	22	10
φαίνεται	22	8
εισηγήτρια	22	10
αρμοδιοτήτων	22	12
εκτελεστικών	22	12
τμήματα	22	7
προόδου	22	7
edit	22	4
τιμή	22	4
εκπροσώπου	22	10
διοικητικού	22	11
ομάδων	22	6
φορέας	22	6
αξίες	22	5
συχνά	22	5
γεωργικές	22	9
κατευθυντήρια	22	13
υλών	22	4
κλίματος	22	8
βιομάζας	22	8
περιοχής	22	8
ορίσει	21	6
θεσπίζει	21	8
υπέρ	21	4
προσαρμογή	21	10
επιπέδου	21	8
γνωμοδοτικήές	21	13
josé	21	4
εργασία	21	7
εμπορευμάτων	21	12
ορίων	21	5
εξασφαλιστεί	21	12
συνδυασμό	21	9
επιτρέψει	21	9
παραγράφου	21	10
άδειας	21	6
συστάσεις	21	9
πλεονεκτήματα	21	13
επιμέρους	21	9
επιστημονικές	21	13
νάτριο	21	6
υδατάνθρακες	21	12
μμε	21	3
βάρους	21	6
περιγράφουν	21	11
περιεχόμενο	21	11
αποδεκτά	21	8
προετοιμασία	21	12
ακόλουθα	21	8
φυσική	21	6
παρά	21	4
συνεπειών	21	9
υψηλή	21	5
προτύπων	21	8
στάδιο	21	6
ομίλου	21	6
δορυφόρου	21	9
δημοσιονομικές	21	14
πλήρη	21	5
μίας	21	4
αντιμετωπίζουν	21	14
πιστεύει	21	8
απριλίου	21	8
υπέβαλε	21	7
επαγγελματικής	21	14
καθήκον	21	7
ανδρών	21	6
συζήτηση	21	8
έμφαση	21	6
πληροφόρησης	21	12
διασφαλίσουν	21	12
αλληλεγγύης	21	11
περιβαλλοντικά	21	14
λιμένων	21	7
δυναμικό	21	8
γκέτεμποργκ	21	11
βιοποικιλότητας	21	15
δασικό	21	6
φυσικές	21	7
γεωργικά	21	8
θέρμανση	21	8
leader	21	6
i2010	21	5
ενόψει	20	6
αποτελεσματικότητας	20	19
ταυτόχρονα	20	10
χρήστες	20	7
ισορροπίας	20	10
κόστους	20	7
εσωτερικών	20	10
επαρκώς	20	7
ελέγχους	20	8
εγκαταστάσεις	20	13
οδήγησης	20	8
εξασφαλίζει	20	11
ημερήσιας	20	9
οδηγήσει	20	8
εξαιρέσεις	20	10
καλή	20	4
περισσότερα	20	11
άμεσα	20	5
ειδικούς	20	8
σώματος	20	7
σαφείς	20	6
ποσότητες	20	9
απαιτεί	20	7
υποβάλουν	20	9
υποβληθεί	20	9
υφίστανται	20	10
ζητήσει	20	7
παρακολούθησης	20	14
εξετάσει	20	8
εξαρτάται	20	9
τομέων	20	6
πρόσωπα	20	7
δημιουργεί	20	10
οποίους	20	7
θέτει	20	5
εδαφική	20	7
διαρθρωτικά	20	11
πράγματι	20	8
εσωτερικό	20	9
ραδιοναυσιπλοΐας	20	16
ολόκληρη	20	8
ης	20	2
ενδιαφερομένων	20	14
ανταγωνισμό	20	11
ενδεχομένως	20	11
απόκτηση	20	8
πρόβλημα	20	8
πρόληψης	20	8
μαζικής	20	7
χρηστής	20	7
καταπολέμησης	20	13
ερώτηση	20	7
τεχνολογίας	20	11
ψύξη	20	4
αγρότες	20	7
αντιπροσωπεύουν	19	15
στιγμή	19	6
συμβάσεις	19	9
συντάκτρια	19	10
περιφερειακό	19	12
δημιουργηθεί	19	12
κατάστασης	19	10
εναρμόνιση	19	10
ευρεία	19	6
ούτως	19	5
ανατεθεί	19	8
ωρών	19	4
απαιτήσεων	19	10
κανονισμούς	19	11
ορισμός	19	7
χρόνο	19	5
βρίσκεται	19	9
καλύπτονται	19	11
κάτω	19	4
εγκαταστάσεων	19	13
συμμορφώνονται	19	14
ομάδα	19	5
οργανώσεις	19	10
el	19	2
πολλά	19	5
σ'	19	2
γενικών	19	7
πρωτοβουλίας	19	12
πιστώσεις	19	9
ανάληψη	19	7
αναγνώριση	19	10
διευρωπαϊκών	19	12
κινητοποίηση	19	12
τμημάτων	19	8
πράξεις	19	7
σύναψη	19	6
κατ'	19	4
δαπάνες	19	7
ζώνες	19	5
διορίζεται	19	10
προτάσεως	19	9
πυλώνα	19	6
ανταλλαγή	19	9
προωθήσουν	19	10
das	19	3
περιφέρειες	19	11
εες	19	3
συνδιαλλαγής	19	12
εύλογη	19	6
κοινωνικά	19	9
eοκ	19	3
βιώσιμη	19	7
δασικών	19	7
αλιεία	19	6
διά	19	3
μέθοδοι	18	7
διαθέτουν	18	9
μονάδων	18	7
δημοκρατίας	18	11
μεγάλη	18	6
κατηγορία	18	9
μόλις	18	5
πρόσφατη	18	8
εκπόνηση	18	8
όλη	18	3
πράξεων	18	7
επικουρικότητας	18	15
αναγκαία	18	8
ανεξαρτήτως	18	11
διασυνοριακές	18	13
έλεγχοι	18	7
υποβάλλονται	18	12
προσώπων	18	8
αλυσίδα	18	7
1ης	18	3
διασφαλίζεται	18	13
κάνουν	18	6
4α	18	2
προβλέπουν	18	10
ιδιαιτέρως	18	10
ανταποκρίνεται	18	14
αιτούντος	18	9
συμπέρασμα	18	10
προτεινόμενη	18	12
βιομηχανικής	18	12
προέρχονται	18	11
μεγαλύτερο	18	10
μεγάλες	18	7
οοσα	18	4
συνεισφορά	18	10
διασφαλίσει	18	11
galileo	18	7
πρόοδο	18	6
ορθή	18	4
προκλήσεις	18	10
διευρωπαϊκά	18	11
πολυετή	18	7
υπάρξει	18	7
εκείνων	18	7
θεσμικών	18	8
πρόσφατα	18	8
βελτιωθεί	18	9
manuel	18	6
νομοθετικές	18	11
ανανεώσιμη	18	10
πρακτικών	18	9
μεταχείρισης	18	12
εργασιών	18	8
διασφαλιστεί	18	12
θεσμικά	18	7
κρατικές	18	8
έγγραφο	18	7
είμαι	18	5
περιβαλλοντικής	18	15
παγκοσμιοποίησης	18	16
μεταρρύθμιση	18	12
πολιτιστικής	18	12
γενιά	18	5
αναδιάρθρωσης	18	13
κινήτρων	17	8
υποδομών	17	8
εισαγωγή	17	8
διεύρυνση	17	9
διοικητικών	17	11
εκφράζει	17	8
διαφορετικές	17	12
κανονισμών	17	10
οδικών	17	6
χρόνου	17	6
αρμοδιότητες	17	12
καλύτερα	17	8
ελάχιστο	17	8
αριθμού	17	7
αιτιολογικη	17	11
σκεψη	17	5
επομένως	17	8
συνόλου	17	7
μέγιστη	17	7
μέγιστο	17	7
επιστροφή	17	9
εξασφαλίζεται	17	13
θεωρείται	17	9
δεύτερο	17	7
οφείλουν	17	8
περιβαλλοντική	17	14
λιπαρών	17	7
οξέα	17	4
τεκμηρίωση	17	10
κατάλογος	17	9
τελικό	17	6
εκμετάλλευση	17	12
εμπόριο	17	7
διευκολύνει	17	11
εξαίρεση	17	8
τιμές	17	5
παιδιά	17	6
λεπτομερείς	17	11
τέτοια	17	6
συμπλήρωση	17	10
ανάμεσα	17	7
ανεξάρτητα	17	10
σημασίας	17	8
εξωτερική	17	9
διεθνούς	17	8
οργάνωσης	17	9
σεβασμό	17	7
ηνωμένων	17	8
ίση	17	3
διασυνοριακή	17	12
οποίου	17	6
ταμείου	17	7
εμποδίων	17	8
σημαίνει	17	8
κονδυλίων	17	9
διασφαλίζει	17	11
υποθέσεις	17	9
αστικές	17	7
δώσει	17	5
αποτελεσμάτων	17	13
αναπτύξουν	17	10
ευρωπαϊκές	17	10
κεφάλαια	17	8
δαπάνης	17	7
εισφοράς	17	8
προγραμματισμού	17	15
maria	17	5
πρώτου	17	6
ανεξαρτησία	17	11
ευαισθητοποίηση	17	15
διεθνών	17	7
javier	17	6
βρίσκονται	17	10
δείκτες	17	7
απόκτησης	17	9
συνθηκών	17	8
εργαζομένους	17	12
πυρκαγιών	17	9
θερμοκηπίου	17	11
τεχνολογία	17	10
ηλεκτρικής	17	10
εγκρίθηκαν	16	10
δίκτυο	16	6
κατάλληλης	16	10
επαρκή	16	6
καθορισμού	16	10
διάφορους	16	9
κύρια	16	5
επιτροπήες	16	10
αμφισβήτηση	16	11
van	16	3
κανονισμοί	16	10
τίθεται	16	7
επικράτειά	16	10
επιχείρηση	16	10
αρκετά	16	6
θεσπίζονται	16	11
ιβ	16	2
όρων	16	4
παράσχει	16	8
εξ	16	2
αναλόγως	16	8
οποίας	16	6
ότου	16	4
προδιαγραφές	16	12
δύσκολο	16	7
αίσθησης	16	8
διαφάνειας	16	10
φέρει	16	5
ενεργειακής	16	11
ιδρύματα	16	8
δημοσιεύει	16	10
καταναλωτές	16	11
εμπορία	16	7
αποφευχθεί	16	10
πληρούνται	16	10
όροι	16	4
διατίθεται	16	10
πέραν	16	5
λήψης	16	5
ανταποκρίνονται	16	15
συγκεκριμένο	16	12
προτασσόμενος	16	13
a6	16	2
κατάργηση	16	9
ανάθεση	16	7
αμοιβαία	16	8
αποτελείται	16	11
κάποιο	16	6
επίδοσης	16	8
εκτίμηση	16	8
χώρου	16	5
γραμμών	16	7
λειτουργούν	16	11
οργανισμό	16	9
εμπιστοσύνη	16	11
όλο	16	3
δέσμευση	16	8
προγραμματισμό	16	14
ετήσιο	16	6
κοινωνικές	16	10
ές	16	2
δημόσιου	16	8
giuseppe	16	8
υπουργός	16	8
κανονιστική	16	11
ίσης	16	4
roure	16	5
and	16	3
έχετε	16	5
έχω	16	3
πτυχές	16	6
μεθόδων	16	7
επικροτεί	16	9
γεωργική	16	8
ζήτηση	16	6
καλυφθέντος	16	11
κείμενα	15	7
ίδιας	15	5
συνεπάγεται	15	11
εδαφικών	15	8
καθιστά	15	7
στόχου	15	6
χρησιμοποιούν	15	13
κρίνεται	15	8
αρμοδιότητα	15	11
κοινών	15	6
άρθρων	15	6
έξι	15	3
τηρούν	15	6
λεπτομέρειες	15	12
οδηγού	15	6
καθορίζεται	15	11
ηλικία	15	6
χρονική	15	7
εταιρείες	15	9
μεγαλύτερης	15	11
μειωμένη	15	8
έδαφος	15	6
συγκεκριμένες	15	13
προαγωγή	15	8
ουσίες	15	6
ικανότητα	15	9
ανθρώπινης	15	10
τέτοιων	15	7
εμπορικών	15	9
νομοθεσιών	15	10
πρακτική	15	8
επιπροσθέτως	15	12
αιτών	15	5
συνοδεύεται	15	11
άμεση	15	5
διάταξη	15	7
ζητήσουν	15	8
αίτημα	15	6
επεξεργασία	15	11
περιεκτικοτητα	15	14
εμπόδια	15	7
βασικών	15	7
αλυσίδας	15	8
λογαριασμών	15	11
διαπιστώνει	15	11
τοπική	15	6
παιδικής	15	8
ενδιαφέρον	15	10
υποστήριξης	15	11
σχέσεις	15	7
φάσεων	15	6
κατάλληλο	15	9
προστιθέμενης	15	13
εποπτικής	15	9
αναλάβει	15	8
δημοσιονομικά	15	13
ειδικό	15	6
διαταγή	15	7
αποτελεσματικό	15	14
ηλεκτρονικών	15	12
αναγνωρίζει	15	11
κλίμακας	15	8
μακροπρόθεσμα	15	13
σύνδεση	15	7
διασφαλίζουν	15	12
ψηφίσματος	15	10
μαρία	15	5
ανανέωσης	15	9
αναπηρίας	15	9
en	15	2
προσπαθειών	15	11
προωθηθεί	15	9
πολυμορφίας	15	11
κονδύλια	15	8
προσωπικού	15	10
αποκλεισμό	15	10
pomés	15	5
ruiz	15	4
adar	15	4
εικόνα	15	6
σαφήνεια	15	8
υιοθέτηση	15	9
αρνητικές	15	9
πλήττονται	15	10
φιλικών	15	7
αειφορίας	15	9
παγκόσμιο	15	9
φυσικής	15	7
κληρονομιάς	15	11
αγροτών	15	7
ακτινοβολία	15	11
μετόχων	15	7
περιουσιακών	15	12
φυσικού	14	7
εγκρίνεται	14	10
συναλλαγές	14	10
στατιστικών	14	11
τρία	14	4
ήτοι	14	4
οδικές	14	6
μήνες	14	5
ψηφιακό	14	7
υφιστάμενες	14	11
προσπάθεια	14	10
κυρώσεις	14	8
διαπραγματεύσεις	14	16
κυκλοφορίας	14	11
καθίσταται	14	10
επειδή	14	6
15ης	14	4
έδρα	14	4
βάρος	14	5
εξοπλισμό	14	9
ολοκλήρωση	14	10
λεπτά	14	5
παρέκκλιση	14	10
κατάλληλες	14	10
διάλογο	14	7
τίθενται	14	8
γνωμοδοτήσεις	14	13
διαδραματίζουν	14	14
ψαριών	14	6
συστατικά	14	9
διεθνές	14	7
επικοινωνία	14	11
κανονικά	14	8
δημόσιο	14	7
ειδικών	14	7
επαρκείς	14	8
πραγματοποιεί	14	13
ισχυριζόμενη	14	12
σπουδαιότητα	14	12
διαβιβάζει	14	10
όνομα	14	5
ενώπιον	14	7
δύναται	14	7
αποδεικνύεται	14	13
πόσον	14	5
πηγή	14	4
αποσκοπούν	14	10
βασικά	14	6
αναγκών	14	7
απαιτούν	14	8
ferreira	14	8
παραχώρησης	14	11
ανοιχτή	14	7
προτείνονται	14	12
μκο	14	3
παρουσιάζουν	14	12
μηχανισμό	14	9
αναγνώρισης	14	11
εκπροσώπους	14	11
λογαριασμό	14	10
νομοθετική	14	10
ανέρχεται	14	9
δικαιοσύνης	14	11
υπόθεση	14	7
αρμόδιο	14	7
επίδοση	14	7
ανησυχίες	14	9
κλήθηκε	14	7
διαπίστευσης	14	12
γενικούς	14	8
δέσμευσης	14	9
διαλειτουργικότητα	14	18
χρηματοδοτικά	14	13
συντελεστή	14	10
ποσά	14	4
del	14	3
λάβουν	14	6
γνωμοδοτική	14	11
gargani	14	7
πράξης	14	6
διευθυντής	14	10
διορισμού	14	9
παράταση	14	8
αντικαθιστά	14	11
εστίαση	14	7
προωθήσει	14	9
προτεραιοτήτων	14	14
χρηματοδοτικό	14	13
29ης	14	4
περίθαλψης	14	10
κριτική	14	7
εξαιρετικά	14	10
μπορούσατε	14	10
ήμουν	14	5
daniel	14	6
εισόδημα	14	8
las	14	3
εκτιμώ	14	6
διαδίκτυο	14	9
ευελιξία	14	8
παράγονται	14	10
προκειμένω	14	10
τοπίου	14	6
πυρκαγιές	14	9
μεταβολές	14	9
μερίδιο	14	7
κόσμο	14	5
διακυβέρνησης	14	13
διευθύνσεως	14	11
εξασφαλισθεί	13	12
απόδοσης	13	8
ίδιες	13	5
ενθαρρύνουν	13	11
επιδότηση	13	9
υπερβαίνουν	13	11
μονάδες	13	7
δημιουργήθηκε	13	13
διάρθρωση	13	9
παρουσιάζει	13	11
όρια	13	4
κονδυλίου	13	9
προϋποθέσεων	13	12
20ής	13	4
οχήματος	13	8
μέρει	13	5
ετησίως	13	7
οδηγούς	13	7
εμπειρία	13	8
σημειωθεί	13	9
com	13	3
ηλεκτρονική	13	11
γίνονται	13	8
εποπτεία	13	8
μεταφέρουν	13	10
διάρκειας	13	9
αντικαθίσταται	13	14
πραγματοποιηθεί	13	15
κίνδυνο	13	7
εταίρων	13	7
τέτοιες	13	7
επηρεάζουν	13	10
φέρουν	13	6
χρειάζονται	13	11
έκταση	13	6
θεμελιώδη	13	9
τυχόν	13	5
8α	13	2
υποπαράγραφος	13	13
πληροφόρηση	13	11
κατηγορίας	13	10
δημοσίευσης	13	11
συμπεριλάβει	13	12
όφελος	13	6
10α	13	3
λαμβανομένων	13	12
σχέσεων	13	7
σειρά	13	5
περιέχονται	13	11
μειωθεί	13	7
πολιτικό	13	8
προβλημάτων	13	11
συμμόρφωσης	13	11
εξωτερικών	13	10
τοπικό	13	6
ανατίθενται	13	11
επιλεξιμότητα	13	13
αμοιβαίας	13	9
απευθείας	13	9
προσόντα	13	8
δημόσιους	13	9
αναγνωρίζεται	13	13
υποστηρίξει	13	11
εταιρικής	13	9
βελτίωσης	13	9
γεωγραφική	13	10
ανεξάρτητο	13	10
εις	13	3
διοικητικά	13	10
περιγραφή	13	9
καθού	13	5
έκθεσή	13	6
ευρωπαίους	13	10
εθνικούς	13	8
σύναψης	13	7
αναθεώρησης	13	11
διότι	13	5
τρίτους	13	7
τεχνική	13	7
χρηματοδοτική	13	13
ρόλου	13	5
πράγμα	13	6
περιορισμό	13	10
ζήτησε	13	6
ακουσθεί	13	8
εξαρτώνται	13	10
εθνοτικής	13	9
θρησκείας	13	9
πεποιθήσεων	13	11
προσανατολισμού	13	15
θεμελιωδών	13	10
προσπάθειας	13	11
παίξουν	13	7
ενδιαφερομένους	13	15
ένταξης	13	7
υπήρξε	13	6
θεωρώ	13	5
διατήρησης	13	10
ρυθμίσεων	13	9
κύριες	13	6
παιδιών	13	7
πανεπιστήμιο	13	12
αφετέρου	13	8
νήσων	13	5
άνθρακα	13	7
ολοκληρωμένη	13	12
αναγκαιότητα	13	12
ρύθμιση	13	7
παγκοσμιοποίηση	13	15
πλαισίωση	13	9
βιοποικιλότητα	13	14
τοπίων	13	6
καινοτόμων	13	10
ικανοτήτων	13	10
χωματίδας	13	9
αλιευμάτων	13	10
μεριδίου	13	8
αυξημένη	13	8
γενεών	13	6
επιχειρηματικότητας	13	19
άξονες	13	6
καταστροφές	13	11
ραδιοφάσματος	13	13
πανταχού	13	8
τέλη	12	4
ανταγωνισμός	12	12
κατάλληλων	12	10
χρηστών	12	7
καλύτερες	12	9
καλύπτουν	12	9
εγκρίθηκε	12	9
διοικητικές	12	11
μέγεθος	12	7
αντικαταστάθηκεκαν	12	18
garcía	12	6
ελάχιστων	12	9
ενεργεί	12	7
αποκλειστικά	12	12
επικράτειας	12	11
οδηγών	12	6
πεδίου	12	6
υφιστάμενων	12	11
αποφευχθούν	12	11
αναλαμβάνονται	12	14
αποτίμησης	12	10
περίοδοι	12	8
εβδομάδων	12	9
ελάχιστη	12	8
βασική	12	6
έλεγχος	12	7
υποχρεωτική	12	11
συνεχίσει	12	9
συμπληρώνει	12	11
αύξησης	12	7
εξακολουθεί	12	11
υλικά	12	5
προβαίνει	12	9
διαβουλεύσεις	12	13
iii	12	3
ισορροπημένη	12	12
υγιεινής	12	8
άλατα	12	5
βιταμίνες	12	9
παράγοντα	12	9
προκαλέσει	12	10
γνώσεις	12	7
εκείνες	12	7
διατροφικής	12	11
εισαγωγέα	12	9
ρητά	12	4
πληροί	12	6
συμπληρωματικές	12	15
δικαιώματος	12	11
εξετάζει	12	8
τεχνικής	12	8
προκαλεί	12	8
κανείς	12	6
διατηρήσει	12	10
αιτήσεις	12	8
εκείνους	12	8
επίπτωση	12	8
θεσπίσει	12	8
τεθεί	12	5
τροφική	12	7
λίπη	12	4
γρ	12	2
προηγουμένως	12	12
κυβέρνηση	12	9
υλικών	12	6
χρηματοδοτούνται	12	16
επιλέξιμης	12	10
διεθνή	12	6
υλοποιούνται	12	12
υπόσταση	12	8
ευρωπαϊκός	12	10
καταστατικό	12	11
νομικές	12	7
αποφασίζει	12	10
πολυετές	12	8
φάσης	12	5
προοπτικών	12	10
συνεισφοράς	12	11
ασκεί	12	5
συνεχή	12	6
εσόδων	12	6
εθνικού	12	7
καταστήσει	12	10
διαφορετικά	12	11
επέκταση	12	8
συναλλαγών	12	10
διάκριση	12	8
καθεστώτος	12	10
κατευθυντηρίων	12	14
εξωτερικό	12	9
ενισχύσουν	12	10
μελέτης	12	7
πλήρους	12	7
κατασκευής	12	10
δέκα	12	4
διαδραματίζει	12	13
οφείλεται	12	9
εκπόνησης	12	9
προθεσμία	12	9
λογίζονται	12	10
συμφερόντων	12	11
φυλετικής	12	9
διαμόρφωση	12	10
γενετήσιου	12	10
ανισοτήτων	12	10
ενσωμάτωσης	12	11
διαλόγου	12	8
κοινοτικά	12	9
olaf	12	4
στέγασης	12	8
κατεύθυνση	12	10
ζωή	12	3
geogheganquinn	12	14
μεγάλων	12	7
μάρτιο	12	6
βήμα	12	4
διασφαλισθεί	12	12
ισορροπία	12	9
καθιέρωση	12	9
μεταρρύθμισης	12	13
εξυπηρετούν	12	11
περιορισμού	12	11
μετεγκατάστασης	12	15
άμεσων	12	6
διευκολύνουν	12	12
εξασφαλίσουν	12	12
πληθυσμό	12	8
πολιτιστική	12	11
ξυλεία	12	6
γης	12	3
παγκόσμια	12	9
φυσικό	12	6
αειφορία	12	8
ζουν	12	4
ιδιαίτερες	12	10
ενεργειακές	12	11
ανθρώπινο	12	9
δεξιότητες	12	10
ελκυστικότητας	12	14
καλλιέργεια	12	11
προτρέπει	12	9
μέτοχοι	12	7
απέκτησε	12	8
πραγματικά	11	10
νοείται	11	7
διαχειριστές	11	12
δυναμικότητας	11	13
ανακοίνωσης	11	11
κλίμακα	11	7
είχαν	11	5
κρατικών	11	8
μολονότι	11	8
διάστασης	11	9
συγκέντρωση	11	11
επικράτεια	11	10
jean	11	4
zita	11	4
συσκευή	11	7
εκτελούν	11	8
στατιστικά	11	10
δύνανται	11	8
εμπίπτουν	11	9
ελέγχεται	11	9
συνολικού	11	9
ενδιαφερόμενα	11	13
σχετικό	11	7
παράβαση	11	8
αντίκτυπο	11	9
δεδομένη	11	8
ευρωπαίοι	11	9
επιβατών	11	8
ενεργειών	11	9
τροποποιηθεί	11	12
ορίου	11	5
ζώων	11	4
εκπομπών	11	8
οδηγός	11	6
πρώτες	11	6
τόπο	11	4
αμέσως	11	6
επιβάλλονται	11	12
υπόκειται	11	9
περιλαμβάνεται	11	14
κατανάλωσης	11	11
εντύπωση	11	8
θρεπτικά	11	8
κορεσμένα	11	9
σάκχαρα	11	7
ενημερώνεται	11	12
συμπεριφορά	11	11
φεβρουαρίου	11	11
απώλεια	11	7
διαθέσιμες	11	10
επιστημονικών	11	13
κοινοτικός	11	10
περιεκτικότητας	11	15
σώμα	11	4
διαφορά	11	7
δημιουργούν	11	11
γραπτώς	11	7
κατασκευαστή	11	12
ουσιαστική	11	10
συνοδεύουν	11	10
δημοσιεύεται	11	12
αιτιολόγηση	11	11
πνευματικής	11	11
επιτάχυνση	11	10
εκδίδει	11	7
επτά	11	4
προσδιορίζεται	11	14
ύλες	11	4
δυσκολίες	11	9
προθεσμίες	11	10
διατυπωθεί	11	10
λιγότερα	11	8
θεσμικό	11	7
νομισματικών	11	12
ολοκληρωθεί	11	11
επιχειρηματικού	11	15
άποψή	11	5
den	11	3
herbert	11	7
αγαθών	11	6
δυνατοτήτων	11	11
επιλέξιμα	11	9
ελευθερία	11	9
διέπουν	11	7
μηχανισμός	11	10
ευθύνης	11	7
διέπει	11	6
δέσμη	11	5
άποψης	11	6
φάσεις	11	6
αδειών	11	6
εποπτική	11	8
οικείου	11	7
φορολογικά	11	10
διαφορές	11	8
εφιστά	11	6
μοντέλο	11	7
ακόμα	11	5
τριτοβάθμια	11	11
τριτοβάθμιας	11	12
κεντρικής	11	9
αναπροσαρμογή	11	13
επενδυτών	11	9
διασυνοριακά	11	12
λιμένες	11	7
μικρών	11	6
παρέχοντας	11	10
πεδία	11	5
πολυετούς	11	9
herczog	11	7
μάλιστα	11	7
σαφής	11	5
αποτελεσματικών	11	15
σοβαρά	11	6
θαλάσσια	11	8
τροποποίησης	11	12
antonio	11	7
φως	11	3
κατέχουν	11	8
προσέγγισης	11	11
οργανώσεων	11	10
εκπλήρωση	11	9
προτάσεων	11	9
απάτης	11	6
αποφασης	11	8
έλαβε	11	5
παραδοσιακών	11	12
ανακοίνωσή	11	10
bauer	11	5
karin	11	5
συντονισμός	11	11
απαλλαγής	11	9
εξωτερικού	11	10
ελεγκτικά	11	9
συνεδριάσεις	11	12
προσωπικό	11	9
iles	11	4
braghetto	11	9
λογιστικού	11	10
αφενός	11	6
κάποια	11	6
πρόσφατες	11	9
da	11	2
silva	11	5
εφοδιασμού	11	10
περιστάσεις	11	11
ενεργητικού	11	11
καταστούν	11	9
αναδιάρθρωση	11	12
φαινομένου	11	10
θετικά	11	6
μικρότερο	11	9
εργαλείων	11	9
βιώσιμες	11	8
αλλαγών	11	7
διατηρηθεί	11	10
δασικός	11	7
εκμεταλλεύσεις	11	14
μειονεκτήματα	11	13
αλιευτικής	11	10
απορρίψεων	11	10
σολομώντος	11	10
πίεση	11	5
θεματων	11	7
καύσιμα	11	7
πυκνότητα	11	9
δεικτών	11	7
ενοποίησης	11	10
αερίων	11	6
ανεργία	11	7
αποτίμηση	11	9
εμπειρογνώμονα	11	14
αερίου	10	6
τροποποιεί	10	10
συνάδουν	10	8
απολύτως	10	8
τιμολογίων	10	10
αποκτήσει	10	9
διαφανή	10	7
μεριμνούν	10	9
συμφωνιών	10	9
καθορισμός	10	10
ισχύουσα	10	8
σταύρος	10	7
elisabeth	10	9
richard	10	7
ελεγκτικών	10	10
ενιαίο	10	6
αναλογικότητας	10	14
προηγούμενο	10	11
εθνικής	10	7
καταγραφής	10	10
aetr	10	4
τέτοιας	10	7
ευκολότερη	10	10
εβδομάδας	10	9
συντομότερο	10	11
οδηγό	10	5
όχημα	10	5
όρου	10	4
ια	10	2
συνολικό	10	8
κυκλοφορία	10	10
πείρα	10	5
πληρούν	10	7
υποχρεούνται	10	12
αναφέρει	10	8
έγινε	10	5
φάσμα	10	5
περιορισμός	10	11
εκδήλωση	10	8
δώσουν	10	6
κάνει	10	5
επιλογές	10	8
περιορισμοί	10	11
καθοριστεί	10	10
καθιερωμένων	10	12
επηρεάσουν	10	10
απώλειας	10	8
μειώσει	10	7
μακροχρόνια	10	11
αποδεκτές	10	9
συνιστούν	10	9
εμπορικά	10	8
περιέχουν	10	9
μορφής	10	6
χρησιμοποιήθηκε	10	15
επιδιώκεται	10	11
εκπροσωπούν	10	11
πληροφορία	10	10
δημοσιοποιεί	10	12
φάκελο	10	6
περιγράφεται	10	12
συναφή	10	6
αξιολογήσεις	10	12
συμφωνούν	10	9
τεχνολογικές	10	12
μειώνει	10	7
ισχύουσες	10	9
χρονικά	10	7
7α	10	2
προκύπτει	10	9
πιθανόν	10	7
100ml	10	5
πλαισίων	10	8
θεωρούνται	10	10
χρηματοπιστωτικών	10	17
πρόεδρο	10	7
προβεί	10	6
εταιρειών	10	9
αντικαταστάθηκε	10	15
thomas	10	6
anna	10	4
επιτροπήές	10	10
juri	10	4
επιλεξιμότητας	10	14
εθνών	10	5
επιλέξιμες	10	10
εταίρους	10	8
αντιμετωπίζει	10	13
νομικού	10	7
κανονιστικές	10	12
δημιουργηθούν	10	13
εκείνη	10	6
εκείνο	10	6
σχέσης	10	6
εισηγητή	10	8
χρηματοδοτικών	10	14
θέματος	10	7
εκπροσώπηση	10	11
στοχεύει	10	8
12ης	10	4
άδειες	10	6
παραμένει	10	9
μηχανισμούς	10	11
δημιουργήσει	10	12
22ας	10	4
διασυνοριακών	10	13
αντιμετωπίσουν	10	14
μηχανισμού	10	10
επιτυχία	10	8
προσόντων	10	9
σχετικής	10	8
δάνεια	10	6
κοινωνικούς	10	11
εξουσιών	10	8
τελευταίο	10	9
ενεργείας	10	9
εγγύησης	10	8
χρονοδιάγραμμα	10	14
επενδυτικών	10	11
επιδοτήσεων	10	11
maría	10	5
seán	10	4
neachtain	10	9
ανθρώπων	10	8
πρόοδος	10	7
δέουσα	10	6
δυνατότητας	10	11
χρηματοδοτήσεις	10	15
τροποποιήσεων	10	13
ενδεχόμενη	10	10
εθνικοί	10	7
παράτασης	10	9
συσταθεί	10	8
αντανακλά	10	9
δημοσιονομικός	10	14
παράνομης	10	9
άμεσες	10	6
διευκολυνθεί	10	12
πάντα	10	5
οδηγήσουν	10	9
μειοψηφίας	10	10
βιογραφικο	10	10
σημειωμα	10	8
απαντησεις	10	10
ερωτηματολογιο	10	14
σύμβουλος	10	9
δήλωσης	10	7
χρηστή	10	6
εισφορά	10	7
περιγράφατε	10	11
κλπ.	10	4
εμπειρίας	10	9
ίσως	10	4
περιεχομένου	10	12
αδυναμίες	10	9
δια	10	3
προσεγγίσεις	10	12
υψηλό	10	5
ευρύ	10	4
έλαβαν	10	6
προσεγγίσεων	10	12
λογιστική	10	9
ουσιαστικά	10	10
παράγουν	10	8
φαινόμενο	10	9
εταιρίες	10	8
νέας	10	4
αειφόρος	10	8
ρύπανση	10	7
εδάφους	10	7
δασικού	10	7
καλλιέργειας	10	12
εκμεταλλεύσεων	10	14
τουρισμός	10	9
γεωργικής	10	9
αποθεμάτων	10	10
μελλοντικές	10	11
πρόκληση	10	8
annex	10	5
energy	10	6
χαιρετίζει	10	10
γεωργούς	10	8
χαρακτήρας	10	10
βοηθήσει	10	8
αξόνων	10	6
ουσιαστικό	10	10
μεθόδου	10	7
μάθηση	10	6
μετόχους	10	8
ύπαρξη	9	6
διαφορετικούς	9	13
ηλεκτρονικά	9	11
ελαχιστοποίηση	9	14
rosa	9	4
ιστορικό	9	8
τρόπος	9	6
δομή	9	4
ικανοποίησή	9	11
ανισότητες	9	10
διαδικαστική	9	12
adam	9	4
alain	9	5
επιβολής	9	8
ορίζουν	9	7
νόμου	9	5
χορηγούν	9	8
καθ’	9	4
οδόν	9	4
άλλοι	9	5
διενεργούνται	9	13
προηγούμενη	9	11
μπορέσει	9	8
κυρώσεων	9	8
εκδοθεί	9	7
ερμηνεία	9	8
ανταγωνιστικές	9	14
διαφορετικών	9	12
ψηφιακής	9	8
περιόδους	9	9
παρελθόν	9	8
συμπεριλαμβανομένου	9	19
ταχύτητα	9	8
οδηγεί	9	6
επαγγελματικά	9	13
ασκήσει	9	7
6α	9	2
αρχίζει	9	7
συνάρτηση	9	9
θέτουν	9	6
επιβάλλουν	9	10
ανθρωπίνων	9	10
εκστρατείες	9	11
παρόμοια	9	8
καταρτιστεί	9	11
τακτικά	9	7
απαγορεύεται	9	12
συνεχώς	9	7
εφαρμογές	9	9
επαρκής	9	7
εγκρίνονται	9	11
αποδεδειγμένα	9	13
κάλυψη	9	6
τρόπου	9	6
συμβουλές	9	9
εκπονήσει	9	9
αποδεκτή	9	8
καταλόγους	9	10
φακέλου	9	7
ζητείται	9	8
ακρόαση	9	7
συναφούς	9	8
σύμφωνο	9	7
λεπτομερή	9	9
δεδομένο	9	8
εξακολουθούν	9	12
iv	9	2
ονομασία	9	8
αποτελεσματικής	9	15
εξασφαλίσει	9	11
ml	9	2
υψηλη	9	5
κλάδου	9	6
τροποποιήσει	9	12
ενδεικτικό	9	10
επιθυμεί	9	8
ανταγωνιστική	9	13
παραμείνουν	9	11
αντίστοιχα	9	10
σεβασμός	9	8
αδείας	9	6
σύγκρουση	9	9
χρήσιμη	9	7
επικουρείται	9	12
μέταλλα	9	7
γραμματέα	9	9
σύνολό	9	6
διάκρισης	9	9
καν	9	3
kurt	9	4
budg	9	4
εργαλείο	9	8
ζητούσε	9	7
ενισχυθούν	9	10
περιφερειακού	9	13
χορηγεί	9	7
καλύτερο	9	8
προωθεί	9	7
τοπικούς	9	8
παρέμβαση	9	9
συνέλευση	9	9
οικοδόμηση	9	10
δέσμης	9	6
αποβλέπει	9	9
πάντοτε	9	7
ποσού	9	5
ιδιωτικό	9	8
δικαστική	9	9
εξέτασε	9	7
κίνδυνος	9	8
βίβλο	9	5
ενδιαφερόμενων	9	14
επιτρέψουν	9	10
ενσωματώσει	9	11
επιδόσεις	9	9
πραγματοποιηθούν	9	16
αντίστοιχες	9	11
υψηλότερη	9	9
άσκησης	9	7
υποψήφιο	9	8
επίβλεψης	9	9
οιαδήποτε	9	9
προκύπτουν	9	10
παραπομπής	9	10
πόσο	9	4
επιτύχει	9	8
ατζέντα	9	7
πλευράς	9	7
προσαρμογής	9	11
τύπους	9	6
εξοπλισμού	9	10
ακριβώς	9	7
ταχύτερο	9	8
hanspeter	9	9
ασφάλισης	9	9
κέντρου	9	7
αποστολές	9	9
επόμενα	9	7
πρόσκληση	9	9
συνεκτικότερης	9	14
πραγματοποίηση	9	14
προσανατολισμό	9	14
συμπληρωματικότητα	9	18
διάδοσης	9	8
πρωτοβουλιών	9	12
οφείλονται	9	10
υποβάλλουν	9	10
πλειοψηφίας	9	11
αποκατάσταση	9	12
εκπαιδευτικών	9	13
τηλεπικοινωνιών	9	15
άσκησε	9	6
αρνητική	9	8
νομιμότητα	9	10
βελτιώσεις	9	10
συνολικά	9	8
εναπόκειται	9	11
διατυπώσει	9	10
θεμελιώδεις	9	11
συμβαίνει	9	9
σύνταξη	9	7
σταθερότητας	9	12
λύσεις	9	6
συνεδρίαση	9	10
ανεξάρτητη	9	10
είχα	9	4
casaca	9	6
karel	9	5
pinxten	9	7
βουλής	9	6
έκκληση	9	7
διεξαγωγή	9	9
μεθόδους	9	8
ιδέες	9	5
γενικός	9	7
διάσταση	9	8
κυβερνήσεις	9	11
δικαστής	9	8
χρησιμοποίησης	9	14
ταυτόχρονη	9	10
απάντηση	9	8
δραστηριότητά	9	13
πρίσμα	9	6
αποδοτικότητας	9	14
διαρκή	9	6
απόδοση	9	7
μελλοντική	9	10
massimo	9	7
vari	9	4
διοίκησης	9	9
εντάσσεται	9	10
διοικήσεις	9	10
ηλεκτρονικής	9	12
πλοήγησης	9	9
νομοθετικό	9	10
χορηγούνται	9	11
τεχνικά	9	7
αναπτυχθούν	9	11
zbigniew	9	8
εργαζόμενοι	9	11
μετεγκατάσταση	9	14
είδη	9	4
πληροφορικής	9	12
heinz	9	5
kindermann	9	10
ζει	9	3
υδάτων	9	6
ιδ	9	2
καινοτόμες	9	10
θερμότητας	9	10
παραμείνει	9	10
carmen	9	6
fraga	9	5
estévez	9	7
μηχανισμών	9	10
eu	9	2
υπάρξουν	9	8
άνοιγμα	9	7
αυξάνει	9	7
ευρύτερη	9	8
εξοχήν	9	6
τείνουν	9	7
χαμηλότερα	9	10
απομακρυσμένες	9	14
ανταποκριθούν	9	13
γεωργικού	9	9
τόνωση	9	6
επικοινωνίες	9	12
διατεθούν	9	9
στρατηγικό	9	10
οικογένειες	9	11
δικαστικών	9	10
εξωδίκων	9	8
παραλήπτη	9	9
ανοικτής	9	8
αναπηρίες	9	9
ενεργού	9	7
συνταξιοδοτικά	9	14
σύγκλισης	9	9
πιστωτών	9	8
κριτηρίων	8	9
αντίστοιχων	8	11
αναπτύσσουν	8	11
βιομηχανικές	8	12
στατιστικές	8	11
miguélez	8	8
ramos	8	5
εδώ	8	3
ανταλλαγής	8	10
επιπέδων	8	8
francesco	8	9
lambert	8	7
κινητές	8	7
συνεκτική	8	9
νομοθετικών	8	11
όρο	8	3
ψηφιακού	8	8
καθ'	8	4
παραβάσεις	8	10
δημοσιοποίηση	8	13
θεσπισθεί	8	9
άλλου	8	5
2β	8	2
κοινωνικοί	8	10
εταίροι	8	7
τροποποιημένη	8	13
εμποδίζει	8	9
καταγραφή	8	9
χρονικού	8	8
23ης	8	4
επιβάλλει	8	9
εταιρείας	8	9
διακοπή	8	7
ιε	8	2
μετάβαση	8	8
όγκο	8	4
ολοκλήρου	8	9
αναστολή	8	8
ασθενειών	8	9
συγκεκριμένων	8	13
πρόσθετες	8	9
υπερβολική	8	10
πολυακόρεστα	8	12
μονοακόρεστα	8	12
συγκρίνονται	8	12
πολλοί	8	6
ψυχολογικές	8	11
26ης	8	4
πείνας	8	6
κορεσμού	8	8
αναφορές	8	8
επιτρεπόμενων	8	13
ποικίλη	8	7
επισήμανσης	8	11
παραδοσιακά	8	11
μπορέσουν	8	9
σχολείων	8	8
παρόμοιων	8	9
σήματα	8	6
τηρούνται	8	9
συνίσταται	8	10
εύκολα	8	6
συμπεριφοράς	8	12
επαγγελματικές	8	14
απευθύνονται	8	12
προσδιορίζει	8	12
πρόσθετα	8	8
προτεινόμενου	8	13
διαφορών	8	8
ευνοϊκή	8	7
επόμενος	8	8
διατέθηκαν	8	10
πορίσματα	8	9
μελετών	8	7
προϋποθέτει	8	11
ξεκινήσει	8	9
απαγορεύει	8	10
καθοριστούν	8	11
επιστημονικής	8	13
κινήσει	8	7
τιμών	8	5
5ης	8	3
βάθος	8	5
τύπο	8	4
τεκμηρίωσης	8	11
ζητηθεί	8	7
βιομηχανικών	8	12
ενεργειακή	8	10
ωμέγα	8	5
πηγής	8	5
λογαριασμούς	8	12
προτάθηκε	8	9
jeanpaul	8	8
gauzès	8	6
piianoora	8	9
kauppi	8	6
margarita	8	9
starkevičiūtė	8	13
mann	8	4
σιδηροδρομικών	8	14
inés	8	4
ayala	8	5
sender	8	6
luis	8	4
έμμεσα	8	6
αποτελεσματικότητά	8	18
αναπτυξιακή	8	11
αναπτυσσόμενες	8	14
προτεινόμενες	8	13
ειδικής	8	7
συγχρηματοδοτούνται	8	19
αναπτυξιακής	8	12
εθνικότητας	8	11
περιλαμβανομένης	8	16
δικαιούχος	8	10
συγχρηματοδότηση	8	16
περιορίζεται	8	12
αντίδρασης	8	10
διαπεριφερειακή	8	15
αποτελέσουν	8	11
επηρεάζει	8	9
ευθύνες	8	7
προϋπολογισμός	8	14
σκοπός	8	6
αντιμετωπίζονται	8	16
ασκούν	8	6
καθορίσει	8	9
φάσεως	8	6
εξέδωσε	8	7
εγγυήσεων	8	9
κατασκευή	8	9
διαστήματα	8	10
ενδιάμεση	8	9
δικαιοσύνη	8	10
εντύπου	8	7
αντιπροσώπων	8	12
αξίωση	8	6
τακτική	8	7
αντίστοιχη	8	10
ελευθερίας	8	10
ολοένα	8	6
λύση	8	4
θεσπίσουν	8	9
πληρωμών	8	8
εντολή	8	6
σύστασης	8	8
παιδείας	8	8
αναπτύξει	8	9
σπουδών	8	7
υπουργείο	8	9
διευκολύνοντας	8	14
bert	8	4
doorn	8	5
lechner	8	7
δανείων	8	7
προσανατολισμών	8	15
δισεκατομμυρίων	8	15
μεγάλης	8	7
κρατική	8	7
συμμετάσχει	8	11
συνδέσεων	8	9
οικεία	8	6
συμμετέχει	8	10
τεθούν	8	6
umberto	8	7
υποδομές	8	8
σαφές	8	5
συγχρηματοδότησης	8	17
πρώτον	8	6
προσδιορισμό	8	12
αναληφθεί	8	9
δαπάνη	8	6
προβλέποντας	8	12
πάντως	8	6
επιτευχθούν	8	11
απόψεις	8	7
ποτέ	8	4
σοβαρή	8	6
mary	8	4
γαλλικής	8	8
αρνηθεί	8	7
ονται	8	5
παραπομπές	8	10
αναλάβουν	8	9
ακουστεί	8	8
αποκεντρωμένων	8	14
δαπανηρή	8	8
διάφοροι	8	8
tadeusz	8	7
zwiefka	8	7
υποψηφίων	8	9
αρμόδιας	8	8
απλώς	8	5
ίσων	8	4
δίκαιη	8	6
δραστηριότητές	8	14
ατζέντας	8	8
καταλυτικά	8	10
προσοχής	8	8
αποκέντρωση	8	11
προέλευση	8	9
αντιπρόσωπος	8	12
συμβουλίων	8	10
αξιών	8	5
27ης	8	4
2η	8	2
ενδιαφερόμενους	8	15
πολίτη	8	6
ορισμένους	8	10
máire	8	5
160β	8	4
ιανουάριο	8	9
συνδέεται	8	9
έκτασης	8	7
κατανομή	8	8
πνεύμα	8	6
πιστεύω	8	7
εξέτασης	8	8
ελεγκτές	8	8
διετέλεσα	8	9
λόγοι	8	5
υποψηφιότητά	8	12
paulo	8	5
martin	8	6
kyösti	8	6
virrankoski	8	11
caspary	8	7
joel	8	4
hasse	8	5
μανώλης	8	7
μαυρομμάτης	8	11
πανεπιστημίου	8	13
ποιο	8	4
απορρέουν	8	9
συναλλαγής	8	10
δίνει	8	5
δομής	8	5
juan	8	4
ramallo	8	7
massanet	8	8
derecho	8	7
φορολογικών	8	11
συνταγματικού	8	13
διοίκηση	8	8
περιορισμών	8	11
δημοκρατική	8	11
τέσσερις	8	8
οκτώ	8	4
ανάλυσης	8	8
vítor	8	5
caldeira	8	8
for	8	3
european	8	8
αντιπροσωπείας	8	14
εκσυγχρονισμός	8	14
to	8	2
προτέρων	8	8
διαφύλαξη	8	9
επανεξέταση	8	11
αντιπροσωπεία	8	13
-european	8	9
πετρελαίου	8	10
υποχρεωτικοί	8	12
david	8	5
απώλειες	8	8
αποφυγή	8	7
σέβονται	8	8
καλύτερης	8	9
ψηφίσματός	8	10
elspeth	8	7
attwooll	8	8
δασικά	8	6
δασοκομικά	8	10
αλληλεγγύη	8	10
δείχνει	8	7
natura	8	6
zdzisław	8	8
πγσβθ	8	5
παγκόσμιας	8	10
προδιαγραφών	8	12
αυξήσει	8	7
ζητά	8	4
εδαφών	8	6
αστικών	8	7
χρηματοδοτηθούν	8	15
κοινοπραξιών	8	12
οπτική	8	6
συντρέχουν	8	10
παραδοσιακό	8	11
επ’	8	3
συναλλαγή	8	9
απαγόρευσης	7	11
καταβληθέν	7	10
ορισμούς	7	8
ονοματολογία	7	12
ορισμένοι	7	9
προβλεπόμενα	7	12
μικρότερες	7	10
ενιαίος	7	7
τρόπον	7	6
ευνοεί	7	6
περιφερειακά	7	12
ανώτατα	7	7
δημοκρατία	7	10
υποβληθούν	7	10
αρναουτάκης	7	11
jerzy	7	5
bernadette	7	10
giovanni	7	8
gurmai	7	6
james	7	5
vladimír	7	8
11ης	7	4
επιβολή	7	7
ελάχιστες	7	9
αντί	7	4
ενημερώνονται	7	13
ελέγχονται	7	10
εκάστοτε	7	8
επικινδυνότητας	7	15
υπέρβαση	7	8
εβδομαδιαίας	7	12
προηγούμενων	7	12
τρίτης	7	6
βασικούς	7	8
αντανακλούν	7	11
μεταβατική	7	10
περιοριστεί	7	11
τροποποιηθούν	7	13
τόπου	7	5
περιόδων	7	8
οδικό	7	5
εμπορική	7	8
τόνους	7	6
προμήθεια	7	9
ραδιοτηλεοπτικών	7	16
προηγούμενης	7	12
μαζί	7	4
απασχολεί	7	9
υπεύθυνη	7	8
εκτελούνται	7	11
θεσπίζουν	7	9
ανάλογες	7	8
στηρίζει	7	8
εκείνα	7	6
αντίγραφο	7	9
τρέχουσα	7	8
πολλούς	7	7
μηνύματα	7	8
παρουσία	7	8
οινοπνεύματος	7	13
φυσιολογικές	7	12
πορισμάτων	7	10
υποστούν	7	8
προσαρμοστούν	7	13
ανοικτά	7	7
παρουσιάζονται	7	14
υπεύθυνος	7	9
καταναλωτής	7	11
ελληνικό	7	8
δηλώσεις	7	8
δίαιτα	7	6
οξέων	7	5
ευεργετική	7	10
αποδεικνύονται	7	14
επηρεαστεί	7	10
ενώσεις	7	7
γνωστοποίηση	7	12
αιτούντων	7	9
πιστοποιεί	7	10
δημοσίευσή	7	10
επισημάνθηκαν	7	13
απλοποίηση	7	10
πραγματοποιούν	7	14
δική	7	4
ημερομηνίας	7	11
υδατανθράκων	7	12
σκόπιμη	7	7
πρόσθετος	7	9
κρίνει	7	6
μικρές	7	6
απαιτηθεί	7	9
ανθρώπους	7	9
μόνιμη	7	6
γεγονότα	7	8
χαμηλη	7	6
πιθανώς	7	7
ύλης	7	4
φράση	7	5
λακτόζη	7	7
κανένα	7	6
παρόμοιο	7	8
τάξης	7	5
υπογράψει	7	9
λογαριασμοί	7	11
κύκλου	7	6
μείζονος	7	8
robert	7	6
peter	7	5
αποζημίωσης	7	11
πρότασή	7	7
michael	7	7
dover	7	5
σαφή	7	4
δίνοντας	7	8
γειτονικές	7	10
αντιμετωπιστούν	7	15
αμοιβαιότητας	7	13
εμπειρογνωμόνων	7	15
δίδεται	7	7
διεθνώς	7	7
επαγγέλματα	7	11
βιολογική	7	9
εαβ	7	3
αντίστοιχο	7	10
υποψηφίους	7	10
οποιασδήποτε	7	12
ποιοτικών	7	9
θεμελιώνεται	7	12
δικαιούχων	7	10
όμιλος	7	6
προσφυγή	7	8
συμφωνίες	7	9
συνταγματικό	7	12
αντιμετωπίσει	7	13
εδραίωση	7	8
καθορίζουν	7	10
εμπλεκόμενων	7	12
ιδρύσεως	7	8
υλοποιηθεί	7	10
συντάγματος	7	11
ετπα	7	4
εκτ	7	3
υφίσταται	7	9
προβλεφθούν	7	11
1β	7	2
gnss	7	4
ανέλθει	7	7
ιδιαίτερης	7	10
επιτρέποντας	7	12
ισχύοντες	7	9
25ης	7	4
παρέμβασης	7	10
σειράς	7	6
συντήρηση	7	9
περιορισμένη	7	12
ελευθεριών	7	10
ελεύθερη	7	8
ενημερώνουν	7	11
επιλέγουν	7	9
τυποποιημένου	7	13
επίσημες	7	8
13ης	7	4
εξαιτίας	7	8
απλούστευση	7	11
εγγράφου	7	8
βελτιωθούν	7	10
ιδρυμάτων	7	9
δραστηριοποιούνται	7	18
καθορίσουν	7	10
κοινά	7	5
πλην	7	4
χαρακτηρίζεται	7	14
δικαιούνται	7	11
κίνησης	7	7
αποκλείεται	7	11
θεσπιστεί	7	9
κάποιος	7	7
παίζει	7	6
προκύψει	7	8
guidoni	7	7
ώθηση	7	5
διευρωπαϊκού	7	12
ασφαλώς	7	7
μέση	7	4
θεωρηθεί	7	8
αεροπορίας	7	10
τμήματος	7	8
εξομάλυνσης	7	11
μηχανές	7	7
τότε	7	4
honeyball	7	9
εφαρμόσει	7	9
berger	7	6
klausheiner	7	11
lehne	7	5
εκτελεστικό	7	11
καταλληλότητα	7	13
ρυθμιζόμενες	7	12
κλήσης	7	6
εκτελεστικός	7	12
καλείται	7	8
ερωτήσεις	7	9
παρατηρήσεων	7	12
ερώτημα	7	7
αγαθά	7	5
ενεργό	7	6
μεγαλύτερες	7	11
martine	7	7
αναπηρία	7	8
ίσες	7	4
επικεντρωθεί	7	12
αποδειχθεί	7	10
ιδιωτικού	7	9
τέτοιο	7	6
νίκαιας	7	7
υγειονομικής	7	12
επαφών	7	6
μεγέθους	7	8
ευαισθητοποίησης	7	16
ευρύτερης	7	9
teresa	7	6
riera	7	5
madurell	7	8
συνεδρίασή	7	10
διετέλεσε	7	9
προεδρίας	7	9
σεμινάριο	7	9
κανονικότητα	7	12
έγκειται	7	8
εποχή	7	5
εικόνας	7	7
λίαν	7	4
τύπου	7	5
επιμόρφωση	7	10
διάλογος	7	8
γνωρίζετε	7	9
συνδράμει	7	9
γίνουν	7	6
εναλλακτικές	7	12
διαδραματίσουν	7	14
ανταποκριθεί	7	12
ανέλαβα	7	7
μεθοδολογία	7	11
γραφείο	7	7
εμπλέκονται	7	11
ζώνης	7	5
απαλλαγή	7	8
χρήσιμο	7	7
έγκαιρης	7	8
κοινοβούλια	7	11
εμβάθυνση	7	9
ανεξαρτησίας	7	12
μεγέθυνση	7	9
λευκή	7	5
μπορούμε	7	8
εγγύηση	7	7
πρόβλεψης	7	9
θετικές	7	7
προϋπολογισμούς	7	15
υστέρων	7	7
θετικό	7	6
διδασκαλίας	7	11
κατασκευές	7	10
αξιοποίησης	7	11
μοντέλου	7	8
επαγγελματικών	7	14
ορθολογική	7	10
πληγεί	7	6
πληρωμές	7	8
ψήφοι	7	5
παλαιά	7	6
περιορισμούς	7	12
κινητά	7	6
εναέριας	7	8
επιστολή	7	8
περισσότερων	7	12
απομακρυνθεί	7	12
παραδοσιακές	7	12
απαιτήσει	7	9
παραγωγικότητα	7	14
aubert	7	6
ενθαρρύνοντας	7	13
χαρακτηρίζονται	7	15
εκτάσεων	7	8
φυσικούς	7	8
κιότο	7	5
οικονομιών	7	10
εκτάρια	7	7
ιωάννης	7	7
γκλαβάκης	7	9
plaice	7	6
κλάδο	7	5
βιώσιμης	7	8
πιθανών	7	7
κοινότητες	7	10
σύμπραξης	7	9
ευρύτερο	7	8
ενδιαιτήματα	7	12
ρυθμιστικό	7	10
αναπτυχθεί	7	10
μακροπρόθεσμη	7	13
μικρής	7	6
νομικων	7	7
εξαρτηθεί	7	9
σταθερή	7	7
source	7	6
renewable	7	9
αντιμετώπισης	7	13
πολιτειών	7	9
ρουμανία	7	8
βουλγαρία	7	9
οικογενειών	7	11
διαβίωσης	7	9
ιστού	7	5
κληρονομιά	7	10
κορυφή	7	6
παραλήπτης	7	10
έκφραση	7	7
τρίτων	7	6
καταβάλλουν	7	11
προειδοποίησης	7	14
εκαε	7	4
εκσυγχρονισμό	7	13
περίθαλψη	7	9
κινητικότητας	7	13
αισθητά	7	7
χάσμα	7	5
εγγυημένο	7	9
επιμένει	7	8
μικρονησίας	7	11
περιεχόμενα	7	11
γη	7	2
σοδειών	7	7
ονομαστική	7	10
εταιρικό	7	8
προσδιορισμός	6	13
ρυθμιστικές	6	11
ρυθμιστικών	6	11
τιμολόγια	6	9
πραγματικό	6	10
απόκρισης	6	9
προσχώρησης	6	11
τσεχικής	6	8
εσθονίας	6	8
πολωνίας	6	8
eurostat	6	8
είσπραξη	6	8
κατοίκων	6	8
τύπος	6	5
γενικής	6	7
αντιστοιχεί	6	11
ιιι	6	3
εγκριθούν	6	9
τροποποιείται	6	13
αλλάξει	6	7
carlos	6	6
mieczysław	6	10
edmund	6	6
janowski	6	8
nistelrooij	6	11
markus	6	6
pieper	6	6
schroedter	6	10
margie	6	6
sudre	6	5
louis	6	5
5α	6	2
επίκεντρο	6	9
εφαρμόζει	6	9
διαδρομής	6	9
κατηγοριών	6	10
λοιπά	6	5
οδηγοί	6	6
αποδεικνύουν	6	12
εργάσιμων	6	9
παραβάσεων	6	10
καταβάλλεται	6	12
ένταση	6	6
ακίνητα	6	7
αρμοδίων	6	8
βα	6	2
χάραξη	6	6
συζητήσεων	6	10
θεωρούν	6	7
συγχρόνως	6	9
εναρμόνισης	6	11
αρχίσει	6	7
ημερήσιες	6	9
διαλείμματα	6	11
αντισταθμιστικές	6	16
συνάδει	6	7
ορισμοί	6	7
ενιαία	6	6
επιτραπεί	6	9
νέος	6	4
συγκεκριμένης	6	13
προηγούμενες	6	12
εργοδότη	6	8
χειρόγραφη	6	10
διαπίστωση	6	10
στοιχειο	6	8
χαμηλότερο	6	10
ανήκουν	6	7
αποστολής	6	9
ύδρευσης	6	8
ιγ	6	2
κάτοχος	6	7
κατώτατο	6	8
γύρω	6	4
μεγαλύτερα	6	10
ταχυδρομικών	6	12
τοπικά	6	6
θέσει	6	5
περιορίζουν	6	11
εκπονεί	6	7
οριζόμενα	6	9
σημείου	6	7
συμπεριλαμβάνονται	6	18
transλιπαρά	6	11
τέτοιους	6	8
αιτιολογούν	6	11
μικρομεσαίες	6	12
αποδοθεί	6	8
μήνυμα	6	6
σύντομο	6	7
διάπλαση	6	8
ασθένειας	6	9
αληθινοί	6	8
αξιόπιστοι	6	10
χρήσιμοι	6	8
αξιολογηθεί	6	11
εστιατορίων	6	11
νοσοκομείων	6	11
κυλικείων	6	9
μαζικού	6	7
επισιτισμού	6	11
17ης	6	4
χρήσεις	6	7
ακόλουθων	6	9
αλάτων	6	6
αφομοιωθεί	6	10
καταναλωθεί	6	11
γι’	6	3
εμφανίζονται	6	12
συγκρίνει	6	9
κοινοποιηθεί	6	12
ακόλουθοι	6	9
κοινοποιούνται	6	14
συνήθεις	6	8
εκπρόσωποι	6	10
διαβιβάζεται	6	12
γνωστοποιεί	6	11
σύνοψη	6	6
παρασχεθεί	6	10
αιτήσεων	6	8
τεσσάρων	6	8
σεβαστεί	6	8
μηνός	6	5
αρχικού	6	7
θίγει	6	5
εικοστή	6	7
αποφάσεως	6	9
εξετασθεί	6	9
έγκρισή	6	7
πρωτίστως	6	9
συμμορφώνεται	6	13
άτομο	6	5
καταλόγου	6	9
θέσπισης	6	8
σχόλια	6	6
συμφωνήσει	6	10
βιομηχανική	6	11
ιδιοκτησία	6	10
παρακολουθεί	6	12
μεταβατικά	6	10
συνεχίσουν	6	10
εκείνοι	6	7
σάκχαρο	6	7
αίματος	6	7
μείον	6	5
αμύλου	6	6
άλλος	6	5
πολιτιστικών	6	12
υπήρχαν	6	7
εφαρμοστεί	6	10
ασφαλούς	6	8
επιθυμούν	6	9
δημιουργήσουν	6	13
εμφάνισης	6	9
επόμενο	6	7
ποιες	6	5
εμπιστευτικές	6	13
ανθρώπου	6	8
κατοχή	6	6
συστάθηκε	6	9
δηλ.	6	4
οποιοδήποτε	6	11
ονομασια	6	8
θρεπτικης	6	9
αλλης	6	5
ουσιας	6	6
ενιαίου	6	7
διακυμάνσεις	6	12
ζωτικό	6	6
πρώτα	6	5
ανάγνωσης	6	9
paolo	6	5
elisa	6	5
othmar	6	6
karas	6	5
alexander	6	9
philip	6	6
petr	6	4
duchoň	6	6
lichtenberger	6	13
willi	6	5
piecyk	6	6
reul	6	4
υποθεσεων	6	9
σύνδεσης	6	8
αποδέσμευση	6	11
ικανότητας	6	10
υποχρεωτικής	6	12
κλιματική	6	9
προμήθειες	6	10
9α	6	2
προέρχεται	6	10
διαπεριφερειακής	6	16
συγκροτούν	6	10
αποκλειστική	6	12
εξουσίες	6	8
εκτελεί	6	7
δικαστήρια	6	10
κοινοποιείται	6	13
πέρα	6	4
σημερινό	6	8
καλής	6	5
υπογραμμίσει	6	12
δημοσίου	6	8
λοιπόν	6	6
bernard	6	7
catherine	6	9
albert	6	6
ενδεδειγμένο	6	12
egnos	6	5
δομών	6	5
τάξεως	6	6
προβλεπόμενη	6	12
δημοσιονομικούς	6	15
βελτιστοποίηση	6	14
euratom	6	7
τεχνολογικής	6	12
6ης	6	3
σταθμούς	6	8
δισεκατ	6	7
λειτουργικές	6	12
συγκροτήθηκε	6	12
αμφισβητούμενων	6	15
αξιώσεων	6	8
χρησιμοποιήσει	6	14
τυποποιημένων	6	13
εντύπων	6	7
διαδίκων	6	8
αιτία	6	5
υπογραφή	6	8
συμπληρώσει	6	11
πληρωμή	6	7
παράγει	6	7
λειτούργησε	6	11
μεταφερθεί	6	10
πολλών	6	6
πιστωτές	6	8
πολιτισμού	6	10
στηρίζονται	6	11
επιθυμητό	6	9
3η	6	2
κατώτερο	6	8
8ης	6	3
ενιαίας	6	7
υποψήφιες	6	9
ποσόν	6	5
δισεκατομμύρια	6	14
δρομολογηθεί	6	12
εστιαζόμενη	6	11
συντελεστές	6	11
επιτοκίου	6	9
ελκυστική	6	9
ιδιωτικών	6	9
θαλάσσιους	6	10
δημόσιος	6	8
ιδιωτικός	6	9
επενδύσει	6	9
κίνδυνοι	6	8
επιφέρουν	6	9
ικανοποιητική	6	13
καταβολή	6	8
ευρωπαίων	6	9
επιδοτήσεις	6	11
συνδρομές	6	9
τροπολογιών	6	11
philippe	6	8
giles	6	5
chichester	6	10
αρχικό	6	6
άρση	6	4
επένδυση	6	8
αποφασίσει	6	10
ποσοστού	6	8
εντάσσονται	6	11
εξετάζεται	6	10
υψηλότερο	6	9
μεγέθη	6	6
συσκευές	6	8
ξακρίσματος	6	11
χλοοτάπητα	6	10
εξαρτηθούν	6	10
αντώνιος	6	8
christofer	6	10
fjellner	6	8
εγκατάσταση	6	11
a.	6	2
white	6	5
rainer	6	6
wieland	6	7
jaroslav	6	8
zvěřina	6	7
μεταβίβαση	6	10
νόμοι	6	5
επιβαλλόμενες	6	13
δικαστών	6	8
λουξεμβούργου	6	13
χρονοβόρα	6	9
ευκαιρίας	6	9
aloyzas	6	7
sakalas	6	7
nicole	6	6
fontaine	6	8
παρατείνει	6	10
θεσμική	6	7
μέγιστης	6	8
λισσαβώνας	6	10
ικανότητες	6	10
εγγυημένης	6	10
πνεύματος	6	9
κεντρικό	6	8
εοχ	6	3
προβληματισμό	6	13
θύματα	6	6
απόψεων	6	7
συντελούν	6	9
προεδρεύει	6	10
περιγράφονται	6	13
συνολικών	6	9
εταιρικούς	6	10
ραδιοτηλεοπτικούς	6	17
επιδότησης	6	10
έρευνες	6	7
θεμελιώδες	6	10
ενθάρρυνσης	6	11
προσαρμογές	6	11
δυναμικής	6	9
περιληφθεί	6	10
στάδια	6	6
κυβερνητικές	6	12
επιδίωξη	6	8
patrick	6	7
πραγματοποίησε	6	14
audit	6	5
cead	6	4
διοικητικής	6	11
γνωρίζω	6	7
βεβαίως	6	7
καθόσον	6	7
ζητημάτων	6	9
διατυπώθηκε	6	11
επιτύχουν	6	9
πλευρά	6	6
εντοπισμό	6	9
αναφέρω	6	7
αυξήσουν	6	8
κάποιες	6	7
γνώμονα	6	7
έρθουν	6	6
υπηρετήσει	6	10
μείζονα	6	7
καθοδήγηση	6	10
πλήττει	6	7
εμπιστοσύνης	6	12
διορισμός	6	9
borut	6	5
pahor	6	5
marcello	6	8
vernola	6	7
συζήτησης	6	9
προληπτικά	6	10
αρχική	6	6
σύγχρονες	6	9
καλές	6	5
επιχορηγήσεις	6	13
ανεξάρτητος	6	11
πείρας	6	6
μελλοντικής	6	11
φορολογική	6	10
μικτής	6	6
καταβληθεί	6	10
αποφασιστικά	6	12
μελλοντικών	6	11
μεγιστοποίηση	6	13
αντικατάσταση	6	13
κόμμα	6	5
γενικότερα	6	10
ανθρώπινου	6	10
μέσον	6	5
περιουσιακά	6	11
περισσότερη	6	11
αντιπρόεδρος	6	12
βιοτεχνία	6	9
dei	6	3
diritti	6	7
on	6	2
απουσία	6	7
επαγρύπνησης	6	12
άρνησης	6	7
παγκόσμιων	6	10
άμεσης	6	6
προσδιορίζουν	6	13
εβδομάδες	6	9
κυβερνητική	6	11
παρόχους	6	8
συμβιβαστικές	6	13
οπωσδήποτε	6	10
ενημερώσει	6	10
μόνη	6	4
roland	6	6
anne	6	4
carl	6	4
schlyter	6	8
βιωσιμότητας	6	12
τεχνολογική	6	11
προκαλούνται	6	12
εφοδιασμό	6	9
εργαζόμενους	6	12
κοινωνικός	6	10
διαδραματίσει	6	13
παραδείγματα	6	12
γαλλία	6	6
ε&α	6	3
κάτι	6	4
andersson	6	9
ana	6	3
αυξάνεται	6	9
διαφέρουν	6	9
οικολογική	6	10
δασοκομικών	6	11
οικολογικά	6	10
ενεργειακού	6	11
βιωσιμότητα	6	11
πολυλειτουργικό	6	15
κορυφής	6	7
εφαρμόσουν	6	10
σχεδιασμού	6	10
ισχυόντων	6	9
ξύλου	6	5
αξιοποιηθεί	6	11
αξιοποιηθούν	6	12
συμβουλευτικών	6	14
πρωτογενή	6	9
συμφωνεί	6	8
πληθυσμών	6	9
martínez	6	8
duarte	6	6
freitas	6	7
czesław	6	7
siekierski	6	10
andrzej	6	7
ύδατα	6	5
ετοεα	6	5
αποθέματα	6	9
συναφείς	6	8
ηνωμένο	6	7
βασίλειο	6	8
γερμανία	6	8
ιχθύων	6	6
πγς	6	3
mariehélène	6	11
αλιείς	6	6
θαλάσσιο	6	8
αυξανόμενο	6	10
αλίευση	6	7
μεσοπρόθεσμα	6	12
πετρέλαιο	6	9
μηχανισμοί	6	10
υπάρχοντα	6	9
τεράστιες	6	9
αυξανόμενη	6	10
καθοριστικό	6	11
this	6	4
solar	6	5
thermal	6	7
τουρισμό	6	8
παγκόσμιες	6	10
δικές	6	5
τρίτου	6	6
ζωτικής	6	7
περιαστικές	6	11
ποσοστά	6	7
γεωργικός	6	9
καλύψουν	6	8
βοηθώντας	6	9
εκσυγχρονισμού	6	14
γεωργών	6	7
εστιάσουν	6	9
παρόλο	6	6
μεταποίησης	6	11
υψηλών	6	6
επωφεληθούν	6	11
νερό	6	4
βοηθούν	6	7
ανέσεων	6	7
μικροεπιχειρήσεων	6	17
παραγωγούς	6	10
απειλούνται	6	11
κινητοποίησης	6	13
ενοποιημένες	6	12
ενθαρρυνθεί	6	11
εγταα	6	5
έγκαιρη	6	7
μεταρρυθμιστικών	6	16
αποβλήτων	6	9
csaba	6	5
περιουσιών	6	10
μόνα	6	4
μειονότητες	6	11
μορφών	6	6
ιδιωτική	6	8
συντάξεων	6	9
ρυθμιστικού	6	11
ιδιότυπο	6	8
εφευρέσεις	6	10
έκφρασης	6	8
αγρανάπαυση	6	11
αγρανάπαυσης	6	12
αποθεματικό	6	11
ανωνύμου	6	8
ανώνυμες	6	8
εταιριών	6	8
ρευστότητα	6	10
ελλείψεως	6	9
ονομαστικής	6	11
διατηρεί	6	8
χαρτοφυλάκιο	6	12
ενεργούσε	6	9
ονόματί	6	7
προκαταβολές	6	12
εισηγμένης	6	10
μέτοχο	6	6
τηρουμένης	5	10
συμβατικά	5	9
ίδιους	5	6
εισαγωγές	5	9
εισάγει	5	7
μέθοδος	5	7
τυποποιημένες	5	13
ονοματολογίας	5	13
αναφερόμενη	5	11
σλοβακίας	5	9
αντικειμενική	5	13
ζωνών	5	5
συμβατές	5	8
συμπεριληφθεί	5	13
κατανομής	5	9
ζωτική	5	6
καταρχήν	5	8
πρόσθετο	5	8
απόλυτα	5	7
ελάχιστα	5	8
υφισταμένων	5	11
ιδίου	5	5
βρυξελλών	5	9
δυνατού	5	7
πραγματικής	5	11
marie	5	5
hutchinson	5	10
gisela	5	6
kallenbach	5	10
olbrycht	5	8
francisca	5	9
pleguezuelos	5	12
aguilar	5	7
březina	5	7
seeber	5	6
helmuth	5	7
markov	5	6
οδική	5	5
λύσεων	5	6
επιδιώκει	5	9
σαφών	5	5
διεθνικής	5	9
συμβαλλόμενο	5	12
ασκήσουν	5	8
ταχογράφο	5	9
οδού	5	4
υπεύθυνες	5	9
προγραμματίζονται	5	17
γα	5	2
σοβαρότητα	5	10
βέλτιστες	5	9
εβδομαδιαίες	5	12
χρόνος	5	6
κρίνουν	5	7
φορτωτές	5	8
εξακολουθήσουν	5	14
περιορίζονται	5	13
επιβάλλεται	5	11
ημέρες	5	6
απόδειξη	5	8
απασχολούνται	5	13
ασφαλείας	5	9
ανθρωπιστικής	5	13
επιτρεπόμενο	5	12
συλλογή	5	7
γάλακτος	5	8
συνδυασμοί	5	10
ακτίνα	5	6
κανονική	5	8
ώρες	5	4
τόπων	5	5
εδάφια	5	6
πιθανή	5	6
όσα	5	3
αργότερα	5	8
αμοιβές	5	7
εδαφιο	5	6
εργάζονται	5	10
εργοδότες	5	9
παράδοση	5	8
αποτελεσματικές	5	15
μέχρις	5	6
ημερήσια	5	8
πεμπτη	5	6
παυλα	5	5
διατυπώνονται	5	13
βαθμός	5	6
συστάσεων	5	9
διαφημίζονται	5	13
φυσιολογικά	5	11
επίδρασης	5	9
συνιστάται	5	10
ίνες	5	4
πολύπλοκες	5	10
γνώσεων	5	7
πολύπλοκη	5	9
κατανοητό	5	9
αληθινό	5	7
ελάττωση	5	8
θερμίδες	5	8
επιστημονικώς	5	13
αντιφατικών	5	11
διαφορετικού	5	12
διαβουλεύσεως	5	13
πολλαπλές	5	9
συνεπάγονται	5	12
8β	5	2
δα	5	2
σωστή	5	5
συμβουλεύεται	5	13
ποσοτήτων	5	9
κορεσμένων	5	10
νατρίου	5	7
αναγνωρίσιμα	5	12
υποδεικνυόμενα	5	14
διαστήματος	5	11
υπαινισσόμενοι	5	14
προκύψουν	5	9
διαθέσιμης	5	10
ευκόλως	5	7
αντιληπτοί	5	10
ηλεκτρονικού	5	12
κατασκευαστής	5	13
εισαγωγέας	5	10
εισαγωγικό	5	10
διατύπωσης	5	10
καταλήξει	5	9
παρατείνεται	5	12
αμφιβολίες	5	10
εκδώσει	5	7
ορισμένου	5	9
γι	5	2
χορηγήθηκε	5	10
ελήφθη	5	6
προστατεύονται	5	14
ιδιότητές	5	9
ενδέκατου	5	9
ενάρξεως	5	8
δώδεκα	5	6
προσαρμόζεται	5	13
υιοθέτησης	5	10
ee	5	2
τέτοιοι	5	7
υπεύθυνο	5	8
ανεξάρτητων	5	11
διαθέσιμο	5	9
αποδεικνύει	5	11
προειδοποίηση	5	13
επόμενου	5	8
χορηγηθεί	5	9
εξετάζονται	5	11
ανεπαρκής	5	9
διαβίβαση	5	9
εντατική	5	8
έναρξης	5	7
συνεχίζουν	5	10
καθαροί	5	7
οποιοσδήποτε	5	12
βιταμινών	5	9
μετάλλων	5	8
vnr	5	3
στερεά	5	6
g.	5	2
λογικό	5	6
συνοδεύονται	5	12
υγιεινή	5	7
ιδιότητας	5	9
παραγράφους	5	11
παρεμβάλλεται	5	13
ακόρεστα	5	8
ωμεγα	5	5
μακράς	5	6
πλούσια	5	7
αναγράφεται	5	11
ελεύθερο	5	8
νατριο	5	6
βιταμινες	5	9
μεταλλα	5	7
περισσοτέρων	5	12
εκδόθηκε	5	8
διάφορων	5	8
μελέτη	5	6
νέοι	5	4
νομισματικής	5	12
μερικά	5	6
γι'	5	3
friedrich	5	9
veld	5	4
john	5	4
sánchez	5	7
corien	5	6
wortmannkool	5	12
ec	5	2
costa	5	5
georg	5	5
jarzembowski	5	12
δικαιούχο	5	9
βελτιώσουν	5	10
προσδιοριστεί	5	13
πρωτόκολλο	5	10
κοινοτικούς	5	11
φύσης	5	5
ίδιοι	5	5
δικαιούχοι	5	10
επιλέξιμη	5	9
κέντρο	5	6
αρμονική	5	8
διεθνική	5	8
ομίλων	5	6
προαιρετική	5	11
συνέργια	5	8
συγκροτηθεί	5	11
κερδοσκοπικού	5	13
αρμοδιότητές	5	12
διάλυσής	5	8
τρίτα	5	5
έδρας	5	5
εκπροσώπων	5	10
συνέλευσης	5	10
προσωπικότητα	5	13
εσωτερικά	5	9
δυσκολιών	5	9
σκέψεις	5	7
προσδιορίζονται	5	15
διακριτική	5	10
διαγραφή	5	8
αντίθετα	5	8
věra	5	4
flasarová	5	9
εμπορίας	5	8
προβλέψει	5	9
προγράμματοςπλαισίου	5	20
διοργανικής	5	11
τελειοποίηση	5	12
ετήσιας	5	7
είσπραξης	5	9
εντολής	5	7
εα	5	2
υπογράφεται	5	11
ηλεκτρονικές	5	12
αξίωσης	5	7
εκτελεστή	5	9
εκτελείται	5	10
επιδιώκουν	5	10
παρουσιάσει	5	11
απλή	5	4
στοχεύουν	5	9
διαμονής	5	8
συνέβαλε	5	8
μερών	5	5
προτεινόμενο	5	12
περιεχόμενό	5	11
εκδίδεται	5	9
εξωτερικές	5	10
διεθνής	5	7
αξιόπιστων	5	10
ιδιωτικούς	5	10
καταρτίσουν	5	11
ek	5	2
luisa	5	5
τόκους	5	6
καταργεί	5	8
κεκτημένο	5	9
σέβεται	5	7
τείνει	5	6
υπολοίπων	5	9
θεσπιστούν	5	10
απαραίτητα	5	10
συνδέουν	5	8
υπόλοιπο	5	8
διασφαλίσεις	5	12
εγκαίρως	5	8
υποχρέωσης	5	10
προβλεπόμενων	5	13
επίβλεψη	5	8
επήλθε	5	6
καταβλήθηκε	5	11
αντιπρόσωπο	5	11
εκτιμήσεις	5	10
pia	5	3
elda	5	4
locatelli	5	9
reino	5	5
paasilinna	5	10
patrizia	5	8
toia	5	4
vittorio	5	8
prodi	5	5
ολοκλήρωσης	5	11
υψηλού	5	6
υψηλά	5	5
δεύτερον	5	8
επωφελούνται	5	12
18ης	5	4
ενδεικτικά	5	10
κινητήρα	5	8
καύσης	5	6
οριακές	5	7
τω	5	2
urszula	5	7
krupa	5	5
τρακατέλλης	5	11
erna	5	4
hennicotschoepges	5	17
συχνοτήτων	5	10
προνομίων	5	9
16ης	5	4
e.	5	2
eva	5	3
medina	5	6
ortega	5	6
ακόλουθο	5	8
παραμένουν	5	10
συνδεδεμένοι	5	12
επισημάνθηκε	5	12
επιτρόπων	5	9
απλοποιημένης	5	13
ακολουθείτο	5	11
δυσκολίας	5	9
δράττεται	5	9
nicola	5	6
zingaretti	5	10
φαρμάκων	5	8
διορισμούς	5	10
αξιολογήσει	5	11
εναρμονισμένο	5	13
πρότυπο	5	7
υποστηριχθεί	5	12
περίπλοκο	5	9
αποφασιστικό	5	12
ενδιαφερόμενοι	5	14
θέσουν	5	6
ειδικευμένων	5	12
διαγωνισμού	5	11
εκδήλωσης	5	9
έπειτα	5	6
ακολουθείται	5	12
προάγει	5	7
λαϊκή	5	5
υποστήριξή	5	10
στρατηγικήπλαίσιο	5	17
επιδιώξει	5	9
ποικίλων	5	8
κοινωνικοοικονομικών	5	20
ανησυχιών	5	9
μηνύματος	5	9
αποτροπή	5	8
ισόρροπη	5	8
αποδοχή	5	7
εξάλειψης	5	9
εκστρατειών	5	11
ισοδύναμο	5	9
ενδιάμεσο	5	9
εμπειρογνωμοσύνης	5	17
απευθύνει	5	9
ορίσουν	5	7
ελέγχει	5	7
μειονοτήτων	5	11
ασχολείται	5	10
απολογισμό	5	10
ενισχύσει	5	9
γεννήθηκε	5	9
ιδέα	5	4
κόσμου	5	6
μείζονες	5	8
προωθώντας	5	10
συμμετάσχουν	5	12
záborská	5	8
άκουσε	5	6
υποψηφίου	5	9
ιρλανδία	5	8
αναπληρωτής	5	11
αναπληρώτρια	5	12
ιρλανδικής	5	10
σταδιοδρομία	5	12
development	5	11
βελτιώσει	5	9
χάρις	5	5
διατυπώνει	5	10
αναληφθούν	5	10
γνωρίζουν	5	9
οποιεσδήποτε	5	12
γένει	5	5
αναλύσεις	5	9
πάνω	5	4
συνιστώσες	5	10
επικουρεί	5	9
ανταποκρινόσαστε	5	16
ζητήματος	5	9
αιτήματα	5	8
δεκτές	5	6
αξιοποιήσει	5	11
κατάχρηση	5	9
υποχρέωσή	5	9
είστε	5	5
εφαρμόσετε	5	10
δώσετε	5	6
κύριος	5	6
assyst	5	6
εγχειριδίου	5	11
δικής	5	5
προσέφερε	5	9
μικρή	5	5
προταθείσα	5	10
αποσύρατε	5	9
bösch	5	5
mogens	5	6
nj	5	2
camre	5	5
lorenzo	5	7
cesa	5	4
szabolcs	5	8
fazakas	5	7
bart	5	4
staes	5	5
tapio	5	5
ηνωμένες	5	8
πολιτείες	5	9
βουλευτής	5	9
δημοσιεύσεις	5	12
σεμινάρια	5	9
εγγυάται	5	8
δαπανώνται	5	10
συνέδρια	5	8
δεοντολογίας	5	12
εξέλιξης	5	8
ισχύοντος	5	9
διεύρυνσης	5	10
καθηγητής	5	9
φορολογικού	5	11
σχολή	5	5
fiscal	5	6
ινστιτούτου	5	11
συμμετείχα	5	10
ισπανία	5	7
νομιμότητας	5	11
κανονικότητας	5	13
προβλήματος	5	11
επιδοθεί	5	8
προβολή	5	7
μάλλον	5	6
ποιον	5	5
υποχρεώσεων	5	11
διευκολύνεται	5	13
επίτευξης	5	9
πραγματοποιήθηκε	5	16
σεκ	5	3
στενή	5	5
προηγούμενου	5	12
τύπων	5	5
εξεταστεί	5	9
προκαλούν	5	9
αρμόδιος	5	8
cocobu	5	6
νου	5	3
μέλημα	5	6
συνεκτιμά	5	9
ροών	5	4
υποστηρίξουν	5	12
συνεργάζονται	5	13
ακαδημαϊκό	5	10
βιομηχανίες	5	11
βραζιλία	5	8
αποκτήσουν	5	10
ικανοποίηση	5	11
καθιστώντας	5	11
όσους	5	5
ευρύτερα	5	8
århus	5	5
28ης	5	4
εκπομπές	5	8
απειλής	5	7
επανεξέτασης	5	12
προσφύγει	5	9
λιμενικές	5	9
αυτοεξυπηρέτηση	5	15
κυβερνήσεων	5	11
χρειαστεί	5	9
επιλέξει	5	8
απαιτήσουν	5	10
stephen	5	7
hughes	5	6
κινητικότητα	5	12
καθόλου	5	7
zaleski	5	7
κληθεί	5	6
varela	5	6
suanzescarpegna	5	15
κλείσιμο	5	8
μερικές	5	7
παραγωγικότητας	5	15
κλάδους	5	7
ποε	5	3
θεώρηση	5	7
ενισχύει	5	8
αρκετές	5	7
μακροπρόθεσμων	5	14
μελλοντικό	5	10
επισημαίνοντας	5	14
ενεργός	5	7
βιολογικές	5	10
σχετίζεται	5	10
αναδάσωση	5	9
καταστροφής	5	11
απερήμωσης	5	10
κύκλο	5	5
φόρους	5	6
6η	5	2
αναγνωριστεί	5	12
παραγωγών	5	9
προσφέρεται	5	11
παράνομα	5	8
συντάκτηςκτρια	5	14
christa	5	7
milan	5	5
neil	5	4
parish	5	6
αλιευτική	5	9
αποκατάστασης	5	13
περιορισμένο	5	12
hugh	5	4
allister	5	8
capoulas	5	8
santos	5	6
pier	5	4
αλιευτικού	5	10
αλίευσης	5	8
πάρκων	5	6
καπ	5	3
μέλλοντος	5	9
ευάλωτων	5	8
επικέντρωση	5	11
τάσης	5	5
πάρκα	5	5
απορρίψεις	5	10
πλήττουν	5	8
διαβίωση	5	8
αέριο	5	5
ανταγωνιστικότητά	5	17
ορυκτών	5	7
ανατολικής	5	10
target	5	6
διασφαλιστούν	5	13
διατηρούν	5	9
υπολείπονται	5	12
4η	5	2
αντιμετώπιζαν	5	13
αγροτοτουρισμό	5	14
αποσυνδεδεμένων	5	15
πολλαπλής	5	9
αστικά	5	6
κέντρα	5	6
ανώτατης	5	8
απομόνωση	5	9
μικρό	5	5
αγροτικό	5	8
ενθαρρύνονται	5	13
περισσότερης	5	12
υποβοηθώντας	5	12
κλειδί	5	6
ενεργητική	5	10
εισοδήματος	5	11
μελετηθούν	5	10
μετριασμό	5	9
αναλαμβάνουν	5	12
εστιάζονται	5	11
συγκεκριμένους	5	14
αγροτικού	5	9
χωροταξική	5	10
διαρκούς	5	8
χειροτεχνία	5	11
εισόδου	5	7
φροντίδα	5	8
αναψυχής	5	8
αναβάθμιση	5	10
ενδογενούς	5	10
τοπικού	5	7
συμπληρώνεται	5	13
άξονας	5	6
εκκίνησης	5	9
πολιτιστικού	5	12
συμπληρωματικότητας	5	19
ηλικιωμένων	5	11
οικογένεια	5	10
μετάφρασης	5	10
δικαίωμά	5	8
δημήτριος	5	9
παπαδημούλης	5	12
σοβαρής	5	7
κινητών	5	7
διερευνηθεί	5	11
σχολείο	5	7
μάθησης	5	7
παιδική	5	7
αποκτούν	5	8
ενδεδειγμένα	5	12
μισθωτών	5	8
διαπραγμάτευσης	5	15
εγγυημένα	5	9
ιδιότυπα	5	8
πολυμορφία	5	10
μεταδόσεων	5	10
ψηφιακές	5	8
ορυκτά	5	6
βιοντίζελ	5	9
βιοαιθανόλης	5	12
συνταγματικών	5	13
προεδρείου	5	10
αποθεματικών	5	12
μετοχικού	5	9
χρηματαγοράς	5	12
μεταβάλουν	5	10
μέτοχος	5	7
ιδίαν	5	5
καθαρού	5	7
ακεραιότητα	4	11
εξασφαλίζονται	4	14
λαμβανομένης	4	12
διαφανές	4	8
υπολογισμό	4	10
ύπαρξης	4	7
συγκριτική	4	10
δυναμικότητα	4	12
χρήστης	4	7
υπολογισμού	4	11
διασφαλίζοντας	4	14
πράττει	4	7
συμβατικούς	4	11
χρησιμοποιώντας	4	15
ευρέως	4	6
εμποδίζουν	4	10
είσοδο	4	6
επανορισμού	4	11
συμφωνηθεί	4	10
ανταλλαγών	4	10
σχετικούς	4	9
κύπρου	4	6
λετονίας	4	8
λιθουανίας	4	10
ουγγαρίας	4	9
μάλτας	4	6
σλοβενίας	4	9
ενδιαφερόμενου	4	14
ορισθεί	4	7
χρησιμοποιήθηκαν	4	16
δομές	4	5
πίνακα	4	6
τσεχική	4	7
ουγγαρία	4	8
μικρότερων	4	10
απαίτηση	4	8
ελβετίας	4	8
προστεθεί	4	9
έγιναν	4	6
alfonso	4	7
andria	4	6
beaupuy	4	7
rolf	4	4
berend	4	6
jana	4	4
bobošíková	4	10
graham	4	6
booth	4	5
bourzai	4	7
claudio	4	7
fava	4	4
iratxe	4	6
pérez	4	5
eugenijus	4	9
gentvilas	4	9
lidia	4	5
joanna	4	6
geringer	4	8
oedenberg	4	9
ambroise	4	8
guellec	4	7
χατζηδάκης	4	10
miloš	4	5
koterec	4	7
constanze	4	9
angela	4	6
krehl	4	5
musotto	4	7
alyn	4	4
smith	4	5
grażyna	4	7
staniszewska	4	12
železný	4	7
ole	4	3
christensen	4	11
mojca	4	5
drčar	4	5
murko	4	5
mirosław	4	8
mariusz	4	7
piotrowski	4	10
lászló	4	6
συντονισμένης	4	13
συμβεί	4	6
οργανώνει	4	9
ελεγχόμενων	4	11
ελέγχθηκαν	4	10
κατέχει	4	7
συγκεντρώνονται	4	15
οδούς	4	5
οδών	4	4
οδικού	4	6
εισάγουν	4	8
επιδιωχθεί	4	10
φύλλα	4	5
συσκευής	4	8
ελέγχουν	4	8
παράβασης	4	9
εκφράζεται	4	10
πλήρεις	4	7
ομοιόμορφη	4	10
αρχίζουν	4	8
εμπειρίες	4	9
ανώτατου	4	8
ενόσω	4	5
χιλιομέτρων	4	11
χιλιόμετρα	4	10
ώρα	4	3
δυνάμεις	4	8
άμυνας	4	6
παραστεί	4	8
χωρίζεται	4	9
κατοικία	4	8
ενεργά	4	6
ανάληψης	4	8
ίδιος	4	5
υπόλοιπα	4	8
χλμ.	4	4
ακολουθούν	4	10
όφελός	4	6
βιβλίο	4	6
προσωρινά	4	9
κατώτατα	4	8
καθολικής	4	9
αντικειμένων	4	12
εξαίρεσης	4	9
ανακαλούν	4	9
αναστέλλουν	4	11
τρέχουσας	4	9
ημέρας	4	6
εκτυπωμένο	4	10
αυγούστου	4	9
σωματικής	4	9
ναρκωτικών	4	10
δυνητικά	4	8
ανεπιθύμητης	4	12
επιβληθούν	4	10
διαθέσιμοι	4	10
πρωτεΐνες	4	9
διαρθρωτικές	4	12
επιστημών	4	9
περιεκτικό	4	10
δίαιτες	4	7
μειωμένων	4	9
θερμίδων	4	8
μετέπειτα	4	9
αποδίδει	4	8
τηρείται	4	8
25α	4	3
3ης	4	3
προσεγγίσεως	4	12
συμπληρώματα	4	12
εισαγωγική	4	10
εννοιών	4	7
10ης	4	4
υπαινιγμούς	4	11
παθήσεις	4	8
υπεύθυνους	4	10
αποδεικτικών	4	12
καθημερινή	4	10
σύμφωνες	4	8
κοντά	4	5
ισχύων	4	6
ποσότητας	4	9
εξισορροπημένης	4	15
υγιεινού	4	8
αδυνάτισμα	4	10
ιατρών	4	6
επαγγελματίες	4	13
προτίμηση	4	9
συνοδευτική	4	11
συσκευασίας	4	11
εμφανίζεται	4	11
έγκυρης	4	7
κατανοητή	4	9
τελικά	4	6
αξιολόγησή	4	10
διάταξης	4	8
ανάκληση	4	8
αναστέλλεται	4	12
ανακαλείται	4	11
επωνυμία	4	8
περιορισμένης	4	13
όγδοου	4	6
υψηλότερου	4	10
αναθεωρείται	4	12
όποτε	4	5
επιχειρηματίες	4	14
ανθρώπινη	4	9
διατροφική	4	10
αντιστοίχως	4	11
διεξαχθεί	4	9
χαρακτηριστεί	4	13
τελευταίου	4	10
αιτιολογεί	4	10
κοινοποιήσουν	4	13
μυϊκή	4	5
3β	4	2
οργανικά	4	8
τυποποίηση	4	10
7β	4	2
γραμμάρια	4	9
υγρά	4	4
γλωσσικών	4	9
ερμηνεύονται	4	12
ευάλωτους	4	9
13α	4	3
ονομασίες	4	9
καλά	4	4
παρόμοιες	4	9
αναγνωρίζονται	4	14
θετικής	4	7
εμπιστευτικότητα	4	16
μοντέλα	4	7
30ής	4	4
ολόκληρης	4	9
παντός	4	6
οιοσδήποτε	4	10
χαμηλά	4	6
κάτωθι	4	6
γλουτένη	4	8
νάτριου	4	7
κατ΄	4	4
πρωτεΐνη	4	8
προσθήκη	4	8
ελεγχθεί	4	8
στατιστικό	4	10
ύψιστη	4	6
δίνουν	4	6
συντομότερα	4	11
astrid	4	6
lulling	4	7
pervenche	4	9
berès	4	5
karsten	4	7
hoppenstedt	4	11
ian	4	3
hudghton	4	8
harald	4	6
ettl	4	4
συμβατικές	4	10
roberts	4	7
απορρίπτει	4	10
margrete	4	8
auken	4	5
mathieu	4	7
ewa	4	3
dieterlebrecht	4	14
koch	4	4
bogusław	4	8
janusz	4	6
willem	4	6
schuth	4	6
αυτονομία	4	9
ρητώς	4	5
αγοράζονται	4	11
ανθρωπιστική	4	12
δοε	4	3
συνεταιρίζεσθαι	4	15
συλλογικές	4	10
υπήκοος	4	7
αναπτυσσόμενης	4	14
όλοι	4	4
καταγωγή	4	8
χορηγών	4	7
χορηγό	4	6
συμβασιακές	4	11
επιλέξιμο	4	9
μεριμνώντας	4	11
όλης	4	4
οικείο	4	6
πλειονότητα	4	11
χιλιετίας	4	9
θεσπισθούν	4	10
ορισθούν	4	8
αποφασίσουν	4	11
διευκρινιστεί	4	13
λήψεως	4	6
μετέχουν	4	8
νομοθεσίες	4	10
διαχειρίζεται	4	13
διάρκειά	4	8
ύψους	4	5
κοινές	4	6
αναπτύσσει	4	10
αναπτύσσεται	4	12
miroslav	4	8
mikolášik	4	9
falbr	4	5
ulmer	4	5
deß	4	3
προϋπολογισμων	4	14
προσεχές	4	8
καλούμενη	4	9
χρηματοδοτήσεων	4	15
προθεσμιών	4	10
12α	4	3
πίστωση	4	7
12β	4	3
δικαιούται	4	10
έσοδα	4	5
συνιστωσών	4	10
14α	4	3
δορυφόρων	4	9
δορυφόρους	4	10
επίγειους	4	9
συμβούλιό	4	9
αναδόχου	4	8
υπερβούν	4	8
εναρμονίσει	4	11
συμπληρωματική	4	14
αξιόπιστο	4	9
επιχειρηματικές	4	15
αυτόματης	4	9
περιπτώσεων	4	11
εγκρίνουν	4	9
αξιοποιήσουν	4	12
ιδιώτες	4	7
επεκτείνεται	4	12
τελωνειακά	4	10
σύντομη	4	7
τήρησης	4	7
καταβάλει	4	9
δικόγραφο	4	9
αντίκρουσης	4	11
ανακοπή	4	7
οιονδήποτε	4	10
δικαιώματά	4	10
διασυνοριακό	4	12
δικαστικής	4	10
εξασφάλισης	4	11
δίκαιου	4	7
διαφορετική	4	11
πράσινη	4	7
ταχέως	4	6
εγγράφων	4	8
ασφαλές	4	7
24ης	4	4
σημείωσε	4	8
διαφανής	4	8
σπουδαστές	4	10
cομ	4	3
εσωτερικές	4	10
σεπτέμβριο	4	10
enqa	4	4
μητρώου	4	7
προωθείται	4	10
αξιολογήσεων	4	12
δημοσιότητα	4	11
πανεπιστημιακή	4	14
δημοσιεύθηκε	4	12
31ης	4	4
ενεκρίθη	4	8
κυβερνητικών	4	12
επείγουσα	4	9
επόμενη	4	7
pleštinská	4	10
zuzana	4	6
roithová	4	8
marianne	4	8
barbara	4	7
heide	4	5
rühle	4	5
τροποποιήσεως	4	13
χάραξης	4	7
διευρυμένης	4	11
διασυνδέσεων	4	12
τονωτική	4	8
όντως	4	5
αμετάκλητη	4	10
δεσμεύει	4	8
αβεβαιοτήτων	4	12
ετήσιες	4	7
15α	4	3
αποδείξει	4	9
εκδίδονται	4	10
μεθόριο	4	7
κυριότητας	4	10
διατιθέμενα	4	11
κινητοποιώντας	4	14
ιδιωτικά	4	8
βίβλου	4	6
υποβαλλόμενα	4	12
σιδηροδρομικής	4	14
συνιστώντα	4	10
πλωτών	4	6
δεδμ	4	4
καταβολών	4	9
χρηματοδοτούμενα	4	16
επιλέγεται	4	10
μόνης	4	5
δόση	4	4
λαμβανόμενης	4	12
διαθεσίμων	4	10
ετήσιων	4	7
πιστοποιούν	4	11
επιτοπίους	4	10
καλώς	4	5
αναστέλλει	4	10
διαπράχθηκε	4	11
παρατυπία	4	9
τηρήθηκε	4	8
ετεπ	4	4
αρχικών	4	7
τρέχοντος	4	9
χρηματοδοτικής	4	14
εταιρικών	4	9
χρηματοδοτικούς	4	15
προγραμματισμός	4	15
τηρουμένων	4	10
norbert	4	7
glante	4	6
joan	4	4
pilar	4	5
jorgo	4	5
chatzimarkakis	4	14
angelika	4	8
niebler	4	7
andres	4	6
tarand	4	6
turmes	4	6
νικόλαος	4	8
gonzález	4	8
erika	4	5
ισχυρά	4	6
προσανατολισμοί	4	15
πιστώσεων	4	9
παρατηρείται	4	12
επιτυχώς	4	8
χρηματοδοτήσεως	4	15
καλύψει	4	7
ιδίων	4	5
επαρκεί	4	7
ήθελε	4	5
φρονεί	4	6
παράσχουν	4	9
εκτιμηθεί	4	9
άνοδο	4	5
αντιπροσωπεύει	4	14
συνέχιση	4	8
γαιών	4	5
χαλύβδινες	4	10
ερπύστριες	4	10
προ	4	3
johannes	4	8
blokland	4	8
ασυλιών	4	7
εγκριθέντα	4	10
τυγχάνει	4	8
b.	4	2
πάση	4	4
lópezistúriz	4	12
mayer	4	5
enrico	4	6
speroni	4	7
μεταγενέστερη	4	13
καταργηθεί	4	10
διαπραγμάτευση	4	14
συνδεδεμένων	4	12
άρσης	4	5
τόποι	4	5
ενδιάμεσοι	4	10
θεσπίσθηκαν	4	11
συμμορφωθούν	4	12
έχοντες	4	7
αντιπρόσωποι	4	12
εγγεγραμμένοι	4	13
rocard	4	6
περιβαλλοντος	4	13
δημοσιας	4	8
υγειας	4	6
ασφαλειας	4	9
τροφιμων	4	8
πρόσκλησης	4	10
υποψήφιος	4	9
νόσων	4	5
επαναδιορισμό	4	13
ανανέωση	4	8
ποικιλίας	4	9
πραγματοποιήσει	4	15
διοικείται	4	10
αλλού	4	5
πενταετής	4	9
συνήθως	4	7
εναλλακτική	4	11
ασχέτως	4	7
συμπληρώνονται	4	14
femm	4	4
αύξησε	4	6
δυσμενείς	4	9
άνιση	4	5
δυναμική	4	8
θρησκεία	4	8
διευρυμένη	4	10
προσπάθειές	4	11
πολλαπλών	4	9
βαθμών	4	6
όγκου	4	5
έμμεσης	4	7
εζες	4	4
προενταξιακή	4	12
πολιτισμό	4	9
πληθυσμούς	4	10
ανοχή	4	5
ευαισθητοποιήσει	4	16
καλών	4	5
ενισχύουν	4	9
ισότιμη	4	7
πολιτιστικό	4	11
ενδιάμεσους	4	11
στενά	4	5
συμβουλευτική	4	13
δικαιούχους	4	11
31η	4	3
συνεργαστεί	4	11
ποσών	4	5
αντικειμενικό	4	13
υλοποιεί	4	8
λόγος	4	5
οιασδήποτε	4	10
κόστη	4	5
ισότιμης	4	8
εξαίρει	4	7
προνόμιο	4	8
παραμέτρους	4	11
μεταγενέστερα	4	13
δεύτερης	4	8
ομόφωνα	4	7
δημοσιεύτηκε	4	12
έμμεσες	4	7
αυτοδιοίκησης	4	13
προαναφερθείσα	4	14
οδηγιών	4	7
παραβάσει	4	9
συνταγματικής	4	13
ανισότητα	4	9
φύλο	4	4
claire	4	6
gibault	4	7
manfred	4	7
weber	4	5
κοινοβουλευτικής	4	16
κυβέρνησης	4	10
εγτπε	4	5
μάαστριχτ	4	9
αδυναμιών	4	9
αποφέρει	4	8
ανεξάρτητου	4	11
καθοριστικής	4	12
χάρτης	4	6
αντικειμενικά	4	13
ευρωπαίο	4	8
σφαλμάτων	4	9
ένδειξη	4	7
συγκεκριμένη	4	12
ανοικτή	4	7
κατέστη	4	7
ενίοτε	4	6
απ'	4	3
θεσμικού	4	8
ζητούν	4	6
απέχουν	4	7
μελλοντικά	4	10
συμβούλια	4	9
σταδιοδρομίας	4	13
αφορούσε	4	8
επιδόσεων	4	9
ζάχαρης	4	7
εγχειρίδιο	4	10
υπήρχε	4	6
διενέργειας	4	11
δέχεται	4	7
ανέφερα	4	7
φρονώ	4	5
ανησυχία	4	8
λουβαίνης	4	9
ιδιότητά	4	8
καταβληθούν	4	11
ενημερωθεί	4	10
εποπτείας	4	9
εστιάζεται	4	10
υφιστάμενοι	4	11
ευθυνών	4	7
πρακτικής	4	9
ετοιμάσει	4	9
αξιόπιστες	4	10
χρήσιμες	4	8
επιτροπές	4	9
σωστά	4	5
ευέλικτες	4	9
διατηρώντας	4	11
αναλογία	4	8
ελεγκτών	4	8
φόρουμ	4	6
είχατε	4	6
αποτελεσματικότερο	4	18
πιθανές	4	7
προσαρμόζονται	4	14
μεταβαλλόμενες	4	14
ελεγκτή	4	7
σημερινές	4	9
ενασχολήσεις	4	12
αποβλέπετε	4	10
σκιαγραφήσετε	4	13
κλωστοϋφαντουργία	4	17
μικρομεσαίων	4	12
αναφέρετε	4	9
comunidades	4	11
autónomas	4	9
no	4	2
tributaria	4	10
sobre	4	5
φορολογικής	4	11
διαδικτύου	4	10
αντικατοπτρίζει	4	15
4ης	4	3
σεε	4	3
κατέληξε	4	8
υγιή	4	4
προφανές	4	8
πραγματικότητα	4	14
απαιτούμενων	4	12
συμβουλών	4	9
εκλογές	4	7
ασχολήθηκα	4	10
τράπεζας	4	8
πορτογαλία	4	10
επιθεωρητή	4	10
countries	4	9
υπουργών	4	8
πεποίθησή	4	9
επιτυγχάνεται	4	13
αποδοτική	4	9
γεγονότος	4	9
ευέλικτη	4	8
ινστιτούτο	4	10
συμμετέχοντας	4	13
tutela	4	6
fondamentali	4	12
di	4	2
le	4	2
πολιτικού	4	9
καθιέρωσης	4	10
ενδεχόμενες	4	11
λίγες	4	5
προορίζεται	4	11
αποδέκτες	4	9
χρησιμοποιεί	4	12
αποφεύγεται	4	11
πλήρης	4	6
παροχών	4	7
υιοθετήθηκε	4	11
αιτούμενες	4	10
περιβαλλοντικό	4	14
συνετή	4	6
πότε	4	4
διατηρούνται	4	12
μονάδα	4	6
προτού	4	6
επείγουσας	4	10
προσαρμόζουν	4	12
δέχθηκε	4	7
συμβιβασμό	4	10
association	4	11
κατευθυντήριων	4	14
πλευρές	4	7
υπαγορεύουν	4	11
συνδικάτα	4	9
θαλάσσιες	4	9
ιδιαιτερότητες	4	14
εξακολουθήσει	4	13
γεωγραφικά	4	10
εύρος	4	5
καταβάλουν	4	10
υπάρχουσες	4	10
σημαντικών	4	10
σκαφών	4	6
jeggle	4	6
joseph	4	6
enrique	4	7
barón	4	5
crespo	4	6
απολύσεις	4	9
θεσπίσεως	4	9
κανονιστικό	4	11
p6_ta-	4	6
οδηγούν	4	7
παγκοσμιοποιημένο	4	17
εντάσεως	4	8
επιδείνωση	4	10
παρατηρητήριο	4	13
συνεκτικότητα	4	13
ρητρών	4	6
διάσκεψης	4	9
αποτρέπουν	4	10
περιφέρεια	4	10
παρουσίασε	4	10
εξοικονόμηση	4	12
παρατηρητηρίου	4	14
αρνητικών	4	9
εκτίμησης	4	9
εργατικό	4	8
μεριμνήσει	4	10
εταιρική	4	8
μισθωτοί	4	8
ilda	4	4
figueiredo	4	10
συντάκτηςτρια	4	13
bushillmatthews	4	15
luigi	4	5
jöns	4	4
sepp	4	4
kusstatscher	4	12
elizabeth	4	9
lynne	4	5
mato	4	4
adrover	4	7
jacek	4	5
protasiewicz	4	12
marc	4	4
tarabella	4	9
anja	4	4
weisgerber	4	10
jamila	4	6
madeira	4	7
συμπληρωματικό	4	14
διαρκώς	4	7
προστατευόμενες	4	15
κεντρικός	4	9
αντιμετώπισή	4	12
επανειλημμένα	4	13
ιστ	4	3
παράνομη	4	8
υλοτομία	4	8
ζημίες	4	6
δασοκομία·	4	10
ενεργειακό	4	10
πλανήτη	4	7
κα	4	2
τεχνολογικών	4	12
έκανε	4	5
εξετάσουν	4	9
επιδοκιμάζει	4	12
επόμενης	4	8
συνεισφέρει	4	11
βάσεις	4	6
ιδιωτικής	4	9
εξεταστούν	4	10
δάσους	4	6
εισοδηματικής	4	13
διεξαγάγει	4	10
παραγωγοί	4	9
πλατφόρμας	4	10
γκαίτεμποργκ	4	12
εκταρίων	4	8
εμπορικής	4	9
δυνάμεων	4	8
συνδεδεμένα	4	11
εκτενούς	4	8
λισαβόνα	4	8
ύπαιθρο	4	7
επιβεβαιώνει	4	12
françoise	4	9
grossetête	4	10
klaß	4	4
casa	4	4
jeanclaude	4	10
friedrichwilhelm	4	16
graefe	4	6
zu	4	2
baringdorf	4	10
mcguinness	4	10
wojciechowski	4	13
tomasz	4	6
zapałowski	4	10
podkański	4	9
οιεσδήποτε	4	10
niels	4	5
busk	4	4
kazimierz	4	9
chmielewski	4	11
pedro	4	5
guerreiro	4	9
morillon	4	8
2γ	4	2
τομεακού	4	8
morgantini	4	10
panzeri	4	7
ελαττωμένων	4	11
παρεμπιπτόντων	4	14
συμπληρωματικής	4	15
συνεισφέρουν	4	12
αναπαραγωγής	4	12
ποσοστώσεων	4	11
φάσματος	4	8
φιλική	4	6
μειώσουν	4	8
ενδιαιτημάτων	4	13
from	4	4
mechtild	4	8
rothe	4	5
διανομής	4	8
μειώνεται	4	9
προσφορά	4	8
συμπαραγωγής	4	12
κτίρια	4	6
εκτενή	4	6
ηλεκτρισμού	4	11
ραγδαία	4	7
νομοθετικά	4	10
σχεδόν	4	6
έξοδα	4	5
sector	4	6
at	4	2
use	4	3
was	4	3
austria	4	7
εξάρτησης	4	9
ανταγωνιστικής	4	14
ολοκληρωμένων	4	13
εμπεριέχει	4	10
προτιμησιακή	4	12
αναγκαίων	4	9
πυλώνες	4	7
πλούτο	4	6
ποικιλία	4	8
καθόρισαν	4	9
διαδοχικές	4	10
τόνωσαν	4	7
μειώνοντας	4	10
απόμακρες	4	9
παρακμής	4	8
εντεινόμενη	4	11
ακαθάριστης	4	11
απα	4	3
κάτοικο	4	7
ανεπτυγμένος	4	12
νοικοκυρών	4	10
ευρυζωνικό	4	10
περιφερειακός	4	13
ιδιαίτερο	4	9
αναγνωρισμένο	4	13
μοναδική	4	8
μετατροπή	4	9
καλύτερων	4	9
ισχυρού	4	7
περιθώρια	4	9
συγκράτηση	4	10
προσανατολισμένος	4	17
προωθηθούν	4	10
δημιούργησαν	4	12
προσανατολισμένο	4	16
οργανωτικών	4	11
μεταποιητικής	4	13
επιτυχής	4	8
μεταβιβάσιμες	4	13
προσαρμοσμένοι	4	14
δασοπονικών	4	11
αναστροφή	4	9
επιδείνωσης	4	11
υδάτινων	4	8
μειονεκτούσες	4	13
περιμένουν	4	10
υποχρεωτικά	4	11
αμείβονται	4	10
διαμόρφωσε	4	10
πολύτιμου	4	9
οικοτόπων	4	9
υγρότοπους	4	10
ξηρούς	4	6
λειμώνες	4	8
ορεινούς	4	8
βοσκότοπους	4	11
αξιοποιούνται	4	13
δεξαμενών	4	9
οργανικής	4	9
ποικίλα	4	7
γενιές	4	6
σκοπιάς	4	7
ολοκληρωμένες	4	13
καινοτόμου	4	10
κρατήσεις	4	9
ψυχαγωγικές	4	11
επισκεπτών	4	10
δεσμούς	4	7
γήρανσης	4	8
μεγάλα	4	6
εκτείνονται	4	11
επιχειρηματικά	4	14
πολλαπλασιαστικό	4	16
αναπτυξιακού	4	12
τονώσουν	4	8
σχηματισμού	4	11
εμψύχωση	4	8
κοινωνικοοικονομικού	4	20
προγραμματικής	4	14
περιαστική	4	10
απόμακρος	4	9
συνεργιών	4	9
μελετήσουν	4	10
επικείμενες	4	11
θεματικές	4	9
βέλτιστων	4	9
ετα	4	3
διαχωριστική	4	12
εστιαστεί	4	9
οικονομικούς	4	12
υλοποιηθούν	4	11
καρδιά	4	6
ισχυρό	4	6
δυσχέρειες	4	10
τεχνογνωσίας	4	12
υποστηρίζοντας	4	14
διαβίβασης	4	10
συνταχθεί	4	9
τακτής	4	6
δικαστικές	4	10
έννομο	4	6
σύγκλιση	4	8
katalin	4	7
lévai	4	5
προερχόμενους	4	13
τεχνητή	4	7
őry	4	3
ατομικής	4	8
γεωγραφικών	4	11
δημιουργείται	4	13
τύποι	4	5
σχεδιασμός	4	10
ενδεδειγμένων	4	13
σχολεία	4	7
συνεργειών	4	10
τρομοκρατίας	4	12
κρίσιμων	4	8
εξασφαλίζοντας	4	14
δελτίο	4	6
σημερινών	4	9
αυξηθούν	4	8
ecr	4	3
lipietz	4	7
μέριμνας	4	8
δικαιωματων	4	11
γυναικων	4	8
ισοτητας	4	8
φυλων	4	5
9ης	4	3
παιδιού	4	7
αντιστοιχούν	4	12
μονογονεϊκές	4	12
εξαρτώμενα	4	10
μεταναστών	4	10
επαγγελματικού	4	14
οικογενειακού	4	13
υγειονομική	4	11
κίνητρο	4	7
προάγοντας	4	10
μετανάστες	4	10
θεσμού	4	6
τάση	4	4
προοπτική	4	9
επιβάλουν	4	9
επαναβεβαιώνει	4	14
συνταξιοδοτικών	4	15
μέθοδο	4	6
τρόπων	4	6
αποτελεσματικότερες	4	19
cottigny	4	8
μεταλλαγές	4	10
επιχειρηματικής	4	15
επισήμανσή	4	10
εγγυημένων	4	10
ιδιότυπων	4	9
οικονομικων	4	11
νομισματικων	4	12
διαθέσιμα	4	9
χάσματος	4	8
οπτικοακουστικού	4	16
νεοιδρυόμενες	4	13
πλουραλισμό	4	11
αλλάξουν	4	8
ριζικά	4	6
οπτικοακουστικών	4	16
προβληματισμού	4	14
δημητριακών	4	11
αποδοτικές	4	10
εισφορών	4	8
εγγυημένη	4	9
προεδρείο	4	9
αποθεματικά	4	11
πραγματοποίησης	4	15
αποτέλεσαν	4	10
αποκτήσεως	4	10
αποκτήσεων	4	10
εδαφίου	4	7
αποκτήθηκαν	4	11
θεμιτούς	4	8
εισπράττει	4	10
πιστοληπτική	4	12
υπολογισμούς	4	12
συσταση	3	7
δευτερη	3	7
αναγνωση	3	8
συνεκτιμάται	3	12
πραγματικός	3	11
καθορισμένης	3	12
διαχειριστής	3	12
χρόνους	3	7
σκοπιμότητα	3	11
ταξινόμησης	3	11
επιλέξιμων	3	10
δημιούργησε	3	11
άρχισε	3	6
θεσμικούς	3	9
ταξινόμηση	3	10
πολωνία	3	7
σλοβενία	3	8
σλοβακία	3	8
ευρίσκονται	3	11
παρακινεί	3	9
νομι	3	4
gábor	3	5
harangozó	3	9
marian	3	6
harkin	3	6
κωνσταντίνος	3	12
jim	3	3
higgins	3	7
iturgaiz	3	8
angulo	3	6
tunne	3	5
kelam	3	5
oldřich	3	7
vlasák	3	6
eluned	3	6
morgan	3	6
surján	3	6
διαλειτουργικότητας	3	19
επαρκές	3	7
συλλέγει	3	8
συντονιστικό	3	12
ορθής	3	5
συμβαλλόμενα	3	12
πληρωμάτων	3	10
αετr	3	4
μετακινούμενων	3	14
υπαλλήλους	3	10
συλλέγονται	3	11
ταχογράφου	3	10
οδό	3	3
χρησιμεύσουν	3	12
χώροι	3	5
μπροστά	3	7
συλλεγεί	3	8
εξατομικευμένη	3	14
επιβάλει	3	8
ημερήσιου	3	9
υστέρηση	3	8
αναλύονται	3	10
διετή	3	5
δημοσιεύονται	3	13
ενδιαφερόμενες	3	14
καταχωρηθεί	3	11
κάρτα	3	5
μέσος	3	5
διατυπωθούν	3	11
μεμονωμένων	3	11
παρεκκλίσεις	3	12
πιέσεις	3	7
ενσωματωθεί	3	11
συμβατικό	3	9
ψηφιακός	3	8
ενιαίες	3	7
πιστοποιητικού	3	14
επιβληθεί	3	9
διενέργεια	3	10
κινείται	3	8
επιτρεπόμενη	3	12
ανώτατη	3	7
τελεί	3	5
αγροκτήματα	3	11
συλλογής	3	8
διάθεσης	3	8
τηλεφωνίας	3	10
υλικού	3	6
εξοπλισμών	3	10
επαγγέλματός	3	12
βραχύ	3	5
μικρότερης	3	10
απόσταση	3	8
συμπληρωμένο	3	12
επάρκειας	3	9
διάλειμμα	3	9
καθένα	3	6
εβδομαδιαία	3	11
αποστάσεις	3	10
ψηφιακών	3	8
συσκευών	3	8
κοινοποιούν	3	11
προσωρινή	3	9
ερμηνείας	3	9
καλούνται	3	9
γνωμοδοτήσουν	3	13
εμφαίνονται	3	11
τελευταίας	3	10
εξοπλισμένα	3	11
παρακάτω	3	8
εμφάνιση	3	8
γενετική	3	8
προδιάθεση	3	10
καπνού	3	6
ανακοινώσεις	3	12
ενημερωτικές	3	12
ανόργανα	3	8
ανάλογη	3	7
ωφελειών	3	8
ψυχολογική	3	10
τεκμηριωμένες	3	13
συνήθειες	3	9
πρόσφορο	3	8
εκστρατεία	3	10
ανακοινώσεων	3	12
φρούτα	3	6
σημάτων	3	7
δηλώνουν	3	8
θρεπτικό	3	8
tα	3	2
χρόνιες	3	7
transλιπαρών	3	12
σακχάρων	3	8
ποτά	3	4
οινόπνευμα	3	10
περιοριστούν	3	12
απαγορευτούν	3	12
προσδιοριστούν	3	14
καταλάβει	3	9
μερίδα	3	6
παραπλήσια	3	10
ες	3	2
προσδιοριζόμενα	3	15
ευεξία	3	6
ενώσεων	3	7
ταχυδρομείου	3	12
παραχθεί	3	8
προπαρασκευή	3	12
κοινοποιήσεων	3	13
πρόσθετων	3	9
αιτιολογημένης	3	14
αιτήσεως	3	8
επαφή	3	5
αντιληπτή	3	9
διάθεσή	3	7
συνεκτιμώντας	3	13
νόμιμων	3	7
αιτηθεί	3	7
υφιστάμενης	3	11
απορριφθέντων	3	13
τοποθετούνται	3	13
χωριστό	3	7
19α	3	3
πέμπτου	3	7
απαριθμούνται	3	13
έκτου	3	5
προτεινόμενων	3	13
αναθεωρήσεις	3	12
επανάληψη	3	9
24α	3	3
19ης	3	4
εμπίπτει	3	8
συνάγεται	3	9
ανάλογο	3	7
πρόσθετη	3	8
αποκλειστικό	3	12
σοβαρούς	3	8
αναστείλει	3	10
καθαρός	3	7
αφαιρεθούν	3	10
ίσον	3	4
συνολικοί	3	9
γλυκερίνη	3	9
σακχαρούχες	3	11
αλκοόλες	3	8
αφαιρούνται	3	11
7γ	3	2
βιταμινων	3	9
μεταλλων	3	8
kcal	3	4
σύνθετων	3	8
πληροφορούν	3	11
αναγράφονται	3	12
εαατ	3	4
10β	3	3
τυπικό	3	6
καθιστούν	3	9
υποστηρίζεται	3	13
αντίληψη	3	8
κατανόηση	3	9
ασθένειες	3	9
υποβάλλοντας	3	12
κατάλληλου	3	10
επωφελούς	3	9
μεταβολή	3	8
συστατικό	3	9
οφέλους	3	7
αιτούντες	3	9
χαρακτηρισθεί	3	13
απόφασή	3	7
ζώα	3	3
προσδιορισμού	3	13
γνωμοδοτεί	3	10
αποκαλούμενη	3	12
παραμονής	3	9
μεταβατικών	3	11
γάλα	3	4
χαμηλής	3	7
λιπη	3	4
πληρούται	3	9
πλουσιο	3	7
αλυσιδας	3	8
m.	3	2
χοληστερόλη	3	11
ανιχνεύσιμες	3	12
αλατα	3	5
ισοδύναμης	3	10
πρωτεϊνών	3	9
αγελαδινού	3	10
τριμηνιαίων	3	11
νοικοκυριά	3	10
νοικοκυριών	3	11
νομισματικά	3	11
οπότε	3	5
radwan	3	6
antolín	3	7
presedo	3	7
εμπορευματικών	3	14
zīle	3	4
etelka	3	6
barsipataky	3	11
christine	3	9
veyrac	3	6
evans	3	5
hedkvist	3	8
petersen	3	8
jeanine	3	7
hennisplasschaert	3	17
schmitt	3	7
gahler	3	6
αυτοσκοπό	3	9
προμηθευτών	3	11
αποδέσμευσης	3	12
προαναφερόμενη	3	14
τόνιζε	3	6
σπουδαιότητας	3	13
διαθεσιμότητας	3	14
αποκλίσεις	3	10
κυότο	3	5
γεωγραφικό	3	10
ποιοτικής	3	9
επισιτιστικής	3	13
xxxx	3	4
συνειδητοποίηση	3	15
συγκρότηση	3	10
ξεχωριστού	3	10
προσώπου	3	8
αναθέσουν	3	9
απαιτούμενα	3	11
αποκτά	3	6
βαρύνει	3	7
συνάπτεται	3	10
ανάθεσης	3	8
συμπληρωματικά	3	14
εκπροσώπησης	3	12
ίδρυσης	3	7
σύνορα	3	6
νομοθετικής	3	11
καλύπτεται	3	10
συνάψει	3	7
γειτνίασης	3	10
διαστάσεις	3	10
προταθεί	3	8
σύνθεση	3	7
εμμένει	3	7
οντότητα	3	8
αναθέσει	3	8
εκτελέσει	3	9
συμμετέχοντα	3	12
βλ.	3	3
ενδιαφερόμενο	3	13
stihler	3	7
κυριάκος	3	8
τριανταφυλλίδης	3	15
simon	3	5
busuttil	3	8
sharon	3	6
bowles	3	6
μεταφορων	3	9
τουρισμου	3	9
εφεξής	3	6
εκφράστηκε	3	10
εγγραφή	3	7
κερδών	3	6
επίδειξης	3	9
ύψος	3	4
πειθαρχία	3	9
θεσπίζεται	3	10
αποφασιστεί	3	11
πολιτικων	3	9
ελευθεριων	3	10
δικαιοσυνης	3	11
εσωτερικων	3	10
μεσαίες	3	7
εκεί	3	4
δικαιοδοσία	3	11
χρηματικών	3	10
περιγραφής	3	10
αιτούμενων	3	10
τόκων	3	5
τακτικής	3	8
εντούτοις	3	9
αποδεικτικό	3	11
δικαστηρίων	3	11
αναγνώρισή	3	10
ρυθμίζονται	3	11
διεξάγεται	3	10
18α	3	3
εκτεταμένη	3	10
αποζημίωση	3	10
μέτρου	3	6
εισαχθεί	3	8
αξιώσεις	3	8
αυξάνουν	3	8
εμπόδιο	3	7
μεροληπτικά	3	11
εκτελεστεί	3	10
αποκτηθεί	3	9
mihael	3	6
brejc	3	5
επιχειρηματικών	3	15
τής	3	3
αξιόπιστη	3	9
συστηματικής	3	12
υπουργοί	3	8
ζήτησαν	3	7
eua	3	3
eurashe	3	7
esib	3	4
ενέκριναν	3	9
μπέργκεν	3	8
υπογράμμισαν	3	12
κερδοσκοπικούς	3	14
εισαγάγουν	3	10
εσωτερικούς	3	11
ενεκρίθησαν	3	11
αμερόληπτοι	3	11
ποικιλομορφία	3	13
καινοτόμα	3	9
εγγραφής	3	8
προωθούν	3	8
οικοδομηθεί	3	11
απόρριψης	3	9
εξουσίας	3	8
malcolm	3	7
harbour	3	7
guido	3	5
andreas	3	7
hedh	3	4
vergnaud	3	8
weiler	3	6
toine	3	5
manders	3	7
leopold	3	7
józef	3	5
rutowicz	3	8
charlotte	3	9
cederschiöld	3	12
οριστική	3	8
εξέφρασε	3	8
μεριμνά	3	7
διαχωρισμό	3	10
διασχίζουν	3	10
ναυσιπλοΐα	3	10
σημείων	3	7
δρομολογηθούν	3	13
εκφράσει	3	8
καταρτίζει	3	10
χώρων	3	5
κατάργησης	3	10
ανακτά	3	6
παρεχόμενη	3	10
γνωστός	3	7
σχηματισμό	3	10
εναλλακτικών	3	12
επικεντρώνεται	3	14
ivo	3	3
belet	3	5
buzek	3	5
calabuig	3	8
rull	3	4
lena	3	4
rebecca	3	7
harms	3	5
romana	3	6
jordan	3	6
cizelj	3	6
werner	3	6
langen	3	6
miloslav	3	8
ransdorf	3	8
remek	3	5
paul	3	4
rübig	3	5
britta	3	6
thomsen	3	7
claude	3	6
βακάλης	3	7
alejo	3	5
vidalquadras	3	12
roca	3	4
satu	3	4
hassi	3	5
αναγνωρισθεί	3	12
έσσεν	3	5
δόθηκε	3	6
βαρκελώνης	3	10
καθόρισε	3	8
όρισε	3	5
λοιπών	3	6
υψίστη	3	6
συμβατή	3	7
τρίτον	3	6
καθυστερήσεις	3	13
ιδιωτικές	3	9
υλοποίησή	3	9
θαλάσσιας	3	9
διασυνοριακού	3	13
αντίστοιχης	3	11
ουν	3	3
συμπερασμάτων	3	13
οδοστρωτήρες	3	12
δονητικές	3	9
πλάκες	3	6
προωθητές	3	9
kw	3	2
αντισταθμιζόμενα	3	16
διαστρωτήρες	3	12
θραύσης	3	7
σκυροδέματος	3	12
παρυφών	3	7
οριστικά	3	8
ορισμένο	3	8
προσαρμοστεί	3	12
προέκυψαν	3	9
τεχνικούς	3	9
εκπομπή	3	7
karlheinz	3	9
dorette	3	7
corbey	3	6
chris	3	5
davies	3	6
florenz	3	7
riitta	3	6
myller	3	6
jonas	3	5
sjöstedt	3	8
συντονισμένη	3	12
πανευρωπαϊκού	3	13
επίγειου	3	8
ραδιοτηλεειδοποίησης	3	20
ποινικής	3	8
δικονομίας	3	10
βουλευτή	3	8
ιθαγένειας	3	10
απολαύουν	3	9
προαναφερθέν	3	12
ακύρωση	3	7
περιπτώσει	3	10
monica	3	6
frassoni	3	8
masip	3	5
hidalgo	3	7
diana	3	5
wallis	3	6
εκτελεστικά	3	11
εφαρμοστούν	3	11
αντικαθίστανται	3	15
παράγωγων	3	9
δημοσιεύουν	3	11
πμδ	3	3
δεκαοκτώ	3	8
ιδρύματος	3	9
michel	3	6
απαντήσει	3	9
jutta	3	5
d.	3	2
haug	3	4
προβληματικές	3	13
ορθό	3	4
απλό	3	4
παρατείνουν	3	11
ξεκινήσουν	3	10
επετεύχθησαν	3	12
ισχύσει	3	7
ανώτερο	3	7
δεδομένης	3	9
προσωπικής	3	10
υποτίθεται	3	10
χέρια	3	5
διεξαγωγής	3	10
κριθεί	3	6
κανόνα	3	6
εφικτή	3	6
φυλετικών	3	9
or	3	2
σεξουαλικό	3	10
πράσινης	3	8
gaubert	3	7
βούληση	3	7
in’t	3	4
μετανάστευση	3	12
υποεκπροσωπούμενων	3	18
βίας	3	4
σχεδιασθεί	3	10
φυλετική	3	8
εκχωρεί	3	7
συνεργάζεται	3	12
εξακριβώσει	3	11
λεπτομερώς	3	10
εκχώρησης	3	9
χρηματοοικονομική	3	17
εξωτερικής	3	10
κάποιον	3	7
ενδιάμεσος	3	10
επιφορτισμένος	3	14
σταθερές	3	8
χρηματοοικονομικές	3	18
κοινοποιεί	3	10
αιτίων	3	6
επιτάσσουν	3	10
χρηματοοικονομικό	3	17
διοργάνωσης	3	11
διαγωνισμών	3	11
κανονιστικών	3	12
δυο	3	3
ξεκίνησε	3	8
μορφήν	3	6
προτασης	3	8
συμβουλιου	3	10
πράσινο	3	7
δεκέμβριο	3	9
εκχώρηση	3	8
ανατίθεται	3	10
σημειώνονται	3	12
εναντίον	3	8
μειονότητας	3	11
υπογραμμιστεί	3	13
ποικιλομορφίας	3	14
εθνοτική	3	8
evabritt	3	8
svensson	3	8
ήμισυ	3	5
υποεκπροσωπούνται	3	17
ρομά	3	4
μεν	3	3
edite	3	5
estrela	3	7
lissy	3	5
gröner	3	6
marieline	3	9
reynaud	3	7
raül	3	4
romeva	3	6
rueda	3	5
amalia	3	6
sartori	3	7
resetarits	3	10
λαμπρινίδης	3	11
ορίσθηκε	3	8
υπουργό	3	7
φεβρουάριο	3	10
φυτικών	3	7
πρεσβύτερο	3	10
evaluation	3	10
assurance	3	9
αξιοπιστία	3	10
σαφέστερη	3	9
δεσμευθεί	3	9
διαπιστώσει	3	11
ουδέποτε	3	8
πράξει	3	6
λογοδοσία	3	9
υποδομή	3	7
control	3	7
οκτώβριο	3	8
ακολουθήσει	3	11
προσεκτικά	3	10
διευκρινίσεις	3	13
συζητούνται	3	11
αφορούσαν	3	9
εντοπίστηκαν	3	12
ενταχθεί	3	8
επέλθει	3	7
επαφές	3	6
διαθέσιμη	3	9
σημαντικότερο	3	13
γνώμες	3	6
ενθαρρυνθούν	3	12
περιορισθεί	3	11
έννοιες	3	7
αρχιτεκτονική	3	13
τηρήσει	3	7
διευρύνει	3	9
βοηθήσουν	3	9
οικείων	3	7
ροή	3	3
αποφύγει	3	8
μπορείτε	3	8
δέχονται	3	8
υποδείξεις	3	10
άλλον	3	5
ασυμβίβαστη	3	11
συμφέροντά	3	10
απαρτίζεται	3	11
οριζόντιου	3	10
γνωμοδοτήσεων	3	13
εξεύρεση	3	8
ακρίβεια	3	8
ενδείξεις	3	9
κενό	3	4
προετοιμασίας	3	13
υποψία	3	6
διαφθορά	3	8
εγείρουν	3	8
παρατυπίες	3	10
προαναφερθείσες	3	15
εισηγητήςτρια	3	13
γραφεία	3	7
overpelt	3	8
σπουδές	3	7
υπουργείου	3	10
βοηθός	3	6
ορκωτός	3	7
λογιστής	3	8
βελγίου	3	7
λογιστικό	3	9
αντικειμενικές	3	14
δραστήρια	3	9
εξίσου	3	6
διαφανείς	3	9
συμπεριληφθούν	3	14
προσφορών	3	9
συγκεντρώνουν	3	13
χρήσιμα	3	7
εργάζεται	3	9
στροφή	3	6
ουδέτερη	3	8
επαγγελματικό	3	13
λίγο	3	4
βελγικής	3	8
κατανόησης	3	10
σχολής	3	6
μαδρίτης	3	8
χώρος	3	5
ανέπτυξα	3	8
βαλεαρίδων	3	10
locales	3	7
constitución	3	12
por	3	3
financiación	3	12
tributario	3	10
constitucional	3	14
imponible	3	9
social	3	6
europea	3	7
sociedades	3	10
εκπρόσωπος	3	10
αποκέντρωσης	3	12
κλπ	3	3
δημοκρατικού	3	12
δημοκρατικό	3	11
φπα	3	3
υπαλλήλων	3	9
διευκρίνιση	3	11
εμφανιστούν	3	11
φθάσει	3	6
αποδέκτη	3	8
sem	3	3
φορολόγηση	3	10
βέβαια	3	6
σκέφτεστε	3	9
δεκέμβριος	3	10
προσφάτως	3	9
εξελέγην	3	8
ολόκληρο	3	8
φορολογικό	3	10
παρουσίας	3	9
επιθεώρηση	3	10
governance	3	10
εκπόνησε	3	8
χάλυβα	3	6
single	3	6
αιγίδα	3	6
αυστηρό	3	7
διατύπωσε	3	9
ποιοτική	3	8
σφαιρικής	3	9
επεξεργάζεται	3	13
απαιτούμενες	3	12
συνείδησης	3	10
ακριβείς	3	8
συνοδευόμενη	3	12
αυξανόμενης	3	11
ιδιότητα	3	8
εποικοδομητικό	3	14
μείζον	3	6
στοιχειωδών	3	11
γνωμοδότησή	3	11
συντονισμένες	3	13
δρόμο	3	5
τιμής	3	5
χρημάτισα	3	9
τρια	3	4
ρώμης	3	5
συνδικαλιστικής	3	15
αποδόσεις	3	9
επαρχιών	3	8
ιταλικού	3	8
οηε	3	3
έννομης	3	7
νόμο	3	4
il	3	2
law	3	3
giustizia	3	9
αναπόφευκτο	3	11
στρεβλώσεις	3	11
προβληματισμός	3	14
εφικτό	3	6
έγκαιρα	3	7
επίσημων	3	8
πάσα	3	4
έννομες	3	7
επίκαιρες	3	9
έστω	3	4
σύνταξης	3	8
συναντήσεις	3	11
γενομένης	3	9
αναλογιών	3	9
συνάπτονται	3	11
προετοιμάζονται	3	15
μοναδικό	3	8
ονόματός	3	8
συντομεύονται	3	13
αβάσιμη	3	7
γραπτή	3	6
περιβαλλοντικού	3	15
ενεργήσει	3	9
προηγούμενους	3	13
ισχνή	3	5
εγκριθέν	3	8
συμφώνησε	3	9
συμβιβαστικό	3	12
αυτοεξυπηρέτησης	3	16
πρόθεση	3	7
pe	3	2
επιτακτική	3	10
πραγμάτων	3	9
αποσαφήνιση	3	11
παρόχων	3	7
πεποίθηση	3	9
αποχή	3	5
λιμενική	3	8
αναλογικά	3	9
επάγγελμα	3	9
αποκτώνται	3	10
επαρκούς	3	8
διαφανών	3	8
καθορίστηκαν	3	12
άμεσο	3	5
αναλαμβάνει	3	11
παρείχε	3	7
συγκρίσιμα	3	10
αναλογεί	3	8
υφιστάμενη	3	10
συστήσει	3	8
εξισορρόπηση	3	12
αρχικής	3	7
ευθυγραμμίζεται	3	15
ισχυουσών	3	9
εργοδοτών	3	9
γλωσσών	3	7
ακυρώσει	3	8
περιττών	3	8
emanuel	3	7
jardim	3	6
fernandes	3	9
gewalt	3	6
αποξηραμένων	3	12
χορτονομών	3	10
daul	3	4
αναγομωμένα	3	11
ελαστικά	3	8
επίσωτρα	3	8
σύμφωνης	3	8
jeanpierre	3	10
audy	3	4
syed	3	4
kamall	3	6
caroline	3	8
lucas	3	5
sturdy	3	6
martens	3	7
ομίλους	3	7
ομαδικές	3	8
μεταβιβάσεων	3	12
ενημερώσεως	3	11
νόμιμο	3	6
εργοστασίων	3	11
φραγμών	3	7
επικεντρωθούν	3	13
μετεγκαθιστούν	3	14
συντονίζεται	3	12
επιτακτικό	3	10
επαναλαμβάνει	3	13
μακροπρόθεσμου	3	14
πάλι	3	4
υπουργικής	3	10
εργασιακό	3	9
πεπεισμένο	3	10
ειδίκευσης	3	10
προλαμβάνονται	3	14
ζητώντας	3	8
πραγματικού	3	11
εντατικοποίηση	3	14
μισθούς	3	7
συνακόλουθα	3	11
μισθωτούς	3	9
ανεργίας	3	8
επισημανθεί	3	11
προορισμό	3	9
εργατικού	3	9
αντιθέτως	3	9
καλό	3	4
εξετάσουμε	3	10
εισφορές	3	8
φορολογία	3	9
πρόνοια	3	7
μεταβολής	3	9
λογική	3	6
εξεύρεσης	3	9
στοχοθετημένη	3	13
παρεμβάσεις	3	11
alejandro	3	9
cercas	3	6
derek	3	5
clark	3	5
cocilovo	3	8
carlo	3	5
fatuzzo	3	7
kułakowski	3	10
lehideux	3	8
ria	3	3
oomenruijten	3	12
albino	3	6
peneda	3	6
gabriele	3	8
zimmer	3	6
αδάμος	3	6
αδάμου	3	6
πανίδα	3	6
καλύτερος	3	9
προστατευτικών	3	14
λειτουργιών	3	11
δάσος	3	5
γιοχάνεσμπουργκ	3	15
ατμοσφαιρική	3	12
μόλυνση	3	7
πανίδας	3	7
θεωρώντας	3	9
υπενθυμίζοντας	3	14
life	3	4
τροπικών	3	8
ιζ	3	2
flegt	3	5
παράνομου	3	9
σαφήνειας	3	9
ασχολούνται	3	11
ιη	3	2
εισαγωγών	3	9
μεταποίηση	3	10
ιθ	3	2
θερμοκρασίας	3	12
φυτών	3	5
κβ	3	2
κγ	3	2
ύλη	3	3
χαρτί	3	5
συμπερίληψη	3	11
σύνοδο	3	6
δεσμευτικό	3	10
διάσκεψη	3	8
μόνιμης	3	7
εγχώρια	3	7
παραγόμενη	3	10
ξύλο	3	4
εθελοντικών	3	11
πολυλειτουργικότητα	3	19
ερευνητικών	3	11
7ο	3	2
πιστοποίησης	3	12
έθεσε	3	5
σημαντικότερων	3	14
παρουσιάζεται	3	13
υπολογίζονται	3	13
επεμβάσεις	3	10
οδήγησαν	3	8
αρχικά	3	6
αναδάσωσης	3	10
αντικατοπτρίζονται	3	18
ορατή	3	5
ανοιχτής	3	8
έμπρακτη	3	8
αρκετών	3	7
συνδυάζεται	3	11
οικοσυστημάτων	3	14
matthias	3	8
groote	3	6
gaľa	3	4
laperrouze	3	10
baco	3	4
thijs	3	5
berman	3	6
michl	3	5
ebner	3	5
fruteau	3	7
esther	3	6
herranz	3	7
stéphane	3	8
foll	3	4
mairead	3	7
isabel	3	6
salinas	3	7
agnes	3	5
schierhuber	3	11
piotr	3	5
συνέστησε	3	9
ηνωμένου	3	8
βασιλείου	3	9
οιωνδήποτε	3	10
υποστηρίζουν	3	12
κοινωνικοοικονομική	3	19
ιχθυδίων	3	8
–από	3	4
alfred	3	6
gomolka	3	7
struan	3	6
stevenson	3	9
mulder	3	6
ανανέωσή	3	8
διαπραγματεύσεων	3	16
2δ	3	2
συνεδρίασης	3	11
βιομηχανιών	3	11
alessandro	3	10
scheele	3	7
φιλικότερες	3	11
θαλάσσιου	3	9
απόβλητα	3	8
παραδείγματι	3	12
αλιέων	3	6
φιλικής	3	7
βραχυπρόθεσμα	3	13
ματιών	3	6
διχτυών	3	7
ιχθυαποθέματα	3	13
πιθανότητα	3	10
αναθεωρημένη	3	12
πιλοτικά	3	8
απαγορεύσεις	3	12
μακροπρόθεσμης	3	14
κλάδος	3	6
ευάλωτα	3	7
εκτενείς	3	8
αποκεντρωμένη	3	13
7ου	3	3
βιώσιμου	3	8
διατηρηθούν	3	11
ενηλίκων	3	8
αποτελούνται	3	12
παρατηρητών	3	11
θνησιμότητας	3	12
νομικη	3	6
βαση	3	4
διαφορετικό	3	11
συνέβαλλε	3	9
φόρου	3	5
διείσδυσης	3	10
παράγεται	3	9
αμφιταλάντευσης	3	15
stop	3	4
go	3	2
σημειώνεται	3	11
γεωθερμική	3	10
ηλιακή	3	6
αντικαταστήσουν	3	15
ωρίμανση	3	8
αυστρία	3	7
επιτυχείς	3	9
παραπάνω	3	8
σταματήσει	3	10
primary	3	7
consumption	3	11
res	3	3
sources	3	7
reach	3	5
an	3	2
shows	3	5
heating	3	7
than	3	4
electricity	3	11
per	3	3
with	3	4
are	3	3
has	3	3
germany	3	7
installed	3	9
πρωταρχικός	3	11
vincenzo	3	8
lavarra	3	7
trautmann	3	9
πολιτιστικά	3	11
εργασιακά	3	9
βιοτεχνολογίας	3	14
προσανατολισμένη	3	16
πλεονέκτημα	3	11
επίλυση	3	7
τόνισαν	3	7
άτυπη	3	5
αποδοτικό	3	9
μετατροπής	3	10
ευρεσιτεχνίας	3	13
δεσμεύεται	3	10
ονομασιών	3	9
εισοδημάτων	3	11
lasse	3	5
lehtinen	3	8
ματσούκα	3	8
ανανεωμένη	3	10
συνεχίζει	3	9
διαμορφωθεί	3	11
ορεινές	3	7
διαφέρει	3	8
αεπ	3	3
εκμάθηση	3	8
μετάδοση	3	8
μειονεκτική	3	11
διακυβέρνηση	3	12
τεχνογνωσία	3	11
εταιρικές	3	9
κάλυψης	3	7
ισχυρών	3	7
ου	3	2
δημιουργώντας	3	13
δικτύωσης	3	9
οργανικών	3	9
άλλαξε	3	6
διαιώνιση	3	9
εκτροφής	3	8
τοπίο	3	5
πλημμύρες	3	9
πλημμυρών	3	9
σταθερής	3	8
βασισμένης	3	10
χωριά	3	5
πληθυσμός	3	9
παιδικών	3	8
σταθμών	3	7
χάριν	3	5
καταλαμβάνουν	3	13
προστατευθούν	3	13
ενυπάρχει	3	9
οικογένειές	3	11
ευθυγράμμιση	3	12
στηρίξουν	3	9
δύναμη	3	6
μνεία	3	5
οικονομίες	3	10
ευνοούν	3	7
δυσκολεύονται	3	13
αντίκτυπου	3	10
κατοίκους	3	9
επιδόσεως	3	9
κοινοποιήσεως	3	13
μεταφραστεί	3	11
κατανοεί	3	8
19η	3	3
pecons	3	6
επισήμως	3	8
συνδιαλλαγή	3	11
ακτινοβολίας	3	12
ψήφους	3	6
επιτεύχθηκε	3	11
roselyne	3	8
bachelotnarquin	3	15
βασιστεί	3	8
eυρατόμ	3	7
καταστροφικές	3	13
δεκαετία	3	8
απομονωμένες	3	12
απόκεντρες	3	10
πρωταρχική	3	10
βαθμού	3	6
εθελοντές	3	9
ειδικού	3	7
κατεξοχήν	3	9
λήγει	3	5
νησιωτικές	3	10
συσκέψεις	3	9
σύντομα	3	7
ατυχήματα	3	9
πυρήνας	3	7
επιχορηγήσεων	3	13
ακολουθηθούν	3	12
συνεπή	3	6
οριστούν	3	8
7ης	3	3
γονείς	3	6
εξορθολογισμός	3	14
συντάξεις	3	9
βασισμένη	3	9
αξιοπρέπειας	3	12
συνταξιούχους	3	13
αδυνατούν	3	9
μειονεκτούντα	3	13
μειονέκτημα	3	11
αποκλεισμός	3	11
στέγαση	3	7
εθνοτικές	3	9
καίρια	3	6
πρόωρης	3	7
σχολείου	3	8
μορφωτικού	3	10
μετάβασης	3	9
διατήρησή	3	9
μετάδοσης	3	9
εγκαταλείπουν	3	13
αξιοπρεπείς	3	11
παροτρύνει	3	10
καταλλήλου	3	10
άστεγους	3	8
άνθρωποι	3	8
αμς	3	3
ηλικιωμένοι	3	11
δανία	3	5
αστέγων	3	7
ευρύτερες	3	9
emine	3	5
bozkurt	3	7
απαντήσεις	3	10
επιλογών	3	8
προσήκει	3	8
αδυναμία	3	8
επενδύει	3	8
διαταραχές	3	10
κεκτημένου	3	10
επειγόντως	3	10
άρρηκτα	3	7
ιδιοτυπίας	3	10
ταχύτερη	3	8
επιπ	3	4
καταχώριση	3	10
ισχύουσας	3	9
μακρόπνοη	3	9
επισκόπηση	3	10
ελεύθερα	3	8
ευνοϊκό	3	7
ραδιοφάσμα	3	10
χρησιμοποιήσουν	3	15
παρούσης	3	8
διάδρασης	3	9
περιεχομένων	3	12
πλουραλισμού	3	12
επιβάρυνση	3	10
ποιοτικά	3	8
ευέλικτο	3	8
γενιάς	3	6
στηρίζουν	3	9
μεταδίδουν	3	10
φορολογίας	3	10
συμπεριλαμβάνει	3	15
διαδραστικότητας	3	16
κανονιστικού	3	12
προηγείται	3	10
διαμόρφωσης	3	11
ντίζελ	3	6
ζαχαρότευτλα	3	12
εκτάσεις	3	8
εκτάριο	3	7
βιοαιθανόλη	3	11
εισαγόμενων	3	11
φιλικά	3	6
βιοδιασπώμενα	3	13
φυτά	3	4
co	3	2
γεώμηλα	3	7
ελαιοκράμβη	3	11
jo	3	2
leinen	3	6
συσσωρεύουν	3	11
πλεονάσματος	3	12
χρηματοοικονομικής	3	18
προβλεπομένων	3	13
διανεμηθούν	3	11
προαναφερθείσας	3	15
εισφέρονται	3	11
αυξήσεως	3	8
αποκτηθούν	3	10
φερεγγυότητά	3	12
ταμειακών	3	9
κατώφλι	3	7
39β	3	3
υποχρεώσουν	3	11
αγοράσει	3	8
slim	3	4
μειοψηφούντων	3	13
βαρών	3	5
ρ5_τα	2	5
ομαλά	2	5
λειτουργούσας	2	13
συγκριτικής	2	11
αποδόσεων	2	9
σωληναγωγών	2	11
αχρησιμοποίητη	2	14
αμετάβλητη	2	10
λήξης	2	5
πελάτες	2	7
εναρμονισμένες	2	14
εγκεκριμένα	2	11
διαταραχής	2	10
εξισορροπήσουν	2	14
απολήψεις	2	9
διασταυρούμενη	2	14
νεοεισερχόμενων	2	15
πρόστιμα	2	8
εξισορρόπησης	2	13
ανακατανέμονται	2	15
ανακατανομής	2	12
εξορθολογισμό	2	13
ενέργειαςτμήμα	2	14
easeegas	2	8
πληροφοριακά	2	12
απλοποιούν	2	10
εναρμονίζουν	2	12
χρόνων	2	6
κράτησης	2	8
επιβεβαίωσης	2	12
ανταλλαγές	2	10
κυρίων	2	6
έδειξε	2	6
τάσσεται	2	8
καλυφθούν	2	9
αριθμος	2	7
προβληματικό	2	12
θεσμικές	2	8
κανονιστικά	2	11
αποκλείονται	2	12
ευνοούνται	2	10
δήμοι	2	5
συγκρίσιμων	2	11
βλέπε	2	5
΄όπως	2	5
προηγούμενος	2	12
μάλτα	2	5
πάψει	2	5
παρατίθενται	2	12
κάτοικοι	2	8
km	2	2
διαβιβάζονται	2	13
παραρτήματα	2	11
αιτιολογικών	2	12
σκέψεων	2	7
διέπεται	2	8
αποφεύγονται	2	12
gerardo	2	7
galeote	2	7
quecedo	2	7
προϋ	2	4
bairbre	2	7
brún	2	4
sérgio	2	6
nicholson	2	9
grech	2	5
τυποποιημένο	2	12
υλικό	2	5
αποδοτικά	2	9
ενδοκοινοτικού	2	14
ελάχιστους	2	10
ομοιόμορφης	2	11
ταξινομημένα	2	12
αντιπροσωπευτική	2	16
διατομή	2	7
αρμόδιους	2	9
εργάσθηκαν	2	10
διαθεσιμότητα	2	13
αναφέρθηκαν	2	11
αυτοκινητόδρομο	2	15
επαρχιακή	2	9
αρχείο	2	6
σχεδιαζόμενες	2	13
πλησίον	2	7
εξυπηρέτησης	2	12
ασφαλείς	2	8
στάθμευσης	2	10
δειγματοληπτικό	2	15
περιτροπής	2	10
σκοπεύουν	2	9
προφανώς	2	8
διακοπής	2	8
εντοπιστεί	2	10
διεξάγονται	2	11
ισότιμους	2	9
διαπράττει	2	10
στενότερα	2	9
συχνότερα	2	9
μέγιστων	2	8
καταδεικνύει	2	12
διαφοράς	2	8
παρατηρητές	2	11
φέρονται	2	8
μνήμη	2	5
εκτυπώσεις	2	10
συνολικός	2	9
τελευταίων	2	10
συνυπευθυνότητα	2	15
ηθικών	2	6
αυτουργών	2	9
συνεργών	2	8
μεταφορείς	2	10
συμβαλλόμενοι	2	13
εντοπισμού	2	10
συμπεριλαμβανόμενης	2	19
επαλήθευσης	2	11
διαδρομή	2	8
επιθυμία	2	8
ρυθμιστεί	2	9
μεταβατικές	2	11
31α	2	3
παράλληλη	2	9
δρομολογίων	2	11
μηχάνημα	2	8
υποχρεωτικώς	2	12
εφοδιασμένα	2	11
31β	2	3
καταδεικνύουν	2	13
αποτελεσματικοί	2	15
31γ	2	3
στάσεων	2	7
εύκολο	2	6
ίσχυε	2	5
ψηφιακή	2	7
31ε	2	3
διαμορφωμένα	2	12
σώματα	2	6
έλεγχό	2	6
διάσωσης	2	8
συνδυασμούς	2	11
αντιπλημμυρικής	2	15
συντήρησης	2	10
απορριμμάτων	2	12
ανίχνευσης	2	10
τηλεοπτικών	2	11
τόνων	2	5
θδ	2	2
τσίρκων	2	7
μεταφέρεται	2	11
εναλλακτικά	2	11
διαρκεί	2	7
συναπτών	2	8
αντισταθμιστική	2	15
ie	2	2
-1α	2	3
-1β	2	3
18ο	2	3
επιτυχή	2	7
αναγνωρισμένης	2	14
φορτηγών	2	8
απαιτούμενη	2	11
εγκεκριμένο	2	11
λεπτών	2	6
ανάπαυσής	2	9
24ωρης	2	6
μειωμένης	2	9
μακριά	2	6
ύπνου	2	5
σταθμευμένο	2	11
αμείβει	2	7
επιδόματος	2	10
μισθολογικής	2	12
διανυόμενες	2	11
μεταφερομένων	2	13
διαπράττονται	2	13
διαπραχθεί	2	10
περισσότερους	2	13
μικρότερα	2	9
καθοριζόμενα	2	12
επικρατείας	2	11
κοινούς	2	7
παρεχομένων	2	11
οδήγηση	2	7
αντιστρόφως	2	11
εφοδιασμένο	2	11
17α	2	3
προέβλεπαν	2	10
εξαιρέσεων	2	10
παραβιάσεις	2	11
αναλογικές	2	10
αποτρεπτικές	2	12
ακινητοποίηση	2	13
αίτιο	2	5
εγκατεστημένη	2	13
εναρμονισμένης	2	14
ελεγκτικές	2	10
χρησιμοποίησε	2	13
συμπερασματική	2	14
χρονικές	2	8
κατασκευάζονται	2	15
προστίθεται	2	11
κάρτες	2	6
βιομηχανιας	2	11
ερευνας	2	7
ενεργειας	2	9
εσωτερικης	2	10
αγορας	2	6
προστασιας	2	10
καταναλωτων	2	11
επιτροπών	2	9
οργανωτικές	2	11
ελλείψεις	2	9
επιτρεπόμενους	2	14
συγκριτικούς	2	12
εντοπιστούν	2	11
απαγορευτεί	2	11
εθιστικών	2	9
άγχος	2	5
σεβαστή	2	7
υπονομεύεται	2	12
εκπονηθεί	2	9
προσφέρονται	2	12
συσκευασία	2	10
λαχανικά	2	8
μεταλλικών	2	10
τελικός	2	7
συμπλήρωμα	2	10
συμπληρωμάτων	2	13
τροφικές	2	8
εμφαίνεται	2	10
παράσταση	2	9
εικονικής	2	9
γραφικής	2	8
συμβολικής	2	10
παράστασης	2	10
υπαινίσσονται	2	13
εσφαλμένη	2	9
παραπλανητική	2	13
νύξεις	2	6
κατανοήσει	2	10
επιδράσεις	2	10
νόμος	2	5
προβάλει	2	8
αντιρρήσεις	2	11
τεκμηριώνονται	2	14
αιτιολογημένη	2	13
συντάξει	2	8
παρέλθει	2	8
σοβαροί	2	7
σύμφωνος	2	8
εξεταζόμενο	2	11
εγκρίσεων	2	9
17a	2	3
ορίζοντας	2	9
εγκεκριμένους	2	13
19a	2	3
καταχώρηση	2	10
πνευματικά	2	10
οιοδήποτε	2	9
επιστημονικό	2	12
εμπεριέχεται	2	12
συνεπής	2	7
δεκάτου	2	7
διαφορετικοί	2	12
οριστικής	2	9
εναρμονισμένη	2	13
συμπληρωθεί	2	11
γρήγορα	2	7
περιττή	2	7
δοκιμών	2	7
φάρμακα	2	7
ρυθμίζει	2	8
δηλώνεται	2	9
υπονοείται	2	10
ισοδύναμες	2	10
παραδοσιακή	2	11
αιτιολογήσεων	2	13
εκπονηθούν	2	10
αποδεκτό	2	8
υπεύθυνου	2	9
σύμφωνοι	2	8
συνοδεύει	2	9
προτεινόμενος	2	13
οποιουδήποτε	2	12
πάραυτα	2	7
κατάθεση	2	8
ενδεχόμενα	2	10
έρχεται	2	7
αντίθεση	2	8
παρασκευαστή	2	12
δείγματος	2	9
διαφημιστικές	2	13
αθλητές	2	7
δέκατου	2	7
καταλόγων	2	9
διατυπώθηκαν	2	12
χαμηλό	2	6
καθαρούς	2	8
σερβίρισμα	2	10
συνολικούς	2	10
πηγη	2	4
προβάλλεται	2	11
5a	2	2
παραπλανητικούς	2	15
διαφήμισης	2	10
ενημερωμένος	2	12
παρατηρητικός	2	13
λίγα	2	4
λιπαρές	2	7
επάλειψη	2	8
σύγκληση	2	8
εκληφθούν	2	9
λογικών	2	7
συνήθους	2	8
παρουσίασης	2	11
διατυπώνεται	2	12
υποδεικνύονται	2	14
υπόδειγμα	2	9
αποφεύγουν	2	10
εγκρίσεως	2	9
πολλαπλούς	2	10
επωφελή	2	7
τηρεί	2	5
αντιληπτό	2	9
προσφυγής	2	9
αρνητικής	2	9
θεωρηθούν	2	9
γιατί	2	5
μεταφέρει	2	9
επίσημο	2	7
επικρατεί	2	9
εκπνοή	2	6
κεκτημένων	2	10
δημοσίευσης].	2	13
ημιαποβουτυρωμένο	2	17
ξηράς	2	5
τυριού	2	6
εκφράζονται	2	11
x%	2	2
mg	2	2
βραχειας	2	8
πλούσιο	2	7
βραχείας	2	8
κορεσμένου	2	10
λίπους	2	6
ελεύθερων	2	9
χωρις	2	5
χοληστερολη	2	11
χοληστερόλης	2	12
έτοιμου	2	7
ppm	2	3
μικρογραμμάρια	2	14
πολυ	2	4
εμπλουτισμενο	2	13
ενισχυμενο	2	10
διπλή	2	5
συγκεκριμένου	2	13
αυξημενο	2	8
περιεχει	2	8
μειωμενο	2	8
ιχνοστοιχείων	2	13
επιτρεπτή	2	9
ικανοποιηθούν	2	13
αναλύουν	2	8
εισηγήτριας	2	11
ομαλή	2	5
αντίδραση	2	9
υποστηρίζω	2	10
σθεναρά	2	7
προγραμματισθεί	2	15
udo	2	3
bullmann	2	8
goebbels	2	8
sophia	2	6
wolf	2	4
klinz	2	5
joachim	2	7
purvis	2	6
dariusz	2	7
eoin	2	4
ryan	2	4
skinner	2	7
sahra	2	5
wagenknecht	2	11
mia	2	3
vits	2	4
ibrisagic	2	9
αποσύρει	2	8
ημερ	2	4
αντικαταστάθηκεαν	2	17
bradbourn	2	9
cramer	2	6
armando	2	7
dionisi	2	7
saïd	2	4
khadraoui	2	9
grandes	2	7
pascual	2	7
grosch	2	6
erik	2	4
meijer	2	6
onyszkiewicz	2	12
josu	2	4
ortuondo	2	8
larrea	2	6
reinhard	2	8
rack	2	4
luca	2	4
romagnoli	2	9
ingo	2	4
marta	2	5
vincenzi	2	8
δωρήτρια	2	8
φτωχότερων	2	10
δημιουργική	2	11
σημειωνόταν	2	11
στήριζε	2	7
συμφωνούσε	2	10
προσλαμβάνονται	2	15
συμπεφωνημένων	2	14
αναγκαστικής	2	12
θεματικό	2	8
μεταβατικό	2	10
αντίστοιχου	2	11
χρηματοδοτείται	2	15
τελωνειακούς	2	12
ίσους	2	5
αναλογικότητα	2	13
παρεχόμενης	2	11
ποσοτικής	2	9
σεβαστό	2	7
αυτόματα	2	8
ανεπτυγμένες	2	12
ενέχονται	2	9
συγχρηματοδοτείται	2	18
ευρωπαϊκούς	2	11
αναπτυξιακούς	2	13
κυβερνητικούς	2	13
κρίσεων	2	7
αρ.	2	3
επιταχυνθεί	2	11
προσφορές	2	9
αναπτυσσόμενων	2	14
αποδείξουν	2	10
αρμοδιότητά	2	11
231της	2	6
αποφασίζονται	2	13
υπερπηδηθούν	2	12
ξεχωριστό	2	9
αναθέτουν	2	9
εξασκούν	2	8
αστυνομικές	2	11
συγκροτεί	2	9
δικά	2	4
εξάσκηση	2	8
πάρει	2	5
διενεργηθεί	2	11
συμφωνείται	2	11
δημόσιοι	2	8
συλλόγων	2	8
αποτελούμενης	2	13
εκτελεστικής	2	12
γραμματεία	2	10
εκπροσωπείται	2	13
αντικείμενό	2	11
διακρατικής	2	11
διακρατική	2	10
δισ.	2	4
επιτυχίας	2	9
υποψήφια	2	8
αιτιολογικές	2	12
συνεπές	2	7
διμερείς	2	8
πολυμερείς	2	10
παρεμβάσεων	2	11
δραστηριότητάς	2	14
εκχωρηθεί	2	9
δεσμευτικών	2	11
συγκροτήσουν	2	12
θεωρήσουν	2	9
δικό	2	4
εξαντλητικός	2	12
margaret	2	8
αμερικανικού	2	12
gps	2	3
ρωσικού	2	7
glonass	2	7
λειτουργεί	2	10
δορυφορικής	2	11
ραδιοπλοήγησης	2	14
θέληση	2	6
διάθεσής	2	8
έκτακτη	2	7
προβλεπόμενο	2	12
απαιτούμενης	2	12
δισεκ	2	5
χρηματοοικονομικών	2	18
13β	2	3
ανάδοχος	2	8
κυριότητα	2	9
περιέρχεται	2	11
παρατηρητή	2	10
πρόγραμμαπλαίσιο	2	16
14β	2	3
καινοτομιών	2	11
προνομιούχο	2	11
πειθαρχίας	2	10
αποκαλείται	2	11
αποκαλούνται	2	12
εκτόξευση	2	9
επίγειας	2	8
3γ	2	2
3δ	2	2
μονογραφή	2	9
αποφασίζεται	2	12
προσχεδίου	2	10
ενημερωθούν	2	11
προσδιορίσει	2	12
επιστροφής	2	10
12γ	2	3
ιδιοκτήτρια	2	11
επιτροπησ	2	9
δανειστή	2	8
ελεύθερος	2	9
ασφαλή	2	6
λειτουργήσει	2	12
ολοκληρώνουν	2	12
διαμονή	2	7
συμπεριλαμβάνεται	2	17
ονόματα	2	7
διευθύνσεις	2	11
αγωγής	2	6
σύντομης	2	8
αποδεικτικού	2	12
προσκομιστεί	2	12
λόγων	2	5
αντιπρόσωπό	2	11
υπογραφές	2	9
κάνοντας	2	8
διορθώσει	2	9
επίδικη	2	7
επιδίδεται	2	10
δεκτή	2	5
εξόδων	2	6
καταθέσει	2	9
περιέλθει	2	9
διαβιβάζοντας	2	13
επιστρέφεται	2	12
συνεχισθεί	2	10
κηρυχθεί	2	8
εναντίωσης	2	10
πάροδο	2	6
δικονομικά	2	10
διέπονται	2	9
καθαρά	2	6
εκτελεστός	2	10
ενώσεως	2	7
αυξανόμενος	2	11
όγκος	2	5
δικαστικό	2	9
δυσχερής	2	8
εξαιρεθεί	2	9
ορίστηκε	2	8
αποδοτικού	2	10
απλούστερη	2	10
εύκολη	2	6
εντολών	2	7
πανεπιστημιακούς	2	16
ηπείρους	2	8
περιελάμβανε	2	12
σπουδαστών	2	10
προσεχείς	2	9
συνεδρίασαν	2	11
βερολίνο	2	8
διερευνήσουν	2	12
ικανοποιητικής	2	14
ομότιμους	2	9
υπουργούς	2	9
μπολόνια	2	8
περιφερειακούς	2	14
εξειδικευμένους	2	15
αυστηρούς	2	9
πανεπιστημιακής	2	15
προστατεύεται	2	13
αναγνωρίζοντας	2	14
τυγχάνουν	2	9
συγκαταλέγονται	2	15
επιζητούν	2	9
διαπίστευση	2	11
επαγγελμάτων	2	12
καταρτίζεται	2	12
καθηγητές	2	9
ερευνητές	2	9
2ε	2	2
κατώφλια	2	8
αποσκοπούσε	2	11
κατωφλίου	2	9
λάθους	2	6
κατωφλίων	2	9
κεντρικών	2	9
νοέμβριο	2	8
αποφάσισαν	2	10
stefano	2	7
zappalà	2	7
rule	2	4
małgorzata	2	10
handzlik	2	8
schwab	2	6
thyssen	2	7
jacques	2	7
toubon	2	6
evelyne	2	7
gebhardt	2	8
henrik	2	6
janelly	2	7
fourtou	2	7
anneli	2	6
jäätteenmäki	2	12
pierre	2	6
jonckheer	2	9
rivera	2	6
guntars	2	7
krasts	2	6
mario	2	5
θέλησή	2	6
ελάφρυνση	2	9
επακόλουθο	2	10
λεπτομερειών	2	12
καθορισθεί	2	10
χρηματοδοτούμενο	2	16
δημοσίουιδιωτικού	2	17
προσπαθώντας	2	12
διαδώσει	2	8
ενδοχώρα	2	8
πέρας	2	5
οφειλόμενοι	2	11
προβλέψεις	2	10
ανεξάρτητους	2	12
παράκτια	2	8
υδάτινους	2	9
αποστάσεων	2	10
συμβολής	2	8
αεροπορικής	2	11
ναυτικής	2	8
παράκτιων	2	9
απομακρυσμένων	2	14
κατ΄ανώτατο	2	11
διαμορφώνεται	2	13
αντλούνται	2	10
αναγράφει	2	9
ευκρινώς	2	8
δεσμευόμενης	2	12
πίστωσης	2	8
επιθεωρήσεων	2	12
ακύρωσης	2	8
αναστολής	2	9
αποδεσμευθεί	2	12
ψήφου	2	5
εκάστου	2	7
προσχέδιο	2	9
αμετάκλητης	2	11
αρχάς	2	5
συνεργασιών	2	11
υπόδειξη	2	8
γειτονικών	2	10
αναφερόμενα	2	11
χορηγούμενα	2	11
τράπεζα	2	7
τονωτικό	2	8
κινητοποιούμενους	2	17
σωρεύσιμες	2	10
πολυετής	2	8
šarūnas	2	7
birutis	2	7
busquin	2	7
castillo	2	8
vera	2	4
gierek	2	6
andrás	2	6
gyürk	2	5
fiona	2	5
hall	2	4
ayuso	2	5
καιρό	2	5
αδύνατο	2	7
ολιγότερο	2	9
ευνοημένες	2	10
απομεμακρυσμένες	2	16
προσανατολισμούς	2	16
επιτέλεσε	2	9
miert	2	5
συμπεράνει	2	10
προσέλκυση	2	10
σημειώσει	2	9
τί	2	2
διατεθεί	2	8
τονίσει	2	7
ανεπαρκές	2	9
δεκατέσσερα	2	11
μειζόνων	2	8
εποπτικό	2	8
ζημιώσουν	2	9
ευεργετικά	2	10
διακρίνονται	2	12
διέλευση	2	8
υπέρβασης	2	9
δεδ	2	3
διευρωπαϊκό	2	11
τηρηθούν	2	8
πολλαπλασιαστικού	2	17
διαχείρισής	2	11
ναυσιπλοΐας	2	11
συνεισφορών	2	11
ζητήσ	2	5
υποσημείωση	2	11
δονούμενοι	2	10
βαδίζοντα	2	9
χειριστή	2	8
3kw	2	3
δονητικοί	2	9
κριοί	2	5
τροχοφόρα	2	9
οδοποιίας	2	9
finishers	2	9
πήχεις	2	6
χειροκατευθυνόμενες	2	19
αεροσφύρες	2	10
γερανοί	2	7
προκείμενη	2	10
θορύβου	2	7
εξωτερικούς	2	11
χώρους	2	6
μειωθούν	2	8
αδύνατη	2	7
οριακών	2	7
δονούμενους	2	11
ερπυστριοφόρους	2	15
georgs	2	6
andrejevs	2	9
irena	2	5
belohorská	2	10
bowis	2	5
frederika	2	9
brepoels	2	8
linda	2	5
mcavan	2	6
roberto	2	7
musacchio	2	9
dagmar	2	6
rothbehrendt	2	12
ευαγγελία	2	9
τζαμπάζη	2	8
pál	2	3
καθολική	2	8
jeancharles	2	11
marchiani	2	9
γαλλίας	2	7
αποφανθεί	2	9
ουδέν	2	5
εφάρμοσε	2	8
ακυρωτικού	2	10
δήλωσε	2	6
στιγμής	2	7
προνόμια	2	8
πρωτογενούς	2	11
νομολογία	2	9
i.	2	2
ισότιμο	2	7
αξιολογούν	2	10
αιτιολογημένες	2	14
διατάξεών	2	9
ενεργώντας	2	10
αναθεωρούν	2	10
συνεχιζόμενη	2	12
αναλογικών	2	10
ενοποίηση	2	9
συζητήσεών	2	10
αρμόζουν	2	8
καταργείται	2	11
έχουσες	2	7
κοινοποιηθείσες	2	15
ρυθμιζόμενης	2	12
διαχειριστή	2	11
διαβιβάζουν	2	11
ενημερωτικά	2	11
ορισθείς	2	8
απομακρύνει	2	11
προβάλλει	2	9
ολοκληρώνεται	2	13
κενών	2	5
εναρμονισθούν	2	13
ρόλους	2	6
εοπ	2	3
εκπεν	2	5
εοφ	2	3
χρησιμότητα	2	11
πενταετή	2	8
συντάκτριά	2	10
δίδει	2	5
επαναδιορισμού	2	14
τύχη	2	4
τροπολογια	2	10
υπαχθούν	2	8
εοαα	2	4
προσεχούς	2	9
χρειασθεί	2	9
2a	2	2
παρομοίως	2	9
ενσωματώνει	2	11
εξαλείφει	2	9
νευραλγικό	2	10
ρατσισμού	2	9
κατέστησε	2	9
αξιόλογης	2	9
παρ'	2	4
πίστη	2	5
φυλή	2	4
φυλής	2	5
7δ	2	2
μειονεκτούσα	2	12
δυτικών	2	7
βαλκανίων	2	9
γειτονίας	2	9
νεολαία	2	7
ιθαγένεια	2	9
άσυλο	2	5
στερεοτύπων	2	11
προκαταλήψεων	2	13
3a	2	2
άνδρες	2	6
λοιπούς	2	7
προταθούν	2	9
εκτίθεται	2	9
επιλέγονται	2	11
τακτικές	2	8
σχετικοί	2	8
εξουσιοδότηση	2	13
συγχρηματοδοτηθούν	2	18
συγκεντρωτικών	2	14
εκφράζουν	2	9
επιλεγεί	2	8
συμμετέχουσες	2	13
συμφωνίαπλαίσιο	2	15
χαραχθεί	2	8
λογότυπου	2	9
συνθημάτων	2	10
σχήματα	2	7
αρωγή	2	5
αμοιβαίο	2	8
χρηματοδοτήσει	2	14
αρμοδιότητας	2	12
συνεχεία	2	8
καταβάλλει	2	10
ορθά	2	4
παρατυπιών	2	10
ανακτήσει	2	9
εθνικός	2	7
ανταποκρινόμενη	2	15
μεμονωμένες	2	11
αναλυτικό	2	9
πάψουν	2	6
διεξάγει	2	8
αξιολογεί	2	9
απονομής	2	8
βραβείων	2	8
moraes	2	6
άμστερνταμ	2	10
συνδεδεμένη	2	11
αποφασίζοντας	2	13
2ας	2	3
πεποιθήσεις	2	11
εύλογες	2	7
αντικατασταθεί	2	14
συγκεντρώσει	2	12
πράσινου	2	8
βιβλίου	2	7
περιεχομενο	2	11
ενδιαφέρονται	2	13
ανακοινώνει	2	11
πρόθεσή	2	7
διακριτικής	2	11
λειτουργικών	2	12
αγνοούν	2	7
κάλεσε	2	6
διαδώσουν	2	9
ελπίζει	2	7
πίεσης	2	6
συζητηθούν	2	10
αναπόσπαστο	2	11
γλώσσας	2	7
περιουσίας	2	10
συνδέει	2	7
μειονεκτουσών	2	13
τονιστεί	2	8
έναυσμα	2	7
οριζόντιο	2	9
επιδοτηθούν	2	11
hiltrud	2	7
breyer	2	6
lívia	2	5
járóka	2	6
coelho	2	6
agustín	2	7
díaz	2	4
mera	2	4
consuegra	2	9
adeline	2	7
hazan	2	5
wolfgang	2	8
kreissldörfler	2	14
inger	2	5
segelström	2	10
tatjana	2	7
ždanoka	2	7
gérard	2	6
genowefa	2	8
grabowska	2	9
sylviayvonne	2	12
kaufmann	2	8
bill	2	4
newton	2	6
dunn	2	4
ιρλανδικού	2	10
dáil	2	4
υφυπουργός	2	10
γυναίκα	2	7
gaeltacht	2	9
διακομματικής	2	13
προήδρευσε	2	10
κυριότερες	2	10
times	2	5
reports	2	7
τύχει	2	5
καθαρή	2	6
ανησυχεί	2	8
σαφέστερο	2	9
επιφυλάξεις	2	11
συν	2	3
ανεπαρκή	2	8
ουσιαστικών	2	11
δυσάρεστα	2	9
ολοκληρωμένο	2	12
παρέσχε	2	7
ανοικτού	2	8
ολοκληρωμένου	2	13
οδικός	2	6
tο	2	2
βελτιώνουμε	2	11
διατεθειμένος	2	13
χρήματά	2	7
επακριβώς	2	9
πορίσματά	2	9
δυστυχώς	2	8
δώσω	2	4
προκαταρκτικών	2	14
κειμένων	2	8
μήνυμά	2	6
προσιτές	2	8
επισκέπτες	2	10
τρέχον	2	6
ευελπιστώ	2	9
ανοικτό	2	7
προετοιμασμένοι	2	15
λογοδοτούν	2	10
καλλιεργηθεί	2	12
βεβαιότητα	2	10
εκθέτει	2	7
παρέχουμε	2	9
ανοικτός	2	8
φιλικός	2	7
κόλπους	2	7
νομοθέτημα	2	10
ανελήφθησαν	2	11
αυστηρά	2	7
δηλώνει	2	7
πραγματικές	2	11
πεπεισμένη	2	10
προταθεισών	2	11
ευρύτατη	2	8
οφείλω	2	6
προκαταρκτική	2	13
ελπίζω	2	6
αρκούντως	2	9
απόπειρα	2	8
κοινοί	2	6
επαφής	2	6
υποχρεωθούν	2	11
εξέφρασαν	2	9
διατυπώσω	2	9
πληροφορική	2	11
αποτελεσματικότερα	2	18
λαμβάνω	2	7
τηρώντας	2	8
σημερινά	2	8
πρόσφατο	2	8
περιγράψετε	2	11
απάντησή	2	8
συνημμένο	2	9
βιογραφικό	2	10
σημείωμα	2	8
καπνό	2	5
έκτοτε	2	6
βρίσκομαι	2	9
κατέληξαν	2	9
έγινα	2	5
udit	2	4
evelopment	2	10
υπεύθυνα	2	8
συνεδριάσεων	2	12
λύσης	2	5
ακόλουθους	2	10
ανέπτυξε	2	8
ιούλιο	2	6
μνημόνια	2	8
διασφαλίσω	2	10
απαραίτητων	2	11
βημάτων	2	7
παρακολουθούμε	2	14
θεώρησα	2	7
συμμετεχόντων	2	13
πρόσφερε	2	8
βέλτιστης	2	9
βέλτιστη	2	8
εντοπίζεται	2	11
παρατυπίας	2	10
υποψίες	2	7
απάτες	2	6
απάτη	2	5
διερεύνησης	2	11
παράπονα	2	8
αποδείξεις	2	10
αρμόδιοι	2	8
προσωπικά	2	9
παντρεμένος	2	11
neerpelt	2	8
πτυχιούχος	2	10
πτυχίο	2	6
cambridge	2	9
βρετανικού	2	10
ιαπωνία	2	7
δήμαρχος	2	8
αστυνομικού	2	11
αντιπροέδρου	2	12
υπουργού	2	8
ομοσπονδιακής	2	13
ανέθεσε	2	7
ορθώς	2	5
προσβασιμότητας	2	15
ελλείψεων	2	9
εντοπίζει	2	9
αξίζει	2	6
χρηματοδοτικοί	2	14
καταβάλλονται	2	13
επιτυγχάνονται	2	14
συνοψισθούν	2	11
μεταφράζονται	2	13
λογοδοσίας	2	10
κουλτούρας	2	10
διαπιστωθούν	2	12
λογικά	2	6
στενής	2	6
ευελιξίας	2	9
κλίμα	2	5
αξιοποιούν	2	10
συνεδρίων	2	9
απορρέει	2	8
ελεγκτής	2	8
αρμόζει	2	7
αντιλαμβάνομαι	2	14
επιρροή	2	7
στάση	2	5
παραιτηθώ	2	9
αμεροληψία	2	10
αντικειμενικότητα	2	17
τρέχουσες	2	9
τελείως	2	7
πανεπιστήμια	2	12
ερευνητής	2	9
διαγωνισμό	2	10
δεκαετίας	2	9
κρίση	2	5
αποσπάστηκα	2	11
συντομία	2	8
μπορούσα	2	8
δυσμενής	2	8
υπονομεύσει	2	11
επιχειρήματα	2	12
αποσύρω	2	7
complutense	2	11
τακτικός	2	8
sistema	2	7
financiero	2	10
española	2	8
materia	2	7
hacienda	2	8
estatal	2	7
tribunal	2	8
cuentas	2	7
tributarias	2	11
entre	2	5
los	2	3
haciendas	2	9
poder	2	5
gasto	2	5
estado	2	6
autonómica	2	10
presupuestos	2	12
generales	2	9
tributarios	2	11
precios	2	7
españa	2	6
régimen	2	7
nuevas	2	6
reglas	2	6
determinación	2	13
base	2	4
impuesto	2	8
πανεπιστημιακό	2	14
ισπανικά	2	8
κοινοβουλευτική	2	15
επίτροπος	2	9
ισπανικού	2	9
αυτόνομου	2	9
υπάγεται	2	8
ανετέθη	2	7
προσφυγών	2	9
νόμων	2	5
προσεγγίζει	2	11
εκφράσω	2	7
κεφάλαιό	2	8
λχ	2	2
ανήκει	2	6
βέβαιο	2	6
ισοδυναμεί	2	10
εύκολης	2	7
συνυπάρχουν	2	11
αντιλήψεις	2	10
συμβιβάζεται	2	12
άνευ	2	4
ασκείται	2	8
δασμοί	2	6
φορολογουμένων	2	14
χαρακτηριστικό	2	14
οργανωτική	2	10
τελικούς	2	8
εκτιμάται	2	9
οιουδήποτε	2	10
ανταποκρίθηκε	2	13
εκτελούσα	2	9
αξιόπιστου	2	10
καταλήγει	2	9
απέδιδα	2	7
ζητούμενης	2	10
ίδιου	2	5
αναθεώρησή	2	10
τριετία	2	7
διαχειριστικές	2	14
συγκρούονται	2	12
σύνθετη	2	7
διέρχεται	2	9
διενήργησε	2	10
ερωτήσεως	2	9
παραπέμπονται	2	13
υποκειμενική	2	12
θίγονται	2	8
συμπληρώθηκε	2	12
ισπανικό	2	8
υποψηφιότητα	2	12
ακαδημαϊκή	2	10
μεταπτυχιακό	2	12
αποδεκτών	2	9
λογιστικών	2	10
περιοδικές	2	10
público	2	7
απαντήσω	2	8
αναπληρωτή	2	10
εγτπετμήμα	2	10
indepd	2	6
indústrias	2	10
participações	2	13
defesa	2	6
sa	2	2
joint	2	5
commitee	2	8
europol	2	7
sigma	2	5
support	2	7
improvement	2	11
managament	2	10
central	2	7
eastern	2	7
υπουργεία	2	9
συμμετέσχε	2	10
χρημάτισε	2	9
πορτογαλικής	2	12
cocolaf	2	7
τραπεζικών	2	10
εκαχ	2	4
πρεσβύτερος	2	11
coordination	2	12
ομιλητής	2	8
wynn	2	4
σοβαρό	2	6
γνωρίζουμε	2	10
υποκείμενων	2	11
ευκταία	2	7
επισημαίνονται	2	14
εύλογης	2	7
βελτιώσεων	2	10
αδύναμα	2	7
αποτελεσματικότερη	2	18
κατανοητές	2	10
αντίστοιχος	2	11
σταθερού	2	8
δυνητικών	2	9
προσωπική	2	9
κατοχύρωση	2	10
παράλληλων	2	10
ανώτατων	2	8
αει	2	3
εγγυώνται	2	9
προσεκτικό	2	10
καθιερώθηκε	2	11
ανοίγουν	2	8
συμβόλαιο	2	9
ασκώντας	2	8
επιθεώρησης	2	11
επηρέασε	2	8
συνερχόμενων	2	12
luiss	2	5
διδασκαλία	2	10
unicef	2	6
έννομων	2	7
τάξεων	2	6
αγγλικά	2	7
tra	2	3
constitutional	2	14
τεύχος	2	6
globalizzazione	2	15
νάπολη	2	6
controllo	2	9
defence	2	7
corruption	2	10
public	2	6
delle	2	5
libertà	2	7
giudice	2	7
costituzionale	2	14
universidad	2	11
αναφέροντας	2	11
ανεπάρκειες	2	11
επιτυγχάνει	2	11
φιλικότερη	2	10
τεχνικό	2	7
ανακοινώνουν	2	12
συνελεύσεων	2	11
δημοκρατικών	2	12
επιδείξουν	2	10
εντοπίζουν	2	10
απαρτίζουν	2	10
διαμορφώσει	2	11
περιοδικών	2	10
υπέστη	2	6
κείμενό	2	7
απλοποιήσει	2	11
γνωστό	2	6
διαχειρίζονται	2	14
στενότερη	2	9
ρόλων	2	5
βελτιώσουμε	2	11
επιβεβαιώνεται	2	14
βοηθητικών	2	10
eijariitta	2	10
korhola	2	7
ευθυγραμμίσθηκε	2	15
αντίκτυπό	2	9
έκτο	2	4
καλύπτοντας	2	11
περιοριστικά	2	12
εξυπηρετείται	2	13
εμπιστευτικότητας	2	17
ενεργούν	2	8
τραπεζική	2	9
προτεινόμενους	2	14
ετήσιους	2	8
καταρτισθεί	2	11
τηλεπικοινωνίας	2	15
ηλεκτρονικούς	2	13
υπολογιστές	2	11
διευκρινίζεται	2	14
πού	2	3
συγκρίσιμες	2	11
ζητούμενες	2	10
συμφέροντος	2	11
αρνηθούν	2	8
εισπράττονται	2	13
τέλους	2	6
ανθρώπινες	2	10
αίτια	2	5
επικουρούν	2	10
διαδίδουν	2	9
επιβλαβών	2	9
τροποποιούν	2	11
αποτιμήσεις	2	11
ετοιμασθεί	2	10
διοργανώνονται	2	14
ακροάσεις	2	9
διατεινόμενης	2	13
παράλειψης	2	10
προδήλως	2	8
επιμέλεια	2	9
κατέβαλε	2	8
μπόρεσε	2	7
οικείες	2	7
αφορμή	2	6
οσάκις	2	6
απασχολησης	2	11
κοινωνικων	2	10
ελευθερίες	2	10
κρατικού	2	8
προτάθηκαν	2	10
τέθηκαν	2	7
αντιθέσεων	2	10
υποστήριξαν	2	11
ναυτιλιακές	2	11
απέρριψε	2	8
αποχές	2	6
ακρόασης	2	8
espo	2	4
s'	2	2
council	2	7
θεμιτού	2	7
διαφανούς	2	9
απορρίπτεται	2	12
μεμονωμένους	2	12
συμβιβαστικής	2	13
τονίστηκε	2	9
διενεργείται	2	12
αντιμετωπιστεί	2	14
συμβιβασμών	2	11
παρασχέθηκε	2	11
ανάλογης	2	8
ακίνητο	2	7
αγοραστής	2	9
εκφόρτωση	2	9
απορρίφθηκαν	2	12
έλλειψης	2	8
διακίνηση	2	9
επιχειρηματικό	2	14
επενδυτική	2	10
κατωτέρω	2	8
έμμεση	2	6
δεδομένες	2	9
παρεμφερούς	2	11
προσφυγές	2	9
εγκρίσεις	2	9
άυλων	2	5
βρεθεί	2	6
παρείχαν	2	8
λιμενικής	2	9
υπολογιζόμενα	2	13
τεχνικέςναυτικές	2	16
μέγιστες	2	8
σκοπεύει	2	8
υπάρχουσας	2	10
οργανώσει	2	9
υποχρεωτικό	2	11
διατηρήσουν	2	11
πλοήγηση	2	8
κατάλληλοι	2	10
ναυτικών	2	8
κρατικής	2	8
συντάσσει	2	9
ουρανός	2	7
γλωσσικές	2	9
απετέλεσε	2	9
επήλθαν	2	7
καταχωρήσεις	2	12
ειδικοτήτων	2	11
ιατρικές	2	8
εποπτικών	2	9
περιττές	2	8
αλλάζουν	2	8
guy	2	3
bono	2	4
jeanlouis	2	9
bourlanges	2	10
béla	2	4
glattfelder	2	11
jacky	2	5
henin	2	5
sajjad	2	6
karim	2	5
moreno	2	6
γεώργιος	2	8
παπαστάμκος	2	11
godelieve	2	9
quisthoudtrowohl	2	16
rogalski	2	8
tokia	2	5
saïfi	2	5
johan	2	5
hecke	2	5
margrietus	2	10
berg	2	4
φτωχότερες	2	10
καμιά	2	5
βιώσιμων	2	8
επιπτώσεών	2	10
προσλάβει	2	9
σεβαστός	2	8
εφαρμοσθεί	2	10
λεγόμενες	2	9
ένδυσης	2	7
υπόδησης	2	8
καλωδίων	2	8
μηχανουργία	2	11
ναυπηγική	2	9
αεροναυπηγική	2	13
σημαντικούς	2	11
υλικοτεχνικής	2	13
παρακολουθήσει	2	14
σύνεγγυς	2	8
συντελούμενες	2	13
παύσης	2	6
απαιτώντας	2	10
κατάχρησης	2	10
χορηγηθεισών	2	12
καλύτερου	2	9
δουβλίνου	2	9
χωροταξία	2	9
παύση	2	5
απωλειών	2	8
προβαίνουν	2	10
παραγωγικών	2	11
εργαστεί	2	8
καταναγκαστικής	2	15
εργασιακούς	2	11
εργασιακών	2	10
επηρεασμό	2	9
αγοραστών	2	9
προαναφέρεται	2	13
αντιπροσωπευτικές	2	17
πρώην	2	5
επωφελούμενες	2	13
θιγόμενων	2	9
πλήρων	2	6
επωφεληθεί	2	10
αξιολογήσουν	2	12
αριθμητικά	2	10
επιδόματα	2	9
διαθέτουμε	2	10
αξιόπιστα	2	9
sillard	2	7
απρίλιος	2	8
κίνα	2	4
βόρειο	2	6
ασίας	2	5
κάπως	2	5
διαπιστώσουμε	2	13
εργαλεία	2	8
απειλούν	2	8
σταθερό	2	7
κεφαλήν	2	7
δέουσας	2	7
ροής	2	4
αυστηρή	2	7
εκτιμήσουμε	2	11
ενδεχόμενης	2	11
διασφαλίσουμε	2	13
ορθές	2	5
νόμους	2	6
βελτιώνοντας	2	12
απειλή	2	6
μισθών	2	6
θέλει	2	5
επόμενες	2	8
δγε	2	3
hanna	2	5
foltynkubicka	2	13
γιαννάκης	2	9
μάτσης	2	6
jillian	2	7
συνεδρίασε	2	10
21ης	2	4
συνδυάζει	2	9
υπαίθρου·	2	9
ξεκινούν	2	8
πάρα	2	4
προκλήσεις·	2	11
τονίζοντας	2	10
δεσμεύσεων	2	10
ρίο	2	3
τέρμα	2	5
εκπληρωθούν	2	11
πληρέστερα	2	10
δασοκαλλιέργειας	2	16
υπογραμμίστηκε	2	14
υδρολογικού	2	11
βλάβες	2	6
άγριας	2	6
φυσικός	2	7
συντονίζει	2	10
εκτεταμένες	2	11
καταπολέμησής	2	13
καθοριστικές	2	12
επιτόπιων	2	9
επιβεβαιώνοντας	2	15
υποβάθμισή	2	10
υλοτομίας·	2	10
διαταράσσει	2	11
βαθύτερων	2	9
ποινές	2	6
εισάγεται	2	9
μεταποιημένων	2	13
καλώντας	2	8
τελωνειακού	2	11
ορυκτούς	2	8
υποχρεούται	2	11
ουδέτερο	2	8
ισοζύγιο	2	8
επιβράδυνση	2	11
κδ	2	2
καλοί	2	5
σημαντικοί	2	10
κε	2	2
κστ	2	3
διαφοροποιημένης	2	16
διαπιστώνοντας	2	14
ανεκμετάλλευτες	2	15
χημικές	2	7
επενδυθούν	2	10
εφαρμογών	2	9
διερευνηθούν	2	12
κατάσβεση	2	9
προηγμένων	2	10
συνόδου	2	7
προβούν	2	7
συμμετείχαν	2	11
ανέλαβαν	2	8
υιοθετήσει	2	10
συντονισμένο	2	12
σημειώθηκαν	2	11
οριζόντια	2	9
διαρθρωτική	2	11
συγκεκριμενοποίησης	2	19
προβλέψουν	2	10
καταιγίδες	2	10
έντομα	2	6
ξηρασία	2	7
ατμόσφαιρας	2	11
διαχωρισμού	2	11
διάβρωσης	2	9
κερδοσκοπία	2	11
περιόρισε	2	9
ερευνητικές	2	11
ευνοϊκής	2	8
ιδιοκτήτες	2	10
μόνιμες	2	7
αυτάρκεια	2	9
ερευνητική	2	10
–που	2	4
λιγότερες	2	9
δάσουςξυλείαςχαρτιού	2	20
ενημερωτικών	2	12
c56	2	3
θεμελιωμένη	2	11
εξαγγείλει	2	10
σημερινή	2	8
μικρότερη	2	9
αυξήθηκε	2	8
απασχολουμένων	2	14
φυτοπροστασίας	2	14
προσεκτική	2	10
συστηματική	2	11
ψηφίστηκε	2	9
αμιγώς	2	6
τέλει	2	5
παγκοσμίως	2	10
ιστορία	2	7
συντελέσει	2	10
κατακερματισμό	2	14
σημαντικότερα	2	13
κλιματικές	2	10
παρέμεναν	2	9
κατόχων	2	7
κακή	2	4
cristina	2	8
gutiérrezcortines	2	17
dan	2	3
jørgensen	2	9
liese	2	5
péter	2	5
olajos	2	6
frédérique	2	10
ries	2	4
sacconi	2	7
sornosa	2	7
åsa	2	3
westlund	2	8
castiglione	2	11
gintaras	2	8
didžiokas	2	9
bogdan	2	6
golik	2	5
witold	2	6
tomczak	2	7
wiesław	2	7
stefan	2	6
kuc	2	3
véronique	2	9
20ης	2	4
διαρκέσει	2	9
βορείου	2	7
θαλάσσης	2	8
αλιευτικό	2	9
αναμονή	2	7
τριετή	2	6
επισήμανε	2	9
εμπορικού	2	9
βιολογικών	2	10
μπακαλιάρου	2	11
πλατυψάρων	2	10
τόνισε	2	6
περίληψη	2	8
εκπληρώνει	2	10
θεσπίστηκε	2	10
αλιευτικά	2	9
σκάφη	2	5
βέλγιο	2	6
επιθυμούσε	2	10
επικείμενη	2	10
επικροτείται	2	12
αρχίσουν	2	8
ωφέλειας	2	8
χρηματική	2	9
αντιπαροχή	2	10
κονσερβοποίησης	2	15
battilocchio	2	12
mariearlette	2	12
carlotti	2	8
thierry	2	7
cornillet	2	9
nirj	2	4
deva	2	4
fernando	2	8
fernández	2	9
martín	2	6
filip	2	5
kaczmarek	2	9
ģirts	2	5
valdis	2	6
kristovskis	2	11
miguel	2	6
angel	2	5
gay	2	3
mitchell	2	8
jürgen	2	6
schröder	2	8
feleknas	2	8
uca	2	3
gomes	2	5
φιλικότερων	2	11
εισαχθούν	2	9
βιομηχανικά	2	11
ιχθυαποθεμάτων	2	14
ρυπαντές	2	8
ζημία	2	5
οικολογικές	2	11
αλιευτικές	2	10
επιλεκτικότητας	2	15
ισορροπημένων	2	13
βλαβερές	2	8
εποχών	2	6
ρύθμισης	2	8
πιλοτικών	2	9
fao	2	3
δορυφορική	2	10
εγκεκριμένων	2	12
αναθεωρημένης	2	13
γνωμοδοτικά	2	11
αναπτύσσονται	2	13
παρακολουθούνται	2	16
θαλασσών	2	8
μακροπρόθεσμο	2	13
ζην	2	3
αλιεύονται	2	10
ενήλικων	2	8
βιωσιμότητά	2	11
πολυετών	2	8
αντιστοιχίας	2	12
αλιευτικούς	2	11
ανεπιθύμητων	2	12
απορρίπτονται	2	13
θάλασσα	2	7
αλιεύματα	2	9
προστατευόμενων	2	15
αιτήματος	2	9
χρήζουν	2	7
αλιευτικός	2	10
γνωμοδοτικών	2	12
ύφαλοι	2	6
ψυχρών	2	6
φιλοξενούν	2	10
χλωρίδα	2	7
βαθέων	2	6
συνεκτιμούν	2	11
ερευνητικά	2	10
ερευνών	2	7
ευρέος	2	6
ad	2	2
hoc	2	3
μικρότερου	2	10
υγιές	2	5
μηχανότρατες	2	12
βυθού	2	5
ωφελήσουν	2	9
παρακείμενες	2	12
κά	2	2
αλληλεπίδρασης	2	14
ψάρια	2	5
θνησιμότητα	2	11
ευρείας	2	7
αγκίστρων	2	9
tac	2	3
κεντρικά	2	8
παρότι	2	6
αρνητικά	2	8
προαναφερθέντων	2	15
βίβλος	2	6
εξεύρουν	2	8
μειωμένο	2	8
επισυναπτόμενες	2	15
αποσκοπώντας	2	12
διπλασιασμό	2	11
οικιακή	2	7
δικαιολογία	2	11
αρθούν	2	6
παθητικής	2	9
σταδιακά	2	8
σταθερών	2	8
υπάρχοντος	2	10
οικονομικώς	2	11
αποδοτικών	2	10
αποστάσεως	2	10
συνοικιών	2	9
νεόδμητα	2	8
δυσανάλογα	2	10
εμπλεκόμενες	2	12
διείσδυση	2	9
θερμότητα	2	9
υπάρχουσα	2	9
κτιρίων	2	7
κατοικίες	2	9
εγγυηθούν	2	9
καταναλώνεται	2	13
άνοδος	2	6
ρεύματος	2	8
συνεχής	2	7
εξειδικευμένων	2	14
καλυφθεί	2	8
φτάσει	2	6
επένδυσης	2	9
τελικές	2	7
ηλεκτρική	2	9
by	2	2
investment	2	10
new	2	3
policies	2	8
have	2	4
is	2	2
erec	2	4
diagram	2	7
strong	2	6
imbalance	2	9
cooling	2	7
as	2	2
capacity	2	8
th	2	2
more	2	4
fuels	2	5
average	2	7
only	2	4
cyprus	2	6
end	2	3
collectors	2	10
eu15	2	4
square	2	6
metres	2	6
increase	2	8
led	2	3
total	2	5
example	2	7
share	2	5
geothermal	2	10
favorable	2	9
included	2	8
directive	2	9
promotion	2	9
correspond	2	10
roughly	2	7
eu’s	2	4
can	2	3
come	2	4
heat	2	4
that	2	4
κύριε	2	5
ζητήσατε	2	8
βι	2	2
αναπλ	2	5
hammerstein	2	11
mintz	2	5
ενισχύεται	2	10
κύριους	2	7
υφήλιο	2	6
ανάδυση	2	7
ασία	2	4
παράγοντας	2	10
πολυμερής	2	9
ελευθέρωση	2	10
συνίστανται	2	11
μεσαίας	2	7
προηγμένης	2	10
κυκλωμάτων	2	10
ict	2	3
συγκριτικά	2	10
προκλήσεων	2	10
ισχυρότερο	2	10
δικούς	2	6
ασφάλιση	2	8
αρχηγοί	2	7
hampton	2	7
court	2	5
επενδυτές	2	9
χαραχθούν	2	9
ανταγωνιστικό	2	13
αριστείας	2	9
εκπαιδευτικού	2	13
διπλωμάτων	2	10
σήμανσης	2	8
κυρώσει	2	7
εργασιακές	2	10
πολιτισμικής	2	12
΄ενωσης	2	7
συγχαίρει	2	9
ανοίξει	2	7
άρουν	2	5
πολυμερές	2	9
επενδύουν	2	9
αποτραπούν	2	10
τρεχόντων	2	9
μεγαλύτερος	2	11
αυξήθηκαν	2	9
μειονεκτικές	2	12
διαφοροποιημένες	2	16
απομάκρυνσή	2	11
ασθενή	2	6
δυσχερείς	2	9
κλιματολογικές	2	14
τετραγ	2	6
sec	2	3
πυκνοκατοικημένες	2	17
τριπλάσια	2	9
απασχολούμενων	2	14
δυσανάλογο	2	10
χάρη	2	4
επανεκκίνησης	2	13
επαναβεβαίωσε	2	13
ειδωθεί	2	7
υποθηκεύεται	2	12
επανεστιαστεί	2	13
ανανεωμένο	2	10
ελκυστικότερο	2	13
δυσχεραίνει	2	11
βελτιωμένη	2	10
ακριβέστερη	2	11
μακρόπνοες	2	10
επωφελών	2	8
ελκυστικοί	2	10
παίξει	2	6
εκπονούν	2	8
επικρατούν	2	10
δυναμικών	2	9
αιχμή	2	5
τάσεων	2	6
διεργασιών	2	10
προσφοράς	2	9
τόνωσης	2	7
5η	2	2
ονομασίας	2	9
αγοράσουν	2	9
βελτιωμένες	2	11
αειφόρες	2	8
πατρογονικές	2	12
7η	2	2
λαϊκές	2	6
προμήθειας	2	10
διαδοχής	2	8
βιότοποι	2	8
γαιοκτημόνων	2	12
αντιστάθμισης	2	13
προλαμβάνουν	2	12
συμβατικών	2	10
δοθούν	2	6
υποδοχή	2	7
πολιτισμικά	2	11
μικροπίστωση	2	12
χωριού	2	6
χειροτεχνίας	2	12
χάρτες	2	6
ηλεπιχειρείν	2	12
ηλεμπορίου	2	10
ευρυζωνικές	2	11
λόγου	2	5
ξεπεραστούν	2	11
υπεραξία	2	8
παραδόσεις	2	10
διοχετευθεί	2	11
συνδυαστούν	2	11
δασοκόμων	2	9
επενδύσουν	2	10
τουριστική	2	10
ανανεώσιμους	2	12
συρρίκνωσης	2	11
πληθυσμού·	2	10
εγγυώμενο	2	9
συνδέοντας	2	10
επιχειρηματικότητα	2	18
δικτυακές	2	9
ορθών	2	5
αγροτικά	2	8
προσήκουσα	2	10
ορεινός	2	7
νησιωτικός	2	10
αντιφάσεων	2	10
υιοθετήσουν	2	11
βάθρου	2	6
επιτυχημένων	2	12
life+	2	5
δεύτερου	2	8
βεβαιώνει	2	9
ανθρώπινα	2	9
μετάφραση	2	9
προσαρμοσμένα	2	13
υπολογιστεί	2	11
κληθούν	2	7
κινητήρια	2	9
μετατροπές	2	10
σωστό	2	5
αναδιατύπωση	2	12
λέξης	2	5
παραδοσιακής	2	12
έντονο	2	6
διοικητικούς	2	12
εναλλαγή	2	8
υδατίνων	2	8
αστικό	2	6
υποβάθμισης	2	11
ζήτησης	2	7
4β	2	2
ποικίλο	2	7
ενθαρρυνθ	2	9
αμείο	2	5
υνοχής	2	6
πράττουν	2	8
προφορικά	2	9
γραπτά	2	6
έντυπης	2	7
βεβαίωσης	2	9
προσαρτάται	2	11
επιστρέφοντας	2	13
αρνήθηκε	2	8
παραλάβει	2	9
επανορθωθεί	2	11
πρωτοτύπου	2	10
επιδίδει	2	8
συστημένη	2	9
εξώδικες	2	8
δίκη	2	4
επιδώσουν	2	9
λειτουργών	2	10
έντυπο	2	6
εξαιρετικές	2	11
marcin	2	6
libicki	2	7
nuno	2	4
alvaro	2	6
ελαχίστων	2	9
öry	2	3
δονήσεις	2	8
ηλεκτρομαγνητικά	2	16
συνεπεία	2	8
προερχόμενη	2	11
τεχνητές	2	8
αποτελούσε	2	10
ενημέρωσε	2	9
στρασβούργο	2	11
οπτικής	2	7
περιορίζοντας	2	13
τέθηκε	2	6
πτυχή	2	5
συμφώνησαν	2	10
διαπιστώνεται	2	13
ανωτάτων	2	8
εργαζόμενος	2	11
2ης	2	3
επι	2	3
νομικης	2	7
βασης	2	5
διευκρινίζει	2	12
καθαρώς	2	7
ενδεικτικές	2	11
επιβεβαιώσει	2	12
αναπροσαρμοσμένα	2	16
συμβατότητά	2	11
ενισχυμένης	2	11
αναπτυξιακών	2	12
τρομοκρατικές	2	13
συνόρων	2	7
4γ	2	2
καθίστανται	2	11
αυτοπροστασίας	2	14
αξιόλογο	2	8
συνιστώσα	2	9
συνέπειας	2	9
τρομοκρατικών	2	13
επιθέσεων	2	9
επιθυμητή	2	9
ψηφίσματα	2	9
εργασθούν	2	9
αποθήκευση	2	10
επικίνδυνων	2	11
σπάνιων	2	7
κινητοποιηθούν	2	14
εφαρμοζόμενες	2	13
περιουσίες	2	10
αναλαμβάνεται	2	13
μοντελοποίηση	2	13
σεναρίων	2	8
ασκήσεις	2	8
δικτύωση	2	8
συνδέσμων	2	9
διαύλων	2	7
νεολαίας	2	8
ανάγκης·	2	8
εργαστηρίων	2	11
τελούν	2	6
επικάλυψη	2	9
οικονομικοί	2	11
πιλοτικού	2	9
προπαρασκευαστικών	2	18
argus	2	5
epcip	2	5
ανάπτυξή	2	8
στηρίξει	2	8
αντιστοίχων	2	11
υποστηρίζονται	2	14
τηρηθεί	2	7
δικαιολογηθεί	2	13
µόνο	2	4
επιτευχθέντων	2	13
ποσοτικών	2	9
πλευρών	2	7
καταστροφή	2	10
βασικός	2	7
ύψιστο	2	6
περιληφθούν	2	11
έδειξαν	2	7
επισημάνει	2	10
αλληλοβοήθεια	2	13
απόκριση	2	8
ενδεικτικός	2	11
κανονισμου	2	10
προφύλαξης	2	10
anders	2	6
santa	2	5
feira	2	5
πνευματική	2	10
παιδί	2	5
υλική	2	5
δημογραφικές	2	12
γηράσκει	2	8
συνταξιούχοι	2	12
συμφωνήθηκαν	2	12
μεταρρυθμίσουν	2	14
μείζων	2	6
κινδυνεύουν	2	11
άνεργοι	2	7
μειονεκτούντων	2	14
καταπολεμηθεί	2	13
ανέλιξη	2	7
αξιοπρεπή	2	9
προτερημάτων	2	12
εγκατάλειψης	2	12
γεννήσεων	2	9
γάμου	2	5
μαρτυρεί	2	8
οικογένειας	2	11
επισπεύσει	2	10
εισέλθουν	2	9
μισθολογικά	2	11
εκλαμβάνεται	2	12
απειλείται	2	10
γήρανση	2	7
καθεστώτα	2	9
ποιοτικές	2	9
εκπαιδευτικά	2	12
φροντίσουν	2	10
εαυτό	2	5
χειρότερες	2	10
τάσεις	2	6
ηλικιωμένους	2	12
βιώσιμα	2	7
υγιούς	2	6
μακροχρόνιας	2	12
ιατροφαρμακευτικής	2	18
συνταξιούχων	2	12
εαρινό	2	6
οικογενειακής	2	13
μεγέθυνσης	2	10
διοργανική	2	10
όσων	2	4
μόνοι	2	5
ευάλωτοι	2	8
παγιδευτεί	2	10
καίριες	2	7
ενεργητικών	2	11
καίριο	2	6
μειονεκτημάτων	2	14
συνέργειες	2	10
αποτραπεί	2	9
μονογονεϊκών	2	12
αεγχπ	2	5
κρίσιμα	2	7
χαμηλών	2	7
ευάλωτες	2	8
μεγαλώνουν	2	10
λειτουργήσουν	2	13
πληθυσμιακές	2	12
εθνοτικών	2	9
διαρκής	2	7
συνταξιοδότησης	2	15
πρόνοιας	2	8
νεότερη	2	7
cabrnoch	2	8
harlem	2	6
désir	2	5
roger	2	5
helmer	2	6
kathy	2	5
sinnott	2	7
mikko	2	5
εοκε	2	4
ψηφίσματά	2	9
διατομεακές	2	11
ενδοτομεακές	2	12
υπεργολαβικά	2	12
συγχωνεύσεις	2	12
εξαγορές	2	8
επέχουν	2	7
πρωταρχικό	2	10
πλούτου	2	7
αναζήτηση	2	9
δυνατές	2	7
εξαγοράς	2	8
τίτλους	2	7
υποχωρήσεων	2	11
συμμερίζεται	2	12
απρόβλεπτες	2	11
τριτογενούς	2	11
γεωγραφικής	2	11
εγχείρημα	2	9
λύπη	2	4
προηγούνται	2	11
τομεακές	2	8
καθενός	2	7
ταχύτερα	2	8
επικεντρωμένος	2	14
επιχειρηματική	2	14
κλωστοϋφαντουργίας	2	18
βούλησης	2	8
τίμημα	2	6
κλαδικό	2	7
έχουμε	2	6
jeanluc	2	7
ενδείξεων	2	9
μολαταύτα	2	9
εμπορευόμενοι	2	13
συμβόλου	2	8
τόπος	2	5
ένδειξης	2	8
ένστασης	2	8
εγκατεστημένο	2	13
ένσταση	2	7
δικαιολογημένη	2	14
αιτούσας	2	8
καταχωρισθέν	2	12
βραχυγραφία	2	11
σύμβολο	2	7
διαπιστώνουν	2	12
προηγούμενοςη	2	13
κτρια	2	5
maat	2	4
πολιτισμου	2	10
παιδειας	2	8
προσβασιμότητα	2	14
ευρυζωνική	2	10
καινοτόμο	2	9
ηπα	2	3
ευρυζωνικής	2	11
γεφύρωση	2	8
iγ	2	2
παρεμβολές	2	10
ευέλικτου	2	9
καινοτομίες	2	11
αναλογικό	2	9
αντισταθμίζεται	2	15
ομοιομορφία	2	11
απεικονίζουν	2	12
σύνθετες	2	8
ανεφοδιασμού	2	12
παραγγελία	2	10
ποσοστιαίες	2	11
δυσχεραίνουν	2	12
ενδελεχώς	2	9
ονε·	2	4
ρευστότητας	2	11
κεφαλαιαγορών	2	13
δανεισμού·	2	10
μικροδάνεια	2	11
κινδύνου·	2	9
εε·	2	3
άχθους	2	6
διευκολύνσεων	2	13
τους·	2	5
τονίσθηκε	2	9
συμμέτοχοι	2	10
έλευση	2	6
επιτελούν	2	9
προσιτή	2	7
ηθικές	2	6
εφαρμόζοντας	2	12
ριζικών	2	7
μεταλλαγών	2	10
απογοήτευσή	2	11
στοιχείου	2	9
οπουδήποτε	2	10
σύλληψης	2	8
προειδοποιεί	2	12
βλαβερά	2	7
ανηλίκων	2	8
διαλειτουργικά	2	14
διεπαφής	2	8
εφαρμογήςapi	2	12
αναλυτική	2	9
εργασίας·	2	9
λισσαβόνας·	2	11
απλούστερα	2	10
ε&α·	2	4
ενοποιημένη	2	11
εντείνουν	2	9
–κυρίως	2	7
εικόνες–	2	8
διαδραστικές	2	12
πολιτισμικού	2	12
προσβάσιμου	2	11
διαφοροποιημένα	2	15
αποστολών	2	9
διοίκησής	2	9
ευπρόσιτες	2	10
ημίσεoς	2	7
επωφελείται	2	11
δημιουργικότητας	2	16
μεγαλύτερους	2	12
παιδεία	2	7
πολιτισμό·	2	10
γραμματισμό	2	11
εξειδικευμένης	2	14
ενημερωμένοι	2	12
σύγχρονα	2	8
διαθέσιμων	2	10
καθιερώνοντας	2	13
εντάσσοντας	2	11
σταδιοδρομούν	2	13
επιλεγούν	2	9
πολίτης	2	7
σταδιακή	2	8
απολαμβάνουν	2	12
μετουσιωθούν	2	12
εποχής	2	6
ικανή	2	5
πολλαπλή	2	8
διεξοδική	2	9
τηλέφωνα	2	8
ενεχόμενες	2	10
κοινωνίες	2	9
εξαιρετικής	2	11
μετάλλαξε	2	9
ιδιαίτερος	2	10
σφαίρας	2	7
καταχρηστική	2	12
νεαρή	2	5
μαθησιακής	2	10
επεξεργάζονται	2	14
ικανοί	2	6
ερευνητικούς	2	12
–τόσο	2	5
επιδοτήσεων–	2	12
unesco	2	6
προστατεύουν	2	12
καθιερώνει	2	10
διττό	2	5
αγαθού	2	6
πολυγλωσσίας	2	12
αποσαφηνισθεί	2	13
εκδηλώσουν	2	10
νομοθετήσουν	2	12
απηχώντας	2	9
τελευταίες	2	10
επανάστασης	2	11
ανισορροπιών	2	12
ανακύπτων	2	9
λεγόμενος	2	9
αναλφαβητισμός	2	14
ανασταλτικό	2	11
σημαντικότερους	2	15
ελπιδοφόρες	2	11
μεταναστριών	2	12
κακοποιημένων	2	13
φυλακισμένων	2	12
προσλαμβάνοντας	2	15
προβλέψουμε	2	11
ubiquitous	2	10
ειδοποιούν	2	10
χρήστη	2	6
ευρυζωνικά	2	10
κάτοχοι	2	7
giulietto	2	9
chiesa	2	6
χαίρουν	2	7
ρυθμιστικά	2	10
ευφυής	2	6
βενζίνης	2	8
καθεστώτων	2	10
ορυκτές	2	7
μειώνονται	2	10
επισιτιστικού	2	13
εξάρτηση	2	8
καλλιεργούνται	2	14
απαλλαγές	2	9
υποπροϊόντων	2	12
αποσύνδεσης	2	11
υπολειμμάτων	2	12
υπολείμματα	2	11
καλλιεργήσιμες	2	14
βιοενέργειας	2	12
επισιτιστική	2	12
χρηματοδοτηθεί	2	14
saps	2	4
λιπασμάτων	2	10
προαχθεί	2	8
δοκιμής	2	7
βιοϋλικών	2	9
χημικά	2	6
σκευασμάτων	2	11
φαρμακευτικά	2	12
λυμάτων	2	7
τελικών	2	7
ανάμιξη	2	7
υψηλές	2	6
παραχθούν	2	9
υποκατάστατο	2	12
φθηνή	2	5
αιθανόλη	2	8
ελαίων	2	6
απορρυπαντικά	2	13
χρώματα	2	7
επίχρισης	2	9
πολυμερή	2	8
φθηνές	2	6
αποταμιεύοντας	2	14
ισολογισμός	2	11
κέρδος	2	6
αφαιρείται	2	10
δωρεές	2	6
αναδόχων	2	8
χρηματικές	2	10
υπέβαλαν	2	8
χρηματοδοτήσουν	2	15
μακροπρόθεσμες	2	14
τυποποιημένης	2	13
κόμματος	2	8
κονδύλιο	2	8
επομένου	2	8
προσωπικότητας	2	14
γραφειοκρατία	2	13
eok	2	3
εταιρικού	2	9
ιδιοκτησιακής	2	13
ανταλλάγματος	2	13
χειραγώγησης	2	12
εμπιστευτικών	2	13
nyilvánosan	2	11
működő	2	6
részvénytársaság	2	16
αποτιμούνται	2	12
σταθμισμένη	2	11
έκτακτα	2	7
αποδεκτούς	2	10
διεύθυνσης	2	10
αναπροσαρμογής	2	14
περιουσιακό	2	11
υποχρεωτικούς	2	13
επαχθή	2	6
αποκτήσεις	2	10
εξοφληθεί	2	9
ρυθμιζόμενη	2	11
ίσο	2	3
λέξεις	2	6
τέταρτο	2	7
πέμπτο	2	6
πενταετία	2	9
αποφαίνεται	2	11
απαρτίας	2	8
φερεγγυότητα	2	12
τρίτος	2	6
προτιμήσεως	2	11
39α	2	3
πωλήσει	2	7
διοριστεί	2	9
ανωνύμων	2	8
αντιδρούν	2	9
προαγοράς	2	9
εταιρεία	2	8
πλειοψηφούντες	2	14
τροφοδότηση	2	11
υπολογισμοί	2	11
χωριστά	2	7
esko	1	4
seppänen	1	8
ακολούθως	1	9
ταυτοχρόνως	1	11
αναλυτικότερα	1	13
υπακούοντας	1	11
πραγματοποιούντο	1	16
ακρογωνιαίος	1	12
λίθος	1	5
στατιστικού	1	11
στατιστική	1	10
τέταρτη	1	7
δημογραφικά	1	11
ελαχιστος	1	9
ανωτατος	1	8
μοναδικός	1	9
προετοιμασιών	1	13
σημαντικός	1	10
αναπόφευκτης	1	12
συγκρισιμότητα	1	14
πιω	1	3
αναπτύχθηκε	1	11
κατανομές	1	9
πρακτικούς	1	10
καταμερισμούς	1	13
ιεραρχική	1	9
αναφερόμενων	1	12
ανύπαρκτη	1	9
ταξινόμησής	1	11
ποικίλλει	1	9
εξαρτώμενο	1	10
εισαγωγής	1	9
συναπόφαση	1	10
κριθούν	1	7
εσθονία	1	7
κύπρο	1	5
λετονία	1	7
λιθουανία	1	9
ορισμών	1	7
παράτημα	1	8
ομοιογένειας	1	12
χαρακτηρίσει	1	12
κατανεμημένες	1	13
εδαφικές	1	8
προσαρμοσθούν	1	13
σ΄	1	2
ακολουθηθεί	1	11
αναπαράσταση	1	12
bielan	1	6
marques	1	7
εκτελούντων	1	11
συνδέσμου	1	9
επιτηρεί	1	8
συνεννόηση	1	10
συμβαλλομένων	1	13
διευκρινίζοντας	1	15
επιθεωρηθέντος	1	14
καταγράφεται	1	12
πρατήρια	1	8
αυτοκινητοδρόμους	1	17
περνούν	1	7
περάσουν	1	8
σταθμευμένα	1	11
προδιαγεγραμμένων	1	17
υπόνοιες	1	8
ενδοκοινοτικός	1	14
σύνδεσμος	1	9
αντίστοιχους	1	12
συνεκτικής	1	10
επαναλαμβανόμενων	1	17
βαρύτερες	1	9
πληροφορείται	1	13
χρονικών	1	8
εξαήμερου	1	9
δεκαπενθήμερου	1	14
παραβίαση	1	9
ελάχιστης	1	9
ελάχιστου	1	9
διαλείματος	1	11
μέγιστου	1	8
εβδομαδιαίου	1	12
οδικής	1	6
προσέρχεται	1	11
ισοδύναμων	1	10
διαδοχικών	1	10
μέγιστος	1	8
εβδομαδιαίος	1	12
οριζόμενη	1	9
38e	1	3
τροποποιήσουν	1	13
29α	1	3
συνοδηγών	1	9
ταχύτερος	1	9
πληρέστερος	1	11
ταχογράφος	1	10
επιβαλλόμενου	1	13
αμφότερα	1	8
νομοθετήματα	1	12
καταγράφονται	1	13
εβδομαδιαίων	1	12
αντισταθμίζουν	1	14
βραχύτερες	1	10
προβλεπόμενες	1	13
επαληθευθεί	1	11
εβδομάδα	1	8
προσκόμιση	1	10
εβδομαδιαίο	1	11
δεσμευτικά	1	10
εβδομαδιαίως	1	12
31δ	1	3
μεταφορικής	1	11
πολυάριθμων	1	11
βαθμιαία	1	8
παρεχομένου	1	11
ba	1	2
παράδοσης	1	9
επιτρεπτό	1	9
ακτίνας	1	7
κατασκευασμένα	1	14
μόνιμο	1	6
εννέα	1	5
βa	1	2
ελκυστήρες	1	10
ξεπερνά	1	7
μισθώνονται	1	11
ένοπλες	1	7
πυροσβεστική	1	12
βυτίων	1	6
γαλακτοκομικών	1	14
iβ	1	2
αποχέτευσης	1	11
ηλεκτροδότησης	1	14
αυτοκινητοδρόμων	1	16
τηλεγράφου	1	10
ραδιοφωνικών	1	12
δεκτών	1	6
πομπών	1	6
έλκον	1	5
εργαλειομηχανών	1	15
οδήγησή	1	7
θεαμάτων	1	8
πρωτη	1	5
διαρκούν	1	8
συντομευθεί	1	11
συνεχόμενες	1	11
μετέχει	1	7
μεταβαίνει	1	10
αυτοκίνητο	1	10
διανυόμενη	1	10
ρυμουλκουμένων	1	14
ημιρυμουλκουμένων	1	17
21ο	1	3
απασχολείται	1	12
επιβατηγών	1	10
κατανέμονται	1	12
σεβαστά	1	7
δωδεκάωρων	1	10
εικοσιτετράωρων	1	15
κανονικές	1	9
συσσωρευμένου	1	13
δωδεκάωρες	1	10
εικοσιτετράωρες	1	15
συμφωνηθέντων	1	13
συνδυασμός	1	10
αποχετεύσεων	1	12
οίκον	1	5
οικιακών	1	8
πανηγυριών	1	10
ζώντων	1	6
σφαγεία	1	7
δεδουλευμένων	1	13
βαθμίδα	1	7
ενεργοποιείται	1	14
δεικνύουν	1	9
ελεγχθέντων	1	11
εξοπλιστεί	1	10
εισαγωγικη	1	10
δεσμευτική	1	10
παραβιάσεων	1	11
ταξινομούνται	1	13
σοβαρότητά	1	10
εξουσιοδοτείται	1	15
αρθεί	1	5
αφαίρεση	1	8
διαφοροποιημένη	1	15
μεμονωμένα	1	10
άνθρωπο	1	7
εξάσκησης	1	9
στρες	1	5
εκπονούνται	1	11
υγειονομικών	1	12
μερίδων	1	7
φρούτων	1	7
λαχανικών	1	9
ξεχνούν	1	7
διατροφικές	1	11
γαστρονομικές	1	13
κουλτούρες	1	10
περιφέρειές	1	11
διατηρητέα	1	10
μεμονωμένο	1	10
αναμφισβήτητα	1	13
ακριβές	1	7
26α	1	3
πωλούνται	1	9
νωπά	1	4
ακολούθων	1	9
νερών	1	5
νερού	1	5
αμπελοοινικής	1	13
εκτελεστικές	1	12
σήματος	1	7
κεκορεσμένα	1	11
ψυχολογικής	1	11
ευεξίας	1	7
ασαφής	1	6
ανέχεται	1	8
υποτιμά	1	7
διαιτητική	1	10
ευεργετικές	1	11
ισορροπημένης	1	13
συσταστικό	1	10
αντίθετη	1	8
εμφανές	1	7
ετικέτας	1	8
τεκμηριωμένοι	1	13
αγαθοεργίας	1	11
επαληθεύονται	1	13
αποδεδειγμένη	1	13
ταχυδρομείο	1	11
σύγχρονων	1	9
παραγωγό	1	8
αποφασισθούν	1	12
απλουστευτικά	1	13
δείγμα	1	6
μικρο	1	5
-μεσαίες	1	8
κατασκευαστών	1	13
εισαγωγέων	1	10
υπερασπίζεται	1	13
αίτησή	1	6
προβληματισμοί	1	14
απαγορεύσει	1	11
αποκαταστήσει	1	13
κατανοητός	1	10
αντιληπτός	1	10
κοινοποιούντος	1	14
απολαύει	1	8
κοινοποιών	1	10
εκπνοής	1	7
νομοθετικέ	1	10
επαληθεύσιμοι	1	13
καθιερωμένα	1	11
ανεγνωρισμένα	1	13
παροτρυνθεί	1	11
καινοτόμοι	1	10
συγκεντρώσουν	1	13
φακέλων	1	7
κεντροποιημένη	1	14
28α	1	3
28a	1	3
ενημερωτική	1	11
διαιτητικών	1	11
συνηθειών	1	9
συμπληρώματος	1	13
προβάλλονται	1	12
κώδικος	1	7
διαίτης	1	7
καταχωρημένα	1	12
παρουσίασή	1	10
διαφήμισής	1	10
δικαιολογεί	1	11
αιτιολόγησης	1	12
υπευθύνους	1	10
έτος].	1	6
έτη].	1	5
διασταυρωμένων	1	14
κατόχου	1	7
αστική	1	6
ποινική	1	7
κάτοχο	1	6
συντηρεί	1	8
αποκαλούμενο	1	12
χαρακτηριζόμενων	1	16
διεκδικήσει	1	11
καταθέτων	1	9
παρεχόμενες	1	11
παραπλανούν	1	11
ωφέλιμης	1	8
αναφερομένων	1	12
μειωμένους	1	10
φυσικη	1	6
συνιστώμενης	1	12
δόσης	1	5
συνιστώμενων	1	12
mj	1	2
24β	1	3
προβληθεί	1	9
24γ	1	3
αμυλο	1	5
ορθωθούν	1	8
ευθυγραμμισθούν	1	15
codex	1	5
alimentarius	1	12
πρόσοψη	1	7
υιοθετούνται	1	12
απαγορευθούν	1	12
αντιλαμβάνονται	1	15
πρόσληψη	1	8
ετικέτες	1	8
έκρινε	1	6
εκδίκαση	1	8
νοητό	1	5
διασφαλίσεων	1	12
προσεκτικός	1	11
ευεργετικών	1	11
eε	1	2
21α	1	3
ασυσκεύαστα	1	11
χονδρικά	1	8
υπονοούν	1	8
επιφυλακτικός	1	13
δίαιτας	1	7
συμπυκνωμένες	1	13
δοσιμετρικές	1	12
κάψουλες	1	8
παστίλιες	1	9
δισκία	1	6
χάπια	1	5
φακελάκια	1	9
σκόνης	1	6
φύσιγγες	1	8
υγρού	1	5
φιαλίδια	1	8
σταγονόμετρο	1	12
υγρών	1	5
κόνεων	1	6
προμετρημένες	1	13
μοναδιαίες	1	10
επιχειρηματολογίας	1	18
αιτιολογήσει	1	12
απαιτούμενο	1	11
χρησιμοποιούμενο	1	16
διαβιβασθούν	1	12
απορρίψεως	1	10
διαγράψει	1	9
ισχυριζόμενης	1	13
συσχετισμών	1	11
βενημερώνει	1	11
φάκελος	1	7
υπερασπίζονται	1	14
συστατικού	1	10
αποκλείουν	1	10
δeδομένων	1	9
επαρκούν	1	8
υποβλήθηκαν	1	11
αποκάλυψή	1	9
βλάψει	1	6
επαληθεύσιμη	1	12
vitro	1	5
ποσοτικού	1	9
εμπιστευτικά	1	12
δημοσιοποιηθούν	1	15
χειρίζονται	1	11
απόσυρσης	1	9
διαφωνία	1	8
19β	1	3
επταετούς	1	9
19γ	1	3
επιβεβαίωση	1	11
παραπομπή	1	9
25a	1	3
25β	1	3
εεl	1	3
ράφια	1	5
καταστημάτων	1	12
υπ	1	2
συμμορφούνται	1	13
αξίας"(νέο	1	10
επαληθεύσιμες	1	13
ενεργειακη	1	10
αξια	1	4
τυριά	1	5
φθάνει	1	6
τυρί	1	4
περιεκτικότητά	1	14
χαμηλότερη	1	10
ακορεστα	1	8
πολυακορεστα	1	12
μονοακορεστα	1	12
άλφα	1	4
λινολενικού	1	11
οξέως	1	5
αλφαλινολεϊκό	1	13
όξύ	1	3
μακρας	1	6
40mg	1	4
epa+dha	1	7
απαντώνται	1	10
ιχθυέλαιο	1	9
λιπών	1	5
mlυγρά	1	6
χοληστερίνη	1	11
λακτοζη	1	7
λακτόζης	1	8
ανάλυσή	1	7
φυσικα	1	6
ελευθερο	1	8
απο	1	3
γλουτενη	1	8
γλουτένης	1	9
light	1	5
αγελαδινό	1	9
λέξη	1	4
προσθηκη	1	8
εμπλουτισμένο	1	13
ενισχυμένο	1	10
προσθήκης	1	9
100γρ	1	5
ημερήσιων	1	9
νομίσματος	1	10
ευρωζώνη	1	8
μακροοικονομικών	1	16
υπερνίκηση	1	10
τριμηνιαίους	1	12
χρηματοπιστωτικούς	1	18
τριμηνιαίοι	1	11
νομισματική	1	11
αντιδράσεις	1	11
παρακολουθούν	1	13
αποταμίευσης	1	12
παραδοχή	1	8
επακριβή	1	8
νόμισμα	1	7
εξοπλισθεί	1	10
εναλλαγές	1	9
ζητώ	1	4
ιούνιο	1	6
zsolt	1	5
becsey	1	6
ieke	1	4
burg	1	4
cirino	1	6
pomicino	1	8
christian	1	9
ehler	1	5
lauk	1	4
rosati	1	6
lars	1	4
wohlin	1	6
αντώνης	1	7
σαμαράς	1	7
charles	1	7
tannock	1	7
zîle	1	4
γνωμοδτικήές	1	12
sylwester	1	9
chruszcz	1	8
stanisław	1	9
jałowiecki	1	10
jaromír	1	7
kohlíček	1	8
jörg	1	4
leichtfried	1	11
liberadzki	1	10
evelin	1	6
luís	1	4
queiró	1	6
gilles	1	6
savary	1	6
dirk	1	4
sterckx	1	7
ulrich	1	6
stockmann	1	9
gary	1	4
titley	1	6
fausto	1	6
correia	1	7
εξωτερικων	1	10
προμηθευτές	1	11
ευεργετουμένων	1	14
οικογενειακό	1	12
προσπελασιμότητας	1	17
ποικιλότητα	1	11
καρθαγένης	1	10
βιοασφάλεια	1	11
χορηγού	1	7
δικαιούχου	1	10
προχωρεί	1	8
χορηγός	1	7
επίσημης	1	8
υπήκοοι	1	7
διοχετεύεται	1	12
διοχετευόμενη	1	13
επιλέξιμοι	1	10
συνεργάτες	1	10
προαναφερόμενου	1	15
εκρίζωση	1	8
προωθήσεως	1	10
αγοραστικών	1	11
υποβάλλοντες	1	12
συμπεφωνημένα	1	13
ενδεδειγμένης	1	13
μερος	1	5
συγχρηματοδοτούμενες	1	20
χρηματοδότησής	1	14
προστίθενται	1	12
αγορασθεί	1	9
υπηκοότητας	1	11
δαφικής	1	7
συνοριακής	1	10
υπερεθνικής	1	11
11a	1	3
πρόσθετου	1	9
σύμβασηπλαίσιο	1	14
ευρωπεριφερειακής	1	17
οες	1	3
3ως	1	3
διαμορφωθούν	1	12
παραμεθόριες	1	12
παρατεταμένες	1	13
στρατιωτικών	1	12
συγκρούσεων	1	11
συμφιλίωσης	1	11
ειρήνης	1	7
εκτέλεσή	1	8
τοπικοί	1	7
περιφερειακοί	1	13
εδρεύει	1	7
εγγράφει	1	8
iα	1	2
καταστατικού	1	12
εξουσιοδοτημένος	1	16
αντιπροσωπεύσει	1	15
α4	1	2
miller	1	6
α3	1	2
cushnahan	1	9
α2	1	2
poetschki	1	9
interreg	1	8
α5	1	2
επανειλημμένως	1	14
μεθοριακές	1	10
προένταξης	1	10
προοίμιο	1	8
εοδσκαι	1	7
κύριων	1	6
επηρεάσει	1	9
διαπραγματεύονται	1	17
αποβλέπουν	1	10
εφαρμόσιμο	1	10
καθορισμένων	1	12
προτιμήσουν	1	11
εγκαταστήσει	1	12
συλλόγους	1	9
όργανά	1	6
ευχέρεια	1	8
μα	1	2
istván	1	6
pálfi	1	5
poignant	1	8
alfredo	1	7
antoniozzi	1	10
δρα	1	3
αυτόνομα	1	8
συνύπαρξη	1	9
λήξει	1	5
συνδέσει	1	8
ανατεθούν	1	9
ραδιοναυσιλοΐας	1	15
μεμονωμένου	1	11
απαλλάσσει	1	10
απολαβή	1	7
άκρου	1	5
άκρον	1	5
εκδιδόμενης	1	11
ενδιάμεσες	1	10
αναπροσαρμόζει	1	14
πράξουν	1	7
δανειστής	1	9
οφειλέτης	1	9
συνήθη	1	6
εκκαθαρισμένες	1	14
απαιτητές	1	9
περιστατικών	1	12
επιχειρημάτων	1	13
εναγόμενος	1	10
κατοικεί	1	8
προηγμένη	1	9
τεχνικού	1	8
δεκτός	1	6
αυτοπρόσωπης	1	12
γνωστή	1	6
βεβαιότητος	1	11
επιδόθηκε	1	9
αιτιολογία	1	10
παραγραφής	1	10
κλήτευσης	1	9
κατατεθεί	1	9
προβλεπόμενης	1	13
αυτεπαγγέλτως	1	13
φαξ	1	3
ταχυδρομικώς	1	12
επίδοσής	1	8
κατατίθεται	1	11
ανακοπής	1	8
διαδικαστικών	1	13
υπονομεύσουν	1	12
αφότου	1	6
αναλύσεως	1	9
κόστουςοφέλους	1	14
αποκτηθείσα	1	11
θεμελιώδης	1	10
προβλεπόμενου	1	13
ουσιαστικού	1	11
δικονομικού	1	11
εκδίκασης	1	9
αμφισβητούμενες	1	15
καταργώντας	1	11
κηρύξεως	1	8
εκτελεστότητας	1	14
exequatur	1	9
δικονομικό	1	10
εκτελεστής	1	10
υψηλός	1	6
διστάζουν	1	9
διεκδικούν	1	10
ερχόμενοι	1	9
άγνωστο	1	7
δυνητικό	1	8
αντικίνητρο	1	11
οποίον	1	6
αποζημιώνονται	1	14
αμφισβητούμενης	1	15
αξιώσεως	1	8
ερμηνευθεί	1	10
ελαστικό	1	8
αυθαίρετα	1	9
βάσιμο	1	6
νόθευση	1	7
δανειστές	1	9
οφειλέτες	1	9
ασύμβατο	1	8
συνάντησε	1	9
απροθυμίας	1	10
δεχθούν	1	7
προσπάθησε	1	10
προοιμίου	1	9
τάμπερε	1	7
κλήθηκαν	1	8
δημοσίευσε	1	10
προπαντός	1	9
πολυάριθμες	1	11
διαταγών	1	8
συντάκτη	1	8
προσκομίζει	1	11
δικαιολογητικού	1	15
επισυνάπτει	1	11
αντίγραφα	1	9
σταδίου	1	7
κηρύσσεται	1	10
χρησιμεύσει	1	11
εσύντομη	1	8
συνάντησή	1	9
θεώρησαν	1	8
ευπρόσδεκτη	1	11
ανασκόπησης	1	11
εθνικώς	1	7
αναγνωρισμένων	1	14
θετικός	1	7
σχεδιασθούν	1	11
πανεπιστημίων	1	13
τυποποιημένα	1	12
γύρο	1	4
διπλοβάθμια	1	11
αποδέχονται	1	11
φοιτητικές	1	10
υποτροφίες	1	10
φοιτητικά	1	9
καταχωρημένος	1	13
φήμη	1	4
ρυθμιζομένων	1	12
καταχωρημένοι	1	13
καταχώρισης	1	11
πραγματοποιηθείσας	1	18
ενοποιεί	1	8
απλοποιεί	1	9
εκπεφρασμένα	1	12
περιοδικής	1	10
προσαρμόσει	1	11
διακύμανσης	1	11
συναλλαγματικών	1	15
ισοτιμιών	1	9
επίπεδό	1	7
αμετάβλητο	1	10
αναθέτουσες	1	11
επιδοτούνται	1	12
χιλιάδων	1	8
αναθέτουσα	1	10
κυβερνητικής	1	12
παραδρομής	1	10
επανευθυγράμμιση	1	16
χιλιάδες	1	8
επανόρθωση	1	10
αποκαθιστώντας	1	14
podestà	1	7
fernanda	1	8
rudi	1	4
ubeda	1	5
wuermeling	1	10
dam	1	3
kristensen	1	10
phillip	1	7
whitehead	1	9
mauro	1	5
υπογράμμισε	1	11
στενότερες	1	10
προυποψήφιες	1	12
φιλικώς	1	7
διακείμενες	1	11
νεωτεριστικά	1	12
παραχωρήσεις	1	12
επιζητεί	1	8
σταυροειδή	1	10
αυξήσεων	1	8
διοδίων	1	7
επίσπευση	1	9
τεν	1	3
περάτωση	1	8
απρόβλεπτους	1	12
πολυτροπική	1	11
σιδηροδρόμους	1	13
ποντοπόρα	1	9
δρόμους	1	7
θαλασσοπλοΐα	1	12
λευκής	1	6
καιρός	1	6
αεροπορικών	1	11
συμφόρησης	1	10
μεταφορικών	1	11
σιδηροδρομικές	1	14
υλοποίησής	1	10
διορίζει	1	8
εκπροσωπούνται	1	14
συντονιστών	1	11
ανάπτυξής	1	9
στρέφεται	1	9
διασυνδέσεις	1	12
παρότρυνση	1	10
διασύνδεση	1	10
ján	1	3
hudacký	1	7
nils	1	4
lundgren	1	8
pirilli	1	7
προσδιορίσθηκαν	1	15
αποκομίσουν	1	11
κίνηση	1	6
υπογράμμιζε	1	11
ολοκληρωμένα	1	12
ιστό	1	4
ενέγραφε	1	8
παράρτημά	1	9
ενσωμάτωνε	1	10
σχεδιαζόμενη	1	12
κοινοτικοί	1	10
τροποποιήθηκαν	1	14
αντιστοιχία	1	11
έδιδε	1	5
συμφορήσεων	1	11
σιδηροδρόμων	1	12
πλωτές	1	6
ακτοπλοΐα	1	9
συνδυασμένες	1	12
πλείονα	1	7
μεταφορικά	1	10
χρησιμοποιήσεως	1	15
εγγράφονται	1	11
βραδεία	1	7
απογοητευτική	1	13
καταλύτης	1	9
τούδε	1	5
αλλάζει	1	7
επιτροπολογίας	1	14
εστιάζει	1	8
συμπίπτει	1	9
αξίωμα	1	6
εκπονήσεως	1	10
χείρας	1	6
συμφωνήσουν	1	11
ισχύι	1	5
επενέργεια	1	10
μοχλού	1	6
ενέχουν	1	7
στηριχθούν	1	10
επάρκεια	1	8
αναλογισθεί	1	11
ανέρχονται	1	10
τριάντα	1	7
λευκό	1	5
εγκαθιδρυθεί	1	12
προσδιορισθεί	1	13
υποθέσεως	1	9
συνεισφορές	1	11
αποδεσμεύεται	1	13
δεσμευτικής	1	11
διμερούς	1	8
αντικατοπτρίζουν	1	16
ενδυναμώνουν	1	12
δυνατότητά	1	10
εγγεγραμμένα	1	12
ακτοπολοΐα	1	10
ακτοπλοΐας	1	10
διεργασία	1	9
διμερής	1	7
εφαπτομένων	1	11
άρχισαν	1	7
ει	1	2
πίνακας	1	7
μονοκινητήριοι	1	14
τροχοφόροι	1	10
επιτρεπόμενου	1	13
ετέθησαν	1	8
κριούς	1	6
ανυψωτικά	1	9
οδοποιΐας	1	9
αερόσφυρες	1	10
χορτοκοπτικές	1	13
ενεχόμενο	1	9
νεότερης	1	8
μεταγενέστερο	1	13
τεχνικώς	1	8
εφικτά	1	6
επικείμενης	1	11
διεκπεραίωση	1	12
αντιτιθέμενες	1	13
εφαρμόστηκε	1	11
εκτεθείσες	1	10
αναγκαιότητες	1	13
αντιπαράθεσης	1	13
ετάχθησαν	1	9
συναινούν	1	9
παρατηρήσει	1	11
περίσταση	1	9
αναμενόμενης	1	12
θεωρούνταν	1	10
αποφασισθείσες	1	14
εφικτές	1	7
εκτεθεισών	1	10
περιστάσεων	1	11
εγκρίνετε	1	9
ενεχόμενοι	1	10
κατασκευαστές	1	13
διαταραχή	1	9
florenz15	1	9
horst	1	5
schnellhardt	1	12
hélène	1	6
goudin	1	6
εκλογής	1	7
wagner	1	6
fohrmann	1	8
krier	1	5
wybot	1	5
faure	1	5
υπεράσπιση	1	10
ασυλίας	1	7
γαλλικών	1	8
υπερασπιστεί	1	12
ασυλία	1	6
ακυρωτικό	1	9
συνταγματική	1	12
προαναφερθέντος	1	15
στερώντας	1	9
ευεργέτημα	1	10
αποτελέσματος	1	13
facto	1	5
jure	1	4
εφιστούσε	1	9
αφ'	1	3
δεδικασμένου	1	12
ένδικο	1	6
ανάκλησή	1	8
ασυλίες	1	7
γαλλικό	1	7
παρέβη	1	6
πρωτογενές	1	10
δικαιοδοτικού	1	13
köbler	1	6
θεματοφύλακας	1	13
χρηματοπιστωτικές	1	17
αντανακλώνται	1	13
προέβη	1	6
πρόεδρός	1	8
υποστήριξε	1	10
προνομιών	1	9
προκαθορισμένου	1	15
6β	1	2
επείγουσες	1	10
συντόμευση	1	10
επανεξετάσει	1	12
τραπεζών	1	8
εγκριθέντων	1	11
διετούς	1	7
ανανεώσουν	1	10
προαναφερόμενης	1	15
υπάρχον	1	7
εμπίπτον	1	8
ισοδύναμους	1	11
προβλεπόμενους	1	14
απαλείφεται	1	11
τεκμηριωμένα	1	12
τετάρτων	1	8
οριστεί	1	7
αποκεντρωμένοι	1	14
διευθυντές	1	10
διορίζονται	1	11
διορισμένου	1	11
επιτρόπους	1	10
δικαστές	1	8
παρακώλυε	1	9
τινά	1	4
τροποποιούμενη	1	14
εκτιμούν	1	8
μνημονεύει	1	10
διαλαμβάνει	1	11
αιτιολογικής	1	12
σκέψης	1	6
απαγορεύουν	1	11
καθημερινό	1	10
βίο	1	3
διοργάνωσε	1	10
ερωτηθέντων	1	11
εντείνει	1	8
σεξουαλικού	1	11
ρομ	1	3
επικράτηση	1	10
αρνητικού	1	9
τσιγγάνους	1	10
εθνοτικήμειονοτική	1	18
τριανταφυλλίδη	1	14
διευθετήσει	1	11
απαριθμούμενων	1	14
προσχωρούσες	1	12
διαπολιτισμικού	1	15
διαπολιτισμικό	1	14
γνωρίσουν	1	9
αντιπροσωπευτικό	1	16
επιλεγέντα	1	10
εκχωρηθέντων	1	12
ενδιάμεσου	1	10
εποπτεύει	1	9
εκτελεστικούς	1	13
επιβεβαιωθεί	1	12
ισχύον	1	6
προσιτού	1	8
συμμετεχουσών	1	13
υποπαράγραφοι	1	13
υποκείμενος	1	11
λογιστικά	1	9
άπτονται	1	8
ανάκτηση	1	8
εεο	1	3
επιλέγει	1	8
επιλεγμένες	1	11
υπογραφής	1	9
ανάκτησης	1	9
καταβληθεισών	1	13
επιλεγμένων	1	11
εκτελεσθεί	1	10
ζητηθείσες	1	10
συστήματά	1	9
παραθέτοντας	1	12
κινεί	1	5
συντρέχει	1	9
δίωξης	1	6
απολεσθέντα	1	11
αχρεωστήτως	1	11
καταβληθέντα	1	12
κακώς	1	5
χρησιμοποιηθέντα	1	16
ύποπτα	1	6
επιβεβαιωμένα	1	13
κρούσματα	1	9
διαφθοράς	1	9
περιγράφει	1	10
ανατιθέμενων	1	12
εκπρόσωπο	1	9
εξουσιοδοτηθεί	1	14
επιτόπιους	1	10
εκτελεστικοί	1	12
υπεύθυνοι	1	9
υπενθύμισε	1	10
καταπολεμώνται	1	14
έγγρ	1	4
εγγενώς	1	7
οπλοστάσιο	1	10
άφθονη	1	6
επεκτάθηκε	1	10
αποκλειομένης	1	13
χρησιμεύει	1	10
αυθεντικό	1	9
ακρογωνιαίους	1	13
λίθους	1	6
γενετήσιο	1	9
progress	1	8
αφιερωμένο	1	10
μάιο	1	4
προελευση	1	9
ειδικευμένες	1	12
ανέδειξε	1	8
πρωταρχικούς	1	12
οργανώνοντας	1	12
ευαισθητοποιηθεί	1	16
μεταχείρισης·	1	13
τονωθεί	1	7
υποεκπροσωπούνται·	1	18
προβληθούν	1	10
ποικιλομορφίας·	1	15
ανεκτικότητα	1	12
αποψη	1	5
εισηγητριας	1	11
πολυάριθμοι	1	11
παραγνωρίζουν	1	13
εξαιρετικό	1	10
τονίζουν	1	8
συνειδητοποίησης	1	16
γνωστοποιήσουν	1	14
προαναφερθεισών	1	15
αναγκάστηκε	1	11
ικανής	1	6
σέρνουν	1	7
βήματά	1	6
επικεντρώσουμε	1	14
καταπολεμούμε	1	13
υπενθυμίζουμε	1	13
τίτλου	1	6
απαριθμεί	1	9
καθότι	1	6
χρώματος	1	8
γενετικών	1	9
φρονημάτων	1	10
γέννησης	1	8
επιστηθεί	1	9
υφισταμένη	1	10
ενστερνιστούν	1	13
απήχηση	1	7
αποκεντρωμένο	1	13
δήμων	1	5
προσεγγίσει	1	11
πρωταγωνιστών	1	13
μειοψηφία	1	9
φαινόμενα	1	9
πρβλ	1	4
βεβαιωθεί	1	9
ασχοληθεί	1	9
πληθυσμοί	1	9
μέγα	1	4
παρακινηθούν	1	12
ηλικίες	1	7
υποτιμημένη	1	11
υπεύθυνης	1	9
ρόδη	1	4
κράτσατσαγκαροπούλου	1	20
kathalijne	1	10
buitenweg	1	9
cashman	1	7
giusto	1	6
catania	1	7
díez	1	4
kinga	1	5
gál	1	3
klamt	1	5
magda	1	5
kósáné	1	6
kovács	1	6
kudrycka	1	8
sarah	1	5
ludford	1	7
edith	1	5
mastenbroek	1	11
deprez	1	6
ire	1	3
προταθέν	1	8
carna	1	5
galway	1	6
ιρλανδίας	1	9
παντρεμένη	1	10
γιούς	1	5
απόφοιτος	1	9
κολεγίου	1	8
carysfort	1	9
blackrock	1	9
δουβλίνο	1	8
éireann	1	7
αποχώρησή	1	9
υπουργικού	1	10
αναγόρευσή	1	10
γυναίκας	1	8
κλονισμό	1	8
έγγαμης	1	7
συμβίωσης	1	9
διϋπουργικής	1	12
διαπραγματεύθηκε	1	16
βρετανικής	1	10
ειρήνη	1	6
συμφιλίωση	1	10
εκτελεστική	1	11
διευθύντρια	1	11
ιρλανδικών	1	10
αρθογράφος	1	10
irish	1	5
παραγωγός	1	9
tg4	1	3
τηλεοπτικός	1	11
σταθμός	1	7
ιρλανδική	1	9
ζωικών	1	6
dean	1	4
cordination	1	11
δυσαρεστημένη	1	13
διατύπωνε	1	9
αμφισβητήσατε	1	13
σεναρίου	1	8
αποκαλέσατε	1	11
διορθωτική	1	10
εκθέσει	1	7
ποιούς	1	6
θεωρήθηκε	1	9
τέλεια	1	6
βελτιώνεται	1	11
χρόνω	1	5
αναθεωρηθέντα	1	13
αποδίδουν	1	9
αληθινή	1	7
ακριβή	1	6
γνωστής	1	7
μνημονευθεισών	1	14
επιφυλάξεων	1	11
΄οσον	1	5
υποκείμενες	1	11
ελεγχόμενη	1	10
αξίζουν	1	7
έδωσε	1	5
ελεγκτική	1	9
επίπονο	1	7
γνωρίζεται	1	10
ανεπαρκών	1	9
προσήλωση	1	9
επιμονή	1	7
βελτιούμενη	1	11
αgricultural	1	12
integrated	1	10
administrative	1	14
system	1	6
iacs	1	4
ικανοποιήσουν	1	13
αντικειμενικού	1	14
διοργανώθηκε	1	12
επίκαιρη	1	8
πολύτιμη	1	8
υπογράμμιση	1	11
προσέγγισή	1	10
λεπτομερέστερων	1	15
διαβεβαίωση	1	11
επιτελεί	1	8
φορολογούμενοι	1	14
έξω	1	3
κέρβερος	1	8
προστατέψει	1	11
δημοφιλής	1	9
διέψευδε	1	8
προσδοκίες	1	10
εξέθετε	1	7
καθεαυτό	1	8
αναντίρρητα	1	11
αναφορικά	1	9
ετησίων	1	7
γνωμοδοτήσεών	1	13
καθησυχάζει	1	11
συμπυκνώνει	1	11
εξηγούνται	1	10
επιθυμώ	1	7
διεξοδικά	1	9
υποκείμενους	1	12
παρελθόντα	1	10
σφάλματα	1	8
διαβιβάστηκαν	1	13
συζητήθηκαν	1	11
παρέλκει	1	8
δυσανάγνωστη	1	12
συμφωνώ	1	7
συνεχίσουμε	1	11
προληπτικό	1	10
διαστρεβλώνεται	1	15
ερμηνεύεται	1	11
εσφαλμένα	1	9
αποφεύγει	1	9
ιστοθέσης	1	9
γνωστοποιούνται	1	15
ανακοινωθέντων	1	14
συνεντεύξεις	1	12
ευπρόσδεκτοι	1	12
διαφωτιστικών	1	13
τίτλων	1	6
φιλικότερους	1	12
πίνακες	1	7
γραφικές	1	8
παραστάσεις	1	11
επιδοκιμασίας	1	13
ποιά	1	4
καθορισθέντων	1	13
υπάλληλοι	1	9
επιτυγχάνουν	1	12
έκκλησή	1	7
συνδράμουμε	1	11
υπέχουμε	1	8
τυπική	1	6
προσωπικός	1	10
συναντώ	1	7
βοήθειά	1	7
ενδιαφέρει	1	10
ετύγχανε	1	8
προσεκτικής	1	11
επιφυλάξει	1	10
εκλεγμένοι	1	10
διαβεβαιώνω	1	11
επίμαχο	1	7
υπέχει	1	6
ύψιστης	1	7
ειλικρινή	1	9
ποιό	1	4
προγενέστερες	1	13
συνετέλεσαν	1	11
παγιοποίησης	1	12
επιφυλαχθούν	1	12
αναζητηθούν	1	11
ανέστρεφαν	1	10
υπονόμευαν	1	10
προσυπογράφω	1	12
περιορισθώ	1	10
παρουσιάσω	1	10
ingeborg	1	8
grässle	1	7
δαπανούνται	1	11
αποτελούσαν	1	11
καθίστατο	1	9
κοινοβουλίων	1	12
εαυτούς	1	7
εξωτερικοί	1	10
εδέχοντο	1	8
λακωνικά	1	8
ολλανδικού	1	10
είπε	1	4
αντισταθούν	1	11
ενσωμάτωσής	1	11
δευτερεύοντα	1	12
πραγματικότητες	1	15
συνεργασθεί	1	11
είκοσι	1	6
χρήσιμων	1	8
αμφίδρομη	1	9
επικεφαλής	1	10
υπευθύνων	1	9
επικονωνίας	1	11
σεβόμενο	1	8
φορολογούμενους	1	15
προτείνετε	1	10
καθιστούσαν	1	11
ηγέτες	1	6
ενεργεία	1	8
αναδιαρθρώνοντας	1	16
εισάγοντας	1	10
a'	1	2
b'	1	2
βρισκόμαστε	1	11
εξελισσόμενη	1	12
επαναξιολογεί	1	13
προτίθεμαι	1	10
συμμετάσχω	1	10
σκέπτεστε	1	9
υποχρεωμένα	1	11
πανηγυρικά	1	10
τηρώ	1	4
τιμήσει	1	7
συνεχίσω	1	8
πράττω	1	6
υπόλοιπη	1	8
ασκώ	1	4
εκλεγέν	1	7
eireann	1	7
κατείχα	1	7
βρείτε	1	6
ανατέθηκε	1	9
ζάχαρη	1	6
ξηρές	1	5
ζωοτροφές	1	9
εγκρίναμε	1	9
δημοσιεύσαμε	1	12
έτυχε	1	5
αναδείξαμε	1	10
υποστηρίξαμε	1	12
επαναξιολόγηση	1	14
ευχάριστη	1	9
εγκατέλειψα	1	11
μπανάνας	1	8
ξηρών	1	5
ζωοτροφών	1	9
nd	1	2
eports	1	6
ορίστηκα	1	8
oordination	1	11
valuation	1	9
ssurance	1	8
εξετάστηκαν	1	11
οργανώνω	1	8
προεδρεύω	1	9
συμβάλω	1	7
αποδεκτής	1	9
διαφωνίας	1	9
εισάγω	1	6
ακρίβειας	1	9
γνωμών	1	6
ηλεκτρονικό	1	11
προταθέντα	1	10
προκαταρκτικά	1	13
επιμόρφωσης	1	11
διασφάλιζε	1	10
επιτελεσθέντος	1	14
προσαρμοσμένο	1	13
προτείνω	1	8
κάλυπτε	1	7
upport	1	6
syst	1	4
em	1	2
μεθοδολογίας	1	12
βοηθήσω	1	7
διευκολύνω	1	10
ίδρυσα	1	6
εισάγουμε	1	9
εισήγαγα	1	8
υπενθυμιστούν	1	13
επιθυμούσα	1	10
αυξήσω	1	6
πλήρωση	1	7
κενού	1	5
συνιστώσας	1	10
επκαιροποίηση	1	13
ευθυγραμμισμένο	1	15
σύγχρονη	1	8
έρχομαι	1	7
ονόματος	1	8
ακολουθούνται	1	13
διαπιστώνονται	1	14
παράνομες	1	9
αποχρώσεις	1	10
ενήμερο	1	7
αποδέκτης	1	9
καταγγελιών	1	11
προκαταρκτικής	1	14
ανησυχίας	1	9
επικοινωνεί	1	11
ακριβέστερες	1	12
καταγγελίες	1	11
στοιχειοθετημένες	1	17
απατηλές	1	8
απατηλή	1	7
ερευνήσουν	1	10
εγερθέντα	1	9
διαβιβασθεί	1	11
τονίσω	1	6
λαμβάνουμε	1	10
παραμικρή	1	9
ατασθαλιών	1	10
ερευνώντας	1	10
ισχύοντα	1	8
οριστικοποίησης	1	15
απαντώντας	1	10
υπεισέλθω	1	9
προκαλούσε	1	10
ετύγχαναν	1	9
τασσόταν	1	8
υποψηφιότητάς	1	13
οδηγούσε	1	8
επανεξετάσω	1	11
κατάστασή	1	9
μεταφέρω	1	8
προβληματισμούς	1	15
τίμησε	1	6
κυβέρνησή	1	9
επώνυμο	1	7
alfons	1	6
hugo	1	4
arnold	1	6
οικογενειακή	1	12
πατέρας	1	7
λατινοελληνικό	1	14
γυμνάσιο	1	8
sinthubertuscollege	1	19
ufsia	1	5
αμβέρσα	1	7
ειδικότητα	1	10
νομισματικό	1	11
μάστερς	1	7
phil	1	4
ηβ	1	2
υπότροφος	1	9
διαμονές	1	8
εκπαιδευτικούς	1	14
εξάμηνη	1	7
βραβείο	1	7
εκπαιδευτικό	1	12
ταξίδι	1	6
ηγετών	1	6
nato	1	4
αστυνομικής	1	11
hano	1	4
hamontachel	1	11
ομοσπονδιακού	1	13
αξιώματα	1	8
διακοινοτικού	1	13
βιομηχανικού	1	12
πάρκου	1	6
noordlimburg	1	12
nolimpark	1	9
αε	1	2
tessenderlo	1	11
chemie	1	6
group	1	5
μισθοδοσίας	1	11
διορισμών	1	9
εγκυρότητα	1	10
καθορίστηκε	1	11
βοηθά	1	5
επιτέλεση	1	9
αποκλεισθεί	1	11
ρίζα	1	4
εξέχουσα	1	8
αποτιμώντας	1	11
απαλλάσσουν	1	11
εαυτά	1	5
δημοσιοποιώντας	1	15
προσπαθεί	1	9
βελτιώνει	1	9
καταλλήλως	1	10
σπουδαίο	1	8
επιστήσουμε	1	11
σύγρονη	1	7
ιστοσελίδα	1	10
επικοινωνική	1	12
υποχρεωμένο	1	11
λογοδοτεί	1	9
ευκρινή	1	7
σχέσειες	1	8
ανίχνευση	1	9
αιτιών	1	6
αναλυτικών	1	10
γενικευθούν	1	11
ελκυστικό	1	9
επιδιωκόμενοι	1	13
προτιθέμενοι	1	12
εισροών	1	7
εκροών	1	6
οικείους	1	8
νομοθετικούς	1	12
σπουδαιότερα	1	12
προσδιοριζόμενοι	1	16
προτιθέμενα	1	11
μετρήσιμα	1	9
εσωτερικοί	1	10
διαχωρισμένοι	1	13
αποτελεσματικός	1	15
εσωτερικός	1	10
πιθανούς	1	8
διορθωτικά	1	10
σωστές	1	6
εφιστάται	1	9
γενίκευση	1	9
δημοσίους	1	9
κουλτούρα	1	9
σύμφωνά	1	7
αποσαφηνίζει	1	12
σπουδαίες	1	9
ετήσιος	1	7
βλέπω	1	5
επακριβείς	1	10
φροντίζω	1	8
ρεαλιστικές	1	11
συζητώ	1	6
αντιπροσώπους	1	13
πρόθυμος	1	8
υποβάλλω	1	8
προβαίνω	1	8
αιτιολόγησή	1	11
απαντώ	1	6
γραπτές	1	7
προφορικές	1	10
θεσμοθετηθούν	1	13
θέρμη	1	5
προστιθέμεη	1	11
απλοποιηθούν	1	12
αποσαφηνιστούν	1	14
εκσυγχρονιστούν	1	15
δυσκολότερο	1	11
εγκυμονεί	1	9
ουσιαστικές	1	11
υποβαθμίζονται	1	14
ισχυρίζονται	1	12
μειοδοτικών	1	11
γραφειοκρατικές	1	15
πολυπλοκότητα	1	13
ειφορών	1	7
απλούστερες	1	11
λεχθεί	1	6
στερούνται	1	10
ευρύτερου	1	9
εισοδήματα	1	10
καταρτίζονται	1	13
εθιμική	1	7
συνήθεια	1	8
σχηματίσω	1	9
διάρθρωσης	1	10
εκτιμηθούν	1	10
διευρύνσεις	1	11
αναμένονται	1	11
διαπιστώνω	1	10
διαρθρώσεις	1	11
διάρθρωσή	1	9
πληροφορήθηκα	1	13
αναπροσαρμόστηκαν	1	17
παρατήρησε	1	10
μεταβίβασε	1	10
σηματοδοτεί	1	11
βαδίζει	1	7
σύγχρονο	1	8
αναθεωρούνται	1	13
σκέπτεσθε	1	9
λειτουργική	1	11
αποφύγω	1	7
ενεργώ	1	6
υιοθετήσω	1	9
σταματήσω	1	9
λειτούργημα	1	11
πόλο	1	4
επαγγελματικότητας	1	18
απόρρητο	1	8
ελεγχόμενους	1	12
συγκρουσθούν	1	12
αποβλέπω	1	8
θέλω	1	4
συνεργαστώ	1	10
εννοείται	1	9
συμμορφωθώ	1	10
συμπεράνετε	1	11
σπουδάσει	1	9
επιστήμες	1	9
εξειδικευθεί	1	12
εκπαίδευσή	1	10
λουβαίνη	1	8
λεγόμενους	1	10
χάλυβας	1	7
ναυτιλία	1	8
δαπάνησε	1	8
βρίσκονταν	1	10
διορίστηκα	1	10
εξακολουθώ	1	10
αντικαταστάτης	1	14
υποστηρίξω	1	10
εστάθηκε	1	8
περίπτωσή	1	9
αποδίδω	1	7
ασπάζονται	1	10
επαγγελματισμού	1	15
ανταποκρίνομαι	1	14
υπεδείχθη	1	9
ενημέρωσιν	1	10
γεννήθηκα	1	9
πάλμα	1	5
μαγιόρκα	1	8
διδάκτωρ	1	8
επίκουρος	1	9
valladolid	1	10
μεταπτυχιακές	1	13
βιέννης	1	7
χαϊδελβέργης	1	12
καθηγητή	1	8
klaus	1	5
vogel	1	5
κοσμήτορος	1	10
αντιπρυτάνεως	1	13
δημοσίευσα	1	10
ειδικότητάς	1	11
corporaciones	1	13
alemán	1	6
incidencia	1	10
fuentes	1	7
normativas	1	10
reparto	1	7
competencias	1	12
distintos	1	9
ámbitos	1	7
gobierno	1	8
autonomía	1	9
suficiencia	1	11
asimetría	1	9
estructura	1	10
ley	1	3
general	1	7
modelos	1	7
necesaria	1	9
reforma	1	7
autonomías	1	10
contenido	1	9
instrumentos	1	12
límites	1	7
corresponsabilidad	1	18
relaciones	1	10
interadministrativas	1	20
aplicación	1	10
tributos	1	8
elementos	1	9
jurídicos	1	9
principios	1	10
puntos	1	6
conexión	1	8
φορολογικοί	1	11
condicionamientos	1	17
constitucionales	1	16
codificación	1	12
tasas	1	5
públicos	1	8
privados	1	8
hacia	1	5
un	1	2
concepto	1	8
tributo	1	7
bloque	1	6
presupuestario	1	14
presupuesto	1	11
acompañamiento	1	14
estabilidad	1	11
decretoley	1	10
hecho	1	5
cuantificación	1	14
prestación	1	10
unidad	1	6
familiar	1	8
como	1	4
sujeto	1	6
ordenamiento	1	12
español	1	7
determinados	1	12
activos	1	7
financieros	1	11
tributación	1	11
entidades	1	9
previsión	1	9
tipo	1	4
gravamen	1	8
aspectos	1	8
fiscales	1	8
libre	1	5
circulación	1	11
capitales	1	9
comunidad	1	9
incrementos	1	11
patrimoniales	1	13
operaciones	1	11
residentes	1	10
eficacia	1	8
voluntad	1	8
partes	1	6
obligaciones	1	12
directiva	1	9
ce	1	2
relativa	1	8
al	1	2
común	1	5
aplicable	1	9
matrices	1	8
filiales	1	8
experiencia	1	11
revisión	1	8
actos	1	5
vía	1	3
administrativa	1	14
μετέφρασα	1	9
κλασικά	1	7
hnawiasky	1	9
cuestiones	1	10
fundamentales	1	13
ltrotabas	1	9
ensayo	1	6
fgeny	1	5
particularismo	1	14
χιιι	1	4
διοργάνωση	1	10
ημερίδων	1	8
λατινοαμερικανικού	1	18
χlv	1	3
ισπανικής	1	9
κοινοβουλευτικών	1	16
διακοινοβουλευτικής	1	19
νομικός	1	7
εθνοσυνέλευση	1	13
νικαράγουας	1	11
μανάγκουα	1	9
βενεζουέλα	1	10
διακυβερνητικού	1	15
καράκας	1	7
παραγουάης	1	10
θεσμικής	1	8
ασουνθιόν	1	9
συνοδευτικών	1	12
προϋπολογισμοί	1	14
εγώ	1	3
ακανθώδη	1	8
παρεμβαίνουν	1	12
τολμηρό	1	7
προσπελάσιμων	1	13
κάποιων	1	7
αφιερώνει	1	9
υπογραμμίζονται	1	15
vι	1	2
παραδρομές	1	10
προενταξιακές	1	13
διατυπώνοντας	1	13
υπογραμμίσουμε	1	14
κριτικές	1	8
όψεως	1	5
προσάπτει	1	9
κρίσιν	1	6
ενήργησαν	1	9
ήσαν	1	4
επιφορτισμένα	1	13
παρουσίασής	1	11
εξάγεται	1	8
επιδιωκόμενος	1	13
υποθέτω	1	7
φάνηκαν	1	7
μορφώσω	1	7
άγνωστες	1	8
συμμερίζονται	1	13
κύρος	1	5
ενδώσει	1	7
οποθενδήποτε	1	12
προερχόμενο	1	11
πειρασμό	1	8
καταγγείλει	1	11
θυσία	1	5
εξυπηρετώντας	1	13
ξένα	1	4
ανάγκην	1	7
περίπλοκη	1	9
πολλή	1	5
εκθέσεών	1	8
υποδείξω	1	8
προανέφερα	1	10
ενημέρωσής	1	10
τολμούσα	1	8
προβώ	1	5
προσπέλασης	1	11
ωφελούνται	1	10
συγχρηματοδοτούμενων	1	20
καταθέτει	1	9
παρατήρηση	1	10
αντίθετο	1	8
αυθαιρεσίας	1	11
αντιφατικό	1	10
αντιφατικές	1	11
αυθαίρετο	1	9
διαχειριστική	1	13
ουκ	1	3
διακήρυξη	1	9
ίδιων	1	5
τελωνειακοί	1	11
εισπράξουν	1	10
δυσχερειών	1	10
μικρά	1	5
αναλυθεί	1	8
σαφούς	1	6
εξειδίκευσης	1	12
επιμεριστούν	1	12
αποφασιστούν	1	12
εκτελεστούν	1	11
επιφορτισμένοι	1	14
εντολές	1	7
σταθεροί	1	8
χρησιμεύουν	1	11
τεθέντων	1	8
επίτευξή	1	8
διαφυλάσσει	1	11
οργανική	1	8
εκτέλεσής	1	9
εισπραχθούν	1	11
προβλεφθέντες	1	13
αρχικώς	1	7
βασίζονταν	1	10
αγνοούνται	1	10
ενυπάρχουν	1	10
αμφοτέρων	1	9
εδράζεται	1	9
κοινοβουλευτικά	1	15
περίεργο	1	8
συχνών	1	6
κάποιου	1	7
απλές	1	5
θεωρητικές	1	10
εκλογίκευση	1	11
παγίων	1	6
δικαιολογητικών	1	15
λέγεται	1	7
γραφειοκρατικών	1	15
διαχειριστικά	1	13
προϋποθέτουν	1	12
δυσανάλογη	1	10
διαγεγραμμένος	1	14
σταθμισθούν	1	11
προφανής	1	8
συναντώνται	1	11
σκεφτούμε	1	9
ασκηθούν	1	8
ταυτόχρονου	1	11
αναπόφευκτος	1	12
ήτο	1	3
εναλλακτικώς	1	12
φαινόταν	1	8
παρακινδυνευμένο	1	16
επιδιώκω	1	8
γίνω	1	4
μακρού	1	6
υποδείξουν	1	10
διαρθρώνεται	1	12
πηγαίνει	1	8
αναμφιβόλως	1	11
ακολουθώ	1	8
αποδέχομαι	1	10
κανενός	1	7
επηρεάζομαι	1	11
συναδέλφους	1	11
εκτελώ	1	6
διανοητική	1	10
εντιμότητα	1	10
αυστηρότητα	1	11
ακολουθώντας	1	12
επαγγελματικούς	1	15
απέχω	1	5
ενασχόλησής	1	11
ασυμβίβαστες	1	12
ενασχόληση	1	10
απόλυσης	1	8
παλαιότερα	1	10
απασχόλησή	1	10
προσχωρήσει	1	11
ψηφοδέλτιο	1	10
μένα	1	4
ενδιαφέρουσα	1	12
νομιμοφροσύνης	1	14
αυτοβούλως	1	10
έθεσα	1	5
βουλευτικές	1	11
διδακτορική	1	11
διατριβή	1	8
περιεστράφη	1	11
γνωστικό	1	8
κύκλος	1	6
ουσιώδες	1	8
ακαδημαϊκής	1	11
σύνθετου	1	8
αποκεντρωμένου	1	14
διηύθυνα	1	8
συντάχθηκαν	1	11
σύστημα·και	1	11
εντάχθηκε	1	9
έκτακτες	1	8
συζητήσεις	1	10
ισπανίας	1	8
μετείχα	1	7
γερουσίας	1	9
επιφορτισμένη	1	13
συνέταξε	1	8
informe	1	7
gestión	1	7
económico	1	9
financiera	1	10
σοσιαλιστική	1	12
συνοδευτικού	1	12
εκκρεμούν	1	9
συμβούλου	1	9
μπορώ	1	5
υποβαλλόταν	1	11
σήμαινε	1	7
βέβαιον	1	7
διττής	1	6
ενεργούσα	1	9
συνίστατο	1	9
αδυνατώ	1	7
υπέβαλα	1	7
εκδηλώσω	1	8
αποδεχθεί	1	9
υποψήφιου	1	9
υπεβλήθη	1	8
160b	1	4
campo	1	5
maior	1	5
εντεταλμένου	1	12
εργάσθηκε	1	9
διυπουργικής	1	12
εξελέγη	1	7
προσκεκλημένος	1	14
διασκέψεις	1	10
δημοσιεύσει	1	11
εκθέσω	1	6
συζητήσω	1	8
εντατικότερα	1	12
t.	1	2
σεμιναρίου	1	10
εξετάστηκε	1	10
προέκυψε	1	8
ακολούθησε	1	10
εγγενών	1	7
υπόλοιπους	1	10
σύνθετο	1	7
επιτάσσει	1	9
υποστήριξα	1	10
καταλληλότερο	1	13
λαθών	1	5
ουσιαστικότερη	1	14
εντοπίσθηκαν	1	12
διορθώθηκαν	1	11
εφικτός	1	7
εντοπισμός	1	10
επιτευχθείσα	1	12
ανακλούν	1	8
ισόρροπο	1	8
εντοπίζονται	1	12
μεταδίδοντάς	1	12
εκχωρούνται	1	11
ευπρόσδεκτο	1	11
μεθοδολογιών	1	12
εξαντλητική	1	11
σφαιρική	1	8
διατιθέμενων	1	12
έγκαιρες	1	8
επιτυγχανόμενων	1	15
περιοδική	1	9
διενεργούμενων	1	14
εξετασθούν	1	10
συνέβη	1	6
μαρτυρία	1	8
επιδίωκα	1	8
ανέκαθεν	1	8
αναπτύξω	1	8
αρμόδιου	1	8
εισηγητές	1	9
αποτέλεσε	1	9
προβληματισθούμε	1	16
παγίωση	1	7
δηλώσεων	1	8
επωφελής	1	8
συντακτικές	1	11
συστηματικές	1	12
εθελοντικού	1	11
υλοποιείται	1	11
προέδρων	1	8
διαρκές	1	7
μετέφερε	1	8
προοδευτικά	1	11
βαρύτητας	1	9
προαναφέρθηκαν	1	14
συζητούν	1	8
ας	1	2
προσδώσει	1	9
25μελούς	1	8
ευχερέστερη	1	11
απέκτησαν	1	9
πρωταγωνιστικό	1	14
επιχειρησιακή	1	13
ειδίκευση	1	9
προχωρήσει	1	10
αυτοαξιολόγηση	1	14
peer	1	4
review	1	6
ομοτίμους	1	9
απαραβίαστο	1	11
ορίσθηκα	1	8
όρκο	1	4
υποδείξεων	1	10
στάσης	1	6
ακεραιότητας	1	12
διακριτικότητας	1	15
χαράς	1	5
δηλώσω	1	6
προσθέσω	1	8
κατέθεσα	1	8
συζύγου	1	7
εργάσθηκα	1	9
συναφών	1	7
προήδρευσα	1	10
υπουργική	1	9
συνεργάστηκα	1	12
εκπόνησα	1	8
επέδειξα	1	8
λογιστικός	1	10
εξέφραζε	1	8
επαναληφθεί	1	11
frosinone	1	9
ένεκεν	1	6
μάρτιος	1	7
sapienza	1	8
έπαινο	1	6
ρώμη	1	4
δικηγορικού	1	11
επαγγέλματος	1	12
επιτυχών	1	8
τακτικού	1	8
βοηθού	1	6
περούτζια	1	9
υπάλληλος	1	9
δικηγόρος	1	9
atac	1	4
διαδοχικά	1	9
εισαγγελία	1	10
δικαιοδοτικά	1	12
διδακτικές	1	10
tor	1	3
vergata	1	7
lumsa	1	5
santissima	1	10
assunta	1	7
ακαδημαϊκά	1	10
πιστωτικού	1	10
κατοικιών	1	9
καθιέρωσε	1	9
ιταλική	1	7
ιταλικής	1	8
xvii	1	4
υόρκη	1	5
οργανωμένου	1	11
εγκλήματος	1	10
τεχνικοεπιστημονικής	1	20
χιλή	1	4
κολομβία	1	8
ουρουγουάη	1	10
αίγυπτος	1	8
επιδεικνύει	1	11
λατινικής	1	9
αμερικής	1	8
γράφει	1	6
ομιλεί	1	6
ξένες	1	5
γαλλικά	1	7
γερμανικών	1	10
valori	1	6
tecniche	1	8
giudizio	1	8
costituzionalit	1	15
spanish	1	7
constitution	1	12
context	1	7
dykinson	1	8
μαδρίτη	1	7
diritto	1	7
romano	1	6
ius	1	3
commune	1	7
europeo	1	7
index	1	5
processo	1	8
integrazione	1	12
ed	1	2
ecumene	1	7
esi	1	3
tribunali	1	9
l’amministrazione	1	17
politica	1	8
giudiziario	1	11
limiti	1	6
discendenti	1	11
dalla	1	5
separazione	1	11
poteri	1	6
archivio	1	8
giuridico	1	9
f.	1	2
serafini	1	8
protection	1	10
administration	1	14
independence	1	12
judicial	1	8
power	1	5
measures	1	8
responding	1	10
updated	1	7
documents	1	9
xiiith	1	6
international	1	13
congress	1	8
città	1	5
sole	1	4
lecce	1	5
articolazioni	1	13
dello	1	5
stato	1	5
sociale	1	7
iustitia	1	8
accesso	1	7
alla	1	4
sociali	1	7
comune	1	6
jovene	1	6
revista	1	7
católica	1	8
valparaíso	1	10
legalità	1	8
nelle	1	5
esperienze	1	10
giuridiche	1	10
contemporanee	1	13
ruolo	1	5
corti	1	5
nazionali	1	9
sopranazionali	1	14
congreso	1	8
internacional	1	13
filosofía	1	9
sociología	1	10
jurídicas	1	9
perspectivas	1	12
para	1	4
próximo	1	7
milenio	1	7
externado	1	9
colombia	1	8
μπογκοτά	1	8
nuova	1	5
corte	1	5
conti	1	5
l’ordinamento	1	13
comunitario	1	11
sulla	1	5
spesa	1	5
pubblica	1	8
atti	1	4
convegno	1	8
studi	1	5
tenutosi	1	8
bari	1	4
marzo	1	5
giuffrè	1	7
μιλάνο	1	6
σφάλματος	1	9
επέτρεπαν	1	9
αναφορών	1	8
εξαντλητικής	1	12
μειωτικό	1	8
αξιολογείται	1	12
βρίσκει	1	7
καταχωρίζοντας	1	14
ομοιογενείς	1	11
παραδείγματος	1	13
θεωρούσα	1	8
ανεπαρκειών	1	11
συγκρίσεις	1	10
αποδυναμωθεί	1	12
ανάμειξη	1	8
διοικήσεων	1	10
καθίσταντο	1	10
συμμετείχε	1	10
κάτωκάτω	1	8
αποτυπώνει	1	10
πιστότερο	1	9
αποκρύπτει	1	10
επιτυχίες	1	9
ασυμβατότητα	1	12
ευχερούς	1	8
συνδυασθούν	1	11
επιταγές	1	8
ευχερή	1	6
προσβάσιμη	1	10
τεχνικοπολιτικών	1	16
διαπνέεται	1	10
επιδίωξης	1	9
αντιπροσωπευτικών	1	17
αναμφίβολα	1	10
customer	1	8
satisfaction	1	12
πελάτη	1	6
έτσιο	1	5
επικούρησης	1	11
δικαστή	1	7
έννομη	1	6
τάξη	1	4
ακροάσεων	1	9
κοινοβουλευτικές	1	16
βουλή	1	5
καθιερώσουν	1	11
νομίζω	1	6
αναλάβω	1	7
ενέταξε	1	7
οδήγησε	1	7
παρέμβει	1	8
αναφέρομαι	1	10
ελεγκτικής	1	10
αναπροσδιορισμός	1	16
αποκλειστικότητα	1	16
υπενθυμίσουμε	1	13
συνταγματικές	1	13
τάξεις	1	6
ενδεχόμενος	1	11
επιμερισμός	1	11
ετερογενείς	1	11
μπορούσαμε	1	10
επιδιώξουμε	1	11
ξεπεραστεί	1	10
απλουστευθεί	1	12
συνοψίζονται	1	12
κωδικοποιεί	1	11
έπραξα	1	6
γόητρο	1	6
έχανε	1	5
νόημά	1	5
συμπεράσματά	1	12
υπαγορεύονται	1	13
εγγεγραμμένος	1	13
μοναδικά	1	8
ενδιαφέροντά	1	12
αντιπρόεδρός	1	12
συνταγματικά	1	12
εξωευρωπαϊκών	1	13
οργανωτικά	1	10
συντονιστή	1	10
συνέρχονται	1	11
υπήρξα	1	6
νώμη	1	4
απέσυρα	1	7
νοούνται	1	8
iτα	1	3
τραπεζικά	1	9
απόκτησή	1	8
υπερισχύον	1	10
λοιπές	1	6
υπερισχύοντος	1	13
προερχόμενες	1	12
διαβουλεύεται	1	13
ού	1	2
αριθ	1	4
εύλογο	1	6
τελών	1	5
εκπίπτουν	1	9
προκαταβολή	1	11
ανοικτές	1	8
προπαρασκευαστικό	1	17
ετοιμάζουν	1	10
ετοιμάζεται	1	11
επηρεάζεται	1	11
επηρεασθεί	1	10
ετοιμάζει	1	9
αναθεωρεί	1	9
πρόσφορα	1	8
ετοιμασίας	1	10
αναθεώρησής	1	11
εύλογα	1	6
ανακοινώνονται	1	14
ενωρίτερα	1	9
iiη	1	3
iiiεύλογα	1	9
χρονοδιαγράμματα	1	16
9a	1	2
βασίσθηκε	1	9
παρέλειψε	1	9
σοβαρότητας	1	11
πυ	1	2
πραγματωθούν	1	12
θαλάσσιοι	1	9
σύνθετοι	1	8
κόμβοι	1	6
λειτουργικότητα	1	15
λεγόμενη	1	8
τελ	1	3
περιείχε	1	8
αναγνώσεις	1	10
έντονων	1	7
αμφισβήτησαν	1	12
ήλθαν	1	5
ομοφωνία	1	8
συμβιβαζόμενοι	1	14
δρομολόγια	1	10
πλήρωμα	1	7
υπογραμμίζεται	1	14
ναυτιλίας	1	9
παρ’	1	4
ολομέλειας	1	10
έληξε	1	5
αμετάκλητα	1	10
ταυτίζεται	1	10
αποκλίνει	1	9
συντομότερη	1	11
υποτυπώδη	1	9
εμπράγματη	1	10
λεπτομερέστερα	1	14
συζητήσει	1	9
αναλυτικά	1	9
προετοιμασθούν	1	14
παρέθεσε	1	8
βασικότερα	1	10
αναλυτικής	1	10
αμφιλεγόμενα	1	12
οργάνωσε	1	8
προσκληθεί	1	10
sea	1	3
ports	1	5
organisation	1	12
-federation	1	11
private	1	7
port	1	4
operators	1	9
feport	1	6
freight	1	7
forwarders	1	10
clecat	1	6
maritime	1	8
pilot	1	5
empa	1	4
boatmen's	1	9
eba	1	3
tugowner	1	8
eta	1	3
shippers	1	8
esc	1	3
community	1	9
shipowners	1	10
ecsa	1	4
transportworkers	1	16
federation	1	10
etf	1	3
ακόλουθη	1	8
προτείνοντας	1	12
συναινεί	1	8
σύμπλεγμα	1	9
φορτοεκφορτώσεων	1	16
μεταφόρτωσης	1	12
εαυτή	1	5
σταθμίζοντας	1	12
κύκλων	1	6
αποδίδοντας	1	11
θεμιτός	1	7
πεπεισμένος	1	11
αρχηγούς	1	8
κατέδειξαν	1	10
περιείχαν	1	9
πάροχοι	1	7
διαγωνισμός	1	11
πάροχος	1	7
διευρυνθεί	1	10
τροπολογίας	1	11
ελλιμενισμού	1	12
ρυμούλκησης	1	11
πλοηγών	1	7
εξαιρεθούν	1	10
υποστηριζόμενη	1	14
συγκλίνουσες	1	12
ναυτιλιακών	1	11
παραγράφων	1	10
αντιανταγωνιστικές	1	18
ενισχύθηκε	1	10
οδηγούσαν	1	9
τροποποιηθείσα	1	14
μεμονωμένη	1	10
αιτιολογημένο	1	13
νοθεύει	1	7
ξεχωριστούς	1	11
μίσθωση	1	7
γενικότερης	1	11
διεκπεραιωθούν	1	14
φορτίου	1	7
λιμενικού	1	9
δημοσιευθείσα	1	13
ενδεχόμενων	1	11
πρότερη	1	7
ικανοποιεί	1	10
αμερόληπτα	1	10
ασφαλιστική	1	11
εγκαταστάσεών	1	13
συμβατοί	1	8
τακτικό	1	7
δημοσιοποιούνται	1	16
υποψήφιοι	1	9
πιστοποιητικά	1	13
εξετάσεις	1	9
υποψήφιους	1	10
ανακαλεί	1	8
έπαυσαν	1	7
έπαυσε	1	6
περιορίσουν	1	11
αποτροπής	1	9
εκτίθενται	1	10
λιμένος	1	7
χορηγήσει	1	9
διακινούνται	1	12
χωρητικότητας	1	13
δημοσιευμένη	1	12
έμμεσο	1	6
ενδιαφερομένου	1	14
ενδεχόμενους	1	12
επιλογής·τις	1	12
επιλεγέντος	1	11
καταληκτικής	1	12
κατάλληλος	1	10
οργανώνεται	1	11
αποζημιώνεται	1	13
νεοεπιλεγέντα	1	13
αποσβεσθεί	1	10
νεοεπιλεγείς	1	12
λαμβανομένου	1	12
απολογισμού	1	11
παρασχεθείσας	1	13
προκαθορισμένα	1	14
όσοι	1	4
παγίου	1	6
απασχολήσει	1	11
αμετάβλητες	1	11
υπάγονται	1	9
εξαιρούνται	1	11
απαίτησης	1	9
γέφυρες	1	7
εμπορευματοκιβωτίων	1	19
πλοίουξηράς	1	11
γερανογέφυρες	1	13
εκφόρτωσης	1	10
μεταβιβαστεί	1	12
αναφερόμενες	1	12
διάρκειες	1	9
ολικής	1	6
άπαξ	1	4
δημοσιοποιούν	1	13
κλάδων	1	6
λήξουν	1	6
ναυτικές	1	8
αναγνωρίσουν	1	12
οργανωτικούς	1	12
απαραίτητους	1	12
έμπειρα	1	7
πιστοποιητικών	1	14
αντικειμενικοί	1	14
υποδεικνύει	1	11
ρυθμίζεται	1	10
διευθετήσεις	1	12
έκριναν	1	7
υποβαθμίζει	1	11
χαμηλώνει	1	9
ισοτιμία	1	8
τν	1	2
ουρανού	1	7
θεμελιωδώς	1	10
επανεξετασθούν	1	14
εναέριου	1	8
διαμεθοριακών	1	13
αεροναυτιλίας	1	13
icao	1	4
eurocontrol	1	11
ανοίγοντας	1	10
πραγματοποιήθηκαν	1	17
ανεπίσημες	1	10
εξευρεθεί	1	9
συμβιβασμός	1	11
απέστειλε	1	9
ομοιάζει	1	8
ελαφρών	1	7
γλωσσομαθείς	1	12
νομικούς	1	8
αμφιβόλω	1	8
συνήφθη	1	7
εξετίμησε	1	9
μετέβαλε	1	8
προσυπογράψει	1	13
τοσούτω	1	7
προσηκόντως	1	11
τροποποιημένης	1	14
εναέρια	1	7
στρατιωτικής	1	12
επαναπροσδιορίσθηκε	1	19
επελέγη	1	7
ουρανό	1	6
διευκρινισθεί	1	13
απάντησιν	1	9
διετυπώθησαν	1	12
συνεπαγόταν	1	11
επιχειρησιακό	1	13
προχωρημένο	1	11
βεβαιώσεις	1	10
ανταλλάσσει	1	11
άδειά	1	5
χορήγησε	1	8
ανεγνώρισε	1	10
ειδικότητες	1	11
προσωρινώς	1	10
διαθέτοντες	1	11
11της	1	5
κρίθηκαν	1	8
υπερβολικές	1	11
περιελήφθησαν	1	13
arūnas	1	6
degutis	1	7
henry	1	5
nattrass	1	8
renate	1	6
sommer	1	6
jensen	1	6
marinus	1	7
wiersma	1	7
ανακοινώσει	1	11
nigel	1	5
farage	1	6
συνάφεια	1	8
αιτιολογίες	1	11
ουδόλως	1	7
εγκαταλειφθείσα	1	15
υιοθετηθεί	1	10
εμβέλειας	1	9
καθιερωθούν	1	11
ποσοτικοποιείται	1	16
μακρό	1	5
προκαθορισμένο	1	14
θεωρούσε	1	8
στατιστικός	1	11
εκείνος	1	7
ποσοτικοποίηση	1	14
προορισμού	1	10
επείγον	1	7
μαζικές	1	7
στρατηγικοί	1	11
δικαιολογούνται	1	15
προκαλέσουν	1	11
συνεκτικότητας	1	14
υστερούν	1	8
σιδήρου	1	7
ενσυνείδητα	1	11
δεσμευθούν	1	10
δράματα	1	7
αποχωρούν	1	9
μετειδίκευσης	1	13
επταετίας	1	9
τήρησαν	1	7
απέλυσαν	1	8
παραβαίνοντας	1	13
προέβησαν	1	9
αποκαλούμενων	1	13
ανάστροφων	1	10
μετακίνηση	1	10
απουσίας	1	8
συντονισμένων	1	13
ένωσης­	1	7
δημιουργήθηκαν	1	14
απωλέσθησαν	1	11
ποιότητά	1	8
αποτιμηθούν	1	11
προσαρμόζοντας	1	14
χορηγήθηκαν	1	11
ενεχόμενη	1	9
τοποθεσία	1	9
αίτημά	1	6
υπερβολικών	1	11
χορηγούμενη	1	11
βαρύνουν	1	8
διαρκείας	1	9
παραβιάζουν	1	11
επιμόνως	1	8
ενσκήψει	1	8
εστιασμένη	1	10
επλήγησαν	1	9
κρίσεις	1	7
ανοιχτό	1	7
μένοντας	1	8
πιστή	1	5
αυστηρότερων	1	12
συνοριακών	1	10
συστήνει	1	8
συμβάν	1	6
συγκινεί	1	8
έντονα	1	6
συνολικότερη	1	12
ελεγμένα	1	8
επεξεργαστούμε	1	14
μελετημένη	1	10
ονε	1	3
δικαιολογημένους	1	16
φόβους	1	6
αναπροσαρμογές	1	14
επιτοκίων	1	9
πρόσκαιρη	1	9
πράμα	1	5
αποκλίσεων	1	10
πιέσεων	1	7
σημάδεψαν	1	9
τελευταίους	1	11
αμοιβής	1	7
κλεισίματα	1	10
ανακατάταξης	1	12
δικαιολογημένο	1	14
αναρωτιέται	1	11
μακροοικονομικό	1	15
συμβούν	1	7
επιχειρήσεως	1	12
μιαν	1	4
κλεισίματος	1	11
ανατρέξουμε	1	11
plasman	1	7
διαφωτιστικά	1	12
κλαδικές	1	8
μέτρησαν	1	8
χάνονται	1	8
délocalisations	1	15
et	1	2
réductions	1	10
d’effectifs	1	11
dans	1	4
l’industrie	1	11
française	1	9
insee	1	5
χάθηκαν	1	7
μετεγκαταστάθηκαν	1	17
χαμηλούς	1	8
προορισμών	1	10
ανατολική	1	9
αφρική	1	6
νότιο	1	5
αμερική	1	7
παρατηρήσουμε	1	13
συναρτάται	1	10
οφείλουμε	1	9
κατοχυρώνεται	1	13
συνηγορούμε	1	11
απόλυτης	1	8
επέφερε	1	7
στασιμότητα	1	11
πρότασσε	1	8
αλληλέγγυα	1	10
αντίκειται	1	10
καλύπτουμε	1	10
αναπτυξιακό	1	11
έλλειμμα	1	8
χάσουμε	1	7
αντίστροφες	1	11
διέλθει	1	7
παραγωγικής	1	11
αναγκάσουν	1	10
αποδεχθούν	1	10
μισθό	1	5
μισθολογικού	1	12
επισημαίνουν	1	12
ελλείψει	1	8
ακριβούς	1	8
διάγνωσης	1	9
αντιμετωπίσουμε	1	15
αναθέτοντας	1	11
μετρήσει	1	8
ποσοτικοποιημένο	1	16
εξουδετέρωση	1	12
οργανώσουμε	1	11
βιομηχανικούς	1	13
δημιουργήσουμε	1	14
καιρώ	1	5
υπογράφονται	1	12
ιθύνοντες	1	9
μπορέσουμε	1	10
απαιτούμε	1	9
ερωτηματολόγιο	1	14
ενισχύσουμε	1	11
θέλουν	1	6
αφήνοντας	1	9
πίσω	1	4
απόγνωση	1	8
καταρτίζουν	1	11
επιστρέφουν	1	11
επιχορήγηση	1	11
τωρινή	1	6
κώδικας	1	7
αρκεί	1	5
εγκαθίδρυσης	1	12
ουσιώδης	1	8
είμαστε	1	7
πραγμάτωση	1	10
εργαστούν	1	9
διαφυλάξουν	1	11
μισθού	1	6
επισείοντας	1	11
βιώσιμο	1	7
δέλεαρ	1	6
ενδεχόμενου	1	11
αποδεχόμασταν	1	13
αναγκαζόμασταν	1	14
εισαγάγουμε	1	11
κινεζικό	1	8
ινδικό	1	6
εξακολουθούμε	1	13
επιθυμούμε	1	10
επιχειρήσουμε	1	13
ανάκαμψη	1	8
ποσοτικό	1	8
ποιοτικό	1	8
κινηθούν	1	8
σθένος	1	6
σιδηρουργία	1	11
γνωμοδοτικήες	1	13
raymond	1	7
langendries	1	11
lou	1	3
mcdonald	1	8
mantovani	1	9
lancker	1	7
βρυξέλλες	1	9
office	1	6
national	1	8
des	1	3
forêts	1	6
πολυλειτουργικού	1	16
εξαιρετική	1	10
διεργασίες	1	10
ανταποκρίθηκαν	1	14
ανέπαφο	1	7
οικοσύστημα	1	11
υποεθνικά	1	9
εδπ	1	3
υδπ	1	3
μισό	1	4
φθοράς	1	6
κατεστραμμένων	1	14
προχής	1	6
νόσους	1	6
παράσιτα	1	8
διάβρωση	1	8
επιθυμώντας	1	11
δασικές	1	7
ζωτικός	1	7
σεβασμού	1	8
αρκούν	1	6
επιτάχυνσης	1	11
αποδοκιμάζοντας	1	15
εφιστώντας	1	10
εκφράζοντας	1	11
του·	1	4
μελών·	1	6
εύφλεκτων	1	9
μονοκαλλιεργειών	1	16
ευκάλυπτοι	1	10
τροπικής	1	8
εύκρατης	1	8
δημιουργούνται	1	14
επικροτώντας	1	12
παράνομο	1	8
προτιμησιακών	1	13
άνθρακας	1	8
αποθηκεύεται	1	12
δεξαμενή	1	8
ανανέωσής	1	9
παραγωγικότητάς	1	15
μείγμα	1	6
ανόδου	1	6
ελλείμματος	1	11
υποκατάστατων	1	13
πλεονασματική	1	13
κοα	1	3
εκφραστεί	1	9
δευτερεύοντες	1	13
κλάδοι	1	6
αγροδασικά	1	10
ανακλάται	1	9
υπέρογκους	1	10
ιδιοκτήτη	1	9
αποδοτικότητά	1	13
κζ	1	2
κη	1	2
κθ	1	2
μετεξέλιξη	1	10
6ου	1	3
περιγραφείσες	1	13
συνθηκώνπλαίσιο	1	15
επιδράσεων	1	10
τομεακών	1	8
επιδιώξουν	1	10
ανέπτυξαν	1	9
cμpfe	1	5
όραμα	1	5
υπόλοιπων	1	9
unff	1	4
πολυλειτουργικός	1	16
mcpfe	1	5
προόδους	1	8
διυπηρεσιακής	1	13
διευθύνσεων	1	11
κάθετη	1	6
πολυλειτουργικότητας	1	20
βοσκοτόπια	1	10
καθιερωθεί	1	10
μονοπατιών	1	10
-και	1	4
πλεονάζουσας	1	12
διαφορετικής	1	12
καμένων	1	7
ειδικευμένης	1	12
εγκλήματα	1	9
επανεξετάσουν	1	13
ικανοποιητικά	1	13
κεφαλαιώδους	1	12
υλοτομίας	1	9
βελτιστοποιούν	1	14
κλιματικής	1	10
βλάπτεται	1	9
συνδυαστική	1	11
θερμότηταισχύς	1	14
ξυλείαςχαρτιού	1	14
δόθηκαν	1	7
συνενώσεων	1	10
βοηθηθούν	1	9
παραμεριστούν	1	13
χρήσεων	1	7
εισοδηματικές	1	13
μερικώς	1	7
φελλός	1	6
μανιτάρια	1	9
κυνήγι	1	6
κυνηγιού	1	8
παύλες	1	6
εγχωρίων	1	8
προξενούν	1	9
αντιστάθμισμα	1	13
μεριμνήσουν	1	11
υφιστάμενα	1	10
leonardo	1	8
erasmus	1	7
ιδιοκτητών	1	10
fsc	1	3
pefc	1	4
πιστοποιήσεων	1	13
φιλόδοξους	1	10
συνόδους	1	8
ψηλά	1	4
πήχυ	1	4
αγαπούν	1	7
πληθώρα	1	7
σχεδιάστηκαν	1	12
δεκαετιών	1	9
σαν	1	3
δικαιολογημένων	1	15
ερωτημάτων	1	10
επιχειρείται	1	12
σκιαγράφηση	1	11
πέρασε	1	6
σκελετό	1	7
καλυμμένα	1	9
τροπικές	1	8
επιφάνεια	1	9
μακρά	1	5
γενικότερο	1	10
brundtland	1	10
ρίζες	1	5
ιδιόκτητων	1	10
δάσοςξυλείαχαρτί	1	16
δευτερογενή	1	11
συζητήθηκε	1	10
εντατικά	1	8
επονομαζόμενο	1	13
ενδοιασμοί	1	10
πρωτογενής	1	10
συστηματοποιημένες	1	18
απαρχές	1	7
έτυχαν	1	6
απορρίφθηκε	1	11
στοχοθεσίες	1	11
περιορίζονταν	1	13
τυποποίησης	1	11
ακατέργαστης	1	12
μνημόνιο	1	8
οριοθετεί	1	9
σημαντικότερες	1	14
καλλιεργήσιμων	1	14
φελλό	1	5
πυροπροστασία	1	13
γενετικούς	1	10
ελήφθησαν	1	9
αναπροσανατολισμό	1	17
eurofor	1	7
συγκεκριμένοι	1	13
δέσμες	1	6
καταλήξουμε	1	11
δομημένου	1	9
απηύθυνε	1	8
επεξεργαστεί	1	12
αναπροσανατολισμός	1	18
6ο	1	2
διαρθρωμένες	1	12
σχήμα	1	5
αξιοποιείται	1	12
ετησίας	1	7
συγκεκριμενοποίηση	1	18
περιγράφηκαν	1	12
προσκήνιο	1	9
περιορισμένη·	1	13
βιοτόπων	1	8
αναχαιτίσει	1	11
χαράξει	1	7
δασών·	1	6
διακυβεύματα	1	12
ταυτόχρονους	1	12
αρκετούς	1	8
ικανοποιητικός·	1	15
συμβατό	1	7
μελήματα	1	8
πράσινων	1	8
forest	1	6
enforcement	1	11
trade	1	5
υλοτομημένης	1	12
υλοτομημένη	1	11
ανέπαφων	1	8
γκότενμπουργκ	1	13
προτιμησιακής	1	13
μοναδικές	1	9
ανανεώσιμο	1	10
πόρο·	1	5
διευρύνοντας	1	12
δείχνοντας	1	10
της·	1	4
μέλη·	1	5
αποφεύγοντας	1	12
εύφλεκτες	1	9
μονοκαλλιέργειες	1	16
ευκαλύπτων	1	10
αποδοκιμάζει	1	12
μεγαλύτερου	1	11
φροντίζει	1	9
χλωρίδας	1	8
παλιότερων	1	10
τομέα·	1	6
οικολογικών	1	11
παραμέτρων	1	10
δασοκομικού	1	11
αντιθέσεις	1	10
σάμι	1	4
εντοπίου	1	8
κατεπειγόντως	1	13
εθιμικών	1	8
εγγείων	1	7
avril	1	5
doyle	1	5
sonik	1	5
maciej	1	6
grabowski	1	9
martinez	1	8
διατηρήσεως	1	11
διαχειρίσεως	1	12
υδατοκαλλιέργεια	1	16
30ης	1	4
νεαρών	1	6
εκπληρώσει	1	10
δέσμευσή	1	8
μιλίων	1	6
προβλεπόταν	1	11
διαβουλευθεί	1	12
γνωμοδοτικού	1	12
διαρκέσουν	1	10
γερμανίας	1	9
δηλώσει	1	7
επιθυμητές	1	10
μπακαλιάρο	1	10
νταούκι	1	7
ατλαντικού	1	10
πεσκαντρίτσα	1	12
ασφαλών	1	7
μαύρου	1	6
ποσοτική	1	8
μεταβολών	1	9
γερμανικές	1	10
διενεργήσει	1	11
χωματίδα	1	8
σκοτία	1	6
κανονισμόπλαίσιο	1	16
–τις	1	4
επανεξέτασή	1	11
συμβολές	1	8
γνωμοδοτικό	1	11
μήκους	1	6
βενθοπελαγικών	1	14
ιστορικά	1	8
απαγόρευσε	1	10
δοκότρατες	1	10
ίππων	1	5
απαγορεύθηκε	1	12
μελετηθεί	1	9
πειραματική	1	11
καταρτιστούν	1	12
μηχανών	1	7
χορηγηθείσα	1	11
σύγκλησης	1	9
πλοιοκτητών	1	11
νήσους	1	6
παραθαλάσσιων	1	13
βιοπορισμό	1	10
antinio	1	7
κοινωνικοοικονομικά	1	19
υπεράκτια	1	9
βυθοκόρηση	1	10
θάλασσας	1	8
τροφικής	1	8
βαριές	1	6
ποικιλίες	1	9
πληγούν	1	7
ζωτικές	1	7
υπογραμμίζοντας	1	15
αναπτυγμένες	1	12
σωστού	1	6
αναπαραγωγή	1	11
απαγορεύσεων	1	12
απαρέγκλιτα	1	11
επανέλθουν	1	10
βιολογικά	1	9
άδηλης	1	6
αλληλοσυγκρουόμενους	1	20
απαγορευόμενες	1	14
ενδιαιτήματός	1	13
υποστηριχθούν	1	13
αποκεντρωτικής	1	14
ιδιαιτερότητα	1	13
κυριότερους	1	11
έμβιων	1	6
άσχημη	1	6
αναπαραγόμενων	1	14
προοδευτική	1	11
πρόθυρα	1	7
κατάρρευσης	1	11
βιώσιμους	1	9
ειδώνστόχων	1	11
επιλεκτικότητα	1	14
νεκρά	1	5
ανεπιθύμητα	1	11
παρεμπίπτοντα	1	13
δικτυωμάτων	1	11
τετράγωνα	1	9
μάτια	1	5
διαφεύγουν	1	10
αντιμετώπισε	1	12
δοκιμές	1	7
εθελοντική	1	10
αποχώρηση	1	9
τόπους	1	6
ποσοστώσεις	1	11
ελαστικότητα	1	12
κοραλλιογενείς	1	14
βραχώδεις	1	9
αλλοιώσουν	1	10
κοραλλιογενών	1	13
υφάλων	1	6
βορειοδυτικά	1	12
σκωτίας	1	7
υιοθετεί	1	8
προσδιορισμένες	1	15
αξιολογηθούν	1	12
βραχυπρόθεσμων	1	14
ενσωματώνοντας	1	14
οικολογικής	1	11
αντιπαραγωγικά	1	14
ρυθμιστική	1	10
συναινέσεως	1	11
λεπτομερέστερη	1	14
δοκιμή	1	6
μεμονωμένης	1	11
κανονικού	1	9
βραχυπρόθεσμες	1	14
αναλαμβάνοντας	1	14
επιτέλους	1	9
επιταγών	1	8
παρουσιάζοντας	1	14
εγγύς	1	5
πλήττεται	1	9
υπερεκμετάλλευση	1	16
σπατάλη	1	7
ενσωματώνονται	1	14
αποφυγήν	1	8
υπεραλίευσης	1	12
σωστών	1	6
μεγεθών	1	7
ωοτοκία	1	7
απαιτούμενου	1	12
μεγέθουςστόχου	1	14
στόλους	1	7
φιλικές	1	7
θέτοντας	1	8
όρη	1	3
κοραλλιογενή	1	12
φλοιό	1	5
ευαίσθητες	1	10
αντιστροφή	1	10
πτωτικής	1	8
αλιείες	1	7
διάχυση	1	7
εξαγωγής	1	8
αυγών	1	5
γόνου	1	5
φθάνουν	1	7
τεκμηριωθεί	1	11
εποχικές	1	8
options	1	7
utilisation	1	11
bycatch	1	7
discards	1	8
marine	1	6
capture	1	7
fisheries	1	9
απορριπτόμενων	1	14
ταξινομηθεί	1	11
αλιεύθηκαν	1	10
τυχαία	1	6
είδηστόχοι	1	10
θάνατοι	1	7
ανήλικα	1	7
επιτρεπόμενα	1	12
φύλα	1	4
είδουςστόχου	1	12
μηδενικής	1	9
χωροταξικό	1	10
εθελοντικές	1	11
σηματοδότες	1	11
υποβρύχιων	1	10
ηχοκυμάτων	1	10
εκπέμπουν	1	9
ήχο	1	3
δελφίνια	1	8
προσδένονται	1	12
δίχτυα	1	6
διόδους	1	7
διαφυγής	1	8
πλέξης	1	6
μεταλλικό	1	9
πλέγμα	1	6
αναγκάζει	1	9
κητοειδές	1	9
κινηθεί	1	7
βγει	1	4
δίχτυ	1	5
πετονιά	1	7
παρεμπίπτουσας	1	14
χελώνες	1	7
απαγορευμένες	1	13
κανονικό	1	8
ελέγξουν	1	8
εκφορτώσεις	1	11
άμεσους	1	7
ιχθύες	1	6
εκφορτώνονται	1	13
δύσκολος	1	8
ποσοτικός	1	9
μέριμνα	1	7
επανεκτίμηση	1	12
ρεαλιστικών	1	11
αναθεωρηθούν	1	12
πλοίου	1	6
στατικών	1	8
τηλεανίχνευσης	1	14
εντονότερο	1	10
αναπόφευκτα	1	11
επηρεάζονται	1	12
συσταθούν	1	9
θετικού	1	7
συνέβαλαν	1	9
ενίσχυσαν	1	9
στλαμβάνοντας	1	13
εκλύεται	1	8
συμβατική	1	9
αποδοτικότερης	1	14
εκμετάλλευσής	1	13
έκτη	1	4
ζητούμενη	1	9
λεπτομερεις	1	11
συστασεις	1	9
οσον	1	4
αφορα	1	5
ζητουμενης	1	10
αρχες	1	5
στοχοι	1	6
ρεαλιστικό	1	10
φιλόδοξο	1	8
εξάρτησής	1	9
συμβατά	1	7
ενεργειακώς	1	11
διαμεθοριακή	1	12
έβδομο	1	6
μετρα	1	5
πρεπει	1	6
προταθουν	1	9
ελάχιστον	1	9
σημερινού	1	9
αυξηθείσε	1	9
δεσμευτικοί	1	11
μερίδια	1	7
γεωθερμικής	1	11
ηλιακής	1	7
θερμικής	1	8
συνοικίας	1	9
ατμοσφαιρικής	1	13
ανανεώνεται	1	11
εφαρμοστέο	1	10
συγκρίσιμη	1	10
αδειοδότηση	1	11
πιστοποίηση	1	11
ταχείες	1	7
απλοποιημένες	1	13
απόδειξης	1	9
δίκαια	1	6
συγκαλυμμένη	1	12
μέγεθός	1	7
σταθμοί	1	7
ανακαίνισης	1	11
διανεμητική	1	11
χρηματοδοτούμενες	1	17
επιβαρύνονται	1	13
μετεκπαίδευσης	1	14
ανακαίνιση	1	10
εντείνονται	1	11
έυρωπαϊκό	1	9
σημάνσεις	1	9
φαινομένων	1	10
περιθωριοποίησης	1	16
ωφέλιμη	1	7
l1	1	2
περιλάβει	1	9
εμβαδού	1	7
τμ	1	2
κιλοβατώρες	1	11
τετραγωγικό	1	11
χρειαζόμαστε	1	12
καταφέρει	1	9
ανεξαρτητοποιηθεί	1	17
αυξανόμενου	1	11
κινδυνεύει	1	10
αυξήσεις	1	8
γαιάνθρακας	1	11
ουράνιο	1	7
απειλητικές	1	11
αμφιβολία	1	9
χειμώνα	1	7
καλοκαίρι	1	9
co2	1	3
βλαβερών	1	8
ωφεληθούν	1	9
προέλθει	1	8
αναξιοποίητες	1	13
στέρεα	1	6
βαρκελώνη	1	9
συγκεντρωμένο	1	13
συνυπολογίζονται	1	16
ηλίου	1	5
ανέμου	1	6
θεώρησε	1	7
ενισχυμένες	1	11
αργή	1	4
εγχειρήματα	1	11
πειστεί	1	7
υποχρεώνει	1	10
δεσμευτικούς	1	12
έκδηλα	1	6
συσσωματώματα	1	13
ήλιος	1	5
κοστίζουν	1	9
τίποτα	1	6
εξαλειφθούν	1	11
χαρακτήραii	1	11
γεωθερμία	1	9
δίδουν	1	6
καλέσει	1	7
πρωτοποριακή	1	12
elaboration	1	11
based	1	5
data	1	4
forecasted	1	10
technologies	1	12
implementation	1	14
promote	1	7
will	1	4
considerable	1	12
impact	1	6
amount	1	6
investments	1	11
made	1	4
order	1	5
least	1	5
billion	1	7
needed	1	6
over	1	4
period	1	6
if	1	2
whole	1	5
same	1	4
level	1	5
today	1	5
we	1	2
would	1	5
operation	1	9
mw	1	2
providing	1	9
twh	1	3
replacing	1	9
substantial	1	11
amounts	1	7
precious	1	8
fossil	1	6
instead	1	7
current	1	7
less	1	4
inhabitants	1	11
many	1	4
high	1	4
potential	1	9
much	1	4
below	1	5
taken	1	5
off	1	3
greece	1	6
surface	1	7
nearly	1	6
million	1	7
compared	1	8
around	1	6
german	1	6
market	1	6
three	1	5
spain	1	5
among	1	5
member	1	6
states	1	6
stands	1	6
out	1	3
about	1	5
communication	1	13
commission	1	10
parliament	1	10
enlarged	1	8
country	1	7
update	1	6
wgc	1	3
introduction	1	12
renewables	1	10
significant	1	11
employment	1	10
main	1	4
effects	1	7
were	1	4
during	1	6
last	1	4
four	1	4
years	1	5
ministry	1	8
environment	1	11
allocation	1	10
estif	1	5
targets	1	7
half	1	4
set	1	3
book	1	4
biofuels	1	8
other	1	5
transport	1	9
missing	1	7
projection	1	10
sees	1	4
production	1	10
which	1	5
means	1	5
quarter	1	7
generation	1	10
provided	1	8
policy	1	6
frameworks	1	10
introduced	1	10
graph	1	5
price	1	5
oil	1	3
purposes	1	8
wood	1	4
pellets	1	7
iwo	1	3
österreich	1	10
tecson	1	6
gmbh	1	4
ökowärme	1	8
ινι	1	3
αξιότιμε	1	8
πρόεδρε	1	7
προσαρτημένη	1	12
υλοποίησαν	1	10
διακυβερνητικής	1	15
τίτλοι	1	6
lenaerts	1	8
nuffel	1	6
sweet	1	5
maxwell	1	7
λονδίνο	1	7
υψηλόβαθμό	1	10
ενωσιακών	1	9
πανευρωπαϊκό	1	12
βιι	1	3
βιιι	1	4
μειωμένου	1	9
βιv	1	3
΄ηταν	1	5
πρότασηάσεις	1	12
περιλαμβάνεταιονται	1	19
dominique	1	9
vlasto	1	6
gunnar	1	6
hökmark	1	7
διεθνους	1	8
εμποριου	1	8
επανάσταση	1	10
αλληλεπίδραση	1	13
υποδηλώνουν	1	11
βρέθηκε	1	7
αντιμέτωπη	1	10
ηγετικής	1	8
δυναμικότερης	1	13
ανταγωνιστικότερης	1	18
υψηλότερους	1	11
περιβαλλοντικούς	1	16
ανταγωνίζονται	1	14
ηθελημένες	1	10
απειλώντας	1	10
αρνητικός	1	9
παγκόσμιου	1	10
διεύρυνσή	1	9
ανακαλύψει	1	10
μεγιστοποιηθούν	1	15
ενδιάμεσης	1	10
χειριστεί	1	9
ιστορικές	1	9
εγκαταλείψει	1	12
διαμορφώνουν	1	12
όντας	1	5
έτοιμη	1	6
αναγνωρισθούν	1	13
εποπτεύσει	1	10
αυθεντική	1	9
προστατευτισμού	1	15
υποστηρικτικό	1	13
πρόσβασή	1	8
μεγάλοι	1	7
βρίσκουν	1	8
προσθέτει	1	9
σχεδιασμένες	1	12
μετριάσουν	1	10
θετικών	1	7
παραποίησης	1	11
ταχύτερης	1	9
αποτελεσματικότερης	1	19
επίλυσης	1	8
επισπεύσουν	1	11
αξιολογούνται	1	13
εξέλιξή	1	7
δημογραφική	1	11
πολιτικούς	1	10
συνεργαστούν	1	12
υπευθυνότητα	1	12
φιλοδοξιών	1	10
πείσμα	1	6
διατήρησε	1	9
δεσπόζουσα	1	10
ανερχόμενων	1	11
ινδία	1	5
αποδώσουν	1	9
ανερχόμενης	1	11
–τα	1	3
προτύπων–	1	9
ανακατανομή	1	11
ενδεδειγμένες	1	13
διαφυλαχθούν	1	12
μονομερείς	1	10
αντίσταση	1	9
τελικη	1	6
arlene	1	6
mccarthy	1	8
cecilia	1	7
malmström	1	9
hartmut	1	7
nassaue	1	7
sieke	1	5
burgr	1	5
υπαγορεύει	1	10
αναγκαίας	1	9
ένταξή	1	6
οριζοντίου	1	10
συνυπολογισμός	1	14
προσδοκιών	1	10
συνέχειας	1	9
εντατικής	1	9
στατιστικούς	1	12
περιγραφικούς	1	13
κραυγαλέα	1	9
βιοτεχνίας	1	10
υφαντουργία	1	11
τεχνογνωσιών	1	12
δεσμών	1	6
απομακρυσμένεςε	1	15
ισότιμου	1	8
απαραίτητης	1	11
παρούσες	1	8
εξειδικεύουν	1	12
αναπροσαρμογών	1	14
αιτιολογείται	1	13
ανταπόκρισης	1	12
παρέχοντάς	1	10
εξωτερικά	1	9
εργαστήρια	1	10
αναγνωριστικότητας	1	18
εξαγωγικές	1	10
αξιοποιώντας	1	12
ανατρέχει	1	9
συνεχισθούν	1	11
προτιμήσεις	1	11
άλλαξαν	1	7
ημισυντήρησης	1	13
διαδοχή	1	7
τοπία	1	5
συνδεόμενη	1	10
ξηρασίες	1	8
σιτοδείες	1	9
συμβαίνουν	1	10
ρυθμίζουν	1	9
αποθηκεύουν	1	11
αέρια	1	5
κατολισθήσεις	1	13
περιθωρίου	1	10
κέρδους	1	7
ασκούνται	1	9
υποβοήθηση	1	10
παγίωσης	1	8
εμποδίζεται	1	11
παράγραφος1	1	11
συγκρατηθεί	1	11
παιδικούς	1	9
γηροκομεία	1	10
προσιτών	1	8
φροντίδας	1	9
οικοτεχνίας	1	11
επισημάνσεις	1	12
εκπαιδεύοντας	1	13
παλαιότερη	1	10
μεταδώσει	1	9
δεξιότητές	1	10
νεώτερη	1	7
ανοίγονται	1	10
τηλεργασίας	1	11
ύπαιθρος	1	8
πολιτισμική	1	11
αθλητικές	1	9
γαστρονομία	1	11
ειδικευμένα	1	11
τέχνη	1	5
αναζωογονηθούν	1	14
προσκομίζουν	1	12
ερήμωσης	1	8
ύφεση	1	5
8η	1	2
διανομή	1	7
πληθυσμιακών	1	12
αδύνατα	1	7
γνησίων	1	7
λαϊκής	1	6
σφαιρικότερη	1	12
εμβέλεια	1	8
οικισμών	1	8
εδαφικό	1	7
μεγιστοποιεί	1	12
συνέργιες	1	9
δοκιμασμένων	1	12
επίκληση	1	8
ενδοπεριφερειακή	1	16
απασχολούν	1	10
συμφωνήθηκε	1	11
συμπληρωθούν	1	12
πυλώνων	1	7
τέταρτος	1	8
εγκεκριμένου	1	12
δαπανηθεί	1	9
διασαφήνιση	1	11
καταμερισμός	1	12
παγιωμένη	1	9
στρατηγικά	1	10
παραθέτει	1	9
καθοδηγούνται	1	13
μεταφράσουν	1	11
ευθυγραμμισθεί	1	14
βιολογικής	1	10
κοινωνιών	1	9
συμβατότητας	1	12
εξαντλητικό	1	11
εισηγήτριά	1	10
κατατέθηκαν	1	11
προστεθούν	1	10
νεαρούς	1	7
τονιστούν	1	9
αβέβαιο	1	7
μερικών	1	7
αποσταθεροποιήσει	1	17
μετριάσει	1	9
επιταχυνόμενη	1	13
ολίγοις	1	7
fischerboel	1	11
ανέφερε	1	7
λυπηρό	1	6
αβέβαιη	1	7
καταλήστευση	1	12
αξιέπαινα	1	9
ανακύπτουν	1	10
πουθενά	1	7
αλληλεπικάλυψης	1	15
πότεπότε	1	8
αποσαφηνιστεί	1	13
τίνος	1	5
δασοκομικό	1	10
επάρκειες	1	9
προσθέσουν	1	10
πρωτογενών	1	10
δευτερογενής	1	12
καλού	1	5
συναφθούν	1	9
υπακούει	1	8
απεικόνιση	1	10
σύγχυση	1	7
αποσαφηνίσει	1	12
δίνεται	1	7
μικροαλλαγές	1	12
προστέθηκε	1	10
αδιαφορεί	1	9
κατευθύνει	1	10
αμειβόμενης	1	11
γηρατειά	1	8
αγγλική	1	7
ομοίως	1	6
tent	1	4
εκμεταλλεύσιμης	1	15
επιφανείας	1	10
ηπειρωτική	1	10
διάσπαρτο	1	9
ανιχνεύσιμο	1	11
αγρόκτημα	1	9
διττές	1	6
υποκίνησης	1	10
αρμόζουσας	1	10
πρωταρχικών	1	11
λιανικού	1	8
διανύουν	1	8
πωλήσεων	1	8
προωθητικών	1	11
ανακύκλωσης	1	11
περιφέρειας	1	11
εναλλαγής	1	9
παν	1	3
φραγμούς	1	8
παρεμβάλλονται	1	14
δράσεως	1	7
κατακράτηση	1	11
ρυπαντών	1	8
απόθεμα	1	7
κατολισθήσεις·	1	14
κατάστασής	1	10
επάρκειάς	1	9
δασοκομικές	1	11
ξηρασίας	1	8
χορηγηθούν	1	10
μόνιμα	1	6
επικαιροποίηση	1	14
αναπτυξιακά	1	11
ουσιώδους	1	9
ενοποιημένων	1	12
εθνότητας	1	9
αναχαίτιση	1	10
άμβλυνση	1	8
αθλητισμό	1	9
τουριστών	1	9
στηριζόμενοι	1	12
αυθεντικά	1	9
εδαφικά	1	7
εί	1	2
ούν	1	3
τεντ	1	4
όντες	1	5
άτλαντα	1	7
ατικών	1	6
ενημερωμένες	1	12
πλειόνων	1	8
επισήμων	1	8
επιδίδονται	1	11
υπόθεσης	1	8
υπόμνηση	1	8
επιταχύνει	1	10
εμπνέεται	1	9
αλλοδαπή	1	8
υπογράφηκε	1	10
χάγη	1	4
δικαστικού	1	10
ιούλιος	1	7
συμβουλευτικής	1	14
μάϊος	1	5
ζητήθηκε	1	8
mainstrat	1	9
φεβρουάριος	1	11
οργανώθηκαν	1	11
υπογραμμίζουν	1	13
επέτρεψε	1	8
ανέδειξαν	1	9
κυριότερα	1	9
διαπιστώθηκε	1	12
επιφορτισμένο	1	13
αμβλύνει	1	8
διαπιστώθηκαν	1	13
θεσπίζοντας	1	11
αναπέμποντάς	1	12
βαίνουν	1	7
αποκοπή	1	7
αμβλυνθεί	1	9
ταχυδρομικές	1	12
ευρετηρίου	1	10
επιλυθεί	1	8
καθορισμένες	1	12
εισητήςές	1	9
αντικαταστάθηκαν	1	16
προϋπ	1	5
ην	1	2
ρεcons	1	6
cομ1992	1	7
ρ6_τα	1	5
διαπιστωθεί	1	11
θόρυβος	1	7
μηχανικές	1	9
κύματα	1	6
διαχωρίσει	1	10
ξεχωριστή	1	9
θόρυβο	1	6
εκκρεμότητα	1	11
ακανθώδες	1	9
ηλιακό	1	6
φωτιές	1	6
ολοκλήρωσε	1	10
δεύτερή	1	7
εγκρίνοντας	1	11
άτυπα	1	5
πρώιμο	1	6
εναρκτήρια	1	10
tρakateλλης	1	11
διαπραγματευθούν	1	16
διασαφηνιστεί	1	13
τριμερής	1	8
διατεθειμένο	1	12
δεκτό	1	5
τριμερούς	1	9
συμβιβαστικών	1	13
επιβεβαιώθηκε	1	13
ταυτόσημη	1	9
ευθυγραμμιζόμενα	1	16
διαγράψουν	1	10
διάγνωση	1	8
επιζήμιων	1	9
ιατρική	1	7
πάσχει	1	6
προσδιορισμένη	1	14
νόσο	1	4
επιβλαβή	1	8
έκθεσής	1	7
συντριπτική	1	11
επιτεύχθηκαν	1	12
ικανοποιητικοί	1	14
συμβιβασμοί	1	11
επιτυχές	1	8
επιστολής	1	9
proinsias	1	9
rossa	1	5
jiří	1	4
maštálka	1	8
ursula	1	6
stenzel	1	7
δι'	1	3
επιστολών	1	9
διαπίστωσης	1	11
συμπροέδρους	1	12
διαβίβασή	1	9
προτεινόμενης	1	13
τροποποιήθηκε·	1	14
ευρατόμ·	1	8
ανάγνωσή	1	8
βάση·	1	5
αρνητικό	1	8
καιρικής	1	8
εξαπλασιάστηκαν	1	15
ευπάθειας	1	9
ουσιώδεις	1	9
ενσωματώνουν	1	12
πρόκλησης	1	9
υγροτόπων	1	9
ευαίσθητων	1	10
εξόχως	1	6
ιδιαίτερων	1	10
δυσχεράνουν	1	11
παρεμβατικών	1	12
συστήνεται	1	10
ευρισκόμενους	1	13
ηνωμένα	1	7
έθνη	1	4
4δ	1	2
απεμπόληση	1	10
ρυπαίνων	1	8
πληρώνει	1	8
βλάβη	1	5
προξένησαν	1	10
4ε	1	2
στρατιωτικές	1	12
ανθρωπογενείς	1	13
4στ	1	3
διενεργηθούν	1	12
4ζ	1	2
6a	1	2
εξοπλισμός	1	10
16α	1	3
16β	1	3
καλούσε	1	7
στενότερης	1	10
ελαχιστοποιούνται	1	17
συνέπειές	1	9
p6_ta	1	5
πολιτισιτικής	1	13
ενέργειες·	1	10
aa	1	2
σχετιζόμενων	1	12
καταστροφές·	1	12
εκπομπής	1	8
έγκαιρων	1	8
προειδοποιήσεων	1	15
επικαιροποιεί	1	13
ισοδύναμη	1	9
προσβάσιμες	1	11
εξειδικευμένες	1	14
μερισμός	1	8
πρακτικών·	1	10
επαγρύπνησης·	1	13
ζα	1	2
εξοπλισμό·	1	10
ανώτερης	1	8
παιδιών·	1	8
ιδβ	1	3
διατρέχουν	1	10
παρεμφερείς	1	11
εκτάκτου	1	8
καταστροφών·	1	12
δβ	1	2
αυτοπροστασίας·	1	15
συναγερμού	1	10
5β	1	2
5γ	1	2
εθελοντών	1	9
ανθρωπογενούς	1	13
κανονιστικής	1	12
επιτείνει	1	9
ικανότητά	1	9
αντεπεξέρχονται	1	15
ειδικοί	1	7
αντιθέτου	1	9
8a	1	2
μεγιστοποιηθεί	1	14
εκτάκτων	1	8
στενότεροι	1	10
δεσμοί	1	6
διαρθρωμένη	1	11
echo	1	4
10a	1	3
δυνατής	1	7
ληφθείσες	1	9
χορηγήσεων	1	10
προκάλεσε	1	9
τσουνάμι	1	8
ισχυρός	1	7
τροπικός	1	8
κυκλώνας	1	8
λουϊζιάνα	1	9
μισισιπή	1	8
ελβετία	1	7
κατέστρεψαν	1	11
υπενθύμισαν	1	11
υποβάθμιση	1	10
καταστήσουν	1	11
κορυφαία	1	8
επιτακτικός	1	11
αναμείνουμε	1	11
eκευρατόμ	1	9
ενεργοποιηθεί	1	13
πυρηνικά	1	8
λιχτενστάιν	1	11
νορβηγία	1	8
ισλανδία	1	8
προληπτικής	1	11
αναγκαίου	1	9
υφιστάμενο	1	10
κυρίαρχος	1	9
υπηρετούν	1	9
αποχωριστεί	1	11
αποφασιστική	1	12
συνεννόησης	1	11
ακούσια	1	7
ραδιολογικές	1	12
παράκτιο	1	8
πετρελαιοκηλίδα	1	15
συμπεφωνημένος	1	14
ορολογίας	1	9
δόγμα	1	5
εναπόκεινται	1	12
πρόσφορες	1	9
παλαιότερες	1	11
συμπληρωματικού	1	15
ύψους105	1	8
έγκυρη	1	6
υποστηρίζετε	1	12
l.	1	2
εμπεριέχονται	1	13
κρίθηκε	1	7
συνήθων	1	7
εκχωρούν	1	8
ecr1493	1	7
αντικειμενικών	1	14
ολλανδία	1	8
ενδελεχούς	1	10
ενεργοποίησης	1	13
se	1	2
δικαιολογείται	1	14
θεμελίωση	1	9
κατέθεσε	1	8
lópezinstúriz	1	13
αποχών	1	6
marek	1	5
aleksander	1	10
czarnecki	1	9
viktória	1	8
mohácsi	1	7
απόσυρση	1	8
lewandowski	1	11
πιλοτικό	1	8
επεμβάσεων	1	10
προελεύσεων	1	11
ταεε	1	4
αλληλοβοήθειας	1	14
απόδοσής	1	8
επιτόπου	1	8
επικέντρωσή	1	11
.και	1	4
επταετία	1	8
δημοσιευτεί	1	11
απ	1	2
ευθείας	1	7
αντίξοων	1	8
ανταπόκριση	1	11
διεξαχθούν	1	10
διαφώτισης	1	10
ανθρωπιστικά	1	12
αύξανε	1	6
antoine	1	7
duquesne	1	8
elly	1	4
groenkouwenhoven	1	16
timothy	1	7
kirkhope	1	8
lax	1	3
liam	1	4
aylward	1	7
callanan	1	8
foglietta	1	9
gyula	1	5
hegyi	1	5
isler	1	5
béguin	1	6
jules	1	5
maaten	1	6
μάριος	1	6
ματσάκης	1	8
wijkman	1	7
kartika	1	7
tamara	1	6
liotard	1	7
alojz	1	5
peterle	1	7
μνημονίων	1	9
συνυπογράφουσες	1	15
αναγνωρίζουν	1	12
σωματική	1	8
ψυχική	1	6
ηθική	1	5
γονέων	1	6
ρουχισμό	1	8
προσπελάσιμης	1	13
261e	1	4
68ε	1	3
77e	1	3
μακράν	1	6
αισθητή	1	7
μετρήσιμη	1	9
κατασπατάλησης	1	14
ανθρώπινων	1	10
δημογραφικών	1	12
επιμερίζει	1	10
οικουμενικότητα	1	15
ρηξικέλευθων	1	12
ποσοστό15%	1	10
απειλεί	1	7
επιδεινώνει	1	11
πάγωμα	1	6
συνεχιστούν	1	11
επεκταθούν	1	10
περιστασιακά	1	12
απασχολούμενοι	1	14
ηλικιωμένα	1	10
ασθενείς	1	8
άστεγοι	1	7
διακίνησης	1	10
ναρκωτικά	1	9
αλκοόλ	1	6
καίριας	1	7
παραμονή	1	8
προληφθεί	1	9
ευχής	1	5
έργον	1	5
προετοιμάσουν	1	13
εμπλέκουν	1	9
πλεονεκτημάτων	1	14
εξειδικευμένο	1	13
αυτονόητο	1	9
ικανοποιητικό	1	13
επανειλημμένες	1	14
επιμορφώσεις	1	12
κερδοσκοπική	1	12
δεκαεπτά	1	8
πλούσιες	1	8
πολυμελείς	1	10
άνεργους	1	8
υποαπασχολούμενους	1	18
προσήκοντα	1	10
βήματα	1	6
φτωχών	1	6
εισέρχονται	1	11
αντιμετωπίζεται	1	15
αυτοτελής	1	9
νησιωτικών	1	10
μεταδίδονται	1	12
προσκομμάτων	1	12
προσωπικές	1	10
εξαρτημένα	1	10
πάρουν	1	6
διακοπές	1	8
μητρότητας	1	10
γονικής	1	7
ποσοστών	1	8
εργασιακή	1	9
όλως	1	4
κάποιας	1	7
διευκολύνσεις	1	13
εμφυσά	1	6
αισθήματα	1	9
ικανούς	1	7
διδάσκονται	1	11
ξεκινώντας	1	10
στοιχειώδη	1	10
αναγκαιότητας	1	13
δυσμενούς	1	9
αποστερημένα	1	12
παρέλειψαν	1	10
ορισμένης	1	9
εναρμονισμένων	1	14
συνεκτίμηση	1	11
εμπλέκει	1	8
επιφορτισμένες	1	14
βιώνουν	1	7
αφιερώσει	1	9
αποτελεσματικότερων	1	19
καθυστερούν	1	11
αυταπασχόλησης	1	14
πιάνουν	1	7
δουλειά	1	7
–το	1	3
γηράσκον	1	8
εργασίας–	1	9
ηλικιακών	1	9
ενεργοί	1	7
προσλαμβάνουν	1	13
επανένταξη	1	10
αποκλεισμένων	1	13
εργασιακού	1	10
αποφύγουν	1	9
επωμίζονται	1	11
ενδεδειγμένη	1	12
επανένταξης	1	11
αναμένει	1	8
οικουμενική	1	11
θέλουμε	1	7
προάγουμε	1	9
προστατεύσουμε	1	14
εξαρτώμενων	1	11
εκτελέσουν	1	10
καθημερινές	1	11
προσωπικών	1	10
καταγράφουν	1	11
βιοτικό	1	7
συνεχούς	1	8
τόσον	1	5
ευθυγράμμισης	1	13
απλούστευσης	1	12
αντιδιαστολή	1	12
συνδυασμού	1	10
εργασιακής	1	10
ιδιάιτερη	1	9
φύλαξη	1	6
εισοδηματική	1	12
μητέρων	1	7
βέλτιστο	1	8
αναθεωρήσουν	1	12
προσδόκιμο	1	10
επιβίωσης	1	9
αποδοχές	1	8
ανακλώνται	1	10
χήρων	1	5
σπρώχνοντάς	1	11
σύντονη	1	7
απεριόριστη	1	11
υποψήφιων	1	9
υιοθέτησε	1	9
μεταφραστούν	1	12
διετών	1	6
εσδ	1	3
καταπολεμούν	1	12
κλιμακώνουν	1	11
ικανά	1	5
επικεντρώνονται	1	15
σαφέστερα	1	9
απειλούνταν	1	11
τοις	1	4
εκατό	1	5
ανέργους	1	8
μένουν	1	6
κυμαίνεται	1	10
σουηδία	1	7
ελλάδα	1	6
πρόωρη	1	6
εγκατάλειψη	1	11
ανατροφή	1	8
ευάλωτη	1	7
αλκοολισμός	1	11
πολλαπλώς	1	9
επισφαλείς	1	10
ατομική	1	7
αποτυχία	1	8
κομίζει	1	7
ρηξικέλευθες	1	12
συμβαδίζει	1	10
παρακινούνται	1	13
ανταποκριθούμε	1	14
ομαλής	1	6
τερματισμό	1	10
δεσμευτούν	1	10
εργάσιμου	1	9
βασικοί	1	7
κινητήριοι	1	10
μοχλοί	1	6
σχεδιαζόμενης	1	13
επέκτασης	1	9
ερχόμενο	1	8
πολυεπίπεδες	1	12
δρόμων	1	6
επαναπροσέλκυση	1	15
μεταβίβασή	1	10
υψηλότερα	1	9
βαλτικά	1	7
απηρχαιωμένη	1	12
βλέπει	1	6
εκπαιδευτικής	1	13
υστέρησης	1	9
νωρίς	1	5
σημειώνουν	1	10
βασικής	1	7
επανακατάρτιση	1	14
διασύνδεσης	1	11
πρακτικά	1	8
υπογραμμιστούν	1	14
ανέχεια	1	7
χαμηλότερου	1	11
βαλτικές	1	8
πληθυσμιακή	1	11
κακές	1	5
διετίας	1	7
συνεκτικών	1	10
αξιοπρέπεια	1	11
υγειονομικές	1	12
κλιμάκωση	1	9
ρόμα	1	4
θεωρούμε	1	8
πρώτιστες	1	9
αποδοχών	1	8
διευρύνεται	1	11
χαμηλόμισθοι	1	12
ρητή	1	4
τεχνολογικό	1	11
άνισες	1	6
σωρευτικό	1	9
φτωχά	1	5
χειρότερη	1	9
μακρινή	1	7
ανεπαρκείς	1	10
συνεπαγωγή	1	10
σωρευτικές	1	10
αυτοτελώς	1	9
σωρευτικά	1	9
δημογραφία	1	10
άνισων	1	6
γενίκευσης	1	10
σεξουαλικής	1	11
ατιμωρησίας	1	11
δραστών	1	7
άνισης	1	6
συστηματικά	1	11
gender	1	6
mainstreaming	1	13
μονογονεϊκή	1	11
άεργοι	1	6
μεγάλος	1	7
κεφαλή	1	6
συντηρούν	1	9
χαμηλότερες	1	11
εκτεθειμένα	1	11
ακολουθήσουν	1	12
προσλήψεων	1	10
πολυμελών	1	9
ρυθμού	1	6
εκμεταλλευθούν	1	14
δυσχερή	1	7
πολιτισμικές	1	12
συμπεριφορές	1	12
προστριβές	1	10
παρεξηγήσεις	1	12
δυσκολότερη	1	11
siiri	1	5
oviir	1	5
14ης	1	4
κέρδη	1	5
μετοχικό	1	8
ξεκίνημα	1	8
αναληφθείσα	1	11
ανακήρυξη	1	9
memo	1	4
χαρακτηρίζει	1	12
βασισμένου	1	10
πλήξουν	1	7
εξουθενώσουν	1	12
αξιοπρέπειάς	1	12
εξελίσσονται	1	12
αναπόφευκτες	1	12
προβλέψιμων	1	11
εξελίξεων	1	9
απρόσμενων	1	10
επαναστάσεων	1	12
αναληφθεισών	1	12
επενδυτικό	1	10
ερευνητικό	1	10
ξαφνική	1	7
καταναγκαστική	1	14
αδιάλειπτα	1	10
διαπιστώνουμε	1	13
αυστηρότερες	1	12
συσπείρωση	1	10
στρατηγικού	1	11
μεγάλους	1	8
ωθούν	1	5
προετοιμάζουν	1	13
συμμεριζόμενο	1	13
αντιβαίνουν	1	11
κρίνοντας	1	9
κεντρικού	1	9
αναγέννηση	1	10
ανύψωση	1	7
βιοτικού	1	8
ατομικό	1	7
πρόβλεψή	1	8
μένει	1	5
ανεκμετάλλευτο	1	14
μετακινηθούν	1	12
εκμάθησης	1	9
επικύρωση	1	9
γνωρίζοντας	1	11
αποκομίζουν	1	11
εκπονήσουν	1	10
θεσμών	1	6
εκδίδουν	1	8
ίδρυμα	1	6
erm	1	3
restructuring	1	13
monitor	1	7
βέλτιστα	1	8
ορατότητα	1	9
ικανοποιητικών	1	14
απομίμησης	1	10
επέλεξε	1	7
σημαντικού	1	10
συνώνυμες	1	9
πλαισίωσή	1	9
επιχειρούνται	1	13
δικαιολογημένες	1	15
διάσωση	1	7
μοχλός	1	6
κερδοφορίας	1	11
απολύσεων	1	9
χρηματοοικονομικούς	1	19
υπεραξίες	1	9
μετοχικών	1	9
αθέμιτων	1	8
επεκτατικών	1	11
εγχειρημάτων	1	12
διαμεσολάβησης	1	14
διαμεσολαβητών	1	14
συνεχείς	1	8
υποδεικνύουν	1	12
εξηγηθεί	1	8
προσμετράται	1	12
προωθητική	1	10
διαστάσεων	1	10
συνάφειας	1	9
μοχλών	1	6
societas	1	8
διπλώματος	1	10
επαναπροσανατολισμού	1	20
αμελούνται	1	10
προσανατολίζονται	1	17
τομεακής	1	8
συγκέντρωσης	1	12
απρόβλεπτο	1	10
δυσκολία	1	8
εδαφικού	1	8
τροφοδοτείται	1	13
δυνητικές	1	9
προετοιμάζεται	1	14
ουσιώδη	1	7
εταίρο	1	6
διατομεακών	1	11
ενδοτομεακών	1	12
διαθέσιμου	1	10
απάλειψη	1	8
ρυπογόνους	1	10
επικίνδυνες	1	11
περιβάλλοντα	1	12
απολυμένοι	1	10
καθεμία	1	7
αναδιαρθρωνόμενη	1	16
υπεργολαβικές	1	13
συγκαλυμμένες	1	13
διαγιγνώσκονται	1	15
φορές	1	5
απολυμένα	1	9
απόλυσή	1	7
συνάγει	1	7
χρηματοδοτικές	1	14
καταδικάζει	1	11
συγκαλυμμένων	1	13
δυσκολότερα	1	11
παράλογο	1	8
ανεπάρκειας	1	11
καλύτερους	1	10
ανιχνευσιμότητα	1	15
χρησιμοποίησή	1	13
παροχέτευσή	1	11
αποκλειστεί	1	11
προσήκουσας	1	11
διαπραγματευτούν	1	16
κεντρική	1	8
επιτελέσει	1	10
επεσήμαναν	1	10
moc	1	3
ανακατανεμηθούν	1	15
πλείστον	1	8
αδικαιολόγητων	1	14
ευκολότερα	1	10
μεταβατικούς	1	12
κυψελών	1	7
μισθωτού	1	8
άτυπων	1	6
απολυθέντων	1	11
επιχείρησής	1	11
εμπλοκή	1	7
εισηγήθηκε	1	10
βρετανική	1	9
προεδρία	1	8
monitoring	1	10
centre	1	6
change	1	6
emcc	1	4
αυτοδιοικήσεις	1	14
προβληματική	1	12
αναλύσεων	1	9
επιτελούμενων	1	13
πληροφορηθούμε	1	14
εμπορικούς	1	10
καταπολεμήσουν	1	14
απομίμηση	1	9
συνηθισμένο	1	11
κατανοηθεί	1	10
προσήκουσες	1	11
αισθητές	1	8
υφιστάμενου	1	11
αλληλεξαρτώμενοι	1	16
συγχωνεύσεων	1	12
αντίκεινται	1	11
διαδραμάτισε	1	12
σιδηρουργίας	1	12
ναυπηγικό	1	9
κατέδειξε	1	9
επαρκούσαν	1	10
κινήσεις	1	8
ευρύτητας	1	9
κρίσης	1	6
δυσχέρεια	1	9
άλλωστε	1	7
οριζόντιας	1	10
θεώρησης	1	8
πλαισίωσης	1	10
μεριμνήσουμε	1	12
αναπτύξουμε	1	11
συνυπευθυνότητας	1	16
προσαρμοστικότητα	1	17
εδράζονται	1	10
περιλαμβανομένου	1	16
επανατεθεί	1	10
διασύνδεσή	1	10
θεωρήσουμε	1	10
συναφές	1	7
εκφράσουμε	1	10
κινηθούμε	1	9
αόριστη	1	7
πρώτοι	1	6
αναλαμβάνουμε	1	13
φορολογικούς	1	12
ντάμπινγκ	1	9
παρεμβαίνει	1	11
συνώνυμο	1	8
μέλημά	1	6
θάρρος	1	6
επιδεικνύουμε	1	13
καθεμιάς	1	8
bennahmias	1	10
spautz	1	6
συμβόλων	1	8
απέναντι	1	8
σύγχυσης	1	8
εγγυημένου	1	10
παραδοσιακού	1	12
ιδιότυπου	1	9
αποδίδεται	1	10
γενεά	1	5
ξεχωρίζει	1	9
πόλεμο	1	6
ποπ	1	3
πγε	1	3
τεκμηριωμένο	1	12
βεβαίωση	1	8
ορατό	1	5
διαπίστευσή	1	11
ιδιωτικοί	1	9
μεταποιημένο	1	12
μεταποιημένου	1	13
αναπτυξης	1	9
2βνέο	1	5
αναπληρωτήςέςσύμφωνα	1	20
πόταση	1	6
samuelsen	1	9
συνοδευτικό	1	11
υποεξυπηρετούμενες	1	18
αγοραστρεφής	1	12
δευτερεύουσα	1	12
μελημάτων	1	9
απολογισμός	1	11
cardiff	1	7
2695ης	1	6
μεταρρυθμιστικά	1	15
προετοίμασαν	1	12
δράσουν	1	7
ειπείν	1	6
αποδεχτεί	1	9
χρονοδιαγράμματος	1	17
εμφανίζουν	1	10
περιορισμένες	1	13
προτρέψει	1	9
συνδρομητών	1	11
διπλασιασθεί	1	12
εξυπηρετούνται	1	14
συγκεντρωμένη	1	13
παρεχόμενων	1	11
συνυπολογίζεται	1	15
σπουδαστριών	1	12
ia	1	2
ib	1	2
βελτιωμένων	1	11
πλουσίου	1	8
συγκλινουσών	1	12
εμμέσως	1	7
πόρο	1	4
εέ	1	2
προχωρήσουν	1	11
κριτήριο	1	8
υπερκερασθεί	1	12
παρακμή	1	7
παθητικούς	1	10
καταρτίσει	1	10
ενεργούς	1	8
συμμέτοχους	1	11
επιτυγχάνοντας	1	14
συμπεριλάβουν	1	13
ουδέτερες	1	9
πανευρωπαϊκών	1	13
υψηλότερες	1	10
ανταγωνιστές	1	12
μετατραπούν	1	11
αποδείξεων	1	10
συνεχίζεται	1	11
έντονη	1	6
τύνιδας	1	7
εξετάζουν	1	9
μειώνουν	1	8
κτλ	1	3
τρόποι	1	6
διατηρείται	1	11
οριζόντιος	1	10
κάθετων	1	7
επιβλαβείς	1	10
κάθετες	1	7
παρεμποδίσουν	1	13
ευέλικτης	1	9
απλοποίησή	1	10
γρήγορη	1	7
παίζουν	1	7
ερμηνεύοντας	1	12
διατεθειμένοι	1	13
πιστεύσουν	1	10
εύχρηστα	1	8
ασύρματης	1	9
υποχρεώνονται	1	13
παραγωγού	1	9
πειρατικού	1	10
αυξανόμενες	1	11
διπλώματα	1	9
προστατευτικό	1	13
επιζήμιο	1	8
enisa	1	5
network	1	7
information	1	11
security	1	8
agency	1	6
τηλεόραση	1	9
εξελίσσεται	1	11
προσαρμοσμένη	1	13
βοηθούσε	1	8
ευνοϊκού	1	8
ανακαλώντας	1	11
περιττούς	1	9
προχωρώντας	1	11
συνδέσεις	1	9
αναγκαιότητά	1	12
πανευρωπαϊκά	1	12
ραδιοτηλεοπτικά	1	15
euronews	1	8
αγοραστρεφούς	1	13
αφεθεί	1	6
υπαχθεί	1	7
ταχύτατα	1	8
παρεμβολών	1	10
καταβλήθηκαν	1	12
δημοπρασίες	1	11
επιβράδυναν	1	11
κινητής	1	7
ευαισθητοποιηθούν	1	17
περιορίζει	1	10
ζωήςκαι	1	7
σχεδιάστηκε	1	11
εξαρχής	1	7
συντελεστεί	1	11
ισοζυγίου	1	9
καινοτόμος	1	10
λογισμικού	1	10
αρχιτεκτονικές	1	14
δικτυακών	1	9
ανταγωνιστικού	1	14
πλεονεκτήματος	1	14
cip	1	3
κινητήριων	1	10
αναχαιτισθεί	1	12
χαμηλές	1	7
ngn	1	3
ευημερία	1	8
αναζητήσουν	1	11
χρησιμότητας	1	12
καθοριστικός	1	12
ενεργοποιηθούν	1	14
προσβάσιμων	1	11
πλατφόρμες	1	10
ασφαλιστικής	1	12
απώτερο	1	7
ελεύθερης	1	9
απρόσκοπτης	1	11
μετακίνησης	1	11
δίνονται	1	8
προβάλλοντας	1	12
επερχόμενη	1	10
ένταξής	1	7
ευρωπαίος	1	9
προγραμματισμένη	1	16
γραμματισμού	1	12
κανένας	1	7
ανοικτών	1	8
διαλειτουργικών	1	15
ανασχεδιασμός	1	13
αναγκαστικά	1	11
ψηφιακά	1	7
απομόνωσης	1	10
υποφέρουν	1	9
εκθετική	1	8
μηνυμάτων	1	9
άκρως	1	5
παγιωθεί	1	8
δημιουργικών	1	12
αποδειχθούν	1	11
δύσκολη	1	7
προετοιμασθούμε	1	15
όλος	1	4
βιώσει	1	6
προσπαθήσουμε	1	13
δράσουμε	1	8
ανταγωνιστών	1	12
παράλληλους	1	11
ισοπεδώσει	1	10
αρχίσουμε	1	9
παρατηρούμε	1	11
society	1	7
τερματικών	1	10
οδικά	1	5
κονσέρβες	1	9
προειδοποιούν	1	13
περάσει	1	7
λήξεώς	1	6
ενεργοποιούν	1	12
αυτομάτως	1	9
αθόρυβο	1	7
κινηματογράφους	1	15
φορητά	1	6
τερματικά	1	9
κλειδιά	1	7
πορτοφόλια	1	10
κάτοχό	1	6
φύγει	1	5
σπίτι	1	5
ξεχάσει	1	7
σπίτια	1	6
εργοστάσια	1	10
έξυπνα	1	6
επικοινωνούν	1	12
αναφέρουν	1	9
αναμέναμε	1	9
φιλόδοξη	1	8
πει	1	3
κοιτάζει	1	8
οπισθοσκοπικό	1	13
καθρέφτη	1	8
ίσου	1	4
απηρχαιωμένες	1	13
ξεπερασμένη	1	11
επιζήμιου	1	9
ουσιαστικής	1	11
κυριαρχούν	1	10
συνειδητοποιούμε	1	16
ορθούς	1	6
ευνοϊκά	1	7
μηχανή	1	6
σωθεί	1	5
αυξήσουμε	1	9
αντικαταστήσουμε	1	16
παρουσιασθεί	1	12
αποϋλοποίηση	1	12
καταναλώνει	1	11
λιγότερους	1	10
ενυλοποίηση	1	11
αυτοκινήτων	1	11
αρτηριών	1	8
λιγότεροι	1	9
φυσικοί	1	7
αυλοποίηση	1	10
ταξιδίων	1	8
συνεργασίες	1	11
βίντεο	1	6
αυξημένης	1	9
15ης16ης	1	8
αναλογισθούμε	1	13
εκκρεμεί	1	8
ταχειών	1	7
ασύρματα	1	8
επιφυλακτικότητα	1	16
προετοιμάζοντας	1	15
μεταπώληση	1	10
φιλοσοφικής	1	11
ποιος	1	5
ολίγων	1	6
εμποδίσει	1	9
ξεκινήσουμε	1	11
επιζητήσουμε	1	12
μετρηθεί	1	8
αβεβαιότητα	1	11
αποκλείει	1	9
κανέναν	1	7
αγαθά–	1	6
διαθέτοντας	1	11
κοινωνικότητας	1	14
τύνιδαςtunis	1	12
commitment	1	10
τηλέφωνα–	1	9
επανακαθορισμός	1	15
ραδιοφώνου	1	10
ικανοποιητικού	1	14
ραχοκοκαλιά	1	11
εκμεταλλευτούν	1	14
δημιουργικότητάς	1	16
εκπέμπονται	1	11
καλλιτεχνικής	1	13
προστατεύοντας	1	14
christopher	1	11
beazley	1	7
berlinguer	1	10
descamps	1	8
jolanta	1	7
dičkutė	1	7
vasco	1	5
graça	1	5
moura	1	5
herrerotejedor	1	14
bernat	1	6
marí	1	4
doris	1	5
pack	1	4
prets	1	5
matteo	1	6
salvini	1	7
σηφουνάκης	1	10
hannu	1	5
takkula	1	7
wise	1	4
tomáš	1	5
zatloukal	1	9
αποδώσει	1	8
επαγρυπνά	1	9
δημιουργικές	1	12
γυναικείο	1	9
βρουν	1	5
-εξασφαλίζοντας	1	15
επωφελείς	1	9
συμπράξεις	1	10
ολοκληρωμένους	1	14
ετε	1	3
εναρμονίσουν	1	12
bersani	1	7
benoît	1	6
hamon	1	5
christoph	1	9
konrad	1	6
cristobal	1	9
montoro	1	7
romero	1	6
muscat	1	6
riisjørgensen	1	13
holger	1	6
krahmer	1	7
attardmontalto	1	14
δίοδο	1	5
καινοτόμους	1	11
γκέτενμποργκ	1	12
πολυλειτουργικής	1	16
ισορροπημένο	1	12
αυτάρκειας	1	10
υποκατάσταση	1	12
αγρότη	1	6
κόστουςωφέλειας	1	15
υπολογισθεί	1	11
σταθερά	1	7
οικονομικότερη	1	14
αποδοτικότερη	1	13
εξελισσόμενων	1	13
αναπτυσσομένων	1	14
συμβάλλοντας	1	12
καθοριστικά	1	11
παγκοσμίων	1	10
εξελιχθούν	1	10
εγκαταλειφθεί	1	13
βαμβάκι	1	7
ωφέλιμων	1	8
μετασχηματισμού	1	15
διοξειδίου	1	10
φορολογικές	1	11
επεκτείνουν	1	11
γονιμότητας	1	11
μαλλί	1	5
κοπριά	1	6
άχυρα	1	5
παραπροϊόντα	1	12
σφαγείων	1	8
ελαιούχων	1	9
σπόρων	1	6
χρησιμοποιημένα	1	15
ορυκτέλαια	1	10
πρίσεως	1	7
καύση	1	5
άχυρου	1	6
κατεργασίας	1	11
υπολειίμματα	1	12
αμφότερων	1	9
προσδοκάται	1	11
σύνθεσης	1	8
προσχωρήσουν	1	12
ενταχθούν	1	9
οριζόντιους	1	11
μεταρρυθμίζεται	1	15
ζαχαρότευτλων	1	13
ενδελεχής	1	9
πιθανότητες	1	11
ασφαλής	1	7
εφοδιασμός	1	10
απογραφή	1	8
ατομικών	1	8
συλλογικών	1	10
εμπειριών	1	9
αναπαραχθούν	1	12
ενδιαφέρουσες	1	13
ανακοίνωσής	1	11
μακροχρόνιου	1	12
οικονομοτεχνικές	1	16
εδαφοκλιματικές	1	15
εξοικονόμησης	1	13
παραπροϊόντων	1	13
αναληφθείσες	1	12
πρωταρχικά	1	10
υπαρχόντων	1	10
ασθενέστερου	1	12
καταρτισθούν	1	12
επιχειρησιακά	1	13
συγχρηματοδότησή	1	16
ενεργεικών	1	10
αναθεωρήσει	1	11
απεφάνθη	1	8
καταλληλότερων	1	14
αναερόβια	1	9
χώνευση	1	7
βιοαέριο	1	8
άρει	1	4
απλοποιημένο	1	12
αποσυνδεθούν	1	12
πριμοδοτήσεις	1	13
σταδιακής	1	9
διαχωρισθούν	1	12
προωθούνται	1	11
ικανό	1	5
εξάντληση	1	9
εκτιμήσει	1	9
πιθανά	1	6
συνδυάσει	1	9
προάγουν	1	8
πολυλειτουργική	1	15
ανεξέλεγκτη	1	11
εξάπλωση	1	8
χωροκατακτητικών	1	16
διακυβεύονται	1	13
αέρα	1	4
προσβάσιμης	1	11
προερχόμενων	1	12
ερευνητικού	1	11
αυτοκινητοβιομηχανία	1	20
χημικών	1	7
εφοδιαστεί	1	10
υγιεινά	1	7
πλαστικών	1	9
λιπαντικών	1	10
μονωτικών	1	9
φυτικά	1	6
λιναριού	1	8
κάνναβης	1	8
ινών	1	4
καταναλώνουν	1	12
παρασκευή	1	9
εμβολίων	1	8
ιατρικής	1	8
φυτοφαρμάκων	1	12
εντομοκτόνων	1	12
προερχομένων	1	12
λίπανση	1	7
φυτοπροστασία	1	13
καταναλωτική	1	12
ωφέλιμα	1	7
υποαλλεργικά	1	12
καλλυντικά	1	10
υπόσχονται	1	10
συνδυασμένη	1	11
χαρτιού	1	7
άχυρο	1	5
γεωργικούς	1	10
προσανατολιστούν	1	16
μαζικότερη	1	10
ατομικές	1	8
ξυλώδη	1	6
ιτέα	1	4
λεύκα	1	5
ποώδη	1	5
αγρωστώδη	1	9
αυτόχθονες	1	10
φυτοκοινωνίες	1	13
υποχρεωτικών	1	12
περικοπών	1	9
ανανεώσιμα	1	10
διαρκείς	1	8
διεξόδους	1	9
βιοδιυλιστηρίων	1	15
ευαισθητοποιήσουν	1	17
διοργανώνοντας	1	14
συνείδηση	1	9
παραβλεφθεί	1	11
βιοδιασπώμενων	1	14
ενέργειάς	1	9
πάγιας	1	6
βιοκαυσίμου	1	11
υποχρεωτικές	1	12
υποσχόμενων	1	11
προαγωγής	1	9
φοροαπαλλαγών	1	13
χειρισμό	1	8
στρέβλωση	1	9
διαμέσου	1	8
υπεραντιστάθμισης	1	17
δασμούς	1	7
μακρόχρονες	1	11
τονωθούν	1	8
αποθήκευσης	1	11
παρθένων	1	8
σκόπιμης	1	8
συνυπολογισμό	1	13
υδρογόνου	1	9
ακριβά	1	6
προαχθούν	1	9
τεράστια	1	8
ελευθέρωσης	1	11
ανταγωνιστούν	1	13
αξιοπρεπές	1	10
ανταγωνιστικοί	1	14
αναγκαστούν	1	11
εγκαταλείψουν	1	13
αποβεί	1	6
χρησιμοποιείτο	1	14
αποσύνδεση	1	10
θεσπίσθηκε	1	10
καλλιεργηθούν	1	13
προσαρμόσουν	1	12
αγρονομικές	1	11
καθαρό	1	6
περιθώριο	1	9
σκληρός	1	7
σίτος	1	5
ποικίλει	1	8
άρδευση	1	7
εισήχθη	1	7
γεωργό	1	6
προάγεται	1	9
πριμοδότηση	1	11
δασύλλια	1	8
βραχυχρόνιας	1	12
αμειψισποράς	1	12
μίσχανθο	1	8
εξουδετερώνοντας	1	16
γεωργοδασοπονίας	1	16
δυνατά	1	6
αναγνώρισε	1	10
ανεξάντλητες	1	12
αιολική	1	7
λύματα	1	6
πηγάζουν	1	8
ενεργειακά	1	10
εθελούσιας	1	10
υπολογίζεται	1	12
χρειαστούν	1	10
στερεών	1	7
δημητριακά	1	10
κράμβη	1	6
ηγείται	1	7
ανταγωνιστεί	1	12
καύσιμη	1	7
αλκοόλη	1	7
proalcool	1	9
αναμιγνύεται	1	12
υπερβεί	1	7
αλδεΰδης	1	8
ρυπογόνων	1	9
εξάμηνο	1	7
συμμετέχοντες	1	13
απαλλαγών	1	9
δασμός	1	6
φθηνών	1	6
συνθετικό	1	9
λιγνοκυτταρινούχο	1	17
ελαιούχες	1	9
επιφανειοδραστικές	1	18
λιπαντικά	1	9
διαλύτες	1	8
λινοτάπητες	1	11
αναφέρουμε	1	10
σόγια	1	5
ηλίανθο	1	7
λιναρόσπορο	1	11
βιολιπαντικών	1	13
έλαια	1	5
γενετικής	1	9
εισαγόμενες	1	11
φοινικέλαιο	1	11
φοινικέλαιου	1	12
ινδονησία	1	9
πιθανός	1	7
συγκολλητικά	1	12
κόλλες	1	6
αγροχημικές	1	11
σιτάρι	1	6
αραβόσιτος	1	10
τόνοι	1	5
πενταετίας	1	10
αρωματικές	1	10
βιοκτόνα	1	8
αρώματα	1	7
σινάπι	1	6
παπαρούνα	1	9
σουσάμι	1	7
θυμάρι	1	6
δενδρολίβανο	1	12
λεβάντα	1	7
μέντα	1	5
σοδειές	1	7
φθηνότερα	1	9
συνδράμουν	1	10
πλαστικά	1	8
επέστησε	1	8
εκτεταμένης	1	11
αειφόρων	1	8
πιθανό	1	6
επιβάρυνσης	1	11
ενοποιημένης	1	12
προσπαθήσει	1	11
αποθαρρύνεται	1	13
ενθαρρύνεται	1	12
πολλάκις	1	8
ελκυστικών	1	10
ανιχνεύσιμα	1	11
ασφαλέστερα	1	11
συγκριτικό	1	10
ωφελήσει	1	8
επικεντρώσουν	1	13
ευχαριστίες	1	11
διερευνητικές	1	13
αποδείχθηκαν	1	12
κατερίνα	1	8
μπατζελή	1	8
lutz	1	4
goepel	1	6
διαμάντω	1	8
μανωλάκου	1	9
jeffrey	1	7
titford	1	7
νοεµβρίου	1	9
µε	1	2
bur	1	3
δημοκρατικής	1	12
ευρίσκεται	1	10
επομένων	1	8
επιτελέσουν	1	11
συνασπιστεί	1	11
αποτελώντας	1	11
επιθυμίες	1	9
κκ	1	2
hoyer	1	5
rasmussen	1	9
francescato	1	11
maes	1	4
bertinotti	1	10
kaminski	1	8
bayrou	1	6
ruttelli	1	8
γραμματέας	1	10
προεδρ	1	6
αποσκοπείται	1	12
ιδίους	1	6
πλεόνασμα	1	9
κερδοσκοπικό	1	12
βελγικό	1	7
ευρύτατες	1	9
ζωντανοί	1	8
έρεισμα	1	7
ουσιαστικοί	1	11
κομματικών	1	10
βελτιωτικές	1	11
παραδεκτές	1	10
ασκήθηκε	1	8
έφεση	1	5
συνασπισμοί	1	11
ολοκληρώθηκε	1	12
οριστικοποίηση	1	14
προέβλεπε	1	9
μοίρασε	1	7
κλείδα	1	6
αίθουσες	1	8
διερμηνείας	1	11
περιττός	1	8
κόπος	1	5
ρυθμός	1	6
καταβολής	1	9
άριστα	1	6
εναρμονισμένος	1	14
ξεπερνούν	1	9
αυτοχρηματοδότησης	1	18
τρίμηνο	1	7
δυνατός	1	7
ευέλικτος	1	9
χειρισμός	1	9
ετήσιου	1	7
αντιδράσουν	1	11
απρόβλεπτα	1	10
μετατεθεί	1	9
αυξημένων	1	9
ταξιδιών	1	8
ερωτήματα	1	9
συμπληρώσουν	1	12
ευρωπαϊκοί	1	10
κατάλογοι	1	9
ευρωεκλογές	1	11
δημοψηφίσματα	1	13
ανάδειξης	1	9
εκλογή	1	6
προέδρου	1	8
κινημάτων	1	9
ταυτότητας	1	10
pa_nonleg	1	9
κερδοσκοπικός	1	13
εκπληρώνουν	1	11
h.	1	2
ευρύτατο	1	8
εγείρει	1	7
διευθέτηση	1	10
διεξοδικής	1	10
ελάχιστος	1	9
αναγκαίος	1	9
χρήματα	1	7
ρήτρας	1	6
παρέκκλισης	1	11
αποταμιευθεί	1	12
παρακρατούν	1	11
απαράδεκτο	1	10
επικοινωνιακά	1	13
διατάκτη	1	8
θεμιτό	1	6
διερευνήσει	1	11
τίτλοσ	1	6
jastimmen	1	9
neinstimmen	1	11
enthaltungen	1	12
΄αρθρο	1	6
jenspeter	1	9
bonde	1	5
carnero	1	7
corbett	1	7
dehaene	1	7
παναγιώτης	1	10
δημητρίου	1	9
andrew	1	6
duff	1	4
assunção	1	8
esteves	1	7
bronisław	1	9
geremek	1	7
ignasi	1	6
guardans	1	8
cambó	1	5
hannan	1	6
íñigo	1	5
méndez	1	6
vigo	1	4
mölzer	1	6
rihards	1	7
pīks	1	4
hansgert	1	8
poettering	1	10
sousa	1	5
pinto	1	5
stubb	1	5
onesta	1	6
αναιρούν	1	8
χρονοτριβή	1	10
προστατεύονταν	1	14
ανώνυμης	1	8
πλειοψηφική	1	11
εναπομένουσες	1	13
ιδιοκτησιακή	1	12
εισηγμένων	1	10
υπόλοιποι	1	9
παράγωγα	1	8
διευθυντικά	1	11
ύποπτων	1	7
επαναγοράς	1	10
σταθεροποίησης	1	14
σκιαγραφούν	1	11
δημοσιοποιήσουν	1	15
παύσει	1	6
αναγνωρισμένος	1	14
εμπειρογνώμονας	1	15
περισσότεροι	1	12
σχετικός	1	8
καταρτίστηκαν	1	13
εκτιμώμενη	1	10
εφ'	1	3
συντρέξει	1	9
δικών	1	5
ανώτατος	1	8
γνωστοποίησης	1	13
ακυρώσουν	1	9
αποκτηθείσες	1	12
ακυρωνόμενων	1	12
διανεμηθεί	1	10
κεφαλαιοποίηση	1	14
παραβλάπτει	1	11
πολυμερών	1	9
αντισυμβαλλομένου	1	17
συνυπολογιζομένης	1	17
ισολογισμό	1	10
παθητικού	1	9
διανεμητέο	1	10
αραίωση	1	7
dilution	1	8
συμμετοχών	1	10
23α	1	3
αμφισβητήσει	1	12
απευθυνθεί	1	10
εξουσία	1	7
εκδοθούν	1	8
απαλλάσσεται	1	12
γραπτής	1	7
προσδιορίσουν	1	13
κατόχους	1	8
πωλήσουν	1	8
εισηγμένη	1	9
ανακοινωθεί	1	11
αντισυμβαλλομένων	1	17
αναφέρθηκε	1	10
κατ’αναλογία	1	12
απλοποιήσεις	1	12
μεταβάλλουν	1	11
εξασθενίσουν	1	12
αυστηρές	1	8
δίδυμης	1	7
φόρτου	1	6
αξιέπαινη	1	9
προτεινόμενα	1	12
αποχώρησης	1	10
αμφισβητείται	1	13
χαρτιά	1	6
κεφαλαιακές	1	11
διανομές	1	8
προσδιορισθούν	1	14
κατοχύρωνε	1	10
εξετάζονταν	1	11
νομοθετικοί	1	11
ελαττωθεί	1	9
ιv	1	2
παρακωλύουν	1	11
model	1	5
business	1	8
corporation	1	11
act	1	3
απέκλεισε	1	9
νόμιμα	1	6
ανωφελή	1	7
τεχνάσματα	1	10
επιβαρύνουν	1	11
συγκριτικού	1	11
αντικανονική	1	12
ασυνεπή	1	7
μεταβαλλόμενων	1	14
επίτροπο	1	8
frits	1	5
bolkenstein	1	11
μεγιστοποιήσουμε	1	16
απλοποιήσουμε	1	13
ισχυρή	1	6
μειοψηφούντες	1	13
ευλυγισία	1	9
αποδοτικότερα	1	13
αναλογικού	1	10
καθυστερήσεων	1	13
ακατάλληλων	1	11
εγκαθίδρυση	1	11
δαπανηρές	1	9
ακατάλληλες	1	11
ανακριβείς	1	10
αυξάνοντας	1	10
συμπίεσης	1	9
εκποίησης	1	9
εξαγοράσουν	1	11
υποχρεώνουν	1	11
αγοράζουν	1	9
προαναφερθέντα	1	14
εφαρμοσθούν	1	11
εκσυγχρονισμένες	1	16
εξελισσόμενες	1	13
χαλάρωσης	1	9
κεφαλαιαγορά	1	12
υπερβολικά	1	10
αόριστοι	1	8
aρθρο	1	5
ανώνυμη	1	7
δανείου	1	7
σχετικα	1	7
α6	1	2
181α	1	4
