word_form	frequency	length
the	18897	3
of	10817	2
and	7426	3
to	6885	2
in	5461	2
for	3161	3
on	2402	2
be	1955	2
that	1754	4
is	1567	2
as	1525	2
or	1509	2
european	1492	8
by	1473	2
article	1382	7
with	1290	4
commission	1165	10
this	1021	4
shall	994	5
which	969	5
parliament	903	10
member	893	6
it	826	2
are	810	3
its	750	3
regulation	722	10
should	703	6
not	669	3
council	661	7
at	658	2
states	655	6
from	649	4
an	645	2
paragraph	639	9
community	638	9
new	588	3
committee	585	9
procedure	549	9
may	500	3
have	494	4
ec	493	2
date	492	4
development	470	11
proposal	468	8
their	442	5
financial	416	9
social	413	6
eu	412	2
court	405	5
directive	402	9
such	402	4
has	391	3
all	388	3
regard	386	6
other	371	5
information	368	11
rural	364	5
having	358	6
public	354	6
energy	348	6
no	344	2
's	343	2
under	340	5
point	330	5
also	329	4
health	329	6
any	327	3
can	327	3
national	324	8
will	323	4
decision	312	8
order	309	5
management	309	10
where	301	5
made	300	4
market	296	6
within	292	6
more	291	4
particular	287	10
claim	281	5
legal	280	5
’s	279	2
rules	277	5
measures	276	8
use	276	3
treaty	275	6
if	274	2
annex	271	5
opinion	271	7
out	264	3
these	263	5
state	263	5
final	261	5
common	259	6
been	255	4
into	253	4
between	253	7
basis	251	5
must	250	4
period	246	6
union	245	5
accordance	242	10
first	241	5
report	240	6
economic	240	8
food	240	4
cooperation	239	11
areas	238	5
up	238	2
present	236	7
text	235	4
members	234	7
majority	233	8
whereas	233	7
claims	231	6
position	230	8
calls	230	5
authority	226	9
only	225	4
services	221	8
ensure	220	6
they	218	4
policy	214	6
protection	211	10
than	208	4
proposed	206	8
appropriate	205	11
level	201	5
implementation	201	14
vote	195	4
those	195	5
recital	194	7
following	194	9
support	188	7
years	186	5
conditions	185	10
forestry	185	8
reading	184	7
local	183	5
necessary	182	9
employment	182	10
adopted	181	7
one	181	3
strategy	179	8
would	178	5
access	175	6
oj	175	2
account	175	7
taken	175	5
take	174	4
set	174	3
resolution	173	10
referred	173	8
framework	172	9
programme	172	9
transport	170	9
renewable	170	9
after	168	5
was	167	3
make	167	4
eec	166	3
provisions	166	10
environmental	164	13
environment	163	11
term	163	4
regional	162	8
service	159	7
but	158	3
including	156	9
rapporteur	155	10
legislative	155	11
provide	155	7
role	155	4
year	154	4
without	154	7
control	153	7
aid	153	3
concerned	152	9
application	152	11
sector	152	6
given	151	5
provided	151	8
apply	150	5
part	150	4
down	148	4
programmes	148	10
relevant	147	8
quality	147	7
projects	147	8
need	146	4
used	146	4
political	144	9
work	144	4
votes	142	5
actions	142	7
them	140	4
plenary	140	7
action	140	6
auditors	139	8
cast	138	4
objectives	138	10
communication	137	13
number	137	6
specific	137	8
rule	136	4
time	135	4
there	135	5
through	135	7
foods	134	5
means	133	5
resources	133	9
society	133	7
activities	132	10
based	131	5
body	131	4
subject	130	7
requirements	130	12
internal	129	8
countries	129	9
law	129	3
general	128	7
respect	127	7
products	127	8
well	126	4
major	124	5
possible	124	8
responsible	124	11
third	123	5
when	123	4
each	123	4
production	123	10
case	122	4
therefore	122	9
evaluation	122	10
sustainable	122	11
draft	121	5
view	121	4
people	121	6
available	120	9
office	120	6
growth	119	6
particularly	119	12
agreement	118	9
product	117	7
announced	116	9
instrument	116	10
so	115	2
funds	115	5
training	115	8
agricultural	115	12
second	114	6
regions	114	7
parties	114	7
consumer	114	8
audit	114	5
women	112	5
important	111	9
amended	110	7
considers	110	9
budget	110	6
systems	109	7
further	108	7
institutions	108	12
legislation	107	11
nutrition	107	9
value	107	5
cases	106	5
articles	106	8
way	106	3
submitted	106	9
increase	106	8
same	105	4
rights	105	6
promoting	105	9
p.	104	2
system	104	6
data	104	4
provision	104	9
regards	103	7
company	103	7
codecision	102	10
laid	102	4
administrative	102	14
concerning	102	10
your	102	4
assistance	102	10
scientific	101	10
effect	100	6
authorities	99	11
area	99	4
europe	99	6
natural	98	7
procedures	98	10
defined	97	7
importance	97	10
appointed	97	9
budgetary	97	9
restructuring	97	13
could	96	5
substitutes	96	11
international	96	13
established	96	11
needs	95	5
civil	95	5
contribution	95	12
education	95	9
amendments	94	10
affairs	94	7
research	93	8
least	93	5
bodies	92	6
authorisation	92	13
my	92	2
pursuant	91	8
guidelines	91	10
context	91	7
forward	90	7
ict	90	3
do	89	2
promote	89	7
interest	88	8
result	88	6
crossborder	88	11
both	88	4
however	86	7
existing	86	8
certain	86	7
title	86	5
contribute	86	10
sources	86	7
policies	85	8
agriculture	85	11
effective	84	9
potential	84	9
industry	83	8
published	83	9
principle	83	9
different	83	9
working	83	7
meaning	83	7
lisbon	83	6
priority	82	8
being	82	5
participation	82	13
opportunities	82	13
forest	82	6
objective	81	9
plan	81	4
some	80	4
duties	80	6
content	80	7
business	80	8
achieved	79	8
reference	79	9
indent	79	6
establishing	78	12
amount	78	6
help	78	4
payment	77	7
citizens	77	8
priorities	77	10
forests	77	7
amend	76	5
terms	76	5
opinions	76	8
already	76	7
points	76	6
nutrient	76	8
economy	76	7
fishing	76	7
place	75	5
impact	75	6
regulations	75	11
many	75	4
per	75	3
improving	75	9
language	74	8
taking	74	6
request	74	7
response	74	8
territorial	74	11
since	74	5
safety	74	6
against	74	7
key	74	3
field	74	5
right	74	5
stresses	74	8
crops	74	5
approve	73	7
departments	73	11
include	73	7
whether	73	7
before	73	6
high	73	4
standards	73	9
sectors	73	7
funding	73	7
egcc	73	4
section	72	7
country	72	7
deleted	72	7
discrimination	72	14
reduction	72	9
capital	72	7
component	71	9
president	71	9
implementing	71	12
future	71	6
own	71	3
notes	71	5
cohesion	71	8
italics	70	7
relating	70	8
force	70	5
essential	70	9
you	70	3
levels	69	6
main	69	4
coordination	69	12
various	69	7
able	69	4
competitiveness	69	15
director	69	8
develop	68	7
minimum	68	7
change	68	6
de	68	2
nature	68	6
port	68	4
over	67	4
investment	67	10
joint	66	5
does	66	4
companies	66	9
who	66	3
applicant	66	9
another	65	7
very	65	4
related	65	7
two	65	3
workers	65	7
end	65	3
equal	65	5
results	65	7
maximum	64	7
changes	64	7
were	64	4
poverty	64	7
axis	64	4
competent	63	9
once	63	4
three	63	5
monitoring	63	10
risk	63	4
activity	63	8
how	63	3
networks	62	8
preparation	62	11
adoption	62	8
relation	62	8
most	62	4
technical	62	9
assist	61	6
yet	61	3
december	61	8
attention	61	9
approach	61	8
commercial	61	10
question	61	8
naturally	61	9
instructs	60	9
process	60	7
ii	60	2
tourism	60	7
better	60	6
vehicles	60	8
innovation	60	10
five	60	4
heating	60	7
provides	59	8
discussed	59	9
total	59	5
form	59	4
nutritional	59	11
equality	59	8
technologies	59	12
march	58	5
fat	58	3
promotion	58	9
annual	58	6
shares	58	6
jobs	58	4
farming	58	7
according	57	9
competition	57	11
encourage	57	9
previous	57	8
january	57	7
during	57	6
proposals	57	9
special	57	7
likely	57	6
agency	57	6
cooling	57	7
parts	56	5
network	56	7
principles	56	10
added	56	5
trade	56	5
cultural	56	8
labour	56	6
higher	56	6
consultation	55	12
until	55	5
purposes	55	8
required	55	8
rapid	55	5
substance	55	9
quantity	55	8
project	55	7
gender	55	6
relocation	55	10
capacity	54	8
clear	54	5
diet	54	4
generally	54	9
costs	53	5
structural	53	10
achieve	53	7
board	53	5
list	53	4
give	53	4
applicable	53	10
current	53	7
groups	53	6
expenditure	53	11
forms	53	5
media	53	5
preparedness	53	12
fully	52	5
amending	52	8
submit	52	6
road	52	4
persons	52	7
what	52	4
definition	52	10
matter	52	6
grant	52	5
fund	52	4
review	52	6
while	52	5
assurance	52	9
agencies	52	8
reports	52	7
comply	51	6
subparagraph	51	12
population	51	10
situation	51	9
we	51	2
tasks	51	5
human	51	5
instruments	51	11
developing	51	10
improve	51	7
convention	51	10
million	51	7
security	51	8
fundamental	51	11
farmers	51	7
normal	50	6
infrastructure	50	14
establishment	50	13
less	50	4
latest	50	6
positive	50	8
businesses	50	10
strategic	50	9
biofuels	50	8
reject	49	6
references	49	10
individual	49	10
laws	49	4
statement	49	9
life	49	4
low	49	3
exclusion	49	9
criteria	48	8
greater	48	7
enhanced	48	8
organisation	48	12
rest	48	4
inform	48	6
play	48	4
knowledge	48	9
accepted	48	8
group	48	5
open	48	4
private	48	7
ensuring	47	8
together	47	8
origin	47	6
prevent	47	7
efficient	47	9
progress	47	8
strategies	47	10
diversification	47	15
covered	46	7
efficiency	46	10
adequate	46	8
aim	46	3
eligible	46	8
now	46	3
amendment	46	9
asked	46	5
equipment	46	9
party	46	5
representative	46	14
months	46	6
included	46	8
assessment	46	10
thus	46	4
day	46	3
about	46	5
significant	46	11
considered	46	10
executive	46	9
share	46	5
territory	45	9
scope	45	5
purpose	45	7
increased	45	9
problems	45	8
emergencies	45	11
phase	45	5
facilitate	45	10
event	45	5
limited	45	7
fact	45	4
integration	45	11
increasing	45	10
inclusion	45	9
type	44	4
digital	44	7
making	44	6
involved	44	8
several	44	7
receipt	44	7
implemented	44	11
issues	44	6
especially	44	10
finance	44	7
initiatives	44	11
suggested	43	9
approves	43	8
reduce	43	6
categories	43	10
reasons	43	7
applying	43	8
creation	43	8
responsibility	43	14
undertaken	43	10
age	43	3
overall	43	7
even	43	4
last	43	4
official	43	8
external	43	8
opportunity	43	11
highlighted	42	11
version	42	7
consideration	42	13
undertakings	42	12
efforts	42	7
factors	42	7
traditional	42	11
organisations	42	13
name	42	4
independent	42	11
justice	42	7
biomass	42	7
instance	41	8
errors	41	6
regulatory	41	10
detailed	41	8
create	41	6
adopt	41	5
tabled	41	6
goods	41	5
driver	41	6
above	41	5
setting	41	7
professional	41	12
good	41	4
nutrients	41	9
establish	41	9
meeting	41	7
meet	41	4
skills	41	6
institution	41	11
plans	41	5
technology	41	10
towards	40	7
risks	40	5
experience	40	10
issue	40	5
november	40	8
intended	40	8
granted	40	7
contains	40	8
diversity	40	9
young	40	5
document	40	8
box	40	3
applied	39	7
single	39	6
recent	39	6
comments	39	8
welcomes	39	8
consider	39	8
whole	39	5
carried	39	7
compliance	39	10
put	39	3
example	39	7
consumers	39	9
labelling	39	9
due	39	3
june	39	4
values	39	6
methods	39	7
decisions	39	9
awareness	39	9
communities	39	11
reform	39	6
global	39	6
element	39	7
highlighting	38	12
indication	38	10
using	38	5
contracts	38	9
balance	38	7
performance	38	11
treatment	38	9
rapporteurs	38	11
enable	38	6
clearly	38	7
prejudice	38	9
effects	38	7
documents	38	9
granting	38	8
limit	38	5
studies	38	7
operating	38	9
multiannual	38	11
entitled	38	8
euratom	38	7
showing	37	7
obvious	37	7
average	37	7
draw	37	4
intends	37	7
full	37	4
addition	37	8
benefit	37	7
physiological	37	13
matters	37	7
extended	37	8
publication	37	11
act	37	3
september	37	9
motion	37	6
world	37	5
fisheries	37	9
corrections	36	11
investments	36	11
entry	36	5
delivering	36	10
authorised	36	10
light	36	5
active	36	6
benefits	36	8
presentation	36	12
transparency	36	12
affected	36	8
direct	36	6
accounts	36	8
financing	36	9
encouraging	36	11
das	36	3
land	36	4
biodiversity	36	12
wood	36	4
urges	36	5
nonfood	36	7
shareholders	36	12
recommendation	35	14
bold	35	4
correction	35	10
omissions	35	9
checks	35	6
days	35	4
interests	35	9
furthermore	35	11
register	35	8
significantly	35	13
demand	35	6
creating	35	8
basic	35	5
climate	35	7
emergency	35	9
egtc	35	4
paper	35	5
guaranteed	35	10
sustainability	35	14
operators	34	9
introduction	34	12
regarding	34	9
consulted	34	9
carry	34	5
large	34	5
effectiveness	34	13
serious	34	7
partners	34	8
aspects	34	7
reduced	34	7
longer	34	6
providers	34	9
fish	34	4
produce	34	7
assess	34	6
because	34	7
materials	34	9
guarantee	34	9
commitments	34	11
integrated	34	10
reflect	33	7
approved	33	8
july	33	4
initiative	33	10
periods	33	7
daily	33	5
might	33	5
line	33	4
supervisory	33	11
competitive	33	11
water	33	5
rate	33	4
month	33	5
notably	33	7
procurement	33	11
transeuropean	33	13
combat	33	6
best	32	4
practice	32	8
substantially	32	13
cover	32	5
additional	32	10
abstentions	32	11
powers	32	6
drivers	32	7
undertaking	32	11
wording	32	7
itself	32	6
compromise	32	10
allow	32	5
continue	32	8
every	32	5
remain	32	6
markets	32	7
directly	32	8
supply	32	6
upon	32	4
source	32	6
representatives	32	15
focus	32	5
fields	32	6
recognition	32	11
deployment	32	10
judicial	32	8
fair	32	4
culture	32	7
innovative	32	10
prevention	32	10
marine	32	6
structure	31	9
course	31	6
committees	31	10
simplified	31	10
require	31	7
practices	31	9
extent	31	6
prior	31	5
again	31	5
similar	31	7
substances	31	10
identified	31	10
functions	31	9
amounts	31	7
notification	31	12
receive	31	7
care	31	4
sound	31	5
extend	31	6
hearing	31	7
coming	31	6
globalisation	31	13
except	30	6
either	30	6
electronic	30	10
believes	30	8
vehicle	30	7
outside	30	7
proper	30	6
connection	30	10
consulting	30	10
protect	30	7
takes	30	5
next	30	4
income	30	6
longterm	30	8
nondiscrimination	29	17
incentives	29	10
providing	29	9
mentioned	29	9
placed	29	6
grounds	29	7
long	29	4
balanced	29	8
among	29	5
advertising	29	11
delay	29	5
address	29	7
model	29	5
aimed	29	5
analysis	29	8
building	29	8
protocol	29	8
guarantees	29	10
appointment	29	11
directors	29	9
problem	29	7
assets	29	6
indicators	29	10
transparent	28	11
acquired	28	8
category	28	8
conclusions	28	11
elements	28	8
he	28	2
aims	28	4
his	28	3
then	28	4
communications	28	14
whose	28	5
difficult	28	9
useful	28	6
seek	28	4
agrifood	28	8
debate	28	6
mechanism	28	9
ways	28	4
commitment	28	10
ethnic	28	6
solidarity	28	10
ports	28	5
acquisition	28	11
fires	28	5
target	28	6
assent	27	6
avoid	27	5
exchange	27	8
statistics	27	10
nuts	27	4
replace	27	7
developed	27	9
circumstances	27	13
bring	27	5
compared	27	8
unless	27	6
weight	27	6
electricity	27	11
sodium	27	6
small	27	5
expressed	27	9
journal	27	7
industrial	27	10
supported	27	9
financed	27	8
constitutional	27	14
budgets	27	7
perspective	27	11
lead	27	4
actors	27	6
tax	27	3
price	27	5
disasters	27	9
depends	26	7
specified	26	9
agreed	26	6
vital	26	5
jan	26	3
far	26	3
limits	26	6
proposes	26	8
refer	26	5
children	26	8
processing	26	10
become	26	6
award	26	5
goals	26	5
responsibilities	26	16
allocated	26	9
draftsman	26	9
devoted	26	7
la	26	2
consequences	26	12
users	25	5
transactions	25	12
units	25	5
see	25	3
call	25	4
sufficient	25	10
carriage	25	8
conformity	25	10
chain	25	5
still	25	5
types	25	5
october	25	7
vitamins	25	8
minerals	25	8
permitted	25	9
consumption	25	11
chapter	25	7
property	25	8
monetary	25	8
possibility	25	11
fight	25	5
grants	25	6
throughout	25	10
billion	25	7
satellite	25	9
construction	25	12
study	25	5
university	25	10
lower	25	5
april	25	5
minister	25	8
independence	25	12
stakeholders	25	12
combating	25	9
reforms	25	7
planning	25	8
governance	25	10
protecting	25	10
cap	25	3
symbols	24	7
improvement	24	11
transfer	24	8
times	24	5
institutional	24	13
checked	24	7
driving	24	7
makes	24	5
sense	24	5
person	24	6
developments	24	12
describe	24	8
had	24	3
applications	24	12
called	24	6
technological	24	13
schemes	24	7
negative	24	8
experts	24	7
child	24	5
decisionmaking	24	14
stage	24	5
helping	24	7
enhance	24	7
processes	24	9
conciliation	24	12
lifelong	24	8
göteborg	24	8
adopting	23	8
manner	23	6
van	23	3
a6	23	2
standard	23	8
coherent	23	8
operations	23	10
effort	23	6
publish	23	7
hours	23	5
2a	23	2
contain	23	7
decided	23	7
range	23	5
designed	23	8
characteristics	23	15
claimed	23	7
reached	23	7
government	23	10
eligibility	23	11
freedom	23	7
decide	23	6
challenges	23	10
renewal	23	7
draftswoman	23	11
concern	23	7
chairman	23	8
living	23	6
targets	23	7
learning	23	8
determined	22	10
managing	22	8
created	22	7
enforcement	22	11
achieving	22	9
informed	22	8
roadside	22	8
infringements	22	13
giving	22	6
stated	22	6
recognised	22	10
carrying	22	8
restrictions	22	12
subsequent	22	10
conclusion	22	10
associated	22	10
needed	22	6
prefix	22	6
currently	22	9
selection	22	9
strengthening	22	13
primary	22	7
paid	22	4
edit	22	4
believe	22	7
early	22	5
employees	22	9
leader	22	6
heritage	22	8
i2010	22	5
spectrum	22	8
tariffs	21	7
equivalent	21	10
later	21	5
lack	21	4
josé	21	4
designated	21	10
namely	21	6
coordinated	21	11
irrespective	21	12
percentage	21	10
penalties	21	9
degree	21	6
listed	21	6
initial	21	7
material	21	8
requires	21	8
physical	21	8
acids	21	5
substantiation	21	14
smes	21	4
specifically	21	12
presented	21	9
relates	21	7
languages	21	9
supporting	21	10
maintain	21	8
held	21	4
received	21	8
oil	21	3
reporting	21	9
ownership	21	9
thereby	21	7
involvement	21	11
served	21	6
works	21	5
decentralised	21	13
provider	21	8
shetland	21	8
recalls	21	7
exceed	20	6
agreements	20	10
eg	20	2
iii	20	3
thereof	20	7
discharge	20	9
obligations	20	11
introduce	20	9
often	20	5
weekly	20	6
much	20	4
flexibility	20	11
indicated	20	9
el	20	2
accordingly	20	11
bear	20	4
maintenance	20	11
radio	20	5
live	20	4
licence	20	7
healthy	20	7
advice	20	6
profiles	20	8
disease	20	7
contained	20	9
free	20	4
mutual	20	6
mechanisms	20	10
incorporate	20	11
qualifications	20	14
sections	20	8
invest	20	6
programming	20	11
agenda	20	6
maria	20	5
charter	20	7
considerable	20	12
design	20	6
delegation	20	10
finances	20	8
approaches	20	10
job	20	3
partnership	20	11
reserves	20	8
raw	20	3
plaice	20	6
remote	20	6
guideline	20	9
cash	20	4
code	19	4
implement	19	9
nomination	19	10
asks	19	4
supports	19	8
adapt	19	5
recording	19	9
infringement	19	12
reducing	19	8
dialogue	19	8
influence	19	9
recommendations	19	15
saturated	19	9
carbohydrates	19	13
complex	19	7
suggests	19	8
absence	19	7
manufacturer	19	12
dossier	19	7
seeks	19	5
safeguard	19	9
approval	19	8
addressed	19	9
supplies	19	8
relations	19	9
phases	19	6
galileo	19	7
tent	19	4
racial	19	6
orientation	19	11
raising	19	7
conduct	19	7
accessible	19	10
urban	19	5
etc	19	3
fiscal	19	6
utilisation	19	11
recommends	19	10
soil	19	4
transmission	18	12
classification	18	14
suitable	18	8
enlargement	18	11
acting	18	6
centre	18	6
subsidiarity	18	12
secure	18	6
liability	18	9
original	18	8
measure	18	7
comprehensive	18	13
short	18	5
four	18	4
places	18	6
duration	18	8
follows	18	7
regulated	18	9
supplement	18	10
paragraphs	18	10
offered	18	7
loss	18	4
affect	18	6
allowed	18	7
substantiated	18	13
accompanied	18	11
favourable	18	10
findings	18	8
sugar	18	5
organic	18	7
alone	18	5
consult	18	7
difficulties	18	12
strengthen	18	10
elimination	18	11
oecd	18	4
operation	18	9
obstacles	18	9
features	18	8
ce	18	2
subsidy	18	7
administration	18	14
d.	18	2
mobilise	18	8
maritime	18	8
strong	18	6
manuel	18	6
emphasises	18	10
sexual	18	6
step	18	4
socioeconomic	18	13
underlying	18	10
audits	18	6
minority	18	8
am	18	2
face	18	4
deal	18	4
meetings	18	8
valuation	18	9
demands	18	7
decline	18	7
species	18	7
fuels	18	5
generation	18	10
axes	18	4
radiation	18	9
contract	17	8
offer	17	5
latter	17	6
drawing	17	7
region	17	6
emphasis	17	8
ie	17	2
real	17	4
marie	17	5
harmonisation	17	13
interoperability	17	16
registered	17	10
past	17	4
weeks	17	5
wide	17	4
transitional	17	12
enabling	17	8
issued	17	6
compensation	17	12
replaced	17	8
themselves	17	10
advantage	17	9
describing	17	10
reliable	17	8
directives	17	10
exist	17	5
importer	17	8
arrangements	17	12
concerns	17	8
prepare	17	7
proprietary	17	11
assessments	17	11
net	17	3
g.	17	2
laying	17	6
beneficiary	17	11
respective	17	10
involving	17	9
execution	17	9
radionavigation	17	15
method	17	6
facilitating	17	12
accreditation	17	13
a.	17	2
b.	17	2
sea	17	3
obligation	17	10
firms	17	5
pillar	17	6
religion	17	8
disability	17	10
men	17	3
javier	17	6
contributed	17	11
greenhouse	17	10
subscribed	17	10
transaction	17	11
gas	16	3
incurred	16	8
association	16	11
republic	16	8
base	16	4
characterised	16	13
appear	16	6
mobile	16	6
effectively	16	11
six	16	3
record	16	6
participate	16	11
allocation	16	10
too	16	3
revision	16	8
maintaining	16	11
bearing	16	7
regular	16	7
below	16	5
minutes	16	7
withdraw	16	8
recommended	16	11
promoted	16	8
determining	16	11
salt	16	4
asset	16	5
uses	16	4
marketing	16	9
beneficial	16	10
accompanying	16	12
differences	16	11
separate	16	8
derived	16	7
hereafter	16	9
tool	16	4
consequently	16	12
always	16	6
across	16	6
eur	16	3
inter	16	5
alia	16	4
proceedings	16	11
declaration	16	11
raise	16	5
stimulating	16	11
focused	16	7
indeed	16	6
attractive	16	10
giuseppe	16	8
nor	16	3
appointing	16	10
allowing	16	8
highlight	16	9
linked	16	6
staff	16	5
affecting	16	9
respond	16	7
auditing	16	8
spanish	16	7
receiving	16	9
dynamic	16	7
landscapes	16	10
waste	16	5
addressee	16	9
nondiscriminatory	15	17
operator	15	8
reason	15	6
smaller	15	7
uniform	15	7
comparable	15	10
like	15	4
texts	15	5
aetr	15	4
hand	15	4
follow	15	6
white	15	5
binding	15	7
broadcasting	15	12
derogation	15	10
deliver	15	7
condition	15	9
profile	15	7
depending	15	9
february	15	8
ability	15	7
da	15	2
interested	15	10
identify	15	8
details	15	7
intellectual	15	12
launch	15	6
cofinancing	15	11
exercise	15	8
behalf	15	6
task	15	4
applies	15	7
moreover	15	8
appropriations	15	14
money	15	5
home	15	4
pay	15	3
creditors	15	9
accept	15	6
draws	15	5
c.	15	2
traffic	15	7
successful	15	10
cost	15	4
rates	15	5
requested	15	9
personnel	15	9
intermediary	15	12
advisory	15	8
achievement	15	11
housing	15	7
pressure	15	8
encouraged	15	10
pomés	15	5
ruiz	15	4
160b	15	4
adar	15	4
improved	15	8
situations	15	10
internet	15	8
industries	15	10
preserving	15	10
timber	15	6
unemployment	15	12
habitats	15	8
preservation	15	12
expert	15	6
encourages	15	10
entrepreneurship	15	16
disaster	15	8
efficiently	14	11
harmonised	14	10
background	14	10
introduced	14	10
lays	14	4
presence	14	8
nos	14	3
correct	14	7
sufficiently	14	12
transnational	14	13
falling	14	7
keep	14	4
closely	14	7
exceeding	14	9
3a	14	2
back	14	4
counter	14	7
finally	14	7
just	14	4
recently	14	8
requirement	14	11
delivery	14	8
steps	14	5
notify	14	6
exposure	14	8
drawn	14	5
sugars	14	6
enterprises	14	11
marketed	14	8
properties	14	10
conservation	14	12
mass	14	4
label	14	5
properly	14	8
writing	14	7
substantial	14	11
guidance	14	8
barriers	14	8
described	14	9
represent	14	9
ferreira	14	8
modalities	14	10
respected	14	9
nongovernmental	14	15
grouping	14	8
interregional	14	13
institute	14	9
statutes	14	8
intervention	14	12
domain	14	6
description	14	11
defendant	14	9
extension	14	9
flexible	14	8
green	14	5
e.	14	2
build	14	5
central	14	7
subsidies	14	9
reasonable	14	10
realisation	14	11
depend	14	6
concrete	14	8
gargani	14	7
duty	14	4
subparagraphs	14	13
sex	14	3
corporate	14	9
friendly	14	8
confidence	14	10
daniel	14	6
islands	14	7
las	14	3
authorisations	14	14
dependent	14	9
preserve	14	8
multifunctional	14	15
producers	14	9
stocks	14	6
farm	14	4
fuel	14	4
shareholder	14	11
ubiquitous	14	10
statistical	13	11
dealing	13	7
structures	13	10
acts	13	4
desirable	13	9
disputed	13	8
juri	13	4
1a	13	2
inspection	13	10
negotiations	13	12
changed	13	7
antonio	13	7
interpretation	13	14
evidence	13	8
animal	13	6
controls	13	8
completed	13	9
facilities	13	10
protein	13	7
organisational	13	14
message	13	7
growing	13	7
roles	13	5
approximation	13	13
relationship	13	12
shown	13	5
expected	13	8
package	13	7
adverse	13	7
supplementary	13	13
soon	13	4
protected	13	9
justified	13	9
hereinafter	13	11
monitor	13	7
10a	13	3
preventing	13	10
vulnerable	13	10
requests	13	8
unsaturated	13	11
met	13	3
rail	13	4
united	13	6
geographical	13	12
ngos	13	4
deemed	13	6
covering	13	8
inside	13	6
candidate	13	9
attached	13	8
although	13	8
com	13	3
tend	13	4
compatible	13	10
air	13	3
payments	13	8
selected	13	8
del	13	3
events	13	6
f.	13	2
resolutions	13	11
neither	13	7
us	13	2
inequalities	13	12
dimension	13	9
fraud	13	5
illegal	13	7
governments	13	11
our	13	3
image	13	5
produced	13	8
speciality	13	10
en	13	2
wider	13	5
italian	13	7
highly	13	6
tools	13	5
suggestions	13	11
discards	13	8
fossil	13	6
families	13	8
outlets	13	7
biofuel	13	7
cultivation	13	11
user	12	4
offers	12	6
contractual	12	11
contracting	12	11
establishes	12	11
despite	12	7
practical	12	9
size	12	4
followed	12	8
endowment	12	9
budg	12	4
jean	12	4
garcía	12	6
coordinating	12	12
proportionality	12	15
engaged	12	7
premises	12	8
letter	12	6
function	12	8
committed	12	9
exception	12	9
modifications	12	13
convinced	12	9
increases	12	9
weaknesses	12	10
mean	12	4
maintained	12	10
den	12	3
week	12	4
restricted	12	10
repealing	12	9
mandatory	12	9
brought	12	7
consistent	12	10
fulfil	12	6
constitute	12	10
manual	12	6
diseases	12	8
campaigns	12	9
alcohol	12	7
exemptions	12	10
psychological	12	13
prohibits	12	9
multiple	12	8
representation	12	14
reasonably	12	10
notified	12	8
consistency	12	11
sets	12	4
continued	12	9
examine	12	7
fatfree	12	7
determine	12	9
standing	12	8
assisted	12	8
100ml	12	5
omega	12	5
households	12	10
define	12	6
cofinanced	12	10
7a	12	2
governing	12	9
operate	12	7
includes	12	8
mr	12	2
operational	12	11
reach	12	5
preliminary	12	11
revenue	12	7
remains	12	7
informing	12	9
connections	12	11
close	12	5
arising	12	7
rise	12	4
french	12	6
i.	12	2
agents	12	6
alternative	12	11
shows	12	5
benefiting	12	10
choice	12	6
olaf	12	4
incentive	12	9
know	12	4
broader	12	7
she	12	3
seminar	12	7
legality	12	8
regularity	12	10
coherence	12	9
personal	12	8
find	12	4
adviser	12	7
translated	12	10
democratic	12	10
emissions	12	9
worldwide	12	9
relocate	12	8
productivity	12	12
losses	12	6
energies	12	8
around	12	6
complement	12	10
critical	12	8
heat	12	4
ranging	12	7
broadband	12	9
generations	12	11
synergies	12	9
complementarity	12	15
extrajudicial	12	13
expression	12	10
pension	12	7
acquisitions	12	12
exists	11	6
favour	11	6
character	11	9
rather	11	6
zita	11	4
inland	11	6
solutions	11	9
journey	11	7
worked	11	6
planned	11	7
permit	11	6
rejected	11	8
starting	11	8
proportion	11	10
supervision	11	11
eight	11	5
speed	11	5
farms	11	5
kind	11	4
concluded	11	9
cause	11	5
suspend	11	7
containing	11	10
science	11	7
foodstuffs	11	10
exploitation	11	12
indicating	11	10
easily	11	6
comparison	11	10
understood	11	10
lists	11	5
particulars	11	11
preparing	11	9
complies	11	8
highest	11	7
fulfilled	11	9
words	11	5
found	11	5
understanding	11	13
meets	11	5
duly	11	4
functioning	11	11
great	11	5
herbert	11	7
family	11	6
entire	11	6
personality	11	11
competencies	11	12
organs	11	6
though	11	6
participating	11	13
composed	11	8
envisage	11	8
shared	11	6
others	11	6
known	11	5
foreseen	11	8
perspectives	11	12
components	11	10
complete	11	8
indicative	11	10
serve	11	5
claimant	11	8
appears	11	7
followup	11	8
spreading	11	9
undertake	11	9
mainly	11	6
herczog	11	7
agree	11	5
seems	11	5
simplification	11	14
adjustment	11	10
did	11	3
belief	11	6
power	11	5
councils	11	8
minorities	11	10
membership	11	10
players	11	7
widely	11	6
bauer	11	5
karin	11	5
geogheganquinn	11	14
curriculum	11	10
vitae	11	5
questionnaire	11	13
cocobu	11	6
clarity	11	7
seen	11	4
extremely	11	9
exercising	11	10
please	11	6
scheme	11	6
unfavourable	11	12
iles	11	4
braghetto	11	9
silva	11	5
modernisation	11	13
involve	11	7
relocations	11	11
economically	11	12
pollution	11	9
environmentally	11	15
knowledgebased	11	14
solomon	11	7
immediate	11	9
solar	11	5
burden	11	6
ageing	11	6
female	11	6
anticipating	11	12
icts	11	4
return	10	6
deadline	10	8
czech	10	5
diverse	10	7
ep	10	2
availability	10	12
definitions	10	11
recitals	10	8
stavros	10	7
elisabeth	10	9
richard	10	7
go	10	2
beyond	10	6
indicate	10	8
here	10	4
mind	10	4
completely	10	10
comes	10	5
easier	10	6
enter	10	5
raised	10	6
tonnes	10	6
defence	10	7
humanitarian	10	12
milk	10	4
specialised	10	11
competence	10	10
half	10	4
compulsory	10	10
varied	10	6
entrusted	10	9
aspect	10	6
behavioural	10	11
truthful	10	8
meaningful	10	10
timely	10	6
schools	10	7
suggest	10	7
prohibited	10	10
elsewhere	10	9
associations	10	12
applicants	10	10
constituents	10	12
warning	10	7
seven	10	5
ml	10	2
envisaged	10	9
rich	10	4
secretarygeneral	10	16
cycle	10	5
thomas	10	6
anna	10	4
indirectly	10	10
complementary	10	13
kyoto	10	5
reciprocal	10	10
covers	10	6
guaranteeing	10	12
beneficiaries	10	13
allows	10	6
groupings	10	9
entity	10	6
sole	10	4
success	10	7
constitution	10	12
wish	10	4
possibilities	10	13
threshold	10	9
liberties	10	9
signed	10	6
individuals	10	11
limitation	10	10
enhancing	10	9
loans	10	5
improvements	10	12
investors	10	9
estimated	10	9
site	10	4
maría	10	5
seán	10	4
neachtain	10	9
said	10	4
expressions	10	11
invited	10	7
answer	10	6
questions	10	9
extending	10	9
remarks	10	7
variety	10	7
positions	10	9
decisive	10	8
organised	10	9
disadvantaged	10	13
everyone	10	8
indirect	10	8
transposition	10	13
facing	10	6
horizontal	10	10
few	10	3
replies	10	7
nominee	10	7
irish	10	5
criticisms	10	10
prove	10	5
citizen	10	7
safeguarding	10	12
beginning	10	9
leaving	10	7
documentation	10	13
me	10	2
anticipate	10	10
uk	10	2
academic	10	8
h.	10	2
treaties	10	8
democracy	10	9
belonging	10	9
increasingly	10	12
advance	10	7
caused	10	6
pilotage	10	8
resulting	10	9
mobility	10	8
plants	10	6
landscape	10	9
carbon	10	6
economies	10	9
hectares	10	8
highlights	10	10
oriented	10	8
depopulation	10	12
specialities	10	12
attractiveness	10	14
childcare	10	9
older	10	5
optical	10	7
highquality	10	11
pensions	10	8
divide	10	6
insists	10	7
actual	9	6
firm	9	4
streamlining	9	12
harmonise	9	9
poland	9	6
appropriateness	9	15
rosa	9	4
wherever	9	8
adam	9	4
alain	9	5
designate	9	9
registration	9	12
correctly	9	9
tachograph	9	10
obtained	9	8
difference	9	10
removal	9	7
occur	9	5
figures	9	7
little	9	6
inés	9	4
ayala	9	5
sender	9	6
michael	9	7
luis	9	4
effected	9	8
conventional	9	12
permissible	9	11
collection	9	10
refuse	9	6
doing	9	5
universal	9	9
introductory	9	12
stress	9	6
transfatty	9	10
mediumsized	9	11
placing	9	7
english	9	7
excess	9	6
fatty	9	5
understand	9	10
consist	9	7
relate	9	6
sought	9	6
valid	9	5
enjoy	9	5
whenever	9	8
primarily	9	9
iv	9	2
considering	9	11
codex	9	5
judge	9	5
combination	9	11
transition	9	10
kurt	9	4
options	9	7
noted	9	5
biological	9	10
nationality	9	11
qualitative	9	11
customs	9	7
adequately	9	10
broad	9	5
concession	9	10
series	9	6
uncontested	9	11
option	9	6
whatever	9	8
enlarged	9	8
loan	9	4
mobilising	9	10
reality	9	7
ten	9	3
catalyst	9	8
stages	9	6
motions	9	7
hanspeter	9	9
imposed	9	7
expensive	9	9
genuine	9	7
reflection	9	10
discussion	9	10
cooperate	9	9
putting	9	7
predominantly	9	13
máire	9	5
offices	9	7
career	9	6
think	9	5
insofar	9	7
accountable	9	11
stability	9	9
spent	9	5
plays	9	5
gap	9	3
candidacy	9	9
casaca	9	6
karel	9	5
pinxten	9	7
changing	9	8
taxation	9	8
massimo	9	7
vari	9	4
necessity	9	9
v.	9	2
seeking	9	7
opening	9	7
recognises	9	10
zbigniew	9	8
off	9	3
spatial	9	7
reiterates	9	10
r&d	9	3
heinz	9	5
kindermann	9	10
ecological	9	10
carmen	9	6
fraga	9	5
estévez	9	7
germany	9	7
fishermen	9	9
challenge	9	9
thermal	9	7
welfare	9	7
periurban	9	9
crafts	9	6
transferable	9	12
strengths	9	9
artificial	9	10
convergence	9	11
setaside	9	8
bureau	9	6
revaluation	9	11
nominal	9	7
whilst	8	6
charges	8	7
simplify	8	8
hungary	8	7
aids	8	4
miguélez	8	8
ramos	8	5
responding	8	10
francesco	8	9
lambert	8	7
louis	8	5
markov	8	6
organise	8	8
passengers	8	10
safe	8	4
detected	8	8
freight	8	7
robert	8	6
dover	8	5
fitted	8	6
conjunction	8	11
consequence	8	11
assigned	8	8
combinations	8	12
immediately	8	11
4a	8	2
employers	8	9
wholly	8	6
collective	8	10
postal	8	6
exceptions	8	10
sentence	8	8
run	8	3
exercises	8	9
hunger	8	6
satiety	8	7
precondition	8	12
fresh	8	5
implies	8	7
8a	8	2
relevance	8	9
foodstuff	8	9
representing	8	12
obtain	8	6
post	8	4
acknowledgement	8	15
supplied	8	8
summary	8	7
submission	8	10
supplemented	8	12
continues	8	9
obtaining	8	9
expiry	8	6
owing	8	5
jeanpaul	8	8
piianoora	8	9
kauppi	8	6
margarita	8	9
starkevičiūtė	8	13
mann	8	4
foreign	8	7
donor	8	5
neighbouring	8	12
nations	8	7
tenderers	8	9
done	8	4
sectoral	8	8
awarded	8	7
likewise	8	8
invested	8	8
recourse	8	8
seat	8	4
assembly	8	8
stressed	8	8
introducing	8	11
partnerships	8	12
navigation	8	10
prices	8	6
status	8	6
satellites	8	10
midterm	8	7
generated	8	9
courts	8	6
examined	8	8
procedural	8	10
creates	8	7
students	8	8
ministry	8	8
bert	8	4
doorn	8	5
lechner	8	7
corresponding	8	13
acquis	8	6
regardless	8	10
connected	8	9
completion	8	10
coastal	8	7
jointly	8	7
timetable	8	9
examination	8	11
irregularities	8	14
potentially	8	11
formation	8	9
umberto	8	7
led	8	3
mary	8	4
austria	8	7
urgent	8	6
discussions	8	11
raises	8	6
lengthy	8	7
tadeusz	8	7
zwiefka	8	7
candidates	8	10
eea	8	3
headed	8	6
aviation	8	8
vocational	8	10
educational	8	11
views	8	5
chaired	8	7
evaluate	8	8
scale	8	5
equally	8	7
presidency	8	10
focusing	8	8
move	8	4
goal	8	4
abuse	8	5
methodology	8	11
today	8	5
paulo	8	5
martin	8	6
kyösti	8	6
virrankoski	8	11
caspary	8	7
joel	8	4
hasse	8	5
manolis	8	7
mavrommatis	8	11
school	8	6
preventive	8	10
assessing	8	9
written	8	7
crucial	8	7
juan	8	4
ramallo	8	7
massanet	8	8
derecho	8	7
l.	8	2
vítor	8	5
caldeira	8	8
via	8	3
viable	8	6
bringing	8	8
credit	8	6
dissemination	8	13
selfhandling	8	12
remaining	8	9
old	8	3
space	8	5
links	8	5
certificates	8	12
david	8	5
closures	8	8
targeted	8	8
retraining	8	10
forthcoming	8	11
elspeth	8	7
attwooll	8	8
damage	8	6
illegally	8	9
previously	8	10
mountain	8	8
natura	8	6
owners	8	6
fostering	8	9
owninitiative	8	13
exploited	8	9
zdzisław	8	8
pilot	8	5
distribution	8	12
exploit	8	7
countryside	8	11
density	8	7
remoteness	8	10
gases	8	5
terrorism	8	9
immigrants	8	10
audiovisual	8	11
bioethanol	8	10
securities	8	10
qualifying	8	10
accession	7	9
estonia	7	7
cyprus	7	6
slovenia	7	8
slovakia	7	8
submitting	7	10
gives	7	5
correspond	7	10
inhabitants	7	11
arnaoutakis	7	11
jerzy	7	5
bernadette	7	10
giovanni	7	8
gurmai	7	6
james	7	5
vladimír	7	8
helmuth	7	7
liaison	7	7
exclusively	7	11
instead	7	7
drive	7	5
breaks	7	6
impose	7	6
constituting	7	12
entered	7	7
preceding	7	9
check	7	5
acknowledge	7	11
core	7	4
mark	7	4
prepared	7	8
why	7	3
word	7	4
philip	7	6
paolo	7	5
petr	7	4
duchoň	7	6
lichtenberger	7	13
patrick	7	7
willi	7	5
piecyk	7	6
anne	7	4
simple	7	6
hour	7	4
disposal	7	8
uninterrupted	7	13
occupation	7	10
liable	7	6
nevertheless	7	12
perceived	7	9
choices	7	7
justify	7	7
limitations	7	11
proportional	7	12
regularly	7	9
convey	7	6
precise	7	7
assessed	7	8
delivered	7	9
supplements	7	11
imply	7	5
consultations	7	13
consumed	7	8
scientifically	7	14
directed	7	8
heard	7	5
stating	7	7
evolution	7	9
encountered	7	11
sixth	7	5
ensured	7	7
unnecessary	7	11
factor	7	6
demonstrate	7	11
accompany	7	9
forthwith	7	9
liquids	7	7
voluntary	7	9
measured	7	8
wishes	7	6
legally	7	7
acceptable	7	10
greatest	7	8
saving	7	6
sphere	7	6
gauzès	7	6
peter	7	5
untying	7	7
reciprocity	7	11
dac	7	3
accelerate	7	10
overcome	7	8
border	7	6
carries	7	7
delegated	7	9
solely	7	6
defines	7	7
attain	7	6
erdf	7	4
esf	7	3
differing	7	9
adjust	7	6
generate	7	8
exceptional	7	11
licences	7	8
interinstitutional	7	18
moment	7	6
recovery	7	8
domestic	7	8
purely	7	6
certainty	7	9
dealt	7	5
proposing	7	9
gained	7	6
substantive	7	11
implications	7	12
regime	7	6
demonstrated	7	12
trust	7	5
non	7	3
thanks	7	6
closer	7	6
approximately	7	13
communautaire	7	13
adapted	7	7
cancel	7	6
guidoni	7	7
gain	7	4
movement	7	8
gave	7	4
behind	7	6
vibratory	7	9
complied	7	8
knowhow	7	7
avoided	7	7
honeyball	7	9
ecr	7	3
berger	7	6
klausheiner	7	11
lehne	7	5
exemption	7	9
insurance	7	9
communicated	7	12
judges	7	6
holding	7	7
eliminate	7	9
unequal	7	7
brings	7	6
underrepresented	7	16
eliminating	7	11
accounting	7	10
nice	7	4
disabled	7	8
networking	7	10
affects	7	7
teresa	7	6
riera	7	5
madurell	7	8
telecommunications	7	18
never	7	5
side	7	4
contributes	7	11
invitation	7	10
careful	7	7
reverse	7	7
parliaments	7	11
comment	7	7
clash	7	5
prospective	7	11
economics	7	9
m.	7	2
feel	7	4
possibly	7	8
things	7	6
textiles	7	8
congress	7	8
spain	7	5
drafting	7	8
workings	7	8
administrations	7	15
perform	7	7
annually	7	8
eastern	7	7
managed	7	7
outcome	7	7
renewed	7	7
boost	7	5
statutory	7	9
installations	7	13
vary	7	4
reserve	7	7
closure	7	7
impacts	7	7
significance	7	12
maintains	7	9
addressing	7	10
played	7	6
aubert	7	6
france	7	6
strengthened	7	12
attainment	7	10
j.	7	2
k.	7	2
avert	7	5
zones	7	5
imports	7	7
forestbased	7	11
disadvantages	7	13
safeguards	7	10
poor	7	4
ioannis	7	7
gklavakis	7	9
nsrac	7	5
retain	7	6
closed	7	6
th	7	2
geothermal	7	10
buildings	7	9
romania	7	7
bulgaria	7	8
buy	7	3
foster	7	6
translation	7	11
tackling	7	8
citizenship	7	11
occurred	7	8
obligatory	7	10
federated	7	9
micronesia	7	10
inventions	7	10
pluralism	7	9
crop	7	4
acquire	7	7
aggregate	7	9
par	7	3
benchmarking	6	12
transportation	6	14
nominated	6	9
imbalance	6	9
malta	6	5
propose	6	7
modification	6	12
took	6	4
eurostat	6	8
demographic	6	11
corresponds	6	11
adapting	6	8
populations	6	11
carlos	6	6
mieczysław	6	10
edmund	6	6
janowski	6	8
nistelrooij	6	11
markus	6	6
pieper	6	6
schroedter	6	10
margie	6	6
sudre	6	5
5a	6	2
lay	6	3
officers	6	8
enters	6	6
collected	6	9
secondary	6	9
owned	6	5
ba	6	2
rating	6	6
almost	6	6
unchanged	6	9
underlines	6	10
requiring	6	9
excessive	6	9
picture	6	7
costa	6	5
georg	6	5
jarzembowski	6	12
corien	6	6
wortmannkool	6	12
quickly	6	7
employer	6	8
radius	6	6
forces	6	6
principal	6	9
portion	6	7
regarded	6	8
employed	6	8
clauses	6	7
restrict	6	8
intake	6	6
comparative	6	11
techniques	6	10
ones	6	4
prohibit	6	8
longestablished	6	15
undergo	6	7
choosing	6	8
restaurants	6	11
hospitals	6	9
canteens	6	8
caterers	6	8
quantities	6	10
volume	6	6
compares	6	8
objection	6	9
implied	6	7
modern	6	6
explicitly	6	10
endeavour	6	9
labelled	6	8
revised	6	7
stimulate	6	9
centralised	6	11
conflict	6	8
insufficient	6	12
suspension	6	10
blood	6	5
starch	6	6
interpreted	6	11
composition	6	11
concentrated	6	12
passed	6	6
confidential	6	12
kept	6	4
performed	6	9
facts	6	5
dry	6	3
cholesterol	6	11
sodiumfree	6	10
sign	6	4
contributions	6	13
elisa	6	5
othmar	6	6
karas	6	5
alexander	6	9
reul	6	4
recipient	6	9
aiming	6	6
accessibility	6	13
awarding	6	8
ilo	6	3
conventions	6	11
thematic	6	8
virtue	6	6
eradication	6	11
capacities	6	10
experienced	6	11
reconciliation	6	14
promotes	6	8
preaccession	6	12
multilateral	6	12
bernard	6	7
catherine	6	9
albert	6	6
egnos	6	5
signals	6	7
reliability	6	11
start	6	5
gnss	6	4
repayment	6	9
ground	6	6
ensures	6	7
credits	6	7
largest	6	7
earliest	6	8
tribunal	6	8
judgments	6	9
brief	6	5
ordinary	6	8
rejection	6	9
failure	6	7
lodge	6	5
formal	6	6
distinction	6	11
processed	6	9
underlined	6	10
profit	6	6
abroad	6	6
choose	6	6
dual	6	4
boosting	6	8
publicity	6	9
correcting	6	10
alter	6	5
interconnections	6	16
reinforcement	6	13
presenting	6	10
largescale	6	10
proved	6	6
spread	6	6
conferred	6	9
eib	6	3
arise	6	5
philippe	6	8
giles	6	5
chichester	6	10
heart	6	5
gains	6	5
realised	6	8
additionally	6	12
undermine	6	9
represents	6	10
steel	6	5
trimmers	6	8
antonios	6	8
trakatellis	6	11
christofer	6	10
fjellner	6	8
ask	6	3
rainer	6	6
wieland	6	7
jaroslav	6	8
zvěřina	6	7
tied	6	4
foundation	6	10
solve	6	5
aloyzas	6	7
sakalas	6	7
nicole	6	6
fontaine	6	8
launching	6	9
remove	6	6
launched	6	8
complements	6	11
cohesive	6	8
beliefs	6	7
contexts	6	8
mainstreaming	6	13
suffer	6	6
consolidated	6	12
corruption	6	10
born	6	4
intention	6	9
phenomenon	6	10
ireland	6	7
college	6	7
parliamentary	6	13
plant	6	5
dean	6	4
cead	6	4
unable	6	6
accurate	6	8
reflected	6	9
constantly	6	10
auditor	6	7
roadmap	6	7
hope	6	4
ongoing	6	7
contacts	6	8
considerations	6	14
integrate	6	9
mandate	6	7
instructions	6	12
reply	6	5
easy	6	4
receives	6	8
borut	6	5
pahor	6	5
marcello	6	8
vernola	6	7
belgian	6	7
spheres	6	7
professor	6	9
shortcomings	6	12
necessarily	6	11
going	6	5
backed	6	6
felt	6	4
length	6	6
huge	6	4
spirit	6	6
note	6	4
dei	6	3
diritti	6	7
para	6	4
examples	6	8
try	6	3
rational	6	8
threat	6	6
former	6	6
whereby	6	7
newly	6	5
strict	6	6
afforded	6	8
recommend	6	9
roland	6	6
depart	6	6
carl	6	4
schlyter	6	8
transfers	6	9
location	6	8
wto	6	3
workforce	6	9
conversion	6	10
shape	6	5
andersson	6	9
ana	6	3
gear	6	4
n.	6	2
tropical	6	8
logging	6	7
contributing	6	12
hitherto	6	8
summit	6	6
platform	6	8
pursue	6	6
martínez	6	8
duarte	6	6
freitas	6	7
czesław	6	7
siekierski	6	10
andrzej	6	7
fishery	6	7
stecf	6	5
vessels	6	7
mariehélène	6	11
isolated	6	8
enough	6	6
medium	6	6
figure	6	6
penetration	6	11
advantages	6	10
harmful	6	7
adjustments	6	11
emergence	6	9
centres	6	7
disad	6	5
outermost	6	9
guiding	6	7
investing	6	9
valued	6	6
amenities	6	9
connecting	6	10
eafrd	6	5
bottomup	6	8
observed	6	8
fixed	6	5
csaba	6	5
thereto	6	7
alert	6	5
eaec	6	4
modernising	6	11
disadvantage	6	12
decent	6	6
concentration	6	13
ictrelated	6	10
privacy	6	7
specify	5	7
integrity	5	9
calculate	5	9
input	5	5
minimising	5	10
latvia	5	6
lithuania	5	9
europewide	5	10
updating	5	8
compatibility	5	13
usually	5	7
table	5	5
km	5	2
brussels	5	8
add	5	3
hutchinson	5	10
gisela	5	6
kallenbach	5	10
olbrycht	5	8
francisca	5	9
pleguezuelos	5	12
aguilar	5	7
březina	5	7
seeber	5	6
coordinate	5	10
checking	5	8
show	5	4
stations	5	8
locations	5	9
away	5	4
relative	5	8
aware	5	5
margin	5	6
securing	5	8
observers	5	9
left	5	4
clarifying	5	10
solution	5	8
margrete	5	8
auken	5	5
mathieu	5	7
dieterlebrecht	5	14
koch	5	4
le	5	2
bogusław	5	8
janusz	5	6
ewa	5	3
roberts	5	7
zīle	5	4
cottigny	5	8
lópezistúriz	5	12
derogations	5	11
exercised	5	9
numerous	5	8
optimal	5	7
fire	5	4
crisis	5	6
ib	5	2
television	5	10
detection	5	9
holds	5	5
proportionate	5	13
gravity	5	7
proceed	5	7
prerequisite	5	12
genetic	5	7
tobacco	5	7
drugs	5	5
monounsaturated	5	15
fibre	5	5
dietary	5	7
proof	5	5
noncontroversial	5	16
sake	5	4
marks	5	5
carbohydrate	5	12
lifestyle	5	9
illustrative	5	12
ea	5	2
reasoned	5	8
verify	5	6
understandable	5	14
modified	5	8
fifth	5	5
eleventh	5	8
twelve	5	6
promptly	5	8
reduces	5	7
formulation	5	11
solids	5	6
linguistic	5	10
bulk	5	4
names	5	5
constituent	5	11
disclosure	5	10
models	5	6
abovementioned	5	14
statements	5	10
lactose	5	7
cows	5	4
quarterly	5	9
behaviour	5	9
adjusting	5	9
friedrich	5	9
john	5	4
sánchez	5	7
aforementioned	5	14
trading	5	7
purchased	5	9
internationally	5	15
forced	5	6
nationals	5	9
originate	5	9
quantitative	5	12
ruling	5	6
abide	5	5
purchases	5	9
proven	5	6
cooperative	5	11
optional	5	8
synergy	5	7
equip	5	5
specifies	5	9
competences	5	11
jurisdiction	5	12
represented	5	11
validity	5	8
věra	5	4
flasarová	5	9
capabilities	5	12
link	5	4
missions	5	8
update	5	6
him	5	3
justification	5	13
opposition	5	10
otherwise	5	9
entering	5	8
enforce	5	7
judgment	5	8
refers	5	6
accelerated	5	11
simpler	5	7
ministers	5	9
universities	5	12
evaluations	5	11
licensing	5	9
leading	5	7
refusal	5	7
modifying	5	9
defining	5	8
essentially	5	11
identical	5	9
subsidised	5	10
luisa	5	5
consolidation	5	13
identifies	5	10
venture	5	7
definite	5	8
uncertainties	5	13
cross	5	5
simultaneously	5	14
waterways	5	9
shipping	5	8
engagement	5	10
exceptionally	5	13
revealed	5	8
recover	5	7
reimbursement	5	13
alternatives	5	12
mobilised	5	9
pia	5	3
elda	5	4
locatelli	5	9
reino	5	5
paasilinna	5	10
patrizia	5	8
toia	5	4
vittorio	5	8
prodi	5	5
greatly	5	7
inadequate	5	10
viewed	5	6
seriously	5	9
reservations	5	12
emission	5	8
urszula	5	7
krupa	5	5
erna	5	4
hennicotschoepges	5	17
paneuropean	5	11
privileges	5	10
immunities	5	10
eva	5	3
medina	5	6
ortega	5	6
evaluating	5	10
harks	5	5
-and	5	4
nicola	5	6
zingaretti	5	10
medicines	5	9
problematic	5	11
fiveyear	5	8
socially	5	8
acted	5	5
roma	5	4
popular	5	7
varying	5	7
opened	5	6
celebrating	5	11
tolerance	5	9
enterprise	5	10
exposed	5	7
translating	5	11
expertise	5	9
signing	5	7
disseminate	5	11
antidiscrimination	5	18
záborská	5	8
delivers	5	8
mrs	5	3
division	5	8
true	5	4
satisfactory	5	12
accountability	5	14
forum	5	5
recognized	5	10
detail	5	6
say	5	3
fit	5	3
press	5	5
headings	5	8
elected	5	7
revising	5	8
myself	5	6
considerably	5	12
contact	5	7
concretely	5	10
dried	5	5
fodder	5	6
reformed	5	8
assyst	5	6
referral	5	8
bösch	5	5
mogens	5	6
nj	5	2
camre	5	5
lorenzo	5	7
cesa	5	4
szabolcs	5	8
fazakas	5	7
bart	5	4
staes	5	5
tapio	5	5
leuven	5	6
program	5	7
publications	5	12
overriding	5	10
uptodate	5	8
hence	5	5
presents	5	8
examining	5	9
faculty	5	7
subjects	5	8
decentralisation	5	16
come	5	4
sums	5	4
managers	5	8
stable	5	6
simultaneous	5	12
replacing	5	9
chambers	5	8
certainly	5	9
sharing	5	7
igf	5	3
participant	5	11
inherent	5	8
wake	5	4
supplying	5	9
permanent	5	9
clarification	5	13
vicepresident	5	13
taught	5	6
craft	5	5
brazil	5	6
observations	5	12
ex	5	2
pursuit	5	7
causes	5	6
reviewing	5	9
unions	5	6
immovable	5	9
equitable	5	9
worker	5	6
stephen	5	7
hughes	5	6
facilitates	5	11
medical	5	7
zaleski	5	7
varela	5	6
suanzescarpegna	5	15
reinforced	5	10
financially	5	11
deterioration	5	13
observatory	5	11
remit	5	5
ad	5	2
productive	5	10
successfully	5	12
afforestation	5	13
ecologically	5	12
tackle	5	6
desertification	5	15
o.	5	2
fighting	5	8
imported	5	8
sink	5	4
producing	5	9
attaining	5	9
cope	5	4
resource	5	8
turn	5	4
ideas	5	5
reflects	5	8
prospects	5	9
christa	5	7
milan	5	5
neil	5	4
parish	5	6
boxes	5	5
rac	5	3
agrees	5	6
hugh	5	4
allister	5	8
capoulas	5	8
santos	5	6
2b	5	2
pier	5	4
rebuild	5	7
bycatch	5	7
habitat	5	7
rising	5	6
catch	5	5
catches	5	7
faced	5	5
integrating	5	11
indispensable	5	13
grow	5	4
mortality	5	9
stronger	5	8
boosted	5	7
feasibility	5	11
re	5	2
rapidly	5	7
pillars	5	7
decoupled	5	9
crosscompliance	5	15
gdp	5	3
forwardlooking	5	14
consolidate	5	11
proactive	5	9
mitigation	5	10
expect	5	6
wetlands	5	8
bioenergy	5	9
overarching	5	11
onfarm	5	6
einclusion	5	10
upgrading	5	9
smallscale	5	10
endogenous	5	10
linking	5	7
island	5	6
demarcation	5	11
respects	5	8
whom	5	4
elderly	5	7
őry	5	3
dimitrios	5	9
papadimoulis	5	12
borders	5	7
responses	5	9
dignity	5	7
unemployed	5	10
youth	5	5
wealth	5	6
accounted	5	9
specification	5	13
computing	5	9
cars	5	4
petrol	5	6
biodiesel	5	9
cheap	5	5
flow	5	4
elections	5	9
liquidity	5	9
solvency	5	8
sell	5	4
calculating	4	11
methodologies	4	13
penalty	4	7
balancing	4	9
nominations	4	11
online	4	6
ago	4	3
smooth	4	6
fashion	4	7
minimise	4	8
remedy	4	6
uniformity	4	10
annexes	4	7
adaptation	4	10
alfonso	4	7
andria	4	6
beaupuy	4	7
rolf	4	4
berend	4	6
jana	4	4
bobošíková	4	10
graham	4	6
booth	4	5
bourzai	4	7
claudio	4	7
fava	4	4
iratxe	4	6
pérez	4	5
eugenijus	4	9
gentvilas	4	9
lidia	4	5
joanna	4	6
geringer	4	8
oedenberg	4	9
ambroise	4	8
guellec	4	7
hatzidakis	4	10
miloš	4	5
koterec	4	7
constanze	4	9
angela	4	6
krehl	4	5
musotto	4	7
alyn	4	4
smith	4	5
grażyna	4	7
staniszewska	4	12
železný	4	7
ole	4	3
christensen	4	11
mojca	4	5
drčar	4	5
murko	4	5
mirosław	4	8
mariusz	4	7
piotrowski	4	10
lászló	4	6
performing	4	10
compile	4	7
switzerland	4	11
equipped	4	8
along	4	5
rotation	4	8
conducted	4	9
repeated	4	8
becomes	4	7
recognise	4	9
break	4	5
analysing	4	9
begin	4	5
sheets	4	6
consecutive	4	11
forwarders	4	10
contractors	4	11
discarded	4	9
cutting	4	7
minimal	4	7
ultimately	4	10
forwarding	4	10
overview	4	8
lastly	4	6
supposed	4	8
analyse	4	7
constitutes	4	11
christine	4	9
veyrac	4	6
emanuel	4	7
jardim	4	6
fernandes	4	9
jeanine	4	7
hennisplasschaert	4	17
etelka	4	6
barsipataky	4	11
hedkvist	4	8
petersen	4	8
schmitt	4	7
periodic	4	8
indicates	4	9
enforced	4	8
certificate	4	11
stipulates	4	10
progressively	4	13
flood	4	5
shortened	4	9
driven	4	6
kilometre	4	9
wage	4	4
obliged	4	7
divided	4	7
rectified	4	9
printout	4	8
august	4	6
fruit	4	5
undesirable	4	11
fats	4	4
energyrestricted	4	16
diets	4	5
onset	4	5
habits	4	6
packaging	4	9
wellbeing	4	9
8b	4	2
misleading	4	10
referring	4	9
generic	4	7
proximity	4	9
consuming	4	9
slimming	4	8
doctors	4	7
professionals	4	13
charities	4	9
preferably	4	10
defend	4	6
doubts	4	6
conditional	4	11
legitimate	4	10
suspended	4	9
obtains	4	7
twentieth	4	9
eighteenth	4	10
ever	4	4
criminal	4	8
holder	4	6
intense	4	7
muscular	4	8
whichever	4	9
serving	4	7
rnv	4	3
aligned	4	7
marked	4	6
brand	4	5
fancy	4	5
confidentiality	4	15
instituted	4	10
capable	4	7
cheese	4	6
soft	4	4
poly	4	4
shortchain	4	10
longchain	4	9
verified	4	8
astrid	4	6
lulling	4	7
pervenche	4	9
berès	4	5
karsten	4	7
hoppenstedt	4	11
ian	4	3
hudghton	4	8
harald	4	6
ettl	4	4
noncompliance	4	13
willem	4	6
schuth	4	6
purchase	4	8
suppliers	4	9
herein	4	6
donors	4	6
millennium	4	10
harmonious	4	10
assign	4	6
transfrontier	4	13
enshrined	4	9
reinforcing	4	11
accorded	4	8
dissolution	4	11
concessions	4	11
frontiers	4	9
neighbourhood	4	13
bilateral	4	9
decides	4	7
exhaustive	4	10
consisting	4	10
miroslav	4	8
mikolášik	4	9
falbr	4	5
ulmer	4	5
deß	4	3
exceeds	4	7
american	4	8
foresee	4	7
sum	4	3
deadlines	4	9
deriving	4	8
optimise	4	8
discipline	4	10
st	4	2
concessionaire	4	14
creditor	4	8
automatic	4	9
hereby	4	6
forming	4	7
issuing	4	7
enforceable	4	11
statute	4	7
costbenefit	4	11
costeffective	4	13
transferred	4	11
encounter	4	9
discriminatory	4	14
trustworthy	4	11
enqa	4	4
explore	4	7
rigorous	4	8
thresholds	4	10
pleštinská	4	10
zuzana	4	6
roithová	4	8
marianne	4	8
barbara	4	7
heide	4	5
rühle	4	5
rebate	4	6
advisable	4	9
stretches	4	9
excluded	4	8
certify	4	7
visits	4	6
sites	4	5
existence	4	9
permits	4	7
bank	4	4
norbert	4	7
glante	4	6
joan	4	4
pilar	4	5
jorgo	4	5
chatzimarkakis	4	14
angelika	4	8
niebler	4	7
andres	4	6
tarand	4	6
turmes	4	6
nikolaos	4	8
gonzález	4	8
erika	4	5
lie	4	3
barcelona	4	9
focuses	4	7
absolute	4	8
parallel	4	8
delays	4	6
continuity	4	10
tracked	4	7
kw	4	2
combustionengine	4	16
lawn	4	4
noise	4	5
florenz	4	7
johannes	4	8
blokland	4	8
enjoyed	4	7
mayer	4	5
enrico	4	6
speroni	4	7
derivatives	4	11
construed	4	9
eighteen	4	8
communicate	4	11
michel	4	6
rocard	4	6
reappointment	4	13
looks	4	5
independently	4	13
five‑year	4	9
rightsbased	4	11
lives	4	5
enjoys	4	6
momentum	4	8
efta	4	4
victims	4	7
accentuating	4	12
disseminating	4	13
entail	4	6
selecting	4	9
select	4	6
lost	4	4
suspected	4	9
department	4	10
surveys	4	7
privilege	4	9
concept	4	7
enables	4	7
qualified	4	9
unanimously	4	11
accommodation	4	13
stock	4	5
idea	4	4
pointed	4	7
claire	4	6
gibault	4	7
manfred	4	7
weber	4	5
commerce	4	8
became	4	6
british	4	7
eaggf	4	5
maastricht	4	10
lot	4	3
weak	4	4
thoroughly	4	10
partly	4	6
website	4	7
officials	4	9
apart	4	5
concepts	4	8
really	4	6
flows	4	5
heads	4	5
informatics	4	11
chair	4	5
finding	4	7
arrived	4	7
instances	4	9
allegations	4	11
deputy	4	6
prime	4	5
outcomes	4	8
lies	4	4
realistic	4	9
discuss	4	7
willing	4	7
predict	4	7
actually	4	8
shipbuilding	4	12
chamber	4	7
substitute	4	10
madrid	4	6
comunidades	4	11
autónomas	4	9
tributaria	4	10
un	4	2
stand	4	5
ourselves	4	9
fail	4	4
viewpoint	4	9
maximise	4	8
red	4	3
tape	4	4
interact	4	8
pass	4	4
express	4	7
ministerial	4	11
drew	4	4
portugal	4	8
ministries	4	10
banking	4	7
t.	4	2
identification	4	14
systematic	4	10
bound	4	5
rome	4	4
german	4	6
tutela	4	6
fondamentali	4	12
di	4	2
collaboration	4	13
reinforce	4	9
encompasses	4	11
mutatis	4	7
mutandis	4	8
prudent	4	7
telecommunication	4	17
charge	4	6
mitigate	4	8
notice	4	6
differ	4	6
narrow	4	6
extensive	4	9
compromises	4	11
routes	4	6
requesting	4	10
movable	4	7
expire	4	6
technicalnautical	4	17
airtraffic	4	10
sky	4	3
revise	4	6
informal	4	8
imperative	4	10
holders	4	7
jeggle	4	6
joseph	4	6
enrique	4	7
barón	4	5
crespo	4	6
communityscale	4	14
disparities	4	11
viability	4	9
globalised	4	10
conference	4	10
employee	4	8
wages	4	5
north	4	5
unique	4	6
relaunch	4	8
absolutely	4	10
ilda	4	4
figueiredo	4	10
bushillmatthews	4	15
luigi	4	5
jöns	4	4
sepp	4	4
kusstatscher	4	12
elizabeth	4	9
lynne	4	5
mato	4	4
adrover	4	7
jacek	4	5
protasiewicz	4	12
marc	4	4
tarabella	4	9
anja	4	4
weisgerber	4	10
jamila	4	6
madeira	4	7
noting	4	6
conserving	4	10
life+	4	5
logged	4	6
eliminated	4	10
mitigating	4	10
warming	4	7
forestrelated	4	13
chemicals	4	9
native	4	6
chp	4	3
mergers	4	7
indents	4	7
fewer	4	5
certification	4	13
ambitious	4	9
livelihoods	4	11
presentday	4	10
larger	4	6
socalled	4	8
direction	4	9
combined	4	8
equity	4	6
expresses	4	9
regrets	4	7
françoise	4	9
grossetête	4	10
klaß	4	4
casa	4	4
jeanclaude	4	10
friedrichwilhelm	4	16
graefe	4	6
zu	4	2
baringdorf	4	10
mcguinness	4	10
wojciechowski	4	13
tomasz	4	6
zapałowski	4	10
podkański	4	9
anticipated	4	11
pending	4	7
niels	4	5
busk	4	4
kazimierz	4	9
chmielewski	4	11
pedro	4	5
guerreiro	4	9
morillon	4	8
2c	4	2
morgantini	4	10
panzeri	4	7
depleted	4	8
recognising	4	11
discard	4	7
cfp	4	3
racs	4	4
monitored	4	9
appropriately	4	13
devices	4	7
intensify	4	9
mechtild	4	8
rothe	4	5
taxes	4	5
analyses	4	8
exploiting	4	10
renewables	4	10
revolution	4	10
burdens	4	7
emphasised	4	10
preferential	4	12
drafts	4	6
wo	4	2
man	4	3
richness	4	8
successive	4	10
reinforces	4	10
suffering	4	9
gross	4	5
gva	4	3
lag	4	3
nonrural	4	8
inhabitant	4	10
peripherality	4	13
tages	4	5
severe	4	6
winwin	4	6
trends	4	6
overseas	4	8
map	4	3
anticipation	4	12
generational	4	12
tailored	4	8
remunerated	4	11
farmed	4	6
meadows	4	7
pastures	4	8
forefront	4	9
microbusinesses	4	15
village	4	7
fabric	4	6
tap	4	3
recreation	4	10
younger	4	7
takeup	4	6
diffusion	4	9
itc	4	3
bookings	4	8
recreational	4	12
visitor	4	7
stays	4	5
danger	4	6
parks	4	5
multiplier	4	10
foodsector	4	10
animation	4	9
privatepublic	4	13
diversify	4	9
climatic	4	8
broadest	4	8
eff	4	3
programmespecific	4	17
woodlands	4	9
katalin	4	7
lévai	4	5
pecons	4	6
surveillance	4	12
citation	4	8
interventions	4	13
manmade	4	7
volunteers	4	10
transmitted	4	11
founded	4	7
lipietz	4	7
parents	4	7
retirement	4	10
singleparent	4	12
gaps	4	4
eradicate	4	9
disabilities	4	12
omc	4	3
homelessness	4	12
difficulty	4	10
undergoing	4	10
symbol	4	6
eaccessibility	4	14
startups	4	8
interactivity	4	13
interoperable	4	13
literacy	4	8
erights	4	7
promising	4	9
beet	4	4
novel	4	5
decrease	4	8
surplus	4	7
nonprofit	4	9
react	4	5
alteration	4	10
authorization	4	13
advances	4	8
investigated	4	12
broadly	3	7
hamper	3	6
attaches	3	8
fourth	3	6
inevitable	3	10
divisions	3	9
extra	3	5
entirely	3	8
forwarded	3	9
unit	3	4
nonetheless	3	11
governed	3	8
accurately	3	10
gábor	3	5
harangozó	3	9
marian	3	6
harkin	3	6
konstantinos	3	12
jim	3	3
higgins	3	7
iturgaiz	3	8
angulo	3	6
tunne	3	5
kelam	3	5
oldřich	3	7
vlasák	3	6
eluned	3	6
morgan	3	6
surján	3	6
intracommunity	3	14
crews	3	5
inspected	3	9
inspections	3	11
checkpoints	3	11
nearby	3	6
intensity	3	9
stationary	3	10
suspicion	3	9
ca	3	2
offences	3	8
heavily	3	7
harmonising	3	11
deliberations	3	13
stored	3	6
card	3	4
shippers	3	8
restore	3	7
feasible	3	8
perfectly	3	9
unacceptable	3	12
bradbourn	3	9
cramer	3	6
armando	3	7
dionisi	3	7
saïd	3	4
khadraoui	3	9
grosch	3	6
josu	3	4
ortuondo	3	8
larrea	3	6
erik	3	4
meijer	3	6
onyszkiewicz	3	12
grandes	3	7
pascual	3	7
reinhard	3	8
rack	3	4
luca	3	4
romagnoli	3	9
ingo	3	4
marta	3	5
vincenzi	3	8
recorded	3	8
electronically	3	14
device	3	6
evaluated	3	9
operates	3	8
kilometres	3	10
hired	3	5
transporting	3	12
ia	3	2
travelled	3	9
-1a	3	3
passenger	3	9
distributed	3	11
falls	3	5
employs	3	7
distances	3	9
temporarily	3	11
shorter	3	7
vice	3	4
compel	3	6
temporary	3	9
concluding	3	10
manufactured	3	12
predisposition	3	14
messages	3	8
eating	3	6
vegetables	3	10
intakes	3	7
poly-	3	5
allowance	3	9
updated	3	7
25a	3	3
campaign	3	8
observant	3	9
circumspect	3	11
chronic	3	7
updates	3	7
beverages	3	9
nonspecific	3	11
email	3	5
notifications	3	13
14a	3	3
panel	3	5
heath	3	5
explanation	3	11
authorisationholder	3	19
revoked	3	7
17a	3	3
fees	3	4
confer	3	6
revisions	3	9
expedite	3	8
requisite	3	9
copy	3	4
designation	3	11
treated	3	7
initiate	3	8
subtracts	3	9
carb	3	4
glycerine	3	9
alcohols	3	8
subtracted	3	10
kcal	3	4
endorsed	3	8
10b	3	3
typical	3	7
13a	3	3
history	3	7
fall	3	4
delete	3	6
relationships	3	13
appeal	3	6
harm	3	4
notwithstanding	3	15
mono	3	4
mg	3	2
ready	3	5
lactosefree	3	11
analysed	3	8
glutenfree	3	10
enriched	3	8
fortified	3	9
twice	3	5
compilation	3	11
nonfinancial	3	12
eurozone	3	8
fluctuations	3	12
strongly	3	8
radwan	3	6
antolín	3	7
presedo	3	7
evans	3	5
gahler	3	6
explanatory	3	11
documented	3	10
prioritising	3	12
abolition	3	9
expressly	3	9
automatically	3	13
headquarters	3	12
9a	3	2
enabled	3	7
xxxx	3	4
hindering	3	9
outline	3	7
police	3	6
military	3	8
assisting	3	9
entities	3	8
operated	3	8
chosen	3	6
secretariat	3	11
confirm	3	7
inconsistent	3	12
settingup	3	9
negotiating	3	11
delegate	3	8
tec	3	3
stihler	3	7
kyriacos	3	8
triantaphyllides	3	16
simon	3	5
busuttil	3	8
sharon	3	6
bowles	3	6
comprises	3	9
demonstration	3	13
envelope	3	8
rests	3	5
completing	3	10
pecuniary	3	9
addresses	3	9
demanded	3	8
arguments	3	9
signature	3	9
initiating	3	10
admissible	3	10
lodged	3	6
returned	3	8
expanding	3	9
mihael	3	6
brejc	3	5
piece	3	5
eua	3	3
eurashe	3	7
esib	3	4
assurances	3	10
peer	3	4
bergen	3	6
profitmaking	3	12
acknowledging	3	13
earlier	3	7
simplifying	3	11
realignment	3	11
error	3	5
simply	3	6
malcolm	3	7
harbour	3	7
guido	3	5
andreas	3	7
hedh	3	4
vergnaud	3	8
weiler	3	6
toine	3	5
manders	3	7
leopold	3	7
józef	3	5
rutowicz	3	8
charlotte	3	9
cederschiöld	3	12
relief	3	6
necessitate	3	11
die	3	3
publicprivate	3	13
nº	3	2
occurring	3	9
forecasts	3	9
crossing	3	8
begun	3	5
schedule	3	8
cancellation	3	12
released	3	8
voting	3	6
ivo	3	3
belet	3	5
buzek	3	5
calabuig	3	8
rull	3	4
lena	3	4
ek	3	2
rebecca	3	7
harms	3	5
romana	3	6
jordan	3	6
cizelj	3	6
werner	3	6
langen	3	6
miloslav	3	8
ransdorf	3	8
remek	3	5
paul	3	4
rübig	3	5
britta	3	6
thomsen	3	7
claude	3	6
vakalis	3	7
alejo	3	5
vidalquadras	3	12
roca	3	4
satu	3	4
hassi	3	5
essen	3	5
impetus	3	7
incorporated	3	12
highlevel	3	9
slow	3	4
conclude	3	8
leverage	3	8
opposed	3	7
foreseeing	3	10
declared	3	8
deserve	3	7
rollers	3	7
plates	3	6
rammers	3	7
dozers	3	6
loaders	3	7
counterbalanced	3	15
lift	3	4
trucks	3	6
picks	3	5
lawnedge	3	8
definitive	3	10
imminent	3	8
karlheinz	3	9
dorette	3	7
corbey	3	6
chris	3	5
davies	3	6
riitta	3	6
myller	3	6
jonas	3	5
sjöstedt	3	8
frequency	3	9
bands	3	5
landbased	3	9
paging	3	6
arguing	3	7
art	3	3
monica	3	6
frassoni	3	8
masip	3	5
hidalgo	3	7
diana	3	5
wallis	3	6
6a	3	2
solemn	3	6
removed	3	7
observation	3	11
jutta	3	5
haug	3	4
looking	3	7
complicated	3	11
usefulness	3	10
hands	3	5
endangering	3	11
dismissed	3	9
thinks	3	6
poses	3	5
actively	3	8
prohibition	3	11
race	3	4
sensitivities	3	13
western	3	7
accommodating	3	13
violence	3	8
nonmember	3	9
respectively	3	12
confirmed	3	9
manage	3	6
imposing	3	8
fought	3	6
subsequently	3	12
organising	3	10
integral	3	8
besides	3	7
evabritt	3	8
svensson	3	8
communitywide	3	13
edite	3	5
estrela	3	7
lissy	3	5
gröner	3	6
marieline	3	9
reynaud	3	7
raül	3	4
romeva	3	6
rueda	3	5
amalia	3	6
sartori	3	7
resetarits	3	10
martine	3	7
roure	3	5
lambrinidis	3	11
bill	3	4
pr_cns_art101	3	13
married	3	7
dublin	3	6
team	3	4
negotiated	3	10
inception	3	9
testing	3	7
dedication	3	10
finds	3	5
discussing	3	10
valuable	3	8
taxpayers	3	9
relatively	3	10
illustration	3	12
conferences	3	11
welcome	3	7
speaking	3	8
unambiguous	3	11
utmost	3	6
strictly	3	8
architecture	3	12
visàvis	3	7
realities	3	9
frequently	3	10
duplication	3	11
refrain	3	7
incompatible	3	12
advocated	3	9
memoranda	3	9
assure	3	6
suited	3	6
reminder	3	8
irregularity	3	12
investigate	3	11
facilitated	3	11
overpelt	3	8
master	3	6
catholic	3	8
assistant	3	9
exclude	3	7
rightly	3	7
spending	3	8
tender	3	6
reviewed	3	8
neutral	3	7
goes	3	4
objectivity	3	11
studied	3	7
balearic	3	8
locales	3	7
constitución	3	12
por	3	3
financiación	3	12
tributario	3	10
constitucional	3	14
generales	3	9
imponible	3	9
familiar	3	8
europea	3	7
sobre	3	5
sociedades	3	10
deputies	3	8
appeals	3	7
enormously	3	10
surrounding	3	11
municipalities	3	14
separation	3	10
vat	3	3
specificity	3	11
authorising	3	11
collegiate	3	10
permitting	3	10
hardly	3	6
disproportionate	3	16
reaching	3	8
sem	3	3
structured	3	10
debated	3	7
complemented	3	12
rigour	3	6
observance	3	10
continuously	3	12
extraordinary	3	13
rigorously	3	10
embodying	3	9
clearer	3	7
solid	3	5
constructive	3	12
bears	3	5
specialstatus	3	13
provinces	3	9
session	3	7
il	3	2
giustizia	3	9
normally	3	8
involves	3	8
helps	3	5
thought	3	7
stepped	3	7
hearings	3	8
doubt	3	5
aarhus	3	6
preparatory	3	11
omission	3	8
expand	3	6
outset	3	6
attended	3	8
shipowners	3	10
gaining	3	7
limiting	3	8
identifying	3	11
bridge	3	6
constraints	3	11
controller	3	10
controllers	3	11
playing	3	7
minor	3	5
superfluous	3	11
gewalt	3	6
daul	3	4
ece	3	3
retreaded	3	9
tyres	3	5
jeanpierre	3	10
audy	3	4
syed	3	4
kamall	3	6
caroline	3	8
lucas	3	5
sturdy	3	6
martens	3	7
redundancies	3	12
poorest	3	7
lasting	3	7
locality	3	8
clothing	3	8
mechanical	3	10
software	3	8
endorses	3	8
penalise	3	8
failed	3	6
averting	3	8
proceeding	3	10
mostly	3	6
emu	3	3
salaries	3	8
located	3	7
wherewithal	3	11
skilled	3	7
ban	3	3
deficit	3	7
hoc	3	3
cuts	3	4
merely	3	6
alejandro	3	9
cercas	3	6
derek	3	5
clark	3	5
cocilovo	3	8
carlo	3	5
fatuzzo	3	7
kułakowski	3	10
lehideux	3	8
ria	3	3
oomenruijten	3	12
albino	3	6
peneda	3	6
gabriele	3	8
zimmer	3	6
adamos	3	6
adamou	3	6
ecosystems	3	10
johannesburg	3	12
erosion	3	7
q.	3	2
r.	3	2
flegt	3	5
s.	3	2
sourced	3	7
u.	3	2
turnover	3	8
w.	3	2
imposition	3	10
forestryrelated	3	15
vertical	3	8
drought	3	7
reminds	3	7
7th	3	3
intensification	3	15
historical	3	10
ha	3	2
tradition	3	9
formulated	3	10
thorough	3	8
experiences	3	11
observes	3	8
matthias	3	8
groote	3	6
gaľa	3	4
laperrouze	3	10
baco	3	4
thijs	3	5
berman	3	6
michl	3	5
ebner	3	5
fruteau	3	7
esther	3	6
herranz	3	7
stéphane	3	8
foll	3	4
mairead	3	7
isabel	3	6
salinas	3	7
agnes	3	5
schierhuber	3	11
piotr	3	5
save	3	4
juvenile	3	8
alfred	3	6
gomolka	3	7
struan	3	6
stevenson	3	9
mulder	3	6
2d	3	2
alessandro	3	10
scheele	3	7
pollutants	3	10
selectivity	3	11
reproduction	3	12
seasons	3	7
mesh	3	4
caught	3	6
unwanted	3	8
quota	3	5
coral	3	5
reefs	3	5
formulating	3	11
discarding	3	10
capture	3	7
bottom	3	6
interaction	3	11
potentials	3	10
valueadded	3	10
dependence	3	10
passive	3	7
euwide	3	6
stopandgo	3	9
enormous	3	8
dramatically	3	12
occurs	3	6
euros	3	5
maturity	3	8
continuous	3	10
pursued	3	7
cheaper	3	7
calling	3	7
res	3	3
installed	3	9
eu15	3	4
vincenzo	3	8
lavarra	3	7
trautmann	3	9
asia	3	4
dependency	3	10
liberalisation	3	14
realise	3	7
biotechnology	3	13
keeping	3	7
grown	3	5
counterfeiting	3	14
emerging	3	8
nation	3	6
lasse	3	5
lehtinen	3	8
matsouka	3	8
built	3	5
processors	3	10
laboratories	3	12
encouragement	3	13
preserved	3	9
handover	3	8
themes	3	6
contradictions	3	14
principally	3	11
handicaps	3	9
satisfy	3	7
intergenerational	3	17
startup	3	7
returning	3	9
19th	3	4
0449b	3	5
2nd	3	3
roselyne	3	8
bachelotnarquin	3	15
adjusted	3	8
atomic	3	6
prerequisites	3	13
mobilisation	3	12
precautionary	3	13
inventory	3	9
hazards	3	7
contingency	3	11
pooling	3	7
accidents	3	9
netherlands	3	11
moral	3	5
dependants	3	10
homeless	3	8
trafficking	3	11
accessing	3	9
persistent	3	10
trend	3	5
geographically	3	14
occupations	3	11
leave	3	5
look	3	4
reaffirms	3	9
generates	3	9
advocates	3	9
everyday	3	8
pensioners	3	10
evolve	3	6
denmark	3	7
tertiary	3	8
emine	3	5
bozkurt	3	7
transformations	3	15
sectorial	3	9
consolidating	3	13
gothenburg	3	10
interference	3	12
acknowledges	3	12
formulate	3	9
warns	3	5
discourse	3	9
creativity	3	10
phones	3	6
class	3	5
diesel	3	6
straw	3	5
decoupling	3	10
cereal	3	6
residues	3	8
compete	3	7
feedstock	3	9
biodegradable	3	13
co	3	2
aside	3	5
premium	3	7
jo	3	2
leinen	3	6
distributable	3	13
insider	3	7
manipulation	3	12
traded	3	6
credibly	3	8
preemption	3	10
appraisal	3	9
39b	3	3
individually	3	12
pllcs	3	5
wellfunctioning	2	15
construct	2	9
pipelinetopipeline	2	18
unused	2	6
customers	2	9
entrants	2	8
standardised	2	12
easeegas	2	8
formalised	2	10
screen	2	6
booking	2	7
confirmation	2	12
determination	2	13
wait	2	4
origins	2	7
varies	2	6
predecessor	2	11
consists	2	8
sweden	2	6
broken	2	6
gerardo	2	7
galeote	2	7
quecedo	2	7
bairbre	2	7
brún	2	4
sérgio	2	6
nicholson	2	9
grech	2	5
crosssection	2	12
reported	2	8
motorway	2	8
roads	2	5
random	2	6
intend	2	6
prescribed	2	10
severity	2	8
highrisk	2	8
penalised	2	9
offence	2	7
disregarding	2	12
biennial	2	8
memory	2	6
ιι	2	2
printouts	2	9
accumulated	2	11
compensatory	2	12
instigators	2	11
accessories	2	11
verification	2	12
passages	2	8
mention	2	7
somewhat	2	8
runs	2	4
restraint	2	9
reintroduce	2	11
drop	2	4
graduated	2	9
seem	2	4
nonsense	2	8
regrettable	2	11
dangerous	2	9
hard	2	4
virtually	2	9
arūnas	2	6
degutis	2	7
stanisław	2	9
jałowiecki	2	10
jaromír	2	7
kohlíček	2	8
jörg	2	4
leichtfried	2	11
liberadzki	2	10
evelin	2	6
henry	2	5
nattrass	2	8
luís	2	4
queiró	2	6
gilles	2	6
savary	2	6
renate	2	6
sommer	2	6
ulrich	2	6
stockmann	2	9
gary	2	4
titley	2	6
jensen	2	6
render	2	6
ages	2	4
qualification	2	13
records	2	7
confined	2	8
furnish	2	7
manually	2	8
harmonization	2	13
ascertaining	2	12
pattern	2	7
enforcing	2	9
armed	2	5
war	2	3
rescue	2	6
noncommercial	2	13
sewerage	2	8
circus	2	6
funfair	2	7
drives	2	6
alternatively	2	13
residence	2	9
longdistance	2	12
himself	2	7
distance	2	8
-1b	2	3
confirming	2	10
journeys	2	8
hold	2	4
‑hour	2	5
sleeping	2	8
bonus	2	5
endanger	2	8
items	2	5
household	2	9
animals	2	7
versa	2	5
dissuasive	2	10
non‑discriminatory	2	18
subjected	2	9
immobilisation	2	14
inserted	2	8
cards	2	5
separately	2	10
humans	2	6
numbers	2	7
influencing	2	11
cultures	2	8
undermined	2	10
mineral	2	7
pictorial	2	9
graphic	2	7
symbolic	2	8
false	2	5
masking	2	7
her	2	3
dossiers	2	8
manufacturers	2	13
front	2	5
cease	2	5
19a	2	3
notifying	2	9
shelf	2	5
commensurate	2	12
verifiable	2	10
repetition	2	10
trials	2	6
medicinal	2	9
regulates	2	9
transmit	2	8
plicant	2	7
exclusive	2	9
sports	2	6
pack	2	4
spreadable	2	10
plus	2	4
modify	2	6
frame	2	5
altering	2	8
merits	2	6
tests	2	5
semiskimmed	2	11
x%	2	2
alphalinoleic	2	13
acid	2	4
gram	2	4
eat	2	3
ppm	2	3
micrograms	2	10
gluten	2	6
saltfree	2	8
named	2	5
macronutrient	2	13
micronutrients	2	14
currency	2	8
macroeconomic	2	13
deficiencies	2	12
reactions	2	9
profitability	2	13
reaction	2	8
collect	2	7
udo	2	3
bullmann	2	8
goebbels	2	8
sophia	2	6
veld	2	4
wolf	2	4
klinz	2	5
joachim	2	7
purvis	2	6
dariusz	2	7
eoin	2	4
ryan	2	4
skinner	2	7
sahra	2	5
wagenknecht	2	11
mia	2	3
vits	2	4
ibrisagic	2	9
tying	2	5
procured	2	8
propoor	2	7
crossfertilise	2	14
empowering	2	10
tenders	2	7
bargaining	2	10
channelled	2	10
civilian	2	8
partner	2	7
11a	2	3
3b	2	2
notforprofit	2	12
legislations	2	12
dispute	2	7
delegations	2	11
insufficiently	2	14
withdrawn	2	9
instant	2	7
allocating	2	10
comprising	2	10
memorandum	2	10
confine	2	7
deleting	2	8
margaret	2	8
1b	2	2
augmenting	2	10
gps	2	3
russian	2	7
glonass	2	7
overlap	2	7
foresaw	2	7
12a	2	3
12b	2	3
profitsharing	2	13
revenues	2	8
observer	2	8
innovations	2	11
onwards	2	7
terrestrial	2	11
initialled	2	10
debts	2	5
resort	2	6
needing	2	7
avail	2	5
opt	2	3
domiciled	2	9
adduced	2	7
advanced	2	8
signatures	2	10
rectify	2	7
personally	2	10
enforceability	2	14
opposing	2	8
18a	2	3
redress	2	7
litigation	2	10
eeo	2	3
eulevel	2	7
epo	2	3
introduces	2	10
movements	2	9
likelihood	2	10
argues	2	6
scenarios	2	9
arbitrary	2	9
distort	2	7
orders	2	6
faster	2	6
scholars	2	8
continents	2	10
systematically	2	14
round	2	5
gathered	2	8
berlin	2	6
bologna	2	7
welcomed	2	8
nationally	2	10
devised	2	7
professions	2	11
teachers	2	8
researchers	2	11
reassessment	2	12
clerical	2	8
urgency	2	7
stefano	2	7
zappalà	2	7
małgorzata	2	10
handzlik	2	8
schwab	2	6
thyssen	2	7
jacques	2	7
toubon	2	6
evelyne	2	7
gebhardt	2	8
henrik	2	6
janelly	2	7
fourtou	2	7
anneli	2	6
jäätteenmäki	2	12
pierre	2	6
jonckheer	2	9
rivera	2	6
guntars	2	7
krasts	2	6
mario	2	5
willingness	2	11
und	2	3
vom	2	3
differentiating	2	15
15a	2	3
endeavouring	2	12
connect	2	7
seaports	2	8
hinterland	2	10
cross-	2	6
waterway	2	8
bottlenecks	2	11
started	2	7
adopts	2	6
c),d	2	4
discontinuance	2	14
prompt	2	6
nº1999	2	6
rebates	2	7
cumulative	2	10
šarūnas	2	7
birutis	2	7
busquin	2	7
castillo	2	8
vera	2	4
gierek	2	6
andrás	2	6
gyürk	2	5
fiona	2	5
hall	2	4
ayuso	2	5
miert	2	5
attracting	2	10
upper	2	5
attract	2	7
adequacy	2	8
firstly	2	7
secondly	2	8
fourteen	2	8
assumed	2	7
peripheral	2	10
ten‑t	2	5
supplementing	2	13
transit	2	7
attained	2	8
stopped	2	7
crossfrontier	2	13
territories	2	11
footnote	2	8
walk-	2	5
vibrating	2	9
3kw	2	3
compacting	2	10
screed	2	6
paverfinishers	2	14
handheld	2	8
concretebreakers	2	16
lawnmowers	2	10
cranes	2	6
outdoors	2	8
technically	2	11
impossible	2	10
georgs	2	6
andrejevs	2	9
irena	2	5
belohorská	2	10
bowis	2	5
frederika	2	9
brepoels	2	8
linda	2	5
mcavan	2	6
roberto	2	7
musacchio	2	9
dagmar	2	6
rothbehrendt	2	12
evangelia	2	9
tzampazi	2	8
pál	2	3
election	2	8
jeancharles	2	11
marchiani	2	9
immunity	2	8
cassation	2	9
denying	2	7
annulled	2	8
overturned	2	10
refusing	2	8
committe	2	8
supervising	2	11
transpose	2	9
none	2	4
pre	2	3
posttrade	2	9
classes	2	7
commodity	2	9
venues	2	6
indemnity	2	9
intermediaries	2	14
repealed	2	8
mtf	2	3
administratively	2	16
reappointing	2	12
filling	2	7
loopholes	2	9
logical	2	7
efsa	2	4
ecdc	2	4
emea	2	4
fate	2	4
merit	2	5
easa	2	4
commissioners	2	13
entails	2	7
10th	2	4
anniversary	2	11
racism	2	6
questioned	2	10
balkans	2	7
stereotypes	2	11
promotional	2	11
fairly	2	6
supervise	2	9
logo	2	4
slogans	2	7
testify	2	7
mission	2	7
satisfies	2	9
nibs	2	4
nib	2	3
cofunding	2	9
celebrated	2	10
awards	2	6
competitions	2	12
moraes	2	6
amsterdam	2	9
intrinsically	2	13
vast	2	4
non‑discrimination	2	18
excellent	2	9
urged	2	5
awarenessraising	2	16
treat	2	5
similarly	2	9
reaches	2	7
specialist	2	10
inequality	2	10
hiltrud	2	7
breyer	2	6
lívia	2	5
járóka	2	6
coelho	2	6
agustín	2	7
díaz	2	4
mera	2	4
consuegra	2	9
gaubert	2	7
adeline	2	7
hazan	2	5
wolfgang	2	8
kreissldörfler	2	14
inger	2	5
segelström	2	10
tatjana	2	7
ždanoka	2	7
gérard	2	6
genowefa	2	8
grabowska	2	9
sylviayvonne	2	12
kaufmann	2	8
newton	2	6
dunn	2	4
co.	2	3
graduate	2	8
dáil	2	4
secretary	2	9
gaeltacht	2	9
chairwoman	2	10
allparty	2	8
marital	2	7
interdepartmental	2	17
senior	2	6
scenario	2	8
clean	2	5
consistently	2	12
fundamentally	2	13
relied	2	6
unpalatable	2	11
underlining	2	11
objectively	2	11
watchdog	2	8
unfortunately	2	13
undoubtedly	2	11
explanations	2	12
visitors	2	8
tables	2	6
desired	2	7
officer	2	7
topics	2	6
instrumental	2	12
reserved	2	8
wideranging	2	11
quite	2	5
resist	2	6
attempt	2	7
subordinate	2	11
respecting	2	10
leaders	2	7
inappropriate	2	13
budgeting	2	9
resulted	2	8
udit	2	4
evelopment	2	10
timeliness	2	10
computerised	2	12
output	2	6
existed	2	7
fill	2	4
denunciations	2	13
tangible	2	8
fraudulent	2	10
honoured	2	8
neerpelt	2	8
doctorate	2	9
cambridge	2	9
japan	2	5
mayor	2	5
federal	2	7
smus	2	4
chemical	2	8
endeavours	2	10
measurable	2	10
detect	2	6
complying	2	9
explain	2	7
clarify	2	7
streamline	2	10
responds	2	8
retaining	2	9
audited	2	7
customary	2	9
probably	2	8
enlargements	2	12
chamberbased	2	12
deepening	2	9
periodically	2	12
professionalism	2	15
impartiality	2	12
expansion	2	9
adhere	2	6
complutense	2	11
sistema	2	7
financiero	2	10
española	2	8
materia	2	7
hacienda	2	8
estatal	2	7
cuentas	2	7
tributarias	2	11
entre	2	5
los	2	3
haciendas	2	9
poder	2	5
estado	2	6
autonómica	2	10
presupuestos	2	12
tributarios	2	11
precios	2	7
españa	2	6
régimen	2	7
nuevas	2	6
reglas	2	6
determinación	2	13
impuesto	2	8
titles	2	6
latin	2	5
senate	2	6
autonomous	2	10
intergovernmental	2	17
conflictive	2	11
probability	2	11
object	2	6
usefully	2	8
executed	2	8
regulate	2	8
democratically	2	14
carefully	2	9
rootandbranch	2	13
oath	2	4
tandem	2	6
posteriori	2	10
composite	2	9
euro	2	4
guided	2	6
subjective	2	10
anyone	2	6
influenced	2	10
reconciling	2	11
doctoral	2	8
inspectorategeneral	2	19
inspector	2	9
subinspector	2	12
interministerial	2	16
indepd	2	6
indústrias	2	10
participações	2	13
defesa	2	6
sa	2	2
europol	2	7
initíative	2	10
sigma	2	5
managament	2	10
comunities	2	10
portuguese	2	10
cocolaf	2	7
ecsc	2	4
wynn	2	4
expressing	2	10
usable	2	6
fuller	2	6
nonexhaustive	2	13
redefinition	2	12
underwent	2	9
pays	2	4
generating	2	10
solicitor	2	9
teaching	2	8
luiss	2	5
enhancement	2	11
colombia	2	8
tra	2	3
fasc	2	4
globalizzazione	2	15
napoli	2	6
controllo	2	9
delle	2	5
libertà	2	7
giudice	2	7
costituzionale	2	14
universidad	2	11
deems	2	5
distortions	2	11
credibility	2	11
read	2	4
assemblies	2	10
satisfaction	2	12
emerged	2	7
borne	2	5
supreme	2	7
legitimacy	2	10
eijariitta	2	10
korhola	2	7
århus	2	5
july2002	2	8
restrictive	2	11
computer	2	8
compiled	2	8
deny	2	4
levied	2	6
collaborate	2	11
timeframes	2	10
timelimit	2	9
publicparticipation	2	19
alleged	2	7
unsubstantiated	2	15
diligence	2	9
adaptations	2	11
freedoms	2	8
controversial	2	13
contest	2	7
espo	2	4
federation	2	10
pilots	2	6
acknowledged	2	12
stake	2	5
conviction	2	10
urgently	2	8
stipulated	2	10
fulfils	2	7
longerterm	2	10
acquirer	2	8
anticompetitive	2	15
abstention	2	10
determines	2	10
cargo	2	5
handled	2	7
intangible	2	10
compensated	2	11
reckoned	2	8
durations	2	9
expires	2	7
slightly	2	8
controlled	2	10
proficiency	2	11
retained	2	8
profession	2	10
guy	2	3
bono	2	4
initiation	2	10
jeanlouis	2	9
bourlanges	2	10
béla	2	4
glattfelder	2	11
jacky	2	5
henin	2	5
sajjad	2	6
karim	2	5
moreno	2	6
georgios	2	8
papastamkos	2	11
godelieve	2	9
quisthoudtrowohl	2	16
rogalski	2	8
tokia	2	5
saïfi	2	5
johan	2	5
hecke	2	5
margrietus	2	10
berg	2	4
abandoned	2	9
quantify	2	8
labourintensive	2	15
footwear	2	8
cablemanufacturing	2	18
capitalintensive	2	16
steelmaking	2	11
engineering	2	11
logistics	2	9
misused	2	7
engendered	2	10
relocated	2	9
blocked	2	7
studying	2	8
long‑term	2	9
buyers	2	6
devising	2	8
encompass	2	9
focussed	2	8
safeguarded	2	11
quantified	2	10
lesser	2	6
unsatisfactory	2	14
differentials	2	13
identifiable	2	12
zone	2	4
sillard	2	7
china	2	5
ahead	2	5
exactly	2	7
preempt	2	7
amongst	2	7
reimburse	2	9
lowering	2	8
threatening	2	11
chance	2	6
courage	2	7
hanna	2	5
foltynkubicka	2	13
yiannakis	2	9
matsis	2	6
jillian	2	7
wildlife	2	8
sustaining	2	10
protective	2	10
partially	2	9
responded	2	9
stressing	2	9
intact	2	6
rio	2	3
halting	2	7
observing	2	9
earmark	2	7
silvicultural	2	13
preconditions	2	13
nothing	2	7
culturally	2	10
atmospheric	2	11
game	2	4
fireprevention	2	14
proving	2	7
dovetailing	2	11
repeatedly	2	10
fireprone	2	9
monocultures	2	12
eucalyptus	2	10
contributory	2	12
welcoming	2	9
sanctions	2	9
punishments	2	11
illegallysourced	2	16
nonpreferential	2	15
extractive	2	10
intensified	2	11
carbonneutral	2	13
fulfilling	2	10
forest-	2	7
achieves	2	8
y.	2	2
z.	2	2
aa	2	2
remained	2	8
unexploited	2	11
nonrenewable	2	12
extinguishing	2	13
stateoftheart	2	13
researched	2	10
summits	2	7
6th	2	3
stakeholder	2	11
influences	2	10
mcpfe	2	5
vision	2	6
turning	2	7
dangers	2	7
storms	2	6
insect	2	6
infestations	2	12
grazing	2	7
harvesting	2	10
speculation	2	11
reafforestation	2	15
exchanges	2	9
remainder	2	9
cork	2	4
neglected	2	9
continuation	2	12
outlined	2	8
unlike	2	6
bases	2	5
goaldirected	2	12
initially	2	9
commissioned	2	12
classified	2	10
globally	2	8
ought	2	5
fragmentation	2	13
detriment	2	9
forestdependent	2	15
peoples	2	7
cristina	2	8
gutiérrezcortines	2	17
dan	2	3
jørgensen	2	9
liese	2	5
péter	2	5
olajos	2	6
frédérique	2	10
ries	2	4
sacconi	2	7
sornosa	2	7
åsa	2	3
westlund	2	8
castiglione	2	11
gintaras	2	8
didžiokas	2	9
bogdan	2	6
golik	2	5
witold	2	6
tomczak	2	7
wiesław	2	7
stefan	2	6
kuc	2	3
véronique	2	9
retention	2	9
haddock	2	7
flatfish	2	8
scotland	2	8
restriction	2	11
belgium	2	7
engine	2	6
canning	2	7
battilocchio	2	12
mariearlette	2	12
carlotti	2	8
thierry	2	7
cornillet	2	9
nirj	2	4
deva	2	4
fernando	2	8
fernández	2	9
martín	2	6
filip	2	5
kaczmarek	2	9
ģirts	2	5
valdis	2	6
kristovskis	2	11
miguel	2	6
angel	2	5
gay	2	3
mitchell	2	8
jürgen	2	6
schröder	2	8
feleknas	2	8
uca	2	3
gomes	2	5
reductions	2	10
deepsea	2	7
unavoidable	2	11
illustrated	2	11
exigencies	2	10
catching	2	8
spawn	2	5
detrimental	2	11
invites	2	7
bans	2	4
fao	2	3
unauthorised	2	12
adult	2	5
optimisation	2	12
escape	2	6
departure	2	9
quotas	2	6
coldwater	2	9
flora	2	5
fauna	2	5
sensitive	2	9
gears	2	5
shortterm	2	9
distinguish	2	11
undersized	2	10
assuming	2	8
near	2	4
orientations	2	12
sizes	2	5
maximize	2	8
trawl	2	5
susceptible	2	11
adjacent	2	8
spill	2	5
export	2	6
sexes	2	5
hooks	2	5
accidental	2	10
tacs	2	4
contents	2	8
confirms	2	8
tapped	2	6
excuse	2	6
avoidance	2	9
district	2	8
lines	2	5
homes	2	5
succeed	2	7
rely	2	4
largely	2	7
calculated	2	10
wind	2	4
commits	2	7
concentrate	2	11
pellets	2	7
stop	2	4
erec	2	4
diagram	2	7
greece	2	6
collectors	2	10
nearly	2	6
square	2	6
metres	2	6
roughly	2	7
quarter	2	7
dear	2	4
itre	2	4
b1	2	2
yours	2	5
sincerely	2	9
hammerstein	2	11
mintz	2	5
posing	2	6
fastgrowing	2	11
strength	2	8
mediumhigh	2	10
hightechnology	2	14
posed	2	5
hampton	2	7
signs	2	5
supportive	2	10
yearly	2	6
shaping	2	7
excellence	2	10
expost	2	6
denominations	2	13
ratified	2	8
applauds	2	8
manufacturing	2	13
negotiation	2	11
draftsperson	2	12
devote	2	6
continuing	2	10
incorporation	2	13
determinant	2	11
taged	2	5
differentiated	2	14
communes	2	8
km²	2	3
sec	2	3
densely	2	7
populated	2	9
apprenticeships	2	15
occasion	2	8
reaffirmed	2	10
compromising	2	12
refocus	2	7
abilities	2	9
spelled	2	7
edge	2	4
producer	2	8
foodquality	2	11
lessfavoured	2	12
landowners	2	10
floods	2	6
scarcity	2	8
store	2	5
repairing	2	9
flooding	2	8
healthcare	2	10
affordable	2	10
microcredit	2	11
microbusiness	2	13
coaching	2	8
charters	2	8
labels	2	6
combining	2	9
eskills	2	7
ebusiness	2	9
ecommerce	2	9
agri	2	4
-tourism	2	8
sport	2	5
traditions	2	10
combine	2	7
foresters	2	9
specialty	2	9
inclusiveness	2	13
tissue	2	6
mountainous	2	11
maximised	2	9
maximising	2	10
robust	2	6
uncertain	2	9
worth	2	5
commissioner	2	12
societal	2	8
stemming	2	8
trades	2	6
traceability	2	12
attempts	2	8
agritourism	2	11
orally	2	6
understands	2	11
refused	2	7
residing	2	8
interfere	2	9
improves	2	8
multilingual	2	12
marcin	2	6
libicki	2	7
nuno	2	4
alvaro	2	6
vibrations	2	10
electromagnetic	2	15
formally	2	8
strasbourg	2	10
negotiate	2	9
trialogue	2	9
subpara	2	7
ceiling	2	7
encompassing	2	12
decade	2	6
vulnerability	2	13
geography	2	9
terrain	2	7
visible	2	7
database	2	8
formed	2	6
conception	2	10
devastating	2	11
cataloguing	2	11
storage	2	7
scarce	2	6
facilitation	2	12
modus	2	5
operandi	2	8
degradation	2	11
modelling	2	9
workshops	2	9
dispatching	2	11
sending	2	7
channels	2	8
selfprotection	2	14
highsecurity	2	12
argus	2	5
epcip	2	5
interim	2	7
swiftly	2	7
top	2	3
preponderant	2	12
separated	2	9
ending	2	6
anders	2	6
santa	2	5
feira	2	5
confronting	2	11
inroads	2	7
sustained	2	9
parent	2	6
drug	2	4
qualities	2	9
guard	2	5
births	2	6
marriage	2	8
witness	2	7
entrepreneurial	2	15
inactive	2	8
endangered	2	10
socialinclusion	2	15
reintegration	2	13
spring	2	6
streamlined	2	11
baltic	2	6
modernised	2	10
skill	2	5
compounding	2	11
worse	2	5
harness	2	7
cabrnoch	2	8
harlem	2	6
désir	2	5
roger	2	5
helmer	2	6
kathy	2	5
sinnott	2	7
mikko	2	5
cese	2	4
unforeseen	2	10
outsourcing	2	11
buyouts	2	7
sometimes	2	9
implements	2	10
weakness	2	8
synonymous	2	10
speculative	2	11
patent	2	6
geared	2	6
criterion	2	9
polluting	2	9
hidden	2	6
emcc	2	4
head	2	4
vague	2	5
permanently	2	11
analytical	2	10
jeanluc	2	7
quicker	2	7
affording	2	9
scrutiny	2	8
legitimately	2	12
scrutinise	2	10
abbreviation	2	12
tsg	2	3
thereon	2	7
maat	2	4
marketbased	2	11
egovernment	2	11
skilfully	2	9
converging	2	10
switchover	2	10
analogue	2	8
proliferation	2	13
counteract	2	10
sophisticated	2	13
customised	2	10
competitors	2	11
tunis	2	5
liquid	2	6
borrowing	2	9
microloans	2	10
risktaking	2	10
imbalances	2	10
advent	2	6
isolation	2	9
speedy	2	6
interpreting	2	12
sweeping	2	8
anywhere	2	8
wireless	2	8
moving	2	6
phone	2	5
investor	2	8
minors	2	6
interfaces	2	10
api	2	3
images	2	6
interactive	2	11
freetoair	2	9
makers	2	6
careers	2	7
enjoyment	2	9
policymaking	2	12
rationalisation	2	15
reengineering	2	13
participative	2	13
radically	2	9
transformed	2	11
societies	2	9
decisively	2	10
intrinsic	2	9
misuse	2	6
upheld	2	6
everexpanding	2	13
helped	2	6
impart	2	6
era	2	3
govern	2	6
unesco	2	6
multiculturalism	2	16
enshrines	2	9
multilingualism	2	15
manifest	2	8
legislate	2	9
perpetuation	2	12
facets	2	6
inability	2	9
illiteracy	2	10
disproportionately	2	18
impediment	2	10
campaigning	2	11
heighten	2	8
creative	2	8
abused	2	6
prisoners	2	9
partaking	2	9
recruiting	2	10
entrepreneurs	2	13
microenterprises	2	16
machines	2	8
objects	2	7
terminal	2	8
switch	2	6
obsolescent	2	11
replacement	2	11
travel	2	6
giulietto	2	9
chiesa	2	6
intelligent	2	11
selfsufficient	2	14
mix	2	3
disappearance	2	13
by‑products	2	11
hectare	2	7
saps	2	4
biomaterials	2	12
plastics	2	8
lubricants	2	10
cultivated	2	10
potato	2	6
wheat	2	5
cereals	2	7
oilseed	2	7
rape	2	4
predicted	2	9
rapeseed	2	8
ethanol	2	7
detergents	2	10
paints	2	6
polymers	2	8
palm	2	4
sheet	2	5
deducted	2	8
donations	2	9
subscriptions	2	13
nonprofitmaking	2	15
honour	2	6
shift	2	5
engagements	2	11
steady	2	6
inasmuch	2	8
standardform	2	12
prevents	2	8
opted	2	5
legislature	2	11
began	2	5
recipients	2	10
meps	2	4
necessitating	2	13
prevented	2	9
commodities	2	11
insiders	2	8
suspicious	2	10
buyback	2	7
stabilisation	2	13
correlation	2	11
nyilvánosan	2	11
működő	2	6
részvénytársaság	2	16
weighted	2	8
effectuation	2	12
occurrences	2	11
announcement	2	12
authorized	2	10
paidup	2	6
quorum	2	6
effectuating	2	12
effectuated	2	11
39a	2	3
slim	2	4
undue	2	5
esko	1	4
seppänen	1	8
costreflective	1	14
offtake	1	7
crosssubsidisation	1	18
cost‑reflective	1	15
off‑take	1	8
cross‑subsidisation	1	19
renomination	1	12
re‑nomination	1	13
renominations	1	13
on‑line	1	7
re‑nominations	1	14
reconsult	1	9
henceforth	1	10
acronym	1	7
gentlemen	1	9
cornerstone	1	11
subdividing	1	11
till	1	4
comparability	1	13
subdivisions	1	12
normative	1	9
excludes	1	8
preferring	1	10
hierarchical	1	12
municipal	1	9
tiers	1	5
grouped	1	7
joined	1	6
drawingup	1	9
anomalies	1	9
bielan	1	6
marques	1	7
practicability	1	14
overseeing	1	10
inspecting	1	10
transported	1	11
hospitality	1	11
motorways	1	9
checkpoint	1	10
parked	1	6
sixday	1	6
fortnightly	1	11
disappointment	1	14
divergence	1	10
lenient	1	7
paring	1	6
playingfield	1	12
lose	1	4
pose	1	4
diverging	1	9
causing	1	7
sensible	1	8
timescale	1	9
unambitious	1	11
sooner	1	6
stick	1	5
reintroduced	1	12
naming	1	6
twofold	1	7
convincing	1	10
describes	1	9
dictated	1	8
evidently	1	9
ditched	1	7
straightforward	1	15
openended	1	9
emerges	1	7
repeat	1	6
rapprochement	1	13
helmut	1	6
fernand	1	7
rachinel	1	8
navarro	1	7
elisabet	1	8
38e	1	3
51e	1	3
signatory	1	9
.the	1	4
pressures	1	9
29a	1	3
transposed	1	10
mates	1	5
31a	1	3
31b	1	3
twoweek	1	7
checksin	1	8
31c	1	3
spot	1	4
ascertain	1	9
31d	1	3
31e	1	3
tachographs	1	11
tractors	1	8
containers	1	10
feed	1	4
highway	1	7
telegraph	1	9
telephone	1	9
transmitters	1	12
receivers	1	9
ic	1	2
tractor	1	7
ormachinery	1	11
assignment	1	10
vehicleshaving	1	14
aged	1	4
commence	1	8
shalltake	1	9
acquaint	1	8
sides	1	5
doortodoor	1	10
oa	1	2
slaughterhouses	1	15
empowered	1	9
proceduredraft	1	14
triggering	1	10
portions	1	8
oily	1	4
gastronomic	1	11
worthy	1	6
indisputable	1	12
26a	1	3
acquiring	1	9
sold	1	4
loose	1	5
wines	1	5
saturates	1	9
monounsaturates	1	15
polyunsaturates	1	15
ambiguous	1	9
condone	1	7
understate	1	10
prominent	1	9
sample	1	6
importers	1	9
elapsed	1	7
justifications	1	14
sent	1	4
notifier	1	8
registering	1	11
innovators	1	10
gathering	1	9
24a	1	3
28a	1	3
trademarks	1	10
bclaims	1	7
peerreviewed	1	12
approving	1	9
envisages	1	9
lessen	1	6
applic	1	6
tion	1	4
pr	1	2
prietary	1	8
misled	1	6
herewith	1	8
vnr	1	3
mj	1	2
preceded	1	8
alimentarius	1	12
judging	1	7
enactment	1	9
notional	1	8
protections	1	11
benchmark	1	9
wellinformed	1	12
fats¹.	1	6
asking	1	6
perception	1	10
21a	1	3
unpacked	1	8
trademark	1	9
appearing	1	9
dose	1	4
capsules	1	8
pastilles	1	9
tablets	1	7
pills	1	5
sachets	1	7
powder	1	6
ampoules	1	8
dispensing	1	10
bottles	1	7
powders	1	7
wanting	1	7
wellestablished	1	15
assertions	1	10
fa	1	2
preclude	1	8
vitro	1	5
quantification	1	14
possession	1	10
documents¹	1	10
withdraws	1	9
disagree	1	8
19b	1	3
19c	1	3
contradiction	1	13
25b	1	3
uses¹.	1	6
ul	1	2
countryies	1	10
calorific	1	9
polyunsaturated	1	15
pufa	1	4
mufa	1	4
epa+dha	1	7
cholesterolfree	1	15
nondetectable	1	13
detectable	1	10
ingredient	1	10
overcoming	1	10
distinguishing	1	14
infraannual	1	11
scheduled	1	9
zsolt	1	5
becsey	1	6
ieke	1	4
burg	1	4
cirino	1	6
pomicino	1	8
christian	1	9
ehler	1	5
lauk	1	4
rosati	1	6
lars	1	4
wohlin	1	6
antonis	1	7
samaras	1	7
charles	1	7
tannock	1	7
rejects	1	7
sylwester	1	9
chruszcz	1	8
dirk	1	4
sterckx	1	7
fausto	1	6
correia	1	7
untie	1	5
preference	1	10
ranking	1	7
organization	1	12
cartegena	1	9
biosafety	1	9
refered	1	7
ldcs	1	4
ojec	1	4
o1658	1	5
rapidreaction	1	13
headquarter	1	11
domains	1	7
supranational	1	13
euroregional	1	12
ecg	1	3
ommunity	1	8
prolonged	1	9
peacebuilding	1	13
confines	1	8
egtcs	1	5
acquires	1	8
unjustifiable	1	13
miller	1	6
cushnahan	1	9
poetschki	1	9
interreg	1	8
neighbourly	1	11
preamble	1	8
ect	1	3
oversight	1	9
dissolutionarticle	1	18
situated	1	8
adding	1	6
epresentation	1	13
istván	1	6
pálfi	1	5
poignant	1	8
alfredo	1	7
antoniozzi	1	10
presently	1	9
finish	1	6
13b	1	3
rtd	1	3
14b	1	3
3c	1	2
3d	1	2
exempt	1	6
12c	1	3
programm	1	8
es	1	2
repaying	1	8
footing	1	7
circulation	1	11
intermediate	1	12
debtor	1	6
habitually	1	10
resident	1	8
domicile	1	8
fallen	1	6
liquidated	1	10
payable	1	7
invoked	1	7
advised	1	7
interruption	1	12
writ	1	4
summons	1	7
fax	1	3
evidential	1	10
undermining	1	11
approximating	1	13
abolishing	1	10
exequator	1	9
handed	1	6
inclined	1	8
assert	1	6
unfamiliar	1	10
unknown	1	7
obstacle	1	8
disincentive	1	12
debtors	1	7
reluctance	1	10
tampere	1	7
instructed	1	10
recovering	1	10
enclose	1	7
copies	1	6
singlestage	1	11
declaring	1	9
practicalities	1	14
student	1	7
reputation	1	10
eb	1	2
consolidates	1	12
reestablish	1	11
2e	1	2
podestà	1	7
fernanda	1	8
rudi	1	4
ubeda	1	5
wuermeling	1	10
dam	1	3
kristensen	1	10
phillip	1	7
whitehead	1	9
mauro	1	5
precandidate	1	12
ring	1	4
friends	1	7
erwägung	1	8
neu	1	3
gemeinschaft	1	12
anerkennt	1	9
querfinanzierung	1	16
durch	1	5
mautaufschläge	1	14
bei	1	3
tenprojekten	1	12
als	1	3
weiteres	1	8
prinzip	1	7
zur	1	3
beschleunigten	1	14
verwirklichung	1	14
von	1	3
tenvorhaben	1	11
achtet	1	6
auf	1	3
einhaltung	1	10
der	1	3
modalitäten	1	11
wie	1	3
sie	1	3
europäischen	1	12
parlament	1	9
rat	1	3
festgelegt	1	10
wurden	1	6
receipts	1	8
unforeseeable	1	13
multimodal	1	10
linkage	1	7
frontier	1	8
railway	1	7
coordinators	1	12
surmount	1	8
pointing	1	8
ján	1	3
hudacký	1	7
nils	1	4
lundgren	1	8
pirilli	1	7
advantaged	1	10
remoter	1	7
keystone	1	8
removing	1	8
railways	1	8
shortsea	1	8
intermodal	1	10
appropriation	1	13
disappointing	1	13
comitology	1	10
coincides	1	9
axiomatic	1	9
emphasise	1	9
thirty	1	6
thirdly	1	7
disable	1	7
adhered	1	7
tributary	1	9
segment	1	7
adjoining	1	9
segments	1	8
singleengine	1	12
came	1	4
pavers	1	6
breakers	1	8
mowers	1	6
controversy	1	11
uncontroversial	1	15
commented	1	9
remarked	1	8
attributed	1	10
achievable	1	10
disruption	1	10
horst	1	5
schnellhardt	1	12
hélène	1	6
goudin	1	6
sumbitted	1	9
suffrage	1	8
wagner	1	6
fohrmann	1	8
krier	1	5
wybot	1	5
faure	1	5
infringed	1	9
caselaw	1	7
köbler	1	6
guardian	1	8
preserves	1	9
prerogatives	1	12
conferral	1	9
6b	1	2
shorten	1	7
reexamine	1	9
deferred	1	8
banks	1	5
ineffective	1	11
repeal	1	6
enacted	1	7
twoyearperiod	1	13
renew	1	5
.references	1	11
mtfs	1	4
threequarters	1	13
regulationec	1	12
categorised	1	11
incumbent	1	9
sort	1	4
assesses	1	8
contingent	1	10
elim55inate	1	11
vector	1	6
inclusive	1	9
lend	1	4
7b	1	2
7c	1	2
7d	1	2
prevalence	1	10
antigypsyism	1	12
ethnicminority	1	14
therein	1	7
acceding	1	8
lending	1	7
sure	1	4
organ	1	5
defending	1	9
satisfied	1	9
executing	1	9
allocate	1	8
multinannual	1	12
commencing	1	10
formats	1	7
delegates	1	9
publicsector	1	12
privatelaw	1	10
begins	1	6
track	1	5
match	1	5
prosecutions	1	12
wrongly	1	7
incorrectly	1	11
antifraud	1	9
onthespot	1	9
intricate	1	9
battery	1	7
abundant	1	8
parameters	1	10
excluding	1	9
precisely	1	9
serves	1	6
cornerstones	1	12
flanked	1	7
garner	1	6
pinpointed	1	10
hinges	1	6
fuelling	1	8
under‑represented	1	17
something	1	9
hopes	1	5
dragging	1	8
feet	1	4
worded	1	6
colour	1	6
birth	1	5
desire	1	6
ngo	1	3
discriminated	1	13
underestimated	1	14
civic	1	5
rodi	1	4
kratsatsagaropoulou	1	19
kathalijne	1	10
buitenweg	1	9
cashman	1	7
giusto	1	6
catania	1	7
díez	1	4
kinga	1	5
gál	1	3
klamt	1	5
magda	1	5
kósáné	1	6
kovács	1	6
kudrycka	1	8
sarah	1	5
ludford	1	7
edith	1	5
mastenbroek	1	11
deprez	1	6
geoghegan	1	9
-quinn	1	6
carna	1	5
galway	1	6
sons	1	4
carysfort	1	9
teacher	1	7
blackrock	1	9
éireann	1	7
retired	1	7
woman	1	5
cabinet	1	7
breakdown	1	9
eleven	1	6
peace	1	5
consultant	1	10
nonexecutive	1	12
columnist	1	9
newspaper	1	9
broadcaster	1	11
tg4	1	3
station	1	7
dissatisfied	1	12
corrective	1	10
clearest	1	8
importantly	1	11
perfect	1	7
auditee	1	7
arduous	1	7
minds	1	5
persistence	1	11
iacs	1	4
satisfying	1	10
openly	1	6
watershed	1	9
refining	1	8
yielded	1	7
reflecting	1	10
reflections	1	11
failing	1	7
reassurance	1	11
condenses	1	9
explained	1	9
emphasize	1	9
auditees	1	8
needless	1	8
indigestible	1	12
precaution	1	10
distorted	1	9
misinterpreted	1	14
declined	1	8
releases	1	8
layout	1	6
chapters	1	8
userfriendly	1	12
graphs	1	6
nurtured	1	8
frank	1	5
subscribe	1	9
arranged	1	8
ingeborg	1	8
grässle	1	7
succinctly	1	10
dutch	1	5
recognizes	1	10
cooperating	1	11
twenty	1	6
wasteful	1	8
evolving	1	8
reevaluating	1	12
fulfill	1	7
honored	1	7
eireann	1	7
attending	1	9
ecofin	1	6
arrival	1	7
bananas	1	7
reappraisal	1	11
glad	1	4
underway	1	8
banana	1	6
nd	1	2
eports	1	6
oordination	1	11
ssurance	1	8
organize	1	8
disagreement	1	12
courtapproved	1	13
assuring	1	8
fulfilment	1	10
reviews	1	7
install	1	7
upport	1	6
syst	1	4
em	1	2
internally	1	10
acceptance	1	10
helpdesk	1	8
wished	1	6
valueformoney	1	13
module	1	6
modules	1	7
initiated	1	9
liaise	1	6
routine	1	7
discovered	1	10
discovery	1	9
conducts	1	8
forwards	1	8
investigation	1	13
monitors	1	8
keeps	1	5
grievances	1	10
furnished	1	9
slightest	1	9
wrongdoing	1	10
finalising	1	10
alfons	1	6
hugo	1	4
arnold	1	6
father	1	6
grammar	1	7
sinthubertuscollege	1	19
bachelor	1	8
ufsia	1	5
antwerp	1	7
specialising	1	12
phil	1	4
bursary	1	7
winner	1	6
prize	1	5
trip	1	4
nato	1	4
hano	1	4
hamontachel	1	11
noordlimburg	1	12
intercommunal	1	13
park	1	4
nolimpark	1	9
nv	1	2
tessenderlo	1	11
remuneration	1	12
appointments	1	12
root	1	4
acquitted	1	9
publishing	1	10
unambiguously	1	13
lowest	1	6
departures	1	10
remedial	1	8
readiness	1	9
generalise	1	10
servants	1	8
throw	1	5
materially	1	10
logically	1	9
oral	1	4
supporter	1	9
eng	1	3
relegated	1	9
bureaucratic	1	12
complexity	1	10
repercussions	1	13
pipeline	1	8
usual	1	5
handinhand	1	10
secrecy	1	7
ethics	1	6
cv	1	2
1980s	1	5
seconded	1	8
middle	1	6
albeit	1	6
strands	1	7
palma	1	5
mallorca	1	8
researcher	1	10
associate	1	9
valladolid	1	10
vienna	1	6
heidelberg	1	10
klaus	1	5
vogel	1	5
vicerector	1	10
magistrate	1	10
corporaciones	1	13
alemán	1	6
incidencia	1	10
fuentes	1	7
normativas	1	10
reparto	1	7
competencias	1	12
distintos	1	9
ámbitos	1	7
gobierno	1	8
autonomía	1	9
suficiencia	1	11
asimetría	1	9
gasto	1	5
estructura	1	10
ley	1	3
modelos	1	7
necesaria	1	9
reforma	1	7
autonomías	1	10
contenido	1	9
instrumentos	1	12
límites	1	7
corresponsabilidad	1	18
relaciones	1	10
interadministrativas	1	20
aplicación	1	10
tributos	1	8
elementos	1	9
jurídicos	1	9
principios	1	10
puntos	1	6
conexión	1	8
condicionamientos	1	17
constitucionales	1	16
codificación	1	12
tasas	1	5
públicos	1	8
privados	1	8
hacia	1	5
concepto	1	8
tributo	1	7
bloque	1	6
presupuestario	1	14
presupuesto	1	11
acompañamiento	1	14
estabilidad	1	11
decretoley	1	10
hecho	1	5
cuantificación	1	14
prestación	1	10
unidad	1	6
como	1	4
sujeto	1	6
ordenamiento	1	12
español	1	7
determinados	1	12
activos	1	7
financieros	1	11
tributación	1	11
entidades	1	9
previsión	1	9
tipo	1	4
gravamen	1	8
aspectos	1	8
fiscales	1	8
libre	1	5
circulación	1	11
capitales	1	9
comunidad	1	9
incrementos	1	11
patrimoniales	1	13
operaciones	1	11
residentes	1	10
eficacia	1	8
voluntad	1	8
partes	1	6
obligaciones	1	12
directiva	1	9
relativa	1	8
al	1	2
común	1	5
aplicable	1	9
matrices	1	8
filiales	1	8
experiencia	1	11
revisión	1	8
actos	1	5
vía	1	3
administrativa	1	14
classical	1	9
nawiasky	1	8
cuestiones	1	10
fundamentales	1	13
trotabas	1	8
ensayo	1	6
geny	1	4
particularismo	1	14
13th	1	4
45th	1	4
cortes	1	6
legislatures	1	12
interparliamentary	1	18
nicaragua	1	9
managua	1	7
venezuela	1	9
caracas	1	7
paraguay	1	8
asunción	1	8
someone	1	7
dedicates	1	9
vi	1	2
eaggfguarantee	1	14
earns	1	5
reproaches	1	10
recalling	1	9
impression	1	10
performs	1	8
temptation	1	10
denounce	1	8
alien	1	5
tends	1	5
ease	1	4
presupposes	1	11
arbitrariness	1	13
coexisting	1	10
sine	1	4
qua	1	3
taxpayer	1	8
compensate	1	10
participates	1	12
feature	1	7
massive	1	7
feedback	1	8
smallest	1	8
strive	1	6
equilibrium	1	11
spend	1	5
motives	1	7
attentive	1	9
surprising	1	10
intuitive	1	9
approximations	1	14
perhaps	1	7
theoretical	1	11
tendering	1	9
rationalising	1	13
flatrate	1	8
documentary	1	11
declarations	1	12
delimited	1	9
cf	1	2
strike	1	6
recall	1	6
eagffguarantee	1	14
coexist	1	7
unwise	1	6
replying	1	8
honesty	1	7
abstaining	1	10
incompatibilities	1	17
loyalty	1	7
thesis	1	6
centred	1	7
academically	1	12
politically	1	11
occupant	1	8
lecture	1	7
undergraduates	1	14
rehauled	1	8
debates	1	7
governor	1	8
banco	1	5
spokesman	1	9
socialist	1	9
sub	1	3
judice	1	6
branches	1	8
audience	1	8
campo	1	5
maior	1	5
postgraduate	1	12
lecturer	1	8
speaker	1	7
seminars	1	8
auditingannex	1	13
explaining	1	10
anything	1	8
detecting	1	9
corrected	1	9
await	1	5
eyes	1	4
favourably	1	10
specialists	1	11
contxt	1	6
earmarked	1	9
economical	1	10
exact	1	5
assists	1	7
endeavoured	1	11
autonomy	1	8
mandates	1	8
auspices	1	8
presidents	1	10
shifted	1	7
plane	1	5
desirability	1	12
sharedmanagement	1	16
monies	1	6
forums	1	6
setup	1	5
meanwhile	1	9
induce	1	6
mode	1	4
speeding	1	8
flexibly	1	8
pave	1	4
specialisation	1	14
selfassessment	1	14
practise	1	8
swore	1	5
discretion	1	10
ceased	1	6
declare	1	7
deposited	1	9
spouse	1	6
participated	1	12
yielding	1	8
frosinone	1	9
emeritus	1	8
sapienza	1	8
cum	1	3
laude	1	5
perugia	1	7
atac	1	4
successively	1	12
attorney	1	8
jurisdictional	1	14
courses	1	7
tor	1	3
vergata	1	7
lumsa	1	5
santissima	1	10
assunta	1	7
infancy	1	7
unicef	1	6
xviith	1	6
york	1	4
crime	1	5
interior	1	8
chile	1	5
uruguay	1	7
egypt	1	5
write	1	5
speak	1	5
valori	1	6
tecniche	1	8
giudizio	1	8
costituzionalità	1	16
dykinson	1	8
diritto	1	7
romano	1	6
ius	1	3
commune	1	7
europeo	1	7
index	1	5
processo	1	8
integrazione	1	12
ed	1	2
ecumene	1	7
esi	1	3
tribunali	1	9
l’amministrazione	1	17
politica	1	8
giudiziario	1	11
limiti	1	6
discendenti	1	11
dalla	1	5
separazione	1	11
poteri	1	6
archivio	1	8
giuridico	1	9
serafini	1	8
xiiith	1	6
città	1	5
lecce	1	5
articolazioni	1	13
dello	1	5
stato	1	5
sociale	1	7
iustitia	1	8
accesso	1	7
alla	1	4
sociali	1	7
comune	1	6
jovene	1	6
revista	1	7
católica	1	8
valparaíso	1	10
legalità	1	8
nelle	1	5
esperienze	1	10
giuridiche	1	10
contemporanee	1	13
ruolo	1	5
corti	1	5
nazionali	1	9
sopranazionali	1	14
congreso	1	8
internacional	1	13
público	1	7
filosofía	1	9
sociología	1	10
jurídicas	1	9
perspectivas	1	12
próximo	1	7
milenio	1	7
externado	1	9
bogotá	1	6
nuova	1	5
corte	1	5
conti	1	5
l’ordinamento	1	13
comunitario	1	11
sulla	1	5
spesa	1	5
pubblica	1	8
atti	1	4
convegno	1	8
studi	1	5
tenutosi	1	8
bari	1	4
marzo	1	5
giuffrè	1	7
milano	1	6
incomplete	1	10
simplistic	1	10
homogenous	1	10
quotes	1	6
comparisons	1	11
ante	1	4
hiding	1	6
successes	1	9
admittedly	1	10
incompatibility	1	15
reconcile	1	9
classic	1	7
quest	1	5
learn	1	5
characteristic	1	14
customer	1	8
inquiry	1	7
collaborative	1	13
enlists	1	7
heterogeneous	1	13
happen	1	6
topical	1	7
superseded	1	10
reiterated	1	10
derive	1	6
codifies	1	8
ethical	1	7
fine	1	4
prestige	1	8
meaningless	1	11
inspired	1	8
noneuropean	1	11
iva	1	3
originating	1	11
release	1	7
publicise	1	9
waived	1	6
prepares	1	8
notices	1	7
therefor	1	8
breach	1	6
‑governmental	1	13
nodal	1	5
modes	1	5
heated	1	6
readings	1	8
begged	1	6
applicability	1	13
deploy	1	6
seafaring	1	9
sitting	1	7
departs	1	7
rudimentary	1	11
abandonment	1	11
comprehensively	1	15
pe	1	2
feport	1	6
clecat	1	6
empa	1	4
boatmen	1	7
eba	1	3
tugowners	1	9
eta	1	3
esc	1	3
ecsa	1	4
transportworkers	1	16
etf	1	3
françois	1	8
lamoureux	1	9
directorgeneral	1	15
dg	1	2
affirmed	1	8
expressis	1	9
verbis	1	6
handlers	1	8
transshipment	1	13
weighed	1	7
circles	1	7
alike	1	5
mooring	1	7
towage	1	6
alongside	1	9
accommodated	1	12
distinctive	1	11
concurring	1	10
noneu	1	5
unloading	1	9
tightened	1	9
tabling	1	7
infrastructures	1	15
appoint	1	7
permission	1	10
lease	1	5
candidateproviders	1	18
employ	1	6
revoke	1	6
deciding	1	8
complaint	1	9
interval	1	8
dispatch	1	8
amortised	1	9
preestablished	1	14
enact	1	5
appearance	1	10
container	1	9
bridges	1	7
shiptoshore	1	11
gantry	1	6
unloaders	1	9
revert	1	6
irrevocably	1	11
prescribe	1	9
deem	1	4
reserving	1	9
assigning	1	9
vessel	1	6
authorise	1	9
c320	1	4
functional	1	10
airspace	1	8
blocks	1	6
icao	1	4
eurocontrol	1	11
transposes	1	10
wrote	1	5
lawyer	1	6
linguists	1	9
endorse	1	7
redefined	1	9
unconditional	1	13
provisionally	1	13
clarifies	1	9
marinus	1	7
wiersma	1	7
nigel	1	5
farage	1	6
benefited	1	9
spur	1	4
manifold	1	8
hardships	1	9
pronounced	1	10
predetermined	1	13
quantifying	1	11
host	1	4
conducive	1	9
cohesiveness	1	12
lagging	1	7
tragedies	1	9
pull	1	4
restructure	1	11
becoming	1	8
ensuing	1	7
adhering	1	8
contemplated	1	12
entrust	1	7
objectivise	1	11
attaching	1	9
disparity	1	9
alerts	1	6
infringe	1	8
perenniality	1	12
jobcreating	1	11
stave	1	5
severely	1	8
shortfalls	1	10
tackled	1	7
stirred	1	7
thoughtout	1	10
hit	1	3
headlines	1	9
worsened	1	8
salary	1	6
statistically	1	13
plasman	1	7
insight	1	7
specifics	1	9
délocalisations	1	15
et	1	2
réductions	1	10
d’effectifs	1	11
dans	1	4
l’industrie	1	11
française	1	9
insee	1	5
destinations	1	12
destination	1	11
africa	1	6
south	1	5
america	1	7
asian	1	5
advocate	1	8
immobilisme	1	11
rethink	1	7
deployed	1	8
solidaritybased	1	15
backwardness	1	12
favouring	1	9
flat	1	4
cofunded	1	8
threaten	1	8
diagnosis	1	9
tailormade	1	10
plug	1	4
shifts	1	6
neutralised	1	11
walk	1	4
desolation	1	10
planet	1	6
underpinning	1	12
takehome	1	8
importing	1	9
chinese	1	7
indian	1	6
quantitatively	1	14
qualitatively	1	13
wants	1	5
pa_nonleg	1	9
raymond	1	7
langendries	1	11
lou	1	3
mcdonald	1	8
mantovani	1	9
lancker	1	7
greening	1	8
des	1	3
forêts	1	6
onf	1	3
outlook	1	7
combines	1	8
subnational	1	11
nfps	1	4
farmland	1	8
restoring	1	9
damaged	1	7
vitality	1	8
pests	1	5
colonises	1	9
regretting	1	10
temperate	1	9
earth	1	5
regeneration	1	12
energymix	1	9
slowing	1	7
offset	1	6
surpluses	1	9
subsidiary	1	10
agriforestry	1	12
x.	1	2
succeeds	1	8
ab	1	2
ac	1	2
lacks	1	5
arrive	1	6
unff	1	4
dimensions	1	10
congruent	1	9
interservice	1	12
directoratesgeneral	1	19
paths	1	5
pedestrian	1	10
suggesting	1	10
residual	1	8
burnt	1	5
prosecution	1	11
firefighting	1	12
revitalise	1	10
bordering	1	9
backdrop	1	8
woodbased	1	9
selfsupply	1	10
nonwood	1	7
mushrooms	1	9
berries	1	7
hunting	1	7
differentiation	1	15
externalities	1	13
leonardo	1	8
erasmus	1	7
certified	1	9
fsc	1	3
pefc	1	4
prompted	1	8
bar	1	3
decades	1	7
employmentpolicy	1	16
briefly	1	7
happening	1	9
annum	1	5
vocabulary	1	10
brundtland	1	10
privately	1	9
woods	1	5
woodland	1	8
stateowned	1	10
appended	1	8
intensively	1	11
unsystematic	1	12
beginnings	1	10
standardise	1	11
unfinished	1	10
cautious	1	8
restricting	1	11
ball	1	4
rolling	1	7
handbook	1	8
eurofor	1	7
mid	1	3
forestrelevant	1	14
clearcut	1	8
fear	1	4
unfounded	1	9
contrary	1	8
fore	1	4
halt	1	4
genuinely	1	9
recoverable	1	11
conflicts	1	9
sámi	1	4
avril	1	5
doyle	1	5
sonik	1	5
maciej	1	6
grabowski	1	9
martinez	1	8
aquaculture	1	11
juveniles	1	9
organisms	1	9
waters	1	6
mile	1	4
topic	1	5
threeyear	1	9
whiting	1	7
monkfish	1	8
alarm	1	5
saithe	1	6
fisheriesdependent	1	18
ns	1	2
metre	1	5
demersal	1	8
historic	1	8
incidence	1	9
beam	1	4
trawlers	1	8
horsepower	1	10
experimental	1	12
licensed	1	8
attendance	1	10
offshore	1	8
effluents	1	9
dredging	1	8
overfishing	1	11
nonsustainable	1	14
trophic	1	7
grave	1	5
activate	1	8
subsidising	1	11
compensating	1	12
realtime	1	8
stringently	1	11
ghost	1	5
conflicting	1	11
locally	1	7
regenerating	1	12
progressive	1	11
spawning	1	8
brink	1	5
collapse	1	8
unsustainable	1	13
multi-	1	6
minimisation	1	12
thrown	1	6
overboard	1	9
dead	1	4
squaremashed	1	12
panels	1	6
nontarget	1	9
stone	1	5
deepwater	1	9
northwest	1	9
wellidentified	1	14
credible	1	8
obviously	1	9
longterms	1	9
fishes	1	6
counterproductive	1	17
devise	1	6
consensus	1	9
institutes	1	10
test	1	4
landing	1	7
overexploitation	1	16
mature	1	6
fleets	1	6
ecosystem	1	9
encrusted	1	9
seamounts	1	9
reversing	1	9
boundaries	1	10
eggs	1	4
larvae	1	6
reproductive	1	12
efficacy	1	8
conclusively	1	12
seasonal	1	8
incidentally	1	12
targeting	1	9
premarket	1	9
induced	1	7
mortalities	1	11
immature	1	8
nonlegal	1	8
command	1	7
fixes	1	5
pingers	1	7
soundemitting	1	13
dolphindeterring	1	16
nets	1	4
hatches	1	7
spaced	1	6
metal	1	5
grid	1	4
cetacean	1	8
hook	1	4
depth	1	5
casting	1	7
turtles	1	7
landings	1	8
disregard	1	9
landed	1	6
static	1	6
centrally	1	9
knowledgeable	1	13
inevitably	1	10
activating	1	10
subsidisation	1	13
negatively	1	10
double	1	6
seventh	1	7
doubling	1	8
districtheating	1	15
districtcooling	1	15
ambient	1	7
dismantling	1	11
expediting	1	10
covert	1	6
gradually	1	9
speeded	1	7
long-	1	5
renovation	1	10
payasyougo	1	10
subsidized	1	10
objectives;,fuels	1	17
burdened	1	8
accord	1	6
costeffectiveness	1	17
constructed	1	11
renovated	1	9
ecolabels	1	9
marginalisation	1	15
cogeneration	1	12
euchpdirective	1	14
m2	1	2
jeopardised	1	11
drastic	1	7
coal	1	4
uranium	1	7
finite	1	6
alarming	1	8
peak	1	4
winter	1	6
summer	1	6
co2	1	3
small-	1	6
totalling	1	9
ignored	1	7
pursues	1	7
sun	1	3
unveil	1	6
pursuing	1	8
estimates	1	9
shortfall	1	9
sluggish	1	8
structurally	1	12
oversee	1	7
averted	1	7
dismantled	1	10
milestone	1	9
elaboration	1	11
forecasted	1	10
mw	1	2
twh	1	3
precious	1	8
surface	1	7
stands	1	6
wgc	1	3
estif	1	5
book	1	4
missing	1	7
projection	1	10
sees	1	4
frameworks	1	10
graph	1	5
iwo	1	3
österreich	1	10
tecson	1	6
gmbh	1	4
ökowärme	1	8
annexed	1	7
lenaerts	1	8
nuffel	1	6
sweet	1	5
maxwell	1	7
london	1	6
secured	1	7
bii	1	3
biii	1	4
biv	1	3
dominique	1	9
vlasto	1	6
gunnar	1	6
hökmark	1	7
sourcing	1	8
interlinked	1	11
competing	1	9
unintended	1	10
globallyoriented	1	16
strongest	1	9
indications	1	11
handle	1	6
solving	1	7
screening	1	9
protectionism	1	13
adds	1	4
cushion	1	7
patenting	1	9
dialogues	1	9
nonmarket	1	9
ambitions	1	9
india	1	5
marketopening	1	13
unilateral	1	10
resistance	1	10
dateadopted	1	11
arlene	1	6
mccarthy	1	8
cecilia	1	7
malmström	1	9
hartmut	1	7
nassaue	1	7
sieke	1	5
burgr	1	5
expectations	1	12
adaptable	1	9
intensive	1	9
peri	1	4
-urban	1	6
descriptive	1	11
ties	1	4
needsthe	1	8
wishing	1	7
luxembourg	1	10
tailor	1	6
prevailing	1	10
readjustments	1	13
recognisable	1	12
methodsrelating	1	15
preferences	1	11
semisubsistence	1	15
lastingly	1	9
visit	1	5
tourist	1	7
humanised	1	9
droughts	1	8
landslips	1	9
foodsupply	1	10
margins	1	7
leastfavoured	1	13
villages	1	8
hampered	1	8
dwellers	1	8
localities	1	10
rented	1	6
cottage	1	7
qualityoriented	1	15
teleworking	1	11
countrywide	1	11
tage	1	4
drink	1	5
folklore	1	8
revived	1	7
extinction	1	10
depressed	1	9
drawbacks	1	9
fullscale	1	9
tried	1	5
tested	1	6
infraregional	1	13
affirms	1	7
spendings	1	9
aligning	1	8
translate	1	9
foresees	1	8
avoiding	1	8
baseline	1	8
faces	1	5
destabilise	1	11
vibrant	1	7
fischerboel	1	11
unfortunate	1	11
robbing	1	7
framed	1	6
occasional	1	10
thrust	1	6
proportions	1	11
efficiencies	1	12
integrative	1	11
alterations	1	11
confusing	1	9
deals	1	5
miss	1	4
redrafting	1	10
clarifications	1	14
unpaid	1	6
plainly	1	7
rewording	1	9
mainland	1	8
dispersed	1	9
train	1	5
chains	1	6
retailing	1	9
miles	1	5
niche	1	5
sales	1	5
recycling	1	9
survive	1	7
ruraldevelopment	1	16
holdings	1	8
regulating	1	10
storing	1	7
landslides	1	10
sustainably	1	11
sufficiency	1	11
reforestation	1	13
ethnicity	1	9
familyfriendly	1	14
areas¸	1	6
leisure	1	7
tourists	1	8
relying	1	7
-t	1	2
transmitting	1	12
displayed	1	9
atlas	1	5
hague	1	5
convocation	1	11
mainstrat	1	9
consultancy	1	11
underscore	1	10
expedited	1	9
fee	1	3
glossary	1	8
resolved	1	8
guazès	1	6
c77	1	3
waves	1	5
split	1	5
agent	1	5
leftover	1	8
distinguished	1	13
sunlight	1	8
unofficially	1	12
officially	1	10
öry	1	3
entirety	1	8
summarised	1	10
stares	1	6
urpose	1	6
house	1	5
nonapproval	1	11
proinsias	1	9
rossa	1	5
jiří	1	4
maštálka	1	8
ursula	1	6
stenzel	1	7
cochairmen	1	10
convening	1	9
catastrophic	1	12
weatherrelated	1	14
1960s	1	5
fragile	1	7
confronted	1	10
4b	1	2
4c	1	2
4d	1	2
relieve	1	7
polluter	1	8
4e	1	2
necessitated	1	12
4f	1	2
self	1	4
16a	1	3
16b	1	3
issuance	1	8
warnings	1	8
ca)"early	1	9
civilprotection	1	15
intervals	1	9
insular	1	7
teams	1	5
action-	1	7
lessons	1	7
learned	1	7
vigilant	1	8
ga	1	2
get	1	3
na	1	2
nb	1	2
db	1	2
5b	1	2
5c	1	2
enhances	1	8
echo	1	4
optimum	1	7
windingup	1	9
tsunami	1	7
cyclone	1	7
louisiana	1	9
mississippi	1	11
destroyed	1	9
stricken	1	8
eceuratom	1	9
activated	1	9
nuclear	1	7
eu25	1	4
lichtenstein	1	12
norway	1	6
iceland	1	7
reimbursing	1	11
intelligence	1	12
euratomtreaty	1	13
ultimate	1	8
anymore	1	7
radiological	1	12
terminology	1	11
doctrine	1	8
showed	1	6
expenditures	1	12
mio	1	3
cites	1	5
suppletive	1	10
ecr1493	1	7
amenable	1	8
quoting	1	7
paras	1	5
enacting	1	8
patently	1	8
se	1	2
basing	1	6
lópezinstúriz	1	13
vicechairman	1	12
marek	1	5
aleksander	1	10
czarnecki	1	9
viktória	1	8
mohácsi	1	7
lewandowski	1	11
logistical	1	10
epresolution	1	12
strand	1	6
eufs	1	4
tce	1	3
settled	1	7
dispatched	1	10
sevenyear	1	9
embark	1	6
interlink	1	9
antoine	1	7
duquesne	1	8
elly	1	4
groenkouwenhoven	1	16
timothy	1	7
kirkhope	1	8
lax	1	3
liam	1	4
aylward	1	7
callanan	1	8
foglietta	1	9
gyula	1	5
hegyi	1	5
isler	1	5
béguin	1	6
jules	1	5
maaten	1	6
marios	1	6
matsakis	1	8
wijkman	1	7
kartika	1	7
tamara	1	6
liotard	1	7
alojz	1	5
peterle	1	7
synthesis	1	9
mental	1	6
spiritual	1	9
261e	1	4
68e	1	3
77e	1	3
undertook	1	9
telling	1	7
wasting	1	7
reaffirming	1	11
universality	1	12
incomebased	1	11
cent	1	4
slowdown	1	8
puts	1	4
worsens	1	7
inactivity	1	10
casual	1	6
sick	1	4
motivation	1	10
handicap	1	8
saying	1	6
requalification	1	15
seventeen	1	9
rose	1	4
1990s	1	5
concentrates	1	12
underemployed	1	13
underpinned	1	11
approached	1	10
upholding	1	9
victim	1	6
underdeveloped	1	14
endure	1	6
equalwage	1	9
atypical	1	8
segregation	1	11
entitlement	1	11
maternity	1	9
parental	1	8
antitrafficking	1	15
politics	1	8
imparting	1	9
cultivating	1	11
instil	1	6
genderequality	1	14
deprived	1	8
socioenvironmental	1	18
exante	1	6
truly	1	5
experiencing	1	12
selfemployment	1	14
barrier	1	7
workingage	1	10
stay	1	4
hire	1	4
sociallyexcluded	1	16
counselling	1	11
childrelated	1	12
labourmarket	1	12
awaits	1	6
occupational	1	12
entitlements	1	12
mothers	1	7
expectancy	1	10
widowed	1	7
pushing	1	7
clarified	1	9
unrestricted	1	12
twoyear	1	7
naps	1	4
meant	1	5
stepping	1	8
incomes	1	7
leavers	1	7
percent	1	7
median	1	6
slovak	1	6
trapped	1	7
alcoholism	1	10
precarious	1	10
immigration	1	11
trap	1	4
tailoring	1	9
concerted	1	9
inheritance	1	11
commit	1	6
multifaceted	1	12
caring	1	6
migrants	1	8
getting	1	7
obsolete	1	8
keen	1	4
schoolleavers	1	13
reskilling	1	10
practically	1	11
deprivation	1	11
subsistence	1	11
bad	1	3
coverage	1	8
widening	1	8
migrant	1	7
inefficient	1	11
compounded	1	10
commonplace	1	11
impunity	1	8
perpetrators	1	12
differential	1	12
gather	1	6
under‑privileged	1	16
heightened	1	10
siblings	1	8
eradicating	1	11
poorer	1	6
educationally	1	13
recruitment	1	11
advancement	1	11
longevity	1	9
rhythm	1	6
confront	1	8
deeply	1	6
attitudes	1	9
friction	1	8
misunderstandings	1	17
harder	1	6
siiri	1	5
oviir	1	5
profits	1	7
characterising	1	14
destroy	1	7
liberty	1	7
hereas	1	6
foreseeable	1	11
crises	1	6
sudden	1	6
reluctant	1	9
regain	1	6
intersector	1	11
regrouping	1	10
conceived	1	9
deterred	1	8
r+d	1	3
apprenticeship	1	14
schedules	1	9
manages	1	7
erm	1	3
optimised	1	9
visibility	1	10
transversal	1	11
anticipatory	1	12
warranted	1	9
dismissals	1	10
immoral	1	7
predatory	1	9
tactics	1	7
mediation	1	9
ombudsmen	1	9
continual	1	9
openingup	1	9
search	1	6
societas	1	8
reorienting	1	11
overlooked	1	10
unpredictability	1	16
endow	1	5
intersectoral	1	13
intrasectoral	1	13
subcontracting	1	14
threatened	1	10
redundancy	1	10
dismissal	1	9
personallytailored	1	18
condemns	1	8
retiring	1	8
employable	1	10
senseless	1	9
shortage	1	8
diverted	1	8
barred	1	6
subchapter	1	10
encompassed	1	11
offering	1	8
occupy	1	6
unjustified	1	11
weakened	1	8
redundant	1	9
decisiontaking	1	14
reenter	1	7
predictable	1	11
onestop	1	7
shop	1	4
intersectorial	1	14
trigger	1	7
focussing	1	9
interdependent	1	14
iron	1	4
magnitude	1	9
sectorspecific	1	14
shocks	1	6
reforming	1	9
eventual	1	8
dumping	1	7
constant	1	8
vigilance	1	9
bennahmias	1	10
spautz	1	6
confusion	1	9
usage	1	5
ascribed	1	8
visibly	1	7
samuelsen	1	9
underserved	1	11
stocktaking	1	11
cardiff	1	7
2695th	1	6
transposing	1	11
lags	1	4
urge	1	4
uptake	1	6
subscribers	1	11
doubled	1	7
rollout	1	7
denselypopulated	1	16
freely	1	6
stimulates	1	10
participants	1	12
neutrality	1	10
jobcreation	1	11
headline	1	8
indepth	1	7
widespread	1	10
pirated	1	7
usa	1	3
protectionist	1	13
enisa	1	5
childhood	1	9
modernise	1	9
evolves	1	7
indispensability	1	16
euronews	1	8
regulators	1	10
pace	1	4
rectification	1	13
paying	1	6
auctions	1	8
slowed	1	6
favoured	1	8
expense	1	7
utility	1	7
web	1	3
architectures	1	13
favours	1	7
cip	1	3
hinder	1	6
drift	1	5
lowpay	1	6
ngn	1	3
big	1	3
establishments	1	14
judged	1	6
bridging	1	8
protector	1	9
publicly	1	8
platforms	1	9
unhindered	1	10
europeans	1	9
occupied	1	8
e‑government	1	12
eliteracy	1	9
discrepancies	1	13
breaking	1	8
exponential	1	11
fast	1	4
presumably	1	10
predicting	1	10
offhand	1	7
upheaval	1	8
estimate	1	8
neckandneck	1	11
internetbased	1	13
forth	1	5
observe	1	7
allpervasive	1	12
tins	1	4
warn	1	4
sellby	1	6
silent	1	6
cinemas	1	7
portable	1	8
keys	1	4
wallet	1	6
complain	1	8
forgotten	1	9
factories	1	9
smart	1	5
rearview	1	8
mirror	1	6
plenty	1	6
subsidise	1	9
inflexible	1	10
concentrating	1	13
emphatically	1	12
legislating	1	11
suppression	1	11
pervade	1	7
userfriendliness	1	16
advantageous	1	12
breakthrough	1	12
transformation	1	14
dematerialisation	1	17
immaterialisation	1	17
amaterialisation	1	16
virtual	1	7
videoconferencing	1	17
treats	1	6
extreme	1	7
caution	1	7
totally	1	7
rspg	1	4
philosophical	1	13
owns	1	4
happened	1	8
emerge	1	6
sidelining	1	10
uncertainty	1	11
gearing	1	7
i201	1	4
backbone	1	8
christopher	1	11
beazley	1	7
berlinguer	1	10
descamps	1	8
jolanta	1	7
dičkutė	1	7
vasco	1	5
graça	1	5
moura	1	5
herrerotejedor	1	14
bernat	1	6
marí	1	4
doris	1	5
prets	1	5
matteo	1	6
salvini	1	7
sifunakis	1	9
hannu	1	5
takkula	1	7
wise	1	4
tomáš	1	5
zatloukal	1	9
bersani	1	7
benoît	1	6
hamon	1	5
christoph	1	9
konrad	1	6
cristobal	1	9
montoro	1	7
romero	1	6
muscat	1	6
riisjørgensen	1	13
holger	1	6
krahmer	1	7
attardmontalto	1	14
energywhite	1	11
rendering	1	9
selfsufficiency	1	15
substitution	1	12
alleviate	1	9
steadily	1	8
diminishing	1	11
sparing	1	7
interdisciplinary	1	17
standardisation	1	15
industrialising	1	15
cotton	1	6
resumption	1	10
dioxide	1	7
ordirectives	1	12
positively	1	10
extends	1	7
cross‑compliance	1	16
fertility	1	9
wool	1	4
manure	1	6
slaughter	1	9
seed	1	4
oils	1	4
burning	1	7
wastes	1	6
accede	1	6
discontinuation	1	15
bio	1	3
replicated	1	10
biofuels;calls	1	14
therefrom	1	9
specifying	1	10
bills	1	5
worsening	1	9
anaerobic	1	9
digestion	1	9
biogas	1	6
premiums	1	8
phasingin	1	9
fertiliser	1	10
depleting	1	9
contaminating	1	13
proportionately	1	15
uncontrolled	1	12
invasive	1	8
compromised	1	11
biobased	1	8
motor	1	5
petroleum	1	9
products;in	1	11
nonbiodegradable	1	16
gradual	1	7
insulation	1	10
fibres	1	6
plantbased	1	10
flax	1	4
hemp	1	4
pharmaceutical	1	14
vaccines	1	8
preparations	1	12
fertilisers	1	11
pesticides	1	10
insecticides	1	12
fertilisation	1	13
healthpromoting	1	15
hypoallergenic	1	14
cosmetics	1	9
employing	1	9
communal	1	8
woody	1	5
willows	1	7
poplars	1	7
grasses	1	7
poaceae	1	7
damaging	1	8
vegetation	1	10
indigenous	1	10
informs	1	7
biorefineries	1	13
byproducts	1	10
prioritise	1	10
conducting	1	10
blended	1	7
handling	1	8
distortion	1	10
overcompensation	1	16
absorption	1	10
virgin	1	6
levying	1	7
.calls	1	6
resolving	1	9
hydrogen	1	8
mixing	1	6
forge	1	5
nowadays	1	8
destiny	1	7
agronomic	1	9
durum	1	5
irrigation	1	10
yields	1	6
farmer	1	6
coppice	1	7
miscanthus	1	10
decreasing	1	10
buffering	1	9
agroforestry	1	12
conforming	1	10
kinds	1	5
inexhaustible	1	13
potatoes	1	8
proalcool	1	9
mixed	1	5
aldehyde	1	8
pollutant	1	9
savings	1	7
tariff	1	6
dissimilar	1	10
syngas	1	6
lignocellollosic	1	16
vegetable	1	9
surfactants	1	11
solvents	1	8
linoleum	1	8
soya	1	4
sunflower	1	9
linseed	1	7
biolubricants	1	13
breeding	1	8
indonesia	1	9
adhesives	1	9
glues	1	5
agrochemicals	1	13
maize	1	5
percentages	1	11
pharmaceuticals	1	15
flavours	1	8
biocides	1	8
fragrances	1	10
mustard	1	7
poppy	1	5
sesame	1	6
thyme	1	5
rosemary	1	8
lavender	1	8
mint	1	4
discouraged	1	11
networkspecific	1	15
traceable	1	9
eventually	1	10
factfinding	1	11
katerina	1	8
batzeli	1	7
lutz	1	4
goepel	1	6
diamanto	1	8
manolakou	1	9
jeffrey	1	7
titford	1	7
deeper	1	6
opinionforming	1	14
banded	1	6
hoyer	1	5
nyrup	1	5
francescato	1	11
maes	1	4
bertinotti	1	10
kaminski	1	8
bayrou	1	6
ruttelli	1	8
gulf	1	4
umbrella	1	8
proponents	1	10
firmly	1	6
rooted	1	6
voicing	1	7
congresses	1	10
inadmissible	1	12
alliances	1	9
charged	1	7
rooms	1	5
technicians	1	11
twostage	1	8
timing	1	6
tune	1	4
foundations	1	11
referendums	1	11
nurturing	1	9
identity	1	8
balancesheet	1	12
possess	1	7
settling	1	8
preoccupations	1	14
mep	1	3
inserting	1	9
saved	1	5
suggestion	1	10
jenspeter	1	9
bonde	1	5
carnero	1	7
corbett	1	7
dehaene	1	7
panayiotis	1	10
demetriou	1	9
andrew	1	6
duff	1	4
assunção	1	8
esteves	1	7
bronisław	1	9
geremek	1	7
ignasi	1	6
guardans	1	8
cambó	1	5
hannan	1	6
íñigo	1	5
méndez	1	6
vigo	1	4
mölzer	1	6
rihards	1	7
pīks	1	4
hansgert	1	8
poettering	1	10
sousa	1	5
pinto	1	5
stubb	1	5
onesta	1	6
ec6	1	3
takeover	1	8
bids	1	4
dispositions	1	12
lawmaking	1	9
illustrating	1	12
21st	1	4
cee	1	3
illiquid	1	8
trained	1	7
sale	1	4
cancelled	1	9
capitalisation	1	14
multiparty	1	10
counterparty	1	12
ante-	1	5
liabilities	1	11
unavailable	1	11
dilution	1	8
shareholdings	1	13
23a	1	3
prevails	1	8
exempted	1	8
withdrawal	1	10
simplifications	1	15
convened	1	8
slimproject	1	11
provisional	1	11
weakening	1	9
costefficient	1	13
stringent	1	9
twin	1	4
agendas	1	7
laudable	1	8
bureaucracy	1	11
opposite	1	8
hurdles	1	7
arguably	1	8
questionable	1	12
l026	1	4
enshrining	1	10
stimuli	1	7
noticed	1	7
holdups	1	7
argued	1	6
corporation	1	11
futile	1	6
burdening	1	9
anomalous	1	9
frits	1	5
bolkenstein	1	11
apparent	1	8
relaxing	1	8
preemptive	1	10
costly	1	6
imprecise	1	9
valuations	1	10
squeeze	1	7
everevolving	1	12
deregulation	1	12
twentyfirst	1	11
