word_form	frequency	length
de	21171	2
la	12969	2
el	7267	2
en	7141	2
los	5702	3
que	5218	3
las	4533	3
del	4468	3
para	2401	4
se	2397	2
un	1920	2
por	1884	3
una	1776	3
con	1775	3
comisión	1642	8
al	1606	2
artículo	1405	8
su	1029	2
sobre	973	5
europeo	962	7
como	957	4
no	936	2
parlamento	869	10
miembros	859	8
apartado	817	8
reglamento	768	10
consejo	697	7
estados	636	7
es	594	2
fecha	554	5
propuesta	550	9
desarrollo	510	10
europea	508	7
ce	503	2
procedimiento	498	13
lo	454	2
más	451	3
presente	443	8
considerando	403	12
directiva	396	9
bis	392	3
información	387	11
sus	380	3
tribunal	380	8
nuevo	360	5
servicios	357	9
si	346	2
medidas	339	7
unión	337	5
decisión	336	8
entre	331	5
así	330	3
mayoría	319	7
social	310	6
ue	306	2
final	304	5
este	294	4
común	285	5
tratado	285	7
ha	284	2
medio	278	5
gestión	278	7
nº	272	2
punto	271	5
control	269	7
anexo	267	5
posición	263	8
cooperación	261	11
debe	258	4
miembro	257	7
caso	244	4
particular	243	10
lectura	242	7
mercado	241	7
sector	240	6
aplicación	238	10
parte	237	5
opinión	236	7
marco	235	5
votación	235	8
protección	233	10
informe	230	7
estado	227	6
política	227	8
texto	226	5
cuenta	224	6
normas	223	6
podrá	223	5
conformidad	222	11
esta	222	4
pide	220	4
sin	219	3
alegación	219	9
energía	215	7
cuando	214	6
ser	214	3
empresas	210	8
todos	209	5
comunicación	208	12
alegaciones	207	11
ámbito	206	6
cuentas	206	7
rural	206	5
votos	205	5
empleo	205	6
fin	202	3
también	202	7
ambiente	202	8
años	201	4
materia	200	7
emitidos	199	8
objetivos	199	9
condiciones	195	11
ponente	195	7
art	193	3
disposiciones	193	13
cada	192	4
autoridad	191	9
deben	191	5
resolución	190	10
evaluación	190	10
presentes	185	9
ayuda	185	5
párrafo	184	7
productos	182	9
propiedades	181	11
calidad	180	7
puede	179	5
zonas	179	5
nacionales	179	10
sociedad	179	8
comunidad	178	9
trabajo	178	7
acceso	177	6
mayor	176	5
mediante	175	8
comité	174	6
tanto	172	5
programa	172	8
comunitaria	170	11
proyecto	169	8
saludables	169	10
acciones	167	8
año	166	3
cualquier	166	9
rurales	166	7
consulta	165	8
acuerdo	164	7
pleno	163	5
alimentos	163	9
vista	162	5
debería	162	7
pueden	161	6
financiera	160	10
países	159	6
proyectos	159	9
actividades	158	11
cee	157	3
personas	156	8
son	155	3
programas	154	9
estas	153	5
uso	153	3
todas	150	5
respecto	149	8
forma	149	5
considera	149	9
plazo	148	5
dictamen	147	8
jurídico	147	8
letra	147	5
desde	147	5
primera	146	7
otros	144	5
período	144	7
fundamento	143	10
contra	143	6
nivel	142	5
general	142	7
forestal	141	8
arreglo	140	7
renovables	140	10
transporte	139	10
tener	139	5
contenido	139	9
visto	138	5
ya	138	2
regiones	138	8
otra	138	4
derecho	138	7
recursos	138	8
sea	137	3
deberá	135	6
codecisión	134	10
comunitarias	134	12
relación	133	8
europeos	133	8
comunitario	132	11
seguridad	132	9
ejecución	132	9
partir	132	6
formación	132	9
garantizar	131	10
objetivo	131	8
estrategia	131	10
derechos	130	8
legislación	130	11
datos	129	5
fondo	129	5
producción	129	10
nacional	128	8
podrán	128	6
competente	127	10
locales	127	7
instrumento	127	11
han	126	3
mandato	124	7
utilización	123	11
relativa	123	8
base	121	4
fondos	121	6
público	120	7
durante	119	7
otras	119	5
presentación	118	12
ayudas	118	6
vez	118	3
nuevas	118	6
estos	117	5
pública	117	7
casos	116	5
propone	116	7
acción	116	6
crecimiento	116	11
financiación	116	12
sostenible	116	10
suplentes	115	9
antes	115	5
asuntos	115	7
mismo	114	5
aprobación	114	10
modificar	113	9
importancia	113	11
anuncio	113	7
deberán	112	7
le	112	2
hasta	112	5
económico	112	9
igualdad	112	8
solicitud	111	9
mejorar	111	7
efecto	110	6
sociales	110	8
valor	110	5
conjunto	109	8
propuestas	109	10
importante	108	10
objeto	108	6
políticas	108	9
participación	108	13
medios	107	6
tiene	107	5
consumidor	107	10
conforme	106	8
sistema	106	7
necesario	104	9
bosques	104	7
elementos	103	9
posible	103	7
asimismo	103	8
autorización	103	12
contribuir	103	10
financiero	103	10
aprobar	102	7
tal	102	3
relativo	102	8
ciudadanos	102	10
segunda	101	7
integran	101	8
presidente	101	10
nuevos	101	6
salud	101	5
fuentes	101	7
instituciones	101	13
adopción	100	8
sólo	100	4
número	100	6
producto	100	8
alimento	100	8
agricultura	100	11
investigación	99	13
principio	99	9
menos	99	5
relativas	99	9
creación	99	8
sistemas	98	8
proceso	98	7
título	98	6
función	98	7
aect	98	4
tic	97	3
están	96	5
establece	96	9
discriminación	95	14
lugar	95	5
necesidad	94	9
dicho	94	5
funciones	94	9
deberían	94	8
primer	94	6
mujeres	94	7
ejemplo	93	7
legislativa	93	11
interior	93	8
está	93	4
referencia	93	10
actividad	93	9
establecido	92	11
previa	92	6
organismos	92	10
financieras	92	11
técnicos	91	8
máximo	91	6
siguientes	91	10
pueda	91	5
escala	91	6
será	90	4
regional	89	8
ello	89	4
papel	89	5
otro	88	4
través	88	6
todo	88	4
toda	88	4
vida	88	4
enmiendas	87	9
necesidades	87	11
publicación	87	11
do	87	2
además	87	6
concesión	87	9
nutricionales	87	13
partidos	87	8
especialmente	86	13
realización	86	11
diferentes	86	10
civil	86	5
fomentar	86	8
situación	84	9
apdo.	84	5
contexto	84	8
ámbitos	84	7
trabajadores	83	12
resultados	83	10
políticos	83	9
plan	83	4
redes	82	5
elaboración	82	11
dentro	82	6
subraya	82	7
gran	81	4
nutricional	81	11
tiempo	80	6
respuesta	80	9
millones	80	8
hacer	80	5
cantidad	80	8
interés	79	7
siempre	79	7
refiere	79	7
podría	79	6
economía	79	8
origen	79	6
presupuesto	79	11
bajo	78	4
modo	78	4
guión	78	5
administración	78	14
lisboa	78	6
pesca	78	5
virtud	77	6
procedimientos	77	14
efectuarse	77	10
constituye	76	10
pero	76	4
mejora	76	6
tales	76	5
hayan	76	5
europeas	76	8
organismo	76	9
después	76	7
industria	75	9
uno	75	3
resultado	75	9
requisitos	75	10
cuestión	75	8
económica	75	9
cohesión	75	8
fomento	75	7
versión	74	7
examen	74	6
coordinación	74	12
haya	74	4
alimentaria	74	11
preparación	74	11
largo	74	5
término	74	7
corrección	73	10
científicos	73	11
cultivos	73	8
vistos	72	6
hace	72	4
n°	72	2
ter	72	3
atención	72	8
tienen	71	6
autoridades	71	11
tres	71	4
medida	71	6
cual	71	4
tecnologías	71	11
lucha	71	5
director	71	8
órgano	71	6
cursiva	70	7
servicio	70	8
claramente	69	10
competencia	69	11
reducir	69	7
regionales	69	10
ese	69	3
bien	69	4
población	69	9
efectos	69	7
nueva	68	5
manera	68	6
carácter	68	8
fase	68	4
decisiones	68	10
conocimientos	68	13
competitividad	68	14
instrumentos	68	12
comunitarios	68	12
europa	68	6
modificaciones	67	14
generales	67	9
obstante	67	8
transportes	67	11
públicos	67	8
sectores	67	8
cinco	67	5
prioridades	67	11
rechazar	66	8
interesados	66	11
inversiones	66	11
solicitante	66	11
sido	65	4
sean	65	4
dos	65	3
total	65	5
directrices	65	11
especial	65	8
pobreza	65	7
encarga	64	7
mínimo	64	6
tras	64	4
específicas	64	11
crear	64	5
vehículos	64	9
partes	64	6
graves	64	6
ni	64	2
ante	64	4
mi	64	2
presupuestario	64	14
auditoría	64	9
ii	63	2
medioambiental	63	14
establecidos	63	12
reducción	63	9
oportunidades	63	13
calefacción	63	11
teniendo	62	8
principios	62	10
turismo	62	7
puedan	62	6
solamente	62	9
tareas	62	6
local	62	5
propuesto	61	9
transmita	61	9
adoptar	61	7
vigor	61	5
facilitar	61	9
cuales	60	6
apoyo	60	5
muy	60	3
notificación	60	12
sino	60	4
euros	60	5
dar	60	3
mejor	59	5
observaciones	59	13
suprimido	59	9
organización	59	12
posibilidad	59	11
territorial	59	11
miras	58	5
cambio	58	6
poder	58	5
ponentes	58	8
designación	58	11
consiguiente	58	12
definición	58	10
dieta	58	5
periodo	58	7
rápida	58	6
reestructuraciones	58	18
red	57	3
the	57	3
niveles	57	7
territorio	57	10
según	57	5
carretera	57	9
país	57	4
superior	57	8
convenio	57	8
promover	57	8
prevención	57	10
eficacia	56	8
capacidad	56	9
dicha	56	5
diciembre	56	9
marzo	56	5
aplicará	56	8
cuanto	56	6
disposición	56	11
naturales	56	9
vistas	55	6
propiedad	55	9
naturaleza	55	10
inclusión	55	9
nutriente	55	9
potencial	55	9
compromiso	55	10
forestales	55	10
refrigeración	55	13
establecimiento	54	15
competentes	54	11
p.	54	2
cumplimiento	54	12
agentes	54	7
sentido	54	7
revisión	54	8
medioambientales	54	16
elemento	54	8
estratégico	54	11
utilizados	53	10
legislativo	53	11
criterios	53	9
tipo	53	4
controles	53	9
registro	53	8
utilizarse	53	10
explotación	53	11
lista	53	5
capital	53	7
energías	53	8
aprueba	52	7
día	52	3
necesarias	52	10
hecho	52	5
pe	52	2
enero	52	5
riesgo	52	6
edad	52	4
fundamental	52	11
agrícolas	52	9
grupos	52	6
declaración	52	11
económicos	52	10
contribución	52	12
agricultores	52	12
basa	51	4
plenamente	51	10
tardar	51	6
artículos	51	9
desarrollar	51	11
aplicar	51	7
prever	51	6
consumidores	51	12
frente	51	6
asistencia	51	10
pago	51	4
exclusión	51	9
estrategias	51	11
dispuesto	50	9
referencias	50	11
reglamentos	50	11
empresa	50	7
sustancia	50	9
impacto	50	7
jurídicos	50	9
integración	50	11
transfronteriza	50	15
prioritarios	50	12
agencia	50	7
eje	50	3
insta	50	5
natural	49	7
iniciativa	49	10
decir	49	5
riesgos	49	7
laboral	49	7
puestos	49	7
públicas	49	8
innovación	49	10
fundamentales	49	13
importe	49	7
garantía	49	8
educación	49	9
aumentar	49	8
nombramiento	49	12
biocarburantes	49	14
contemplados	48	12
tercera	48	7
entrada	48	7
prácticas	48	9
modifica	48	8
principales	48	11
emitir	48	6
documento	48	9
siguiente	48	9
financieros	48	11
problemas	48	9
género	48	6
emergencias	48	11
alguna	47	6
estructurales	47	13
modificada	47	10
responsabilidad	47	15
meses	47	5
eficaz	47	6
futuro	47	6
profesional	47	11
siendo	47	6
internacional	47	13
mercados	47	8
estudios	47	8
seguimiento	47	11
iniciativas	47	11
informes	47	8
jóvenes	47	7
diversificación	47	15
presentado	46	10
cabo	46	4
hora	46	4
informará	46	9
distintos	46	9
ejercicio	46	9
qué	46	3
añadido	46	7
energético	46	10
valores	46	7
misma	46	5
contiene	46	8
reforzar	46	8
señala	46	6
establecer	45	10
hay	45	3
importantes	45	11
les	45	3
internacionales	45	15
significado	45	11
cargo	45	5
ejecutivo	45	9
aspectos	45	8
gastos	45	6
agrícola	45	8
unos	44	4
último	44	6
categorías	44	10
presentará	44	10
estar	44	5
diversidad	44	10
agrario	44	7
previsto	43	8
reforzada	43	9
competencias	43	12
descanso	43	8
diario	43	6
suministro	43	10
organizaciones	43	14
alegarse	43	8
aportación	43	10
madera	43	6
funcionamiento	42	14
esa	42	3
evitar	42	6
determinadas	42	12
alto	42	4
apartados	42	9
aumento	42	7
específicos	42	11
características	42	15
grupo	42	5
generalmente	42	12
proteger	42	8
justicia	42	8
formas	42	6
órganos	42	7
deslocalizaciones	42	17
coto	42	4
salvo	41	5
costes	41	6
transparencia	41	13
fines	41	5
adecuado	41	8
respecta	41	8
grasas	41	6
etiquetado	41	10
enseñanza	41	9
incluidas	41	9
promoción	41	9
práctica	41	8
comercio	41	8
debate	41	6
presupuestaria	41	14
anual	41	5
independencia	41	13
representante	41	13
inversión	41	9
planes	41	6
conciliación	41	12
biomasa	41	7
algunos	40	7
existentes	40	10
demás	40	5
pertinentes	40	11
destinados	40	10
toma	40	4
factores	40	8
recepción	40	9
nombre	40	6
enfoque	40	7
cultural	40	8
indican	39	7
indicación	39	10
dichos	39	6
presentar	39	9
porcentaje	39	10
tengan	39	6
conductor	39	9
noviembre	39	9
esté	39	4
nutrientes	39	10
in	39	2
interno	39	7
consecuencias	39	13
institución	39	11
recomendación	38	13
lingüística	38	11
subvenciones	38	12
jurídica	38	8
modificación	38	12
perjuicio	38	9
operaciones	38	11
sustancias	38	10
global	38	6
tenga	38	5
oficial	38	7
estará	38	6
septiembre	38	10
referente	37	9
pendiente	37	9
cambios	37	7
alcanzar	37	8
digital	37	7
terceros	37	8
establecidas	37	12
personal	37	8
curso	37	5
esto	37	4
redacción	37	9
junio	37	5
problema	37	8
petición	37	8
métodos	37	7
plurianual	37	10
euratom	37	7
comunidades	37	11
apoyar	37	6
intereses	37	9
das	37	3
reforma	37	7
destaca	37	7
explicación	36	11
indicado	36	8
supeditadas	36	11
efectiva	36	8
pequeñas	36	8
prevé	36	5
anterior	36	8
actual	36	6
cuyo	36	4
aplicable	36	9
buena	36	5
resulta	36	7
documentos	36	10
bienes	36	6
posibilidades	36	13
presupuestos	36	12
conviene	36	8
lengua	36	6
biodiversidad	36	13
catástrofes	36	11
negrita	35	7
fina	35	4
erróneos	35	8
omitidos	35	8
momento	35	7
julio	35	5
ampliación	35	10
motivos	35	7
relacionados	35	12
permita	35	7
hacia	35	5
experiencia	35	11
contratos	35	9
condición	35	9
disponibles	35	11
alimentarios	35	12
modelo	35	6
análisis	35	8
créditos	35	8
cómo	35	4
recuerda	35	8
ayudar	35	6
signos	34	6
construcción	34	12
pues	34	4
puesto	34	6
trato	34	5
mayo	34	4
días	34	4
dichas	34	6
fuera	34	5
consecuencia	34	12
principal	34	9
aplicables	34	10
sodio	34	5
dirección	34	9
vigilancia	34	10
garantías	34	9
obtenidos	34	9
adecuada	33	8
of	33	2
jan	33	3
debido	33	6
necesaria	33	9
incluidos	33	9
contemplado	33	11
realizar	33	8
esos	33	4
mantenimiento	33	13
acerca	33	6
publicidad	33	10
ofrecen	33	7
mes	33	3
naturalmente	33	12
embargo	33	7
relacionadas	33	12
zona	33	4
despliegue	33	10
obligaciones	33	12
próximos	33	8
prestadores	33	11
adecuados	32	9
términos	32	8
correspondientes	32	16
pertinente	32	10
tendrá	32	6
puntos	32	6
lograr	32	6
equilibrio	32	10
previstas	32	9
específica	32	10
cumplir	32	7
cuestiones	32	10
obtener	32	7
sigue	32	5
materias	32	8
económicas	32	10
transfronterizos	32	16
cultura	32	7
agencias	32	8
incendios	32	9
incentivos	31	10
incluida	31	8
aplicarán	31	9
aprobado	31	8
favor	31	5
seguir	31	6
normativa	31	9
conductores	31	11
incrementar	31	11
distintas	31	9
mencionado	31	10
duración	31	8
segundo	31	7
correspondiente	31	15
consumo	31	7
tenerse	31	7
beneficios	31	10
aguas	31	5
aceptados	31	9
procede	31	7
procesos	31	8
eficiencia	30	10
estén	30	5
reglamentario	30	13
simplificado	30	12
conveniente	30	11
cadena	30	6
sería	30	5
relativos	30	9
peso	30	4
ellos	30	5
régimen	30	7
tecnología	30	10
alimenticios	30	12
unas	30	4
interesadas	30	11
grasa	30	5
industrial	30	10
sucesivo	30	8
supervisión	30	11
representantes	30	14
adquisición	30	11
esfuerzos	30	9
delegación	30	10
perspectivas	30	12
compromisos	30	11
infraestructuras	30	16
discapacidad	30	12
hacienda	30	8
silvicultura	30	12
sustancialmente	29	15
reciente	29	8
propia	29	6
conclusiones	29	12
van	29	3
desempeñar	29	10
determinados	29	12
actualidad	29	10
tipos	29	5
muchos	29	6
significativa	29	13
capítulo	29	8
límite	29	6
conservación	29	12
ningún	29	6
acto	29	4
reconocimiento	29	14
técnicas	29	8
trabajos	29	8
directores	29	10
carta	29	5
conocimiento	29	12
finanzas	29	8
me	29	2
indicadores	29	11
energéticos	29	11
serán	28	5
enmienda	28	8
nuts	28	4
introducción	28	12
categoría	28	9
estructura	28	10
falta	28	5
jurídicas	28	9
trate	28	5
únicamente	28	10
cuya	28	4
principalmente	28	14
expertos	28	8
protocolo	28	9
climático	28	9
intervención	28	12
existencia	28	10
particularmente	28	15
podrían	28	7
cualificaciones	28	15
programación	28	12
reservas	28	8
renovable	28	9
orientación	28	11
mundo	28	5
he	28	2
amplio	28	6
futuras	28	7
satisfacción	28	12
portuarios	28	10
globalización	28	13
mundial	28	7
traslado	28	8
consulte	27	8
incluir	27	7
aún	27	3
actualmente	27	11
preciso	27	7
parece	27	6
comisiónes	27	10
haber	27	5
coherente	27	9
dado	27	4
respetar	27	8
períodos	27	8
propio	27	6
octubre	27	7
serie	27	5
minerales	27	9
tradicionales	27	13
adecuadas	27	9
establecerá	27	11
elevado	27	7
obstáculos	27	10
clave	27	5
respeto	27	7
determinado	27	11
responsable	27	11
situaciones	27	11
ejes	27	4
abril	27	5
obligación	27	10
abierto	27	7
solidaridad	27	11
emergencia	27	10
puerto	27	6
gotemburgo	27	10
código	26	6
incluye	26	7
sección	26	7
estadísticas	26	12
elaborar	26	8
incluso	26	7
a6	26	2
suficiente	26	10
legislaciones	26	13
ahora	26	5
reducido	26	8
alentar	26	7
fisiológico	26	11
evolución	26	9
centros	26	7
varios	26	6
va	26	2
asunto	26	6
coste	26	5
método	26	6
grandes	26	7
directa	26	7
subvención	26	10
selección	26	9
mecanismo	26	9
maria	26	5
afectados	26	9
específico	26	10
fases	26	5
satélite	26	8
requerimiento	26	13
circunstancias	26	14
estudio	26	7
entorno	26	7
emitidas	26	8
atañe	26	5
luchar	26	6
actuaciones	26	11
candidatura	26	11
reestructuración	26	16
acoge	26	5
peces	26	5
afecta	25	6
plazos	25	6
puesta	25	6
exterior	25	8
mencionadas	25	11
conducción	25	10
constituyen	25	11
horas	25	5
interlocutores	25	14
ninguna	25	7
destinadas	25	10
vitaminas	25	9
comunicaciones	25	14
cumplan	25	7
publicará	25	9
escrito	25	7
solicitar	25	9
examinará	25	9
mantener	25	8
trata	25	5
carbohidratos	25	13
fuente	25	6
permitir	25	8
positiva	25	8
contenidos	25	10
pilar	25	5
esencial	25	8
reunión	25	7
transeuropeas	25	13
nombrado	25	8
reformas	25	8
asegurar	25	8
única	24	5
administrativa	24	14
sustituidos	24	11
permitan	24	8
espacio	24	7
límites	24	7
eficaces	24	8
independientemente	24	18
quáter	24	6
orden	24	5
especiales	24	10
persona	24	7
posee	24	5
saludable	24	9
poseen	24	6
ácidos	24	6
define	24	6
profesionales	24	13
designado	24	9
antepuesto	24	10
agrupación	24	10
modalidades	24	11
independiente	24	13
actuales	24	8
jurisdiccional	24	14
demanda	24	7
colaboración	24	12
activos	24	7
movilizar	24	9
opiniónes	24	9
difusión	24	8
consecución	24	11
patrimonio	24	10
pregunta	24	8
pac	24	3
estratégicas	24	12
sostenibilidad	24	14
regímenes	24	9
aprendizaje	24	11
agroalimentario	24	15
usuarios	23	8
utilizar	23	8
único	23	5
vehículo	23	8
máxima	23	6
tercer	23	6
primas	23	6
ésta	23	4
opiniones	23	9
directamente	23	12
adoptadas	23	9
hagan	23	5
transformación	23	14
ofrece	23	6
relaciones	23	10
razones	23	7
permanente	23	10
prioridad	23	9
coherencia	23	10
dificultades	23	12
radionavegación	23	15
edit	23	4
mecanismos	23	10
giuseppe	23	8
d.	23	2
hincapié	23	8
grave	23	5
sola	23	4
universidad	23	11
tierras	23	7
gobernanza	23	10
i2010	23	5
proporcionar	22	12
unidades	22	8
sustituirla	22	11
diversas	22	8
josé	22	4
amplia	22	6
seis	22	4
intercambio	22	11
comunes	22	7
algunas	22	7
posterior	22	9
solicitudes	22	11
humano	22	6
contribuirá	22	11
niños	22	5
incluido	22	8
ml	22	2
político	22	8
crea	22	4
finalidad	22	9
empresarial	22	11
estatales	22	9
derivados	22	9
logrado	22	7
considero	22	9
deslocalización	22	15
paisajes	22	8
explotaciones	22	13
tarifas	21	7
haga	21	4
iii	21	3
fue	21	3
nota	21	4
contempladas	21	12
agua	21	4
electricidad	21	12
éstos	21	5
llevar	21	6
recomendaciones	21	15
cantidades	21	10
restricciones	21	13
grasos	21	6
afectan	21	7
efectúa	21	7
basarse	21	7
sanidad	21	7
ir	21	2
informaciones	21	13
orientaciones	21	13
demora	21	6
evaluaciones	21	12
completar	21	9
útil	21	4
oportuno	21	8
infantil	21	8
propios	21	7
aunque	21	6
éxito	21	5
constitución	21	12
ofrecer	21	7
aplica	21	6
galileo	21	7
privado	21	7
monitorio	21	9
oportunidad	21	11
gargani	21	7
confianza	21	9
aquí	21	4
puertos	21	7
poblaciones	21	11
recomienda	21	10
especies	21	8
suelo	21	5
shetland	21	8
generación	21	10
leader	21	6
espectro	21	8
transferencia	20	13
aprobados	20	9
adopte	20	6
administrativas	20	15
figuran	20	7
saber	20	5
marie	20	5
actuación	20	9
mercancías	20	10
infracción	20	10
éstas	20	5
laborales	20	9
comercial	20	9
inferior	20	8
centro	20	6
adoptarán	20	9
sí	20	2
diálogo	20	7
exposición	20	10
perfiles	20	8
basada	20	6
difícil	20	7
pérdida	20	7
adaptarse	20	9
junto	20	5
técnica	20	7
decidir	20	7
beneficiarios	20	13
libertad	20	8
asociación	20	10
donde	20	5
judiciales	20	10
libro	20	5
manuel	20	6
privados	20	8
participar	20	10
impulsar	20	8
observa	20	7
porque	20	6
emisiones	20	9
transposición	20	13
dimensión	20	9
responsabilidades	20	17
muchas	20	6
espíritu	20	8
modernización	20	13
transacción	20	11
renta	20	5
solla	20	5
directriz	20	9
infraestructura	19	15
armonización	19	12
esas	19	4
actuar	19	6
apliquen	19	8
material	19	8
tráfico	19	7
conclusión	19	10
participen	19	10
equilibrada	19	11
similares	19	9
científico	19	10
pyme	19	4
existen	19	7
den	19	3
autorizadas	19	11
produzca	19	8
asociaciones	19	12
fabricante	19	10
expediente	19	10
lenguas	19	7
conceder	19	8
favorable	19	9
mismos	19	6
asesoramiento	19	13
gobierno	19	8
abierta	19	7
constitucional	19	14
reconoce	19	8
recibir	19	7
establecen	19	10
marcha	19	6
buenas	19	6
evaluar	19	7
renovación	19	10
mujer	19	5
étnico	19	6
sexo	19	4
garantizada	19	11
etc.	19	4
reglamentación	19	14
instalaciones	19	13
pesquera	19	8
capturas	19	8
familias	19	8
radiaciones	19	11
debidamente	18	11
electrónica	18	11
territoriales	18	13
presenta	18	8
subsidiariedad	18	14
infracciones	18	12
basado	18	6
semanas	18	7
conseguir	18	9
ejercer	18	7
figura	18	6
adecuadamente	18	13
varias	18	6
administrativo	18	14
poner	18	5
comparación	18	11
progresos	18	9
cabe	18	4
culturales	18	10
necesarios	18	10
materiales	18	10
financiadas	18	11
ocde	18	4
candidatos	18	10
opina	18	5
ingresos	18	8
exigencias	18	10
reino	18	5
fiscal	18	6
aceptar	18	7
incorpore	18	9
solo	18	4
rtet	18	4
transmisión	18	11
apropiada	18	9
prorrogado	18	10
racial	18	6
sexual	18	6
considerable	18	12
igual	18	5
titulada	18	8
internet	18	8
usted	18	5
da	18	2
reuniones	18	9
mis	18	3
posibles	18	8
destinatario	18	12
indispensable	18	13
descartes	18	9
alta	18	4
cuota	18	5
innovaciones	18	12
ópticas	18	7
accionistas	18	11
firme	17	5
tendrán	17	7
contratación	17	12
diversos	17	8
budg	17	4
mínimas	17	7
aparato	17	7
interoperabilidad	17	17
éste	17	4
concretas	17	9
diferencia	17	10
sanciones	17	9
encuentran	17	10
establezca	17	10
anteriores	17	10
respectivos	17	11
velar	17	5
eliminación	17	11
residuos	17	8
tomar	17	5
inmediatamente	17	14
refieren	17	8
enfermedades	17	12
comerciales	17	11
presencia	17	9
sal	17	3
permite	17	7
incremento	17	10
importador	17	10
pondrá	17	6
examinar	17	8
ferreira	17	8
nacionalidad	17	12
operación	17	9
b.	17	2
permitirá	17	9
destinada	17	9
autorizaciones	17	14
gasto	17	5
diferencias	17	11
religión	17	8
hombres	17	7
celebración	17	11
favorecer	17	9
prevenir	17	8
javier	17	6
integrado	17	9
prestación	17	10
responder	17	9
tasa	17	4
superficie	17	10
asignen	17	7
invernadero	17	11
viven	17	5
proceda	16	7
contrato	16	8
mejores	16	7
introducir	16	10
clara	16	5
correcta	16	8
efectuar	16	8
incluirá	16	8
previstos	16	9
aquellos	16	8
cometido	16	8
mínima	16	6
determinar	16	10
mismas	16	6
presión	16	7
habida	16	6
numerosas	16	9
autorizado	16	10
cuatro	16	6
minutos	16	7
fijados	16	7
realizada	16	9
campañas	16	8
aspecto	16	7
explotadores	16	12
identificar	16	11
sensación	16	9
fiables	16	7
aproximación	16	12
directivas	16	10
comercialización	16	16
representación	16	14
mencionados	16	11
representa	16	10
consejos	16	8
detalladas	16	10
prevista	16	8
suficientemente	16	15
recibo	16	6
protegidos	16	10
posteriores	16	11
significativamente	16	18
suficientes	16	11
requieren	16	9
definidos	16	9
margen	16	6
definir	16	7
incluya	16	7
fiabilidad	16	10
dada	16	4
libre	16	5
tribunales	16	10
luz	16	3
apoya	16	5
a.	16	2
adjudicación	16	12
grado	16	5
ventajas	16	8
supresión	16	9
gestor	16	6
convicciones	16	12
concretamente	16	13
auditorías	16	10
esfuerzo	16	8
activa	16	6
fui	16	3
acompañamiento	16	14
exige	16	5
administraciones	16	16
and	16	3
prestador	16	9
preservar	16	9
pensiones	16	9
república	15	9
repercusiones	15	13
adicional	15	9
fija	15	4
región	15	6
textos	15	6
transnacional	15	13
aetr	15	4
media	15	5
digitales	15	9
adopten	15	7
permiten	15	8
aplicarse	15	9
básicas	15	7
impedir	15	7
hacerse	15	7
larga	15	5
acuerdos	15	8
considere	15	9
proceder	15	8
carbono	15	7
breve	15	5
científica	15	10
enfermedad	15	10
útiles	15	6
ajusten	15	7
demostrado	15	10
existan	15	7
alegado	15	7
desea	15	5
adoptado	15	8
estimular	15	9
siete	15	5
civiles	15	7
informar	15	8
disponible	15	10
descripción	15	11
alcance	15	7
acreditación	15	12
c.	15	2
e.	15	2
central	15	7
anuales	15	7
invertir	15	8
gracias	15	7
agenda	15	6
ministro	15	8
prorrogarse	15	11
ejecutivos	15	10
convocatoria	15	12
diseño	15	6
sanitaria	15	9
pomés	15	5
ruiz	15	4
respuestas	15	10
adar	15	4
pudieran	15	8
planificación	15	13
salidas	15	7
mayores	15	7
baño	15	4
industriales	15	12
respetuosos	15	11
productores	15	11
silvícola	15	9
atractivas	15	10
dineraria	15	9
gas	14	3
existe	14	6
consideración	14	13
transacciones	14	13
clasificación	14	13
estructuras	14	11
vigentes	14	8
adaptar	14	7
emitida	14	7
legales	14	7
discriminaciones	14	16
mientras	14	8
quinquies	14	9
alimentación	14	12
disponen	14	8
considerará	14	11
beneficio	14	9
última	14	6
establecida	14	11
aparición	14	9
azúcares	14	8
proteínas	14	9
alimentarias	14	12
febrero	14	7
claras	14	6
elegir	14	6
alimenticio	14	11
acompañada	14	10
modificado	14	10
representan	14	11
realizadas	14	10
concedida	14	9
denominado	14	10
g.	14	2
equivalente	14	11
maría	14	5
institucional	14	13
monetarios	14	10
admisibles	14	10
seguirá	14	7
ong	14	3
interregional	14	13
pasado	14	6
habrá	14	5
estatuto	14	8
potenciales	14	11
precios	14	7
reembolso	14	9
próximo	14	7
formulario	14	10
internos	14	8
preocupaciones	14	14
verde	14	5
préstamos	14	9
garanticen	14	10
pagos	14	5
diez	14	4
seguro	14	6
considerarse	14	12
diputados	14	9
prestar	14	7
plantea	14	7
supone	14	6
constitutivo	14	12
desigualdades	14	13
actores	14	7
negocios	14	8
críticas	14	8
negativo	14	8
imagen	14	6
accesibilidad	14	13
activo	14	6
daniel	14	6
elabore	14	7
sociedades	14	10
licencia	14	8
precio	14	6
cierre	14	6
desempleo	14	9
declive	14	7
afrontar	14	8
remotas	14	7
agraria	14	7
incurridos	13	10
rentabilidad	13	12
exista	13	6
participantes	13	13
línea	13	5
tce	13	3
disponibilidad	13	14
índole	13	6
mínimos	13	7
entidades	13	9
impugnación	13	11
juri	13	4
richard	13	7
eficazmente	13	11
proporcionalidad	13	16
efectúe	13	7
responsables	13	12
tramos	13	6
intención	13	9
peligro	13	7
negociaciones	13	13
excepciones	13	11
transitorias	13	12
abastecimiento	13	14
acceder	13	7
realizado	13	9
excepción	13	9
establecerán	13	12
manual	13	6
tarea	13	5
crearse	13	7
transmitir	13	10
mensaje	13	7
exigir	13	6
cuerpo	13	6
basadas	13	7
entenderá	13	9
razonablemente	13	14
ausencia	13	8
encuentra	13	9
etiqueta	13	8
dirigidas	13	9
existente	13	9
aplican	13	7
intelectual	13	11
innovadores	13	11
similar	13	7
contenga	13	8
requerido	13	9
recurso	13	7
omega	13	5
tadeusz	13	7
constata	13	8
ciclo	13	5
kurt	13	4
herbert	13	7
determinan	13	10
naciones	13	8
unidas	13	6
vigente	13	7
karin	13	5
entidad	13	7
paquete	13	7
actos	13	5
adaptación	13	10
libertades	13	10
judicial	13	8
demandado	13	9
limitación	13	10
llegar	13	6
simplificación	13	14
antonio	13	7
transparente	13	12
mejoras	13	7
presupuestarios	13	15
determina	13	9
vías	13	4
aéreo	13	5
adoptada	13	8
técnico	13	7
imprescindible	13	14
aprovechar	13	10
máquinas	13	8
f.	13	2
reglamentarias	13	14
refleja	13	7
prorrogar	13	9
prohibición	13	11
regularidad	13	11
tenido	13	6
abordar	13	7
consultado	13	10
ministra	13	8
fiscales	13	8
artesanía	13	9
abanico	13	7
movilidad	13	9
desarrollen	13	11
trabajar	13	8
innovadoras	13	11
paso	13	4
fuerte	13	6
urbanas	13	7
desafíos	13	8
buen	12	4
balance	12	7
pese	12	4
esperar	12	7
prima	12	5
tamaño	12	6
garcía	12	6
zita	12	4
jornadas	12	8
semanal	12	7
últimos	12	7
semana	12	6
inicial	12	7
ocasión	12	7
obligatorios	12	12
radiodifusión	12	13
tomarse	12	7
ajuste	12	6
letras	12	6
haberse	12	7
tomado	12	6
volumen	12	7
convenios	12	9
mencionada	12	10
circulación	12	11
efectúan	12	8
alcohol	12	7
propuestos	12	10
prohíbe	12	7
apropiado	12	9
normales	12	8
verse	12	5
complementaria	12	14
detalles	12	8
preparar	12	8
independientes	12	14
requiere	12	8
competitiva	12	11
esenciales	12	10
humanos	12	7
trakatellis	12	11
thomas	12	6
secretario	12	10
manifiesto	12	10
encaminadas	12	11
definido	12	8
cofinanciación	12	14
gubernamentales	12	15
refuerzo	12	8
acelerar	12	8
poderes	12	7
conflicto	12	9
asamblea	12	8
recurrir	12	8
constituir	12	10
voluntad	12	8
presupuestarias	12	15
procedentes	12	11
herczog	12	7
eficiente	12	9
electrónicos	12	12
finales	12	7
lechner	12	7
zwiefka	12	7
ampliada	12	8
estímulo	12	8
secciones	12	9
supeditada	12	10
marítimo	12	8
ellas	12	5
desfavorecidas	12	14
labor	12	5
deba	12	4
mano	12	4
implica	12	7
afectadas	12	9
junta	12	5
mucho	12	5
fraude	12	6
recientemente	12	13
perspectiva	12	11
sugerencias	12	11
vitae	12	5
seminario	12	9
legalidad	12	9
realidad	12	8
supuesto	12	8
producir	12	8
creo	12	4
unido	12	5
respeten	12	8
islas	12	5
productividad	12	13
fenómeno	12	8
dinámico	12	8
desventajas	12	11
sostenibles	12	11
eu	12	2
banda	12	5
ancha	12	5
gases	12	5
tradicional	12	11
energy	11	6
nomenclatura	11	12
motivo	11	6
cubrir	11	6
habitantes	11	10
uniforme	11	8
utilizando	11	10
máximos	11	7
adoptará	11	8
ciertos	11	7
reflejar	11	8
stavros	11	7
jean	11	4
elisabeth	11	9
contratante	11	11
muestra	11	7
emprendidas	11	11
presentada	11	10
inciso	11	6
áreas	11	5
ocho	11	4
combinación	11	11
razón	11	5
humanitaria	11	11
misiones	11	8
corto	11	5
respete	11	7
proveedores	11	11
introductoria	11	13
humanas	11	7
medianas	11	8
ritmo	11	5
magnitud	11	8
disminución	11	11
citadas	11	7
describen	11	9
bienestar	11	9
benéfico	11	8
permitirán	11	10
acuse	11	5
adicionales	11	11
remitirá	11	8
prevea	11	6
tratados	11	8
incluyendo	11	10
debida	11	6
consiste	11	8
piianoora	11	9
kauppi	11	6
anna	11	4
incumplimiento	11	14
exteriores	11	10
aprobó	11	6
beneficiario	11	12
negociación	11	11
financiados	11	11
definen	11	7
adquisiciones	11	13
llevará	11	7
zbigniew	11	8
transfronterizo	11	15
entes	11	5
estatutos	11	9
pretende	11	8
dotación	11	8
limitar	11	7
excepcional	11	11
adoptó	11	6
perfeccionamiento	11	17
avances	11	7
particulares	11	12
normalizado	11	11
demandante	11	10
fijado	11	6
obtención	11	9
berger	11	6
klausheiner	11	11
lehne	11	5
hanspeter	11	9
bert	11	4
doorn	11	5
apruebe	11	7
cara	11	4
subvencionable	11	14
importes	11	8
estrecha	11	8
suprimir	11	8
centrarse	11	9
seán	11	4
neachtain	11	9
integradas	11	10
i.	11	2
vinculados	11	10
siguen	11	6
reflexión	11	9
comprendido	11	11
empresariales	11	13
recuperación	11	12
olaf	11	4
ilegal	11	6
minorías	11	8
vivienda	11	8
bauer	11	5
cuestionario	11	12
fiscalización	11	13
claros	11	6
contribuido	11	11
temas	11	5
estabilidad	11	11
iles	11	4
braghetto	11	9
conexión	11	8
habiendo	11	8
silva	11	5
creado	11	6
solicita	11	8
mundiales	11	9
prioritario	11	11
apertura	11	8
resulten	11	8
reconversión	11	12
fomente	11	7
contaminación	11	13
salomón	11	7
marina	11	6
respetuosas	11	11
cuotas	11	6
combustibles	11	12
energética	11	10
densidad	11	8
especialidades	11	14
preservación	11	12
planteamientos	11	14
extrajudiciales	11	15
cultivo	11	7
transparentes	10	13
española	10	8
proporcionando	10	14
simplificar	10	11
checa	10	5
expresa	10	7
institucionales	10	15
primeros	10	8
citada	10	6
real	10	4
adam	10	4
jerzy	10	5
móviles	10	7
soluciones	10	10
alcanzado	10	9
tercero	10	7
funcionarios	10	12
tacógrafo	10	9
servir	10	6
determinada	10	11
viajeros	10	8
controlar	10	9
toneladas	10	9
radio	10	5
realizados	10	10
autorizada	10	10
fuerzas	10	7
motor	10	5
utilicen	10	8
equipos	10	7
adquirir	10	8
ejercido	10	8
anterioridad	10	12
asalariados	10	11
animales	10	8
suspender	10	9
interpretación	10	14
influir	10	7
perfil	10	6
saturadas	10	9
resultar	10	8
exenciones	10	10
psicológicas	10	12
comportamentales	10	16
significativo	10	13
describan	10	9
aras	10	4
transición	10	10
físico	10	6
figurar	10	7
excepto	10	7
indicados	10	9
ajusta	10	6
tan	10	3
comercializados	10	15
rápidamente	10	11
efectuadas	10	10
humana	10	6
iv	10	2
acompañar	10	9
presenten	10	9
dirigida	10	8
incluirse	10	9
peter	10	5
antonios	10	8
hoy	10	3
entrar	10	6
othmar	10	6
karas	10	5
contractuales	10	13
michael	10	7
licitadores	10	11
enumerados	10	10
recíproco	10	9
personalidad	10	12
notificarse	10	11
h.	10	2
geográfica	10	10
gnss	10	4
lado	10	4
licencias	10	9
componentes	10	11
tecnológico	10	11
pondrán	10	7
umberto	10	7
david	10	5
armonizar	10	9
mercantil	10	9
justo	10	5
continuación	10	12
aloyzas	10	7
sakalas	10	7
rainer	10	6
wieland	10	7
interna	10	7
fijarse	10	7
allá	10	4
pertenecientes	10	14
inversores	10	10
subvencionabilidad	10	18
contribuyan	10	11
calendario	10	10
informarán	10	10
karel	10	5
casaca	10	6
viabilidad	10	10
elección	10	8
diputado	10	8
propuso	10	7
impone	10	6
era	10	3
normativo	10	9
candidato	10	9
sufrir	10	6
avanzar	10	7
misión	10	6
auditores	10	9
presidencia	10	11
gobiernos	10	9
claridad	10	8
época	10	5
considerablemente	10	17
destacar	10	8
sana	10	4
describiría	10	11
limitado	10	8
reflexionar	10	11
preste	10	6
menor	10	5
basados	10	7
suplente	10	8
cocobu	10	6
básica	10	6
desempeñan	10	10
reitera	10	7
garantizadas	10	12
regulación	10	10
petróleo	10	8
contribuyen	10	11
desarrollarse	10	13
pesquero	10	8
pescadores	10	10
hábitat	10	7
flexibilidad	10	12
vivir	10	5
fósiles	10	7
solar	10	5
generaciones	10	12
anticipar	10	9
relevo	10	6
generacional	10	12
fomenta	10	7
radioeléctrico	10	14
ubicua	10	6
suscrito	10	8
garantizando	9	12
comparativa	9	11
reguladoras	9	11
aplicadas	9	9
gestores	9	8
polonia	9	7
utilizadas	9	10
miguélez	9	8
ramos	9	5
véase	9	5
comentarios	9	11
previsión	9	9
contempla	9	9
kilómetros	9	10
giovanni	9	8
alain	9	5
james	9	5
lambert	9	7
vladimír	9	8
ordenación	9	10
coordinada	9	10
exclusivamente	9	14
totalidad	9	9
trayecto	9	8
matriculados	9	12
garantizará	9	11
sujetos	9	7
lugares	9	7
gravedad	9	8
diarios	9	7
continua	9	8
deroga	9	6
indica	9	6
requisito	9	9
adquiridos	9	10
defensa	9	7
realice	9	7
recogida	9	8
primero	9	7
encargado	9	9
estarán	9	7
vaya	9	4
postales	9	8
causa	9	5
consultará	9	10
múltiples	9	9
percibir	9	8
ventaja	9	7
contrarrestar	9	13
trans	9	5
ejercicios	9	10
acordado	9	8
comparados	9	10
prueba	9	6
diferente	9	9
reconocidos	9	11
evaluado	9	8
implicar	9	8
figuren	9	7
comprendidas	9	12
listas	9	6
contemplada	9	11
resumen	9	7
aportar	9	7
fundamenta	9	10
original	9	8
adaptados	9	9
cuál	9	4
cifra	9	5
justificación	9	13
cumple	9	6
superar	9	7
contienen	9	9
bajos	9	5
lactosa	9	7
mary	9	4
martínez	9	8
joel	9	4
hasse	9	5
comportamiento	9	14
monetaria	9	9
jeanpaul	9	8
gauzès	9	6
mann	9	4
inés	9	4
ayala	9	5
sender	9	6
indirectamente	9	14
centrándose	9	11
familiar	9	8
básicos	9	7
admisibilidad	9	13
suministros	9	11
capacidades	9	11
sede	9	4
manolis	9	7
mavrommatis	9	11
agrupaciones	9	12
sinergia	9	8
mutuo	9	5
reglas	9	6
validez	9	7
ella	9	4
insiste	9	7
exhaustiva	9	10
próxima	9	7
superiores	9	10
asignación	9	10
deuda	9	5
reparto	9	7
asociadas	9	9
anualmente	9	10
indicativo	9	10
todavía	9	7
creciente	9	9
numerosos	9	9
administrativos	9	15
ministros	9	9
ligados	9	7
retos	9	5
estratégica	9	11
blanco	9	6
eliminar	9	8
ajustarse	9	9
abarca	9	6
tránsito	9	8
afectado	9	8
paulo	9	5
kyösti	9	6
virrankoski	9	11
martin	9	6
césped	9	6
negarse	9	7
competentess	9	12
presentó	9	8
impuesto	9	8
nicole	9	6
fontaine	9	8
decisivo	9	8
amplitud	9	8
sensibilizar	9	12
espera	9	6
complementariedad	9	17
concienciación	9	14
globales	9	8
celebra	9	7
fundamentalmente	9	16
sustituido	9	10
com	9	3
predominantemente	9	17
horizontal	9	10
rosa	9	4
telecomunicaciones	9	18
metodología	9	11
deber	9	5
positivo	9	8
externo	9	7
proporciona	9	11
contactos	9	9
consideraciones	9	15
menudo	9	6
documentación	9	13
pinxten	9	7
especialidad	9	12
ley	9	3
instituto	9	9
sugiere	9	7
industrias	9	10
raíz	9	4
massimo	9	7
vari	9	4
juez	9	4
acontecimientos	9	15
n.	9	2
reviste	9	7
temprana	9	8
mar	9	3
practicaje	9	10
carga	9	5
tecnológicos	9	12
aproximadamente	9	15
obra	9	4
observatorio	9	12
promueva	9	8
heinz	9	5
kindermann	9	10
mitigación	9	10
aprovechamiento	9	15
propietarios	9	12
hectáreas	9	9
hábitats	9	8
carmen	9	6
fraga	9	5
estévez	9	7
marino	9	6
piloto	9	6
inmediatas	9	10
decisiva	9	8
congratula	9	10
despoblación	9	12
terceras	9	8
lejanía	9	7
agrarios	9	8
paisaje	9	7
envejecimiento	9	14
artificial	9	10
alerta	9	6
inmigrantes	9	11
convergencia	9	12
carburantes	9	11
nominal	9	7
efectuada	8	9
adquirido	8	9
español	8	7
retiradas	8	9
normalizados	8	12
european	8	8
for	8	3
citados	8	7
dependiendo	8	11
exigencia	8	9
legal	8	5
gurmai	8	6
francesco	8	9
markus	8	6
louis	8	5
disponer	8	8
actuará	8	7
aplique	8	7
lleven	8	6
intensidad	8	10
incluirán	8	9
suma	8	4
contener	8	8
hará	8	4
obligatorio	8	11
fácil	8	5
habitual	8	8
urgencia	8	8
leche	8	5
titular	8	7
apropiadas	8	10
conocer	8	7
efectuado	8	9
imponer	8	7
individuales	8	12
suprimida	8	9
discriminatorias	8	16
variada	8	7
previo	8	6
dependerá	8	9
encomendarse	8	12
periódicamente	8	14
hambre	8	6
saciedad	8	8
aporte	8	6
mantenerse	8	10
colectividades	8	14
corporales	8	10
basen	8	5
transmitirá	8	11
asistir	8	7
solicitantes	8	12
conceda	8	7
llegado	8	7
tasas	8	5
cumpla	8	6
medicamentos	8	12
factor	8	6
considerar	8	10
orgánicos	8	9
azúcar	8	6
formulación	8	11
divulgación	8	11
asistida	8	8
expresadas	8	10
colesterol	8	10
anne	8	4
honeyball	8	9
conjuntamente	8	13
john	8	4
margarita	8	9
starkevičiūtė	8	13
costa	8	5
luis	8	4
lichtenberger	8	13
donante	8	7
opciones	8	8
consonancia	8	11
convención	8	10
queda	8	5
concederá	8	9
intervenciones	8	14
sensibilización	8	15
andrzej	8	7
consolidación	8	13
integrada	8	9
elaborado	8	9
constituida	8	11
dimensiones	8	11
catherine	8	9
dependen	8	8
precisa	8	7
asumir	8	6
asignada	8	8
satélites	8	9
guidoni	8	7
teresa	8	6
riera	8	5
madurell	8	8
introducido	8	11
procesamiento	8	13
facultad	8	8
resoluciones	8	12
firma	8	5
aviso	8	5
oposición	8	9
seno	8	4
flexible	8	8
distinción	8	10
poco	8	4
estudiantes	8	11
acervo	8	6
resto	8	5
producen	8	8
suponen	8	7
adoptados	8	9
realicen	8	8
irregularidades	8	15
solicitado	8	10
iniciales	8	9
ambientales	8	11
ascenderá	8	9
alternativas	8	12
recientes	8	9
concreto	8	8
algún	8	5
cifras	8	6
frecuencia	8	10
vía	8	3
intermediarios	8	14
descentralizados	8	16
nicola	8	6
zingaretti	8	10
preguntas	8	9
prórroga	8	8
plano	8	5
reconocer	8	9
competitivo	8	11
completa	8	8
progreso	8	8
alcanzados	8	10
indirecta	8	9
ciudadanía	8	10
apoyen	8	6
cubiertas	8	9
intermediario	8	13
compuesto	8	9
plena	8	5
concepto	8	8
futura	8	6
forman	8	6
máire	8	5
curriculum	8	10
asegurarse	8	10
soy	8	3
efectivamente	8	13
cabría	8	6
enfrentarse	8	11
ciudadano	8	9
ciertas	8	7
aceptación	8	10
caspary	8	7
pequeña	8	7
establezcan	8	11
juan	8	4
ramallo	8	7
massanet	8	8
tributario	8	10
constitucionales	8	16
españa	8	6
congreso	8	8
momentos	8	8
combatir	8	8
democrático	8	11
reciben	8	7
vítor	8	5
caldeira	8	8
sr	8	2
razonable	8	9
haciendo	8	8
fuertes	8	7
garantice	8	9
compartida	8	10
enfoques	8	8
vicepresidente	8	14
to	8	2
solicitada	8	10
propias	8	7
amenaza	8	7
autoasistencia	8	14
‑european	8	9
cambiar	8	7
rendimiento	8	11
ioannis	8	7
gklavakis	8	9
pecons	8	6
pérdidas	8	8
deterioro	8	9
estima	8	6
elspeth	8	7
attwooll	8	8
bosque	8	6
multifuncional	8	14
natura	8	6
caracterizan	8	12
plantas	8	7
zdzisław	8	8
nsrac	8	5
explotar	8	8
penetración	8	11
buscar	8	6
aumente	8	7
vive	8	4
silvícolas	8	10
recreativas	8	11
microempresas	8	13
concepción	8	10
sinergias	8	9
coherentes	8	10
terrorismo	8	10
catástrofe	8	10
adquiridas	8	10
étnicas	8	7
hogar	8	5
necesitan	8	9
bioetanol	8	9
mesa	8	4
reales	7	6
aprobadas	7	9
previamente	7	11
reserva	7	7
adhesión	7	8
estonia	7	7
hungría	7	7
eslovenia	7	9
eslovaquia	7	10
conveniencia	7	12
objetiva	7	8
elegibles	7	9
antecedentes	7	12
municipios	7	10
menores	7	7
arnaoutakis	7	11
bernadette	7	10
nistelrooij	7	11
seeber	7	6
realizan	7	8
contacto	7	8
lograrse	7	8
efectúen	7	8
lleve	7	5
encargados	7	10
inspección	7	10
aumentará	7	9
controlados	7	11
registradas	7	11
tiempos	7	7
efectuarán	7	10
adquirida	7	9
comprobado	7	10
recogidos	7	9
estrictos	7	9
indicará	7	8
podido	7	6
contenida	7	9
necesita	7	8
totalmente	7	10
crisis	7	6
inundaciones	7	12
fueran	7	6
universal	7	9
líneas	7	6
retirar	7	7
comisiones	7	10
disfrutar	7	9
concretos	7	9
monoinsaturadas	7	15
complejos	7	9
proporcional	7	12
utilice	7	7
presentan	7	9
complementos	7	12
explotador	7	10
complemento	7	11
saturados	7	9
informado	7	9
usos	7	4
mencionarse	7	11
indique	7	7
científicamente	7	15
electrónico	7	11
explícitamente	7	14
especificado	7	12
aparte	7	6
harán	7	5
relacionado	7	11
definitiva	7	10
resulte	7	7
agilizar	7	8
prestarse	7	9
iniciar	7	7
corresponda	7	11
operadores	7	10
salvaguardia	7	12
facilitada	7	10
obtenida	7	8
netos	7	5
sólidos	7	7
gramos	7	6
voluntarios	7	11
composición	7	11
presentadas	7	11
determinará	7	11
modelos	7	7
dificultad	7	10
corta	7	5
aceite	7	6
admisible	7	9
florenz	7	7
vittorio	7	8
prodi	7	5
marcello	7	8
vernola	7	7
gonzález	7	8
deficiencias	7	12
elisa	7	5
robert	7	6
alexander	7	9
indemnizaciones	7	15
philip	7	6
petr	7	4
duchoň	7	6
willi	7	5
piecyk	7	6
dover	7	5
reul	7	4
desvinculación	7	14
destinado	7	9
pidió	7	5
vecinos	7	7
reciprocidad	7	12
cofinanciadas	7	13
cad	7	3
realizará	7	9
sectorial	7	9
regularmente	7	12
erradicación	7	12
ana	7	3
csaba	7	5
őry	7	3
carl	7	4
schlyter	7	8
recogido	7	8
ponen	7	5
denominados	7	11
j.	7	2
fronteras	7	9
k.	7	2
ocasiones	7	9
transfronterizas	7	16
feder	7	5
fse	7	3
externos	7	8
significa	7	9
contar	7	6
constante	7	9
fijará	7	6
responde	7	8
giles	7	5
chichester	7	10
sustituir	7	9
deudas	7	6
impugnadas	7	10
jurisdiccionales	7	16
tratar	7	6
estrictamente	7	13
determinante	7	12
oficiales	7	9
contestación	7	12
dispone	7	7
aplicado	7	8
demuestra	7	9
encontrar	7	9
white	7	5
relieve	7	7
activas	7	7
ministerio	7	10
propiciar	7	9
gubernamental	7	13
determine	7	9
financiar	7	9
atractivo	7	9
beneficiarán	7	12
ofrezca	7	7
seleccionado	7	12
impulso	7	7
presidido	7	9
subvencionables	7	15
transeuropea	7	12
pie	7	3
nos	7	3
señalar	7	7
rec	7	3
decidió	7	7
regulado	7	8
depende	7	7
jueces	7	6
ocupan	7	6
cierto	7	6
justa	7	5
socioeconómicas	7	15
fomentará	7	9
víctimas	7	8
velará	7	6
autorizados	7	11
consultivo	7	10
sustancial	7	10
niza	7	4
razonables	7	10
centrado	7	8
estratégicos	7	12
inserción	7	9
desfavorecidos	7	14
mitad	7	5
patrick	7	7
emite	7	5
hijos	7	5
vegetales	7	9
merecen	7	7
nunca	7	5
débiles	7	7
nuestro	7	7
errores	7	7
hacerlo	7	7
primordial	7	10
sabe	7	4
fueron	7	6
parlamentos	7	11
interesada	7	10
desfavorable	7	12
asesor	7	6
logro	7	5
conducta	7	8
desempeñando	7	12
l.	7	2
dejar	7	5
deban	7	5
complementarias	7	15
evidente	7	8
profunda	7	8
partido	7	7
riqueza	7	7
democrática	7	11
asignados	7	9
estableció	7	10
ex	7	2
celebrado	7	9
roland	7	6
regulan	7	7
empleos	7	7
directos	7	8
proporcionan	7	12
aubert	7	6
francia	7	7
extranjero	7	10
igualmente	7	10
biocombustibles	7	15
fomentarse	7	10
apoye	7	5
experiencias	7	12
alemania	7	8
ecológicas	7	10
respetuosa	7	10
marinas	7	7
artes	7	5
imposición	7	10
viviendas	7	9
austria	7	7
source	7	6
renewable	7	9
per	7	3
economías	7	9
produzcan	7	9
dará	7	4
antiguos	7	8
pilares	7	7
peores	7	6
rumanía	7	7
bulgaria	7	8
satisfacer	7	10
ayudará	7	7
hídricos	7	8
bioenergía	7	10
traducción	7	10
requirente	7	10
físicos	7	7
tomen	7	5
cuidados	7	8
concentración	7	13
federados	7	9
micronesia	7	10
electrónicas	7	12
pluralismo	7	10
biocarburante	7	13
experto	7	7
cumplen	6	7
utilizada	6	9
usuario	6	7
association	6	11
malta	6	5
eurostat	6	8
estadístico	6	11
determinación	6	13
compatibles	6	11
gestionar	6	9
comparables	6	11
umbrales	6	8
bruselas	6	8
añadir	6	6
anima	6	5
carlos	6	6
mieczysław	6	10
edmund	6	6
janowski	6	8
olbrycht	6	8
pieper	6	6
francisca	6	9
pleguezuelos	6	12
aguilar	6	7
schroedter	6	10
margie	6	6
sudre	6	5
březina	6	7
mojca	6	5
drčar	6	5
murko	6	5
equipo	6	6
supervisar	6	10
discurra	6	8
cubrirán	6	8
correctamente	6	13
demuestren	6	10
equipados	6	9
carreteras	6	10
equivalentes	6	12
estadísticos	6	12
interrupción	6	12
semanales	6	9
impresiones	6	11
aplicándose	6	11
deseable	6	8
clarificar	6	10
permitido	6	9
ambas	6	5
masa	6	4
normal	6	6
distancia	6	9
ejerce	6	6
interesado	6	10
reconocido	6	10
temporalmente	6	13
íntegramente	6	12
gama	6	4
elaborará	6	9
frase	6	5
pongan	6	6
física	6	6
pescado	6	7
ingesta	6	7
justificarlas	6	13
limitaciones	6	12
permitidas	6	10
prohibir	6	8
dietas	6	6
fisiológicas	6	12
veraces	6	7
organizar	6	9
suministren	6	11
restaurantes	6	12
hospitales	6	10
cantinas	6	8
restauración	6	12
tampoco	6	7
marca	6	5
prudente	6	8
pruebas	6	7
consuma	6	7
autorizará	6	10
fundamentarse	6	13
corresponderá	6	13
proximidad	6	10
figurará	6	8
evalúen	6	7
compare	6	7
fácilmente	6	10
ajustan	6	7
implícitas	6	10
afectada	6	8
transmitirán	6	12
presentarse	6	11
vayan	6	5
complementarios	6	15
válida	6	6
pedir	6	5
acompaña	6	8
detallada	6	9
sexto	6	5
etiquetados	6	11
comercializarse	6	15
tecnológica	6	11
agroalimentaria	6	15
centralizada	6	12
constituyentes	6	14
reduce	6	6
exclusiva	6	9
comercialice	6	12
denominada	6	10
insuficiente	6	12
suspensión	6	10
glucemia	6	8
líquidos	6	8
almidón	6	7
vulnerables	6	11
relevante	6	9
complementar	6	12
párrafos	6	8
negativa	6	8
basándose	6	9
polinsaturadas	6	14
dorette	6	7
corbey	6	6
evans	6	5
karlheinz	6	9
norbert	6	7
glante	6	6
françoise	6	9
grossetête	6	10
caroline	6	8
maaten	6	6
miroslav	6	8
anja	6	4
weisgerber	6	10
margrete	6	8
auken	6	5
erna	6	4
hennicotschoepges	6	17
urszula	6	7
krupa	6	5
trimestrales	6	12
hogares	6	7
ahorro	6	6
aceptó	6	6
paolo	6	5
friedrich	6	9
sánchez	6	7
corien	6	6
wortmannkool	6	12
georg	6	5
jarzembowski	6	12
janusz	6	6
pobres	6	6
potenciar	6	9
ampliar	6	7
oit	6	3
ocupación	6	9
kyoto	6	5
cualitativos	6	12
basará	6	6
cubra	6	5
quienes	6	7
sustituye	6	9
luisa	6	5
záborská	6	8
milan	6	5
zaleski	6	7
oportunas	6	9
autónoma	6	8
firmado	6	7
denominación	6	12
creen	6	5
fortalecimiento	6	15
equilibrado	6	11
interiores	6	10
inscribe	6	8
preadhesión	6	11
deduce	6	6
paliar	6	6
reconocida	6	10
legislativos	6	12
cosas	6	5
bernard	6	7
albert	6	6
aprobada	6	8
egnos	6	5
señales	6	7
complementario	6	14
expresada	6	9
expresados	6	10
someterse	6	9
concesionario	6	13
concedidos	6	10
optimizar	6	9
privilegiada	6	12
interinstitucional	6	18
lanzamiento	6	11
individual	6	10
jorgo	6	5
chatzimarkakis	6	14
pia	6	3
elda	6	4
locatelli	6	9
paasilinna	6	10
cobro	6	5
formularios	6	11
optar	6	5
cumplimentando	6	14
señalado	6	8
proponer	6	8
litigios	6	8
ejecutar	6	8
procedencia	6	11
acreedores	6	10
excluir	6	7
estudiarse	6	10
lópezistúriz	6	12
medina	6	6
ortega	6	6
maneras	6	7
interconexiones	6	15
suponer	6	7
caracterizarse	6	14
centradas	6	9
incitar	6	7
revestir	6	8
simultáneamente	6	15
ferroviarias	6	12
navegables	6	10
presentados	6	11
barreras	6	8
indicadas	6	9
afecte	6	6
llevado	6	7
respetando	6	10
bei	6	3
garantizarán	6	12
philippe	6	8
aisladas	6	8
compatible	6	10
convencimiento	6	14
privada	6	7
continuidad	6	11
recibido	6	8
bösch	6	5
szabolcs	6	8
fazakas	6	7
tapio	6	5
aire	6	4
vibratorias	6	11
combustión	6	10
dependerán	6	10
christofer	6	10
fjellner	6	8
privilegios	6	11
inmunidades	6	11
jaroslav	6	8
zvěřina	6	7
eva	6	3
consultas	6	9
leyes	6	5
equiparables	6	12
estipuladas	6	11
responda	6	8
ajustes	6	7
mif	6	3
elaborando	6	10
pier	6	4
fundación	6	9
luxemburgo	6	10
aplicara	6	8
celebrarse	6	10
manifestaciones	6	15
afirma	6	6
reconozca	6	9
subapartado	6	11
dinámica	6	8
titulado	6	8
popular	6	7
centrar	6	7
eee	6	3
énfasis	6	7
poniendo	6	8
citado	6	6
asociarlas	6	10
tema	6	4
terreno	6	7
equitativo	6	10
aborda	6	6
capaz	6	5
goegheganquinn	6	14
irlanda	6	7
irlandesa	6	9
cead	6	4
preocupación	6	12
auditor	6	7
planteamiento	6	13
dinero	6	6
contribuye	6	10
negativos	6	9
cuáles	6	6
sumamente	6	9
campo	6	5
conceptos	6	9
participan	6	10
instrucciones	6	13
carrera	6	7
recibe	6	6
aporta	6	6
retiraría	6	9
borut	6	5
pahor	6	5
m.	6	2
extremadamente	6	14
textil	6	6
mixta	6	5
necesariamente	6	14
desarrollado	6	12
dictámenes	6	10
quien	6	5
sustitución	6	11
positivos	6	9
formular	6	8
elecciones	6	10
torno	6	5
académico	6	9
impuestos	6	9
transformaciones	6	16
conciencia	6	10
instancias	6	10
contable	6	8
dei	6	3
diritti	6	7
convendría	6	10
intentar	6	8
progresión	6	10
daños	6	5
antelación	6	10
obligatorias	6	12
incluyen	6	8
proponga	6	8
estándares	6	10
christa	6	7
apartarse	6	9
provocar	6	8
generan	6	7
omc	6	3
procedente	6	10
ejemplos	6	8
i+d	6	3
instalación	6	11
andersson	6	9
frenar	6	6
reforestación	6	13
ecológico	6	9
importaciones	6	13
suelos	6	6
pastos	6	6
cogeneración	6	12
proporción	6	10
respalda	6	8
duarte	6	6
freitas	6	7
czesław	6	7
siekierski	6	10
pesqueros	6	9
marinos	6	7
efectividad	6	11
cctep	6	5
buques	6	6
mariehélène	6	11
pesquerías	6	10
ccr	6	3
reformada	6	9
baja	6	4
mortalidad	6	10
competitivas	6	12
ambiental	6	9
rápido	6	6
estructural	6	11
this	6	4
thermal	6	7
periurbanas	6	11
socioeconómicos	6	15
rectores	6	8
acometer	6	8
primacía	6	8
vanguardia	6	10
combinar	6	8
adaptadas	6	9
sigan	6	5
tendentes	6	9
tejido	6	6
endógeno	6	8
incentivación	6	13
feader	6	6
toman	6	5
primaria	6	8
combustible	6	11
trasladarse	6	11
amplias	6	7
asociado	6	8
ceea	6	4
niño	6	4
jubilados	6	9
capaces	6	7
aseguren	6	8
brecha	6	6
audiovisuales	6	13
advierte	6	8
expresión	6	9
democracia	6	10
retirada	6	8
neto	6	4
integridad	5	10
cálculo	5	7
metodologías	5	12
superen	5	7
disminuir	5	9
suministrar	5	11
chipre	5	6
letonia	5	7
lituania	5	8
definidas	5	9
creó	5	4
inevitable	5	10
vital	5	5
corresponde	5	11
definiciones	5	12
anexos	5	6
considerandos	5	13
aplicando	5	9
disparidades	5	12
jana	5	4
hutchinson	5	10
gisela	5	6
kallenbach	5	10
eluned	5	6
morgan	5	6
lászló	5	6
helmuth	5	7
markov	5	6
ferrocarril	5	11
territorios	5	11
coordinar	5	9
seguros	5	7
enlace	5	6
observadores	5	12
bordo	5	5
totales	5	7
continuar	5	9
convencional	5	12
modificarse	5	11
compensación	5	12
hubiese	5	7
tramo	5	5
conjuntos	5	9
alrededor	5	9
restantes	5	9
trabajado	5	9
quince	5	6
asegure	5	7
comenzar	5	8
colectivos	5	10
profesión	5	9
domicilio	5	9
entrará	5	7
obligatoria	5	11
aparatos	5	8
cláusulas	5	9
impresión	5	9
expedir	5	7
tabaco	5	6
promocionados	5	13
fisiológica	5	11
fibras	5	6
cubiertos	5	9
mencionan	5	9
autorizar	5	9
controversia	5	12
multiplicidad	5	13
implique	5	8
normalmente	5	11
afirmar	5	7
sugerir	5	7
nutrición	5	9
prohibirán	5	10
diaria	5	6
proporcionarse	5	14
mencione	5	8
porción	5	7
consume	5	7
médicos	5	7
acusará	5	7
motivada	5	8
hubiera	5	7
ampliará	5	8
desee	5	5
duda	5	4
continúe	5	8
complemente	5	11
verificará	5	10
comprensible	5	12
recomendada	5	11
tomada	5	6
pudiera	5	7
quinto	5	6
undécimo	5	8
doce	5	4
revisarse	5	9
reducida	5	8
exigidos	5	8
declarado	5	9
concederse	5	10
intenso	5	7
adaptado	5	8
vnr	5	3
cuyas	5	5
simple	5	6
descrito	5	8
defina	5	6
pedirá	5	6
habrán	5	6
ver	5	3
disponga	5	8
gluten	5	6
veces	5	5
chris	5	5
davies	5	6
jules	5	5
ulmer	5	5
ayuso	5	5
buzek	5	5
mikolášik	5	9
astrid	5	6
lulling	5	7
cumplido	5	8
convertido	5	10
analizar	5	8
monetario	5	9
brevedad	5	8
pervenche	5	9
berès	5	5
karsten	5	7
hoppenstedt	5	11
roberts	5	7
zīle	5	4
etelka	5	6
barsipataky	5	11
christine	5	9
veyrac	5	6
mathieu	5	7
ewa	5	3
dieterlebrecht	5	14
koch	5	4
bogusław	5	8
willem	5	6
schuth	5	6
capacitación	5	12
internacionalmente	5	18
expresamente	5	12
financiado	5	10
arriba	5	6
beneficiarse	5	12
morgantini	5	10
aumenta	5	7
denominadas	5	11
facultativo	5	11
encomendar	5	10
cofinanciados	5	13
reglamentaria	5	13
aquellas	5	8
disolución	5	10
contemplar	5	10
mejorando	5	9
deseen	5	6
subrayar	5	8
věra	5	4
flasarová	5	9
operativo	5	9
debiera	5	7
demostración	5	12
cofinanciar	5	11
compuesta	5	9
anteproyecto	5	12
registrados	5	11
limitada	5	8
ivo	5	3
joan	5	4
werner	5	6
langen	5	6
angelika	5	8
niebler	5	7
andres	5	6
tarand	5	6
turmes	5	6
nikolaos	5	8
roca	5	4
ordenamientos	5	13
constatar	5	9
solicitará	5	10
ordinario	5	9
accesibles	5	10
adjunto	5	7
detrimento	5	10
detallado	5	9
encaminada	5	10
pone	5	4
solución	5	8
demandas	5	8
mayer	5	5
externa	5	7
estudiar	5	8
oportuna	5	8
periodos	5	8
universidades	5	13
corrige	5	7
permanecer	5	10
bonificación	5	12
derogan	5	7
difundir	5	8
atribuidas	5	10
adoptarse	5	9
aportados	5	9
ferroviario	5	11
iniciado	5	8
situ	5	4
proporcionarán	5	14
desempeñado	5	11
derivadas	5	9
coordinadores	5	13
banco	5	5
privadas	5	8
patrizia	5	8
toia	5	4
concede	5	7
catalizador	5	11
cuyos	5	5
expuestas	5	9
vinculante	5	10
conexiones	5	10
garantizan	5	10
jacek	5	5
acero	5	5
meramente	5	9
parlamentaria	5	13
proponen	5	8
entonces	5	8
johannes	5	8
blokland	5	8
francés	5	7
francesa	5	8
primario	5	8
enrico	5	6
legislativas	5	12
sustituirá	5	10
conversaciones	5	14
obligados	5	9
hechas	5	6
cumplirse	5	9
luigi	5	5
joseph	5	6
excluye	5	7
costoso	5	7
obviar	5	6
aprovecha	5	9
otorgar	5	7
michel	5	6
rocard	5	6
mandatos	5	8
compleja	5	8
utilidad	5	8
manos	5	5
aérea	5	5
alternativa	5	11
deberes	5	7
basan	5	5
ayude	5	5
auténtica	5	9
intentará	5	9
múltiple	5	8
tratamiento	5	11
variados	5	8
concienciar	5	11
implicación	5	11
tolerancia	5	10
perseguir	5	9
seleccionar	5	11
participe	5	9
cooperar	5	8
concierne	5	9
precisamente	5	12
publicada	5	9
específicamente	5	15
especializados	5	14
prevén	5	6
velen	5	5
minoría	5	7
vínculo	5	7
encargada	5	9
dan	5	3
subyacentes	5	11
foro	5	4
prensa	5	6
revisar	5	7
efectivo	5	8
asistirá	5	8
facilitarse	5	11
pidiera	5	7
preparara	5	9
atendería	5	9
desempeña	5	9
peticiones	5	10
revisando	5	9
desembolsados	5	13
claro	5	5
quiere	5	6
concebir	5	8
elegido	5	7
describir	5	9
assyst	5	6
operativa	5	9
indicios	5	8
emitiera	5	8
remisión	5	8
mogens	5	6
nj	5	2
camre	5	5
lorenzo	5	7
cesa	5	4
bart	5	4
staes	5	5
examinó	5	7
lovaina	5	7
estancias	5	9
unidos	5	6
gabinete	5	8
publicaciones	5	13
examine	5	7
detectar	5	8
óptimo	5	6
mutua	5	5
reglamentaciones	5	16
flexibles	5	9
próximas	5	8
descentralización	5	17
estatal	5	7
autonomía	5	9
tributarios	5	11
capitales	5	9
él	5	2
feogagarantía	5	13
dudas	5	5
crédito	5	7
norma	5	5
ambos	5	5
salas	5	5
descentralizado	5	15
rechazo	5	7
visión	5	6
formuladas	5	10
desarrolladas	5	13
roma	5	4
brasil	5	6
on	5	2
indicaciones	5	12
post	5	4
aarhus	5	6
contribuya	5	10
racional	5	8
informáticas	5	12
obre	5	4
atendiendo	5	10
adaptaciones	5	12
portuario	5	9
compensatorias	5	14
inferiores	5	10
conceden	5	8
inmuebles	5	9
limite	5	6
mención	5	7
exceder	5	7
stephen	5	7
hughes	5	6
jeggle	5	6
2ª	5	2
klaß	5	4
varela	5	6
suanzescarpegna	5	15
despidos	5	8
deslocalicen	5	12
entraña	5	7
informáticos	5	12
comprometan	5	11
transferencias	5	14
favorezcan	5	10
orientado	5	9
examinen	5	8
influencia	5	10
implantación	5	12
salarios	5	8
sectoriales	5	11
oriental	5	8
empleados	5	9
resultan	5	8
o.	5	2
tropicales	5	10
ilegalmente	5	11
aplicaciones	5	12
cumbre	5	6
ecológica	5	9
elaboren	5	8
valorización	5	12
incremente	5	10
certificación	5	13
bruto	5	5
superficies	5	11
casa	5	4
neil	5	4
parish	5	6
pesqueras	5	9
probables	5	9
dependientes	5	12
hugh	5	4
allister	5	8
capoulas	5	8
santos	5	6
sucesivas	5	9
contaminantes	5	13
vitales	5	7
temporadas	5	10
accesorias	5	10
adultos	5	7
geotérmica	5	10
valorar	5	7
energéticas	5	11
edificios	5	9
encaminado	5	10
target	5	6
progresar	5	9
fortalecer	5	10
herramientas	5	12
bases	5	5
respondan	5	9
condicionalidad	5	15
urbanos	5	7
cápita	5	6
ultraperiféricas	5	16
elevada	5	7
vii	5	3
retener	5	7
visibilidad	5	11
amplía	5	6
agrarias	5	8
integrar	5	8
lejos	5	5
constituyan	5	11
convencionales	5	14
permanentes	5	11
cuidado	5	7
turística	5	9
plataformas	5	11
demarcación	5	11
ajustándose	5	11
cierta	5	6
dimitrios	5	9
papadimoulis	5	12
tecnológicas	5	12
racionalización	5	15
monoparentales	5	14
digna	5	5
habilidades	5	11
escasa	5	6
pensión	5	7
pliego	5	6
liquidez	5	8
aboga	5	5
gasolina	5	8
cereales	5	8
negociables	5	11
par	5	3
fijación	4	8
responden	4	9
reflejan	4	8
calcularlas	4	11
reflejarán	4	10
discriminatoria	4	15
nominación	4	10
renominación	4	12
acordados	4	9
formales	4	8
percepción	4	10
partidario	4	10
sra	4	3
minimizar	4	9
enteramente	4	11
cuadro	4	6
reflejados	4	10
formar	4	6
regulada	4	8
alfonso	4	7
andria	4	6
beaupuy	4	7
rolf	4	4
berend	4	6
bobošíková	4	10
graham	4	6
booth	4	5
bourzai	4	7
claudio	4	7
fava	4	4
iratxe	4	6
pérez	4	5
eugenijus	4	9
gentvilas	4	9
lidia	4	5
joanna	4	6
geringer	4	8
oedenberg	4	9
ambroise	4	8
guellec	4	7
hatzidakis	4	10
miloš	4	5
koterec	4	7
constanze	4	9
angela	4	6
krehl	4	5
musotto	4	7
alyn	4	4
smith	4	5
grażyna	4	7
staniszewska	4	12
železný	4	7
ole	4	3
christensen	4	11
mirosław	4	8
mariusz	4	7
piotrowski	4	10
surján	4	6
navegación	4	10
intracomunitario	4	16
excede	4	6
fijar	4	5
parcialmente	4	12
imprescindibles	4	15
organizará	4	10
controlará	4	10
tomará	4	6
copia	4	5
cerca	4	5
pausas	4	6
organizarse	4	11
superación	4	10
máximas	4	7
hojas	4	5
consecutivas	4	12
modifican	4	9
efectuados	4	10
limitarse	4	9
cualificación	4	13
comprobar	4	9
efectuándose	4	12
terrenos	4	8
progresivamente	4	15
realizarse	4	10
sexies	4	6
supere	4	6
cuerpos	4	7
teléfonos	4	9
televisión	4	10
detección	4	9
transporten	4	11
ininterrumpido	4	14
sujeto	4	6
estando	4	7
sometidos	4	9
concluido	4	9
comprometer	4	11
aun	4	3
tomarán	4	7
notificarán	4	11
restringir	4	10
transcurrido	4	12
agosto	4	6
ib	4	2
influyen	4	8
drogas	4	6
comunicados	4	11
influyan	4	8
contraria	4	9
indeseable	4	10
recomiendan	4	11
excesivas	4	9
trataría	4	8
complicada	4	10
veraz	4	5
comercializan	4	13
marcas	4	6
registrada	4	10
afirme	4	6
sugiera	4	7
observador	4	10
refieran	4	8
científicas	4	11
comprenda	4	9
benéficos	4	9
proporcionará	4	13
genérica	4	8
transmitirse	4	12
facilidad	4	9
indicarse	4	9
comprensión	4	11
notificado	4	10
estilo	4	6
autorizarán	4	11
fundamentadas	4	13
sugieran	4	8
adelgazamiento	4	14
conseguirse	4	11
notifiquen	4	10
caritativas	4	11
correo	4	6
remitida	4	8
embalaje	4	8
emisión	4	7
compatibilidad	4	14
cesar	4	5
esforzará	4	9
contarse	4	8
directo	4	7
finalmente	4	10
examinado	4	9
divergencias	4	12
modificará	4	10
suspenderá	4	10
revocará	4	8
rechazadas	4	10
autorizó	4	8
obtenga	4	7
acorde	4	6
contendrá	4	9
vigésimo	4	8
decimoctavo	4	11
garantizarse	4	12
innecesarias	4	12
reúnen	4	6
tradición	4	9
describirá	4	10
demostrar	4	9
emitirá	4	7
envío	4	5
error	4	5
desgaste	4	8
muscular	4	8
neta	4	4
hacen	4	5
asociada	4	8
nombres	4	7
argumentos	4	10
segura	4	6
justificar	4	10
ilustrativo	4	11
dispondrán	4	10
sujeta	4	6
indicar	4	7
confidenciales	4	14
confidencial	4	12
animal	4	6
declaraciones	4	13
hechos	4	6
queso	4	5
insaturadas	4	11
blandas	4	7
mg	4	2
vaca	4	4
alessandro	4	10
satu	4	4
hassi	4	5
liese	4	5
riitta	4	6
myller	4	6
guido	4	5
ria	4	3
oomenruijten	4	12
euro	4	4
contribuciones	4	14
precisos	4	8
reacción	4	8
ajustar	4	7
1ª	4	2
ian	4	3
hudghton	4	8
radwan	4	6
antolín	4	7
presedo	4	7
harald	4	6
ettl	4	4
hedkvist	4	8
petersen	4	8
jeanine	4	7
hennisplasschaert	4	17
schmitt	4	7
gahler	4	6
destacó	4	7
recogidas	4	9
especifican	4	11
reconocidas	4	11
forzoso	4	7
biológica	4	9
respectivo	4	10
concedan	4	8
donantes	4	8
respetarse	4	10
limitará	4	8
socios	4	6
milenio	4	7
valdis	4	6
martens	4	7
józef	4	5
bowis	4	5
gaľa	4	4
kułakowski	4	10
scheele	4	7
gabriele	4	8
zimmer	4	6
armonioso	4	9
instaurar	4	9
encomendadas	4	12
potestad	4	8
encomienden	4	11
ejercerán	4	9
otorgadas	4	9
vecindad	4	8
afectar	4	7
existir	4	7
obligado	4	8
cree	4	4
simon	4	5
busuttil	4	8
falbr	4	5
sharon	4	6
bowles	4	6
deß	4	3
concluir	4	8
ascender	4	8
generados	4	9
ejecuta	4	7
séptimo	4	7
disciplina	4	10
estaciones	4	10
terrenales	4	10
intermedio	4	10
lleva	4	5
disfrute	4	8
belet	4	5
calabuig	4	8
rull	4	4
rebecca	4	7
harms	4	5
romana	4	6
jordan	4	6
cizelj	4	6
miloslav	4	8
ransdorf	4	8
remek	4	5
paul	4	4
rübig	4	5
britta	4	6
thomsen	4	7
claude	4	6
vakalis	4	7
alejo	4	5
vidalquadras	4	12
opción	4	6
fiable	4	6
automático	4	10
aduanera	4	8
direcciones	4	11
ejecutiva	4	9
remitidos	4	9
elaborados	4	10
aumentan	4	8
correcto	4	8
repercusión	4	11
solicitó	4	8
facilitaría	4	11
enfrentan	4	9
llama	4	5
físicas	4	7
sólido	4	6
monica	4	6
frassoni	4	8
diana	4	5
wallis	4	6
toine	4	5
manders	4	7
universitarios	4	14
académicos	4	10
enqa	4	4
transcurso	4	10
celebrada	4	9
adoptaron	4	9
detalle	4	7
operan	4	6
exijan	4	6
definan	4	7
doble	4	5
denegación	4	10
debajo	4	6
centrales	4	9
pleštinská	4	10
zuzana	4	6
roithová	4	8
marianne	4	8
barbara	4	7
heide	4	5
rühle	4	5
préstamo	4	8
rte	4	3
vela	4	4
envergadura	4	11
escalonan	4	9
vincule	4	7
incertidumbres	4	14
promotor	4	8
costero	4	7
financieramente	4	15
movilizando	4	11
certificarán	4	12
anulación	4	9
confirma	4	8
introducida	4	11
recuperar	4	9
abonados	4	8
abonada	4	7
designará	4	9
acogerse	4	8
erika	4	5
facilitará	4	10
barcelona	4	9
incluyan	4	8
adecuación	4	10
eran	4	4
manifiesta	4	10
adquirirse	4	10
preverse	4	8
inicie	4	6
completo	4	8
mulder	4	6
página	4	6
oruga	4	5
kw	4	2
ruido	4	5
reducirse	4	9
pronunciado	4	11
publicar	4	8
dispongan	4	9
bandas	4	6
parlamentario	4	13
speroni	4	7
urgentes	4	8
renovar	4	7
proporcionados	4	14
entenderán	4	10
alguno	4	6
comunicada	4	10
comunicarán	4	11
habría	4	6
llevarse	4	8
proseguir	4	9
retraso	4	7
unanimidad	4	10
decidirá	4	8
jutta	4	5
haug	4	4
problemáticas	4	13
armonizado	4	10
lógico	4	6
aesa	4	4
especializadas	4	14
martine	4	7
roure	4	5
ejercida	4	8
vector	4	6
considerables	4	13
catalizado	4	10
raza	4	4
intensificar	4	12
goza	4	4
aelc	4	4
acento	4	6
subrayará	4	9
propagar	4	8
organicen	4	9
equitativa	4	10
cambiará	4	8
coordinador	4	11
desigualdad	4	11
desempeño	4	9
estrechamente	4	13
especifica	4	10
accesible	4	9
previos	4	7
prestan	4	7
solicite	4	8
relacionada	4	11
corrupción	4	10
procederá	4	9
dice	4	4
trabajan	4	8
someter	4	7
pertenencia	4	11
sufren	4	6
claire	4	6
gibault	4	7
manfred	4	7
weber	4	5
consideró	4	9
irlandés	4	8
integrante	4	10
maastricht	4	10
resultantes	4	11
debemos	4	7
índice	4	6
aportan	4	7
espero	4	6
jefes	4	5
abuso	4	5
estamos	4	7
informática	4	11
incompatible	4	12
tengo	4	5
cargos	4	6
currículum	4	10
aquel	4	5
poca	4	4
mantiene	4	8
vean	4	4
personales	4	10
católica	4	8
asistente	4	9
bélgica	4	7
utilizado	4	9
preventivas	4	11
utilizan	4	8
utiliza	4	7
web	4	3
posiblemente	4	12
óptima	4	6
funcionen	4	9
peligros	4	8
ilustrar	4	8
pienso	4	6
parecer	4	7
probablemente	4	13
cámaras	4	7
naval	4	5
belga	4	5
madrid	4	6
autónomas	4	9
tributaria	4	10
imponible	4	9
ordenamiento	4	12
referirse	4	9
tuvo	4	4
seriedad	4	8
rigor	4	5
pensar	4	6
entender	4	8
iva	4	3
organizativo	4	12
tomadas	4	7
siguiendo	4	9
distinta	4	8
absoluta	4	8
contabilidad	4	12
aceptadas	4	9
audit	4	5
countries	4	9
escuelas	4	8
t.	4	2
expresar	4	8
cualitativo	4	11
permitiendo	4	11
salvaguardar	4	12
coordinadas	4	11
declarar	4	8
tutela	4	6
fondamentali	4	12
di	4	2
escasos	4	7
necesitar	4	9
considerado	4	11
esencialmente	4	13
refiera	4	7
financiarse	4	11
actualizada	4	11
dirigirse	4	9
apropiados	4	10
modifique	4	9
anticipación	4	12
revisten	4	8
vigencia	4	8
profundidad	4	11
justas	4	6
recomendó	4	9
manipulación	4	12
sindicatos	4	10
accedan	4	7
adoptan	4	7
v.	4	2
concreta	4	8
muebles	4	7
náuticos	4	8
exención	4	8
gewalt	4	6
adamos	4	6
adamou	4	6
lucas	4	5
controlador	4	11
cielo	4	5
refuercen	4	9
recomendar	4	10
aceptables	4	10
nada	4	4
habilitaciones	4	14
anotaciones	4	11
enrique	4	7
barón	4	5
crespo	4	6
reciban	4	7
directas	4	8
evitarse	4	8
facilitan	4	9
globalizado	4	11
reforzarse	4	10
negativas	4	9
obtenido	4	8
vinculadas	4	10
nuestros	4	8
vea	4	3
conferencia	4	11
fabrican	4	8
r.	4	2
norte	4	5
déficit	4	7
cargas	4	6
traducirse	4	10
duradero	4	8
ilda	4	4
figueiredo	4	10
bushillmatthews	4	15
jöns	4	4
sepp	4	4
kusstatscher	4	12
elizabeth	4	9
lynne	4	5
mato	4	4
adrover	4	7
protasiewicz	4	12
marc	4	4
tarabella	4	9
jamila	4	6
madeira	4	7
fauna	4	5
ecosistemas	4	11
desaparición	4	12
permanencia	4	11
sintonía	4	8
enormemente	4	11
extinción	4	9
desequilibrio	4	13
fabricados	4	10
constatando	4	11
positivas	4	9
diversificada	4	13
explotado	4	9
modernos	4	8
típicos	4	7
montañosas	4	10
autóctonas	4	10
guiones	4	7
planeta	4	7
orientada	4	9
realmente	4	9
jeanclaude	4	10
friedrichwilhelm	4	16
graefe	4	6
zu	4	2
baringdorf	4	10
mcguinness	4	10
wojciechowski	4	13
tomasz	4	6
zapałowski	4	10
podkański	4	9
juveniles	4	9
cotos	4	5
niels	4	5
busk	4	4
kazimierz	4	9
chmielewski	4	11
pedro	4	5
guerreiro	4	9
morillon	4	8
contrapartida	4	13
panzeri	4	7
ppc	4	3
consultivos	4	11
construir	4	9
deseadas	4	8
lanzar	4	6
arrecifes	4	9
identificación	4	14
consolidar	4	10
ejemplares	4	10
mechtild	4	8
rothe	4	5
calor	4	5
dependencia	4	11
generada	4	8
trabas	4	6
convertirse	4	11
oferta	4	6
aumentando	4	10
siga	4	4
pocos	4	5
emprendan	4	9
at	4	2
use	4	3
was	4	3
intermedia	4	10
liberalización	4	14
multilateral	4	12
desafío	4	7
resolver	4	8
denominaciones	4	14
preferencial	4	12
habrían	4	7
sientan	4	7
espoleado	4	9
sostenimiento	4	13
disociados	4	10
azotadas	4	8
sometidas	4	9
vab	4	3
equivale	4	8
alcanzan	4	8
domicilios	4	10
perifericidad	4	13
tienden	4	7
acentuarse	4	10
acuciante	4	9
alimentario	4	11
alienta	4	7
suelen	4	6
tendencias	4	10
comercializar	4	13
generador	4	9
promocionar	4	11
reestructurar	4	13
herramienta	4	11
mapa	4	4
acertada	4	8
afines	4	6
proactiva	4	9
transferibles	4	13
arbitren	4	8
kioto	4	5
agropecuarias	4	13
esperan	4	7
ofrecería	4	9
remunerados	4	11
asuman	4	6
valioso	4	7
húmedas	4	7
praderas	4	8
secas	4	5
montaña	4	7
sumidero	4	8
orgánica	4	8
espacial	4	8
implementación	4	14
pasan	4	5
premisa	4	7
microcréditos	4	13
recreativa	4	10
marketing	4	9
turistas	4	8
enlaces	4	7
acometerán	4	10
contribuirán	4	12
parques	4	7
multiplicador	4	13
óptica	4	6
cuantiosas	4	10
conectarse	4	10
estimulen	4	9
animación	4	9
ideas	4	5
aúnen	4	5
ende	4	4
diversificar	4	12
socioeconómico	4	14
debilidad	4	9
flacos	4	6
vertidas	4	8
traducidas	4	10
existirán	4	9
climática	4	9
periurbana	4	10
imbricarla	4	10
temáticas	4	9
debiéndose	4	10
fep	4	3
enmarcadas	4	10
diseñadas	4	9
emanen	4	6
acometerse	4	10
enmarcados	4	10
subyace	4	7
complementará	4	13
singularidad	4	12
tendencia	4	9
etapa	4	5
rapidez	4	7
excepcionales	4	13
katalin	4	7
lévai	4	5
empresarios	4	11
adverso	4	7
vulnerabilidad	4	14
insulares	4	9
aportará	4	8
ap	4	2
lipietz	4	7
padres	4	6
dignidad	4	8
quedar	4	6
solas	4	5
familia	4	7
fomentando	4	10
educativos	4	10
rentas	4	6
cottigny	4	8
símbolo	4	7
fractura	4	8
interactividad	4	14
nocivos	4	7
privacidad	4	10
interoperables	4	14
tci	4	3
verdadera	4	9
remolacha	4	9
azucarera	4	9
biodegradables	4	14
colza	4	5
lucrativo	4	9
anónima	4	7
tuviese	4	7
cartera	4	7
actuase	4	7
precisar	3	8
expiración	3	10
equilibrar	3	10
aportaciones	3	12
desarrollarán	3	13
ofrecerán	3	9
detallados	3	10
adelante	3	8
dote	3	4
mostró	3	6
venido	3	6
problemática	3	12
desarrolló	3	10
divisiones	3	10
eso	3	3
queden	3	6
gábor	3	5
harangozó	3	9
marian	3	6
harkin	3	6
konstantinos	3	12
jim	3	3
higgins	3	7
iturgaiz	3	8
angulo	3	6
tunne	3	5
kelam	3	5
oldřich	3	7
vlasák	3	6
grech	3	5
vial	3	4
recopilar	3	9
conducir	3	8
enunciado	3	9
tripulaciones	3	13
representativa	3	14
controle	3	8
secundaria	3	10
realizarán	3	10
clases	3	6
frecuentes	3	10
conozca	3	7
reconocerán	3	11
publicarán	3	10
interrupciones	3	14
precedentes	3	11
tarjeta	3	7
detecte	3	7
corresponsabilidad	3	18
subcontratistas	3	15
comprobación	3	12
proponerse	3	10
reguladas	3	9
rápidos	3	7
amplios	3	7
simultáneo	3	10
equipado	3	8
dadas	3	5
km	3	2
velocidad	3	9
alquilados	3	10
guerra	3	6
receptores	3	10
alternativamente	3	16
participa	3	9
certificado	3	11
aptitud	3	7
completado	3	10
juicio	3	6
pausa	3	5
tarde	3	5
incrementos	3	11
salariales	3	10
remuneraciones	3	14
trabajen	3	8
largos	3	6
celebrados	3	10
constituya	3	10
vivos	3	5
indiquen	3	8
proporcionadas	3	14
permiso	3	7
armonizada	3	10
temporal	3	8
predisposición	3	14
genética	3	8
estrés	3	6
elaboradas	3	10
mensajes	3	8
ingestas	3	8
poliinsaturadas	3	15
hidratos	3	8
conservar	3	9
oportunamente	3	13
campaña	3	7
sanos	3	5
basarán	3	7
crónicas	3	8
recurrirá	3	9
aconseje	3	8
actualizaciones	3	15
bebidas	3	7
graduación	3	10
determinarse	3	12
restringirán	3	12
ocultar	3	7
notificaciones	3	14
defender	3	8
contemplará	3	11
fundamentación	3	14
publique	3	8
describa	3	8
motive	3	6
legítimos	3	9
respectivamente	3	15
restringido	3	11
cualesquiera	3	12
revisiones	3	10
excluidas	3	9
impide	3	6
regula	3	6
penal	3	5
exclusivo	3	9
tome	3	4
expire	3	6
descontando	3	11
glicerina	3	9
alcoholes	3	9
descontarían	3	12
kcal	3	4
lingüísticos	3	12
fantasioso	3	10
acompañado	3	10
consistentes	3	12
muestran	3	8
supriman	3	8
perjudicar	3	10
considerados	3	12
ingredientes	3	12
dato	3	4
posesión	3	8
susceptibles	3	12
carecen	3	7
añadidos	3	8
exento	3	6
componente	3	10
enriquecido	3	11
reforzado	3	9
incrementado	3	12
georgs	3	6
andrejevs	3	9
frederika	3	9
brepoels	3	8
jillian	3	7
roberto	3	7
musacchio	3	9
frédérique	3	10
ries	3	4
dagmar	3	6
rothbehrendt	3	12
sacconi	3	7
kathy	3	5
sinnott	3	7
sornosa	3	7
åsa	3	3
westlund	3	8
renate	3	6
sommer	3	6
acepta	3	6
dotarse	3	7
firmemente	3	10
facilitación	3	12
udo	3	3
bullmann	3	8
sophia	3	6
veld	3	4
wolf	3	4
klinz	3	5
purvis	3	6
dariusz	3	7
eoin	3	4
ryan	3	4
skinner	3	7
bradbourn	3	9
cramer	3	6
armando	3	7
dionisi	3	7
saïd	3	4
khadraoui	3	9
grosch	3	6
erik	3	4
meijer	3	6
onyszkiewicz	3	12
josu	3	4
ortuondo	3	8
larrea	3	6
reinhard	3	8
rack	3	4
luca	3	4
romagnoli	3	9
ingo	3	4
marta	3	5
vincenzi	3	8
asunción	3	8
puso	3	4
documentadas	3	12
geográfico	3	10
amparo	3	6
aduaneros	3	9
admisión	3	8
beneficiaria	3	12
requieran	3	9
xxxx	3	4
filip	3	5
kaczmarek	3	9
ģirts	3	5
kristovskis	3	11
miguel	3	6
angel	3	5
gay	3	3
mitchell	3	8
pierre	3	6
jürgen	3	6
schröder	3	8
feleknas	3	8
uca	3	3
margrietus	3	10
berg	3	4
gomes	3	5
estrechar	3	9
cooperativas	3	12
dotadas	3	7
ejercen	3	7
policial	3	8
lucrativos	3	10
otorguen	3	8
jurisdicción	3	12
secretaría	3	10
compartidas	3	11
facilite	3	8
encuentre	3	9
tratarse	3	8
desarrolla	3	10
stihler	3	7
kyriacos	3	8
triantaphyllides	3	16
margaret	3	8
generar	3	7
estadounidense	3	14
constituirá	3	11
actúe	3	5
preverá	3	7
šarūnas	3	7
birutis	3	7
castillo	3	8
vera	3	4
gierek	3	6
andrás	3	6
gyürk	3	5
fiona	3	5
hall	3	4
hammerstein	3	11
mintz	3	5
ján	3	3
hudacký	3	7
arlene	3	6
mccarthy	3	8
acreedor	3	8
expedido	3	8
valerse	3	7
reclamados	3	10
presentando	3	11
cualquiera	3	10
desestimación	3	13
expedirá	3	8
pagar	3	5
oponerse	3	8
adjunta	3	7
procesales	3	10
tratarán	3	8
extensión	3	9
sencillo	3	8
intervenir	3	10
obstáculo	3	9
interpretarse	3	13
eficientes	3	10
mihael	3	6
brejc	3	5
oneroso	3	7
plantearse	3	10
constituido	3	11
notable	3	7
instaron	3	8
eua	3	3
eurashe	3	7
esib	3	4
mediación	3	9
bergen	3	6
pidan	3	5
rigurosos	3	9
promuevan	3	9
fomenten	3	8
obras	3	5
umbral	3	6
corregir	3	8
malcolm	3	7
harbour	3	7
andreas	3	7
hedh	3	4
vergnaud	3	8
weiler	3	6
leopold	3	7
rutowicz	3	8
charlotte	3	9
cederschiöld	3	12
guntars	3	7
krasts	3	6
mario	3	5
quedarán	3	8
marítimos	3	9
previsiones	3	11
beneficien	3	10
decida	3	6
potencialmente	3	14
lena	3	4
ek	3	2
essen	3	5
aprovecharse	3	12
altos	3	5
atraer	3	6
redactar	3	8
promedio	3	8
abarcan	3	7
palanca	3	7
supuesta	3	8
comprometido	3	12
retrasos	3	8
previendo	3	9
inscritos	3	9
adyacentes	3	10
gérard	3	6
sonoras	3	7
debidas	3	7
rodillos	3	8
vibratorios	3	11
planchas	3	8
apisonadoras	3	12
topadoras	3	9
cargadoras	3	10
carretillas	3	11
elevadoras	3	10
voladizo	3	8
pavimentadoras	3	14
trituradores	3	12
hormigón	3	8
martillos	3	9
picadores	3	9
cortadoras	3	10
acabado	3	7
recortadoras	3	12
definitivas	3	11
seguirán	3	8
inminente	3	9
anteriormente	3	13
linda	3	5
mcavan	3	6
jonas	3	5
sjöstedt	3	8
designadas	3	10
paneuropeo	3	10
terrestre	3	9
radiobúsqueda	3	13
sentencia	3	9
parlamentarios	3	14
cese	3	4
permitiera	3	10
masip	3	5
hidalgo	3	7
solemne	3	7
conferir	3	8
justificados	3	12
transponer	3	10
debates	3	7
smn	3	3
exigidas	3	8
inicialmente	3	12
comitología	3	11
romero	3	6
suprime	3	7
observación	3	11
lagunas	3	7
llevan	3	6
tendente	3	8
hombre	3	6
desigual	3	8
romaní	3	6
subsanar	3	8
sensibilidades	3	14
descentralicen	3	14
expuesta	3	8
infrarrepresentados	3	19
violencia	3	9
señalados	3	9
asegurará	3	9
causas	3	6
consistirán	3	11
velarán	3	7
1º	3	2
financiando	3	11
contables	3	9
prestados	3	9
comunicar	3	9
oficina	3	7
provisión	3	9
dejen	3	5
privilegio	3	10
estaba	3	6
complejo	3	8
parámetros	3	10
posteriormente	3	14
recoger	3	7
inició	3	6
idea	3	4
conocen	3	7
mediático	3	9
orígenes	3	8
desearía	3	8
evabritt	3	8
svensson	3	8
subvencionadas	3	14
edite	3	5
estrela	3	7
lissy	3	5
gröner	3	6
marieline	3	9
reynaud	3	7
raül	3	4
romeva	3	6
rueda	3	5
amalia	3	6
sartori	3	7
resetarits	3	10
lambrinidis	3	11
geogheganquinn	3	14
oyó	3	3
co	3	2
dublín	3	6
habla	3	5
interministerial	3	16
participó	3	9
decana	3	6
emitido	3	7
verdadero	3	9
mucha	3	5
remediar	3	8
resalta	3	7
debilidades	3	11
relativamente	3	13
estoy	3	5
interpretar	3	11
títulos	3	7
emprendido	3	10
sano	3	4
inequívoca	3	10
arquitectura	3	12
respetado	3	9
debo	3	4
preliminar	3	10
duplicaciones	3	13
solicitarán	3	11
aceptarán	3	9
abstendrán	3	10
ocupé	3	5
llegada	3	7
encargué	3	8
estaban	3	7
dieron	3	6
tenía	3	5
constataciones	3	14
orientar	3	8
llamado	3	7
suyas	3	5
laguna	3	6
actualización	3	13
irregularidad	3	13
casi	3	4
nacido	3	6
overpelt	3	8
ciencias	3	8
doctorado	3	9
council	3	7
federal	3	7
confirme	3	8
observar	3	8
juzgar	3	6
palabras	3	8
alcancen	3	8
resumirse	3	9
explicar	3	8
ponerse	3	7
racionalizar	3	12
demasiado	3	9
examinarse	3	10
sometido	3	8
formé	3	5
seguido	3	7
demuestran	3	10
palma	3	5
catedrático	3	11
baleares	3	8
desempeñó	3	9
decano	3	6
publicado	3	9
incidencia	3	10
normativas	3	10
unidad	3	6
traducido	3	9
modos	3	5
dedica	3	6
quizá	3	5
separación	3	10
recaudación	3	11
regule	3	6
alcanzarlos	3	11
serían	3	6
rigen	3	5
pasa	3	4
sem	3	3
provecho	3	8
centrada	3	8
cursos	3	6
ocupado	3	7
dirigido	3	8
periódicos	3	10
dependiente	3	11
elaboró	3	7
consistiría	3	11
pronunciarse	3	12
comparecencia	3	13
portugal	3	8
participaciones	3	15
development	3	11
tuve	3	4
plusvalía	3	9
convicción	3	10
habían	3	6
producidas	3	10
exhaustivo	3	10
promoviendo	3	11
redefinición	3	12
manifestada	3	11
sindical	3	8
colegiado	3	9
rendiciones	3	11
provincias	3	10
italiano	3	8
infancia	3	8
inglés	3	6
constitutional	3	14
il	3	2
law	3	3
giustizia	3	9
constatación	3	12
producido	3	9
deriva	3	6
contribuiría	3	12
distorsiones	3	12
constructiva	3	12
búsqueda	3	8
sacar	3	5
ejerzan	3	7
sesión	3	6
plenaria	3	8
asignado	3	8
atendido	3	8
englobará	3	9
recopilen	3	9
reciba	3	6
indicando	3	9
percibidas	3	10
provocados	3	10
prepare	3	7
carezca	3	7
interportuaria	3	14
llegó	3	5
marítima	3	8
abstenciones	3	12
informó	3	7
organisation	3	12
armadores	3	9
absolutamente	3	13
objetivamente	3	13
excluidos	3	9
fórmulas	3	8
abstención	3	10
portuaria	3	9
marítimas	3	9
cobertura	3	9
relevantes	3	10
informados	3	10
certificados	3	12
libremente	3	10
ejerza	3	6
fijadas	3	7
indemnización	3	13
emplea	3	6
quedan	3	6
significativas	3	14
presten	3	7
georgios	3	8
informales	3	10
costeras	3	8
podía	3	5
controladores	3	13
camino	3	6
implicaciones	3	13
aclarar	3	7
afectará	3	8
emanuel	3	7
jardim	3	6
fernandes	3	9
forrajes	3	8
desecados	3	9
daul	3	4
neumáticos	3	10
recauchutados	3	13
jeanpierre	3	10
audy	3	4
syed	3	4
kamall	3	6
sturdy	3	6
deslocalizar	3	12
cuantificar	3	11
recordando	3	10
desplazamientos	3	15
estimando	3	9
devolución	3	10
concedidas	3	10
formulada	3	9
evite	3	5
excesiva	3	8
ministerial	3	11
reflejada	3	9
semejante	3	9
disfruten	3	9
beneficiarias	3	13
tomando	3	7
reaccionar	3	10
uem	3	3
viene	3	5
presiones	3	9
cierres	3	7
podemos	3	7
algo	3	4
ad	3	2
hoc	3	3
salarial	3	8
fiscalidad	3	10
primeras	3	8
movimientos	3	11
adelantarse	3	11
vele	3	4
anticiparse	3	11
alejandro	3	9
cercas	3	6
derek	3	5
clark	3	5
cocilovo	3	8
carlo	3	5
fatuzzo	3	7
lehideux	3	8
albino	3	6
peneda	3	6
partida	3	7
johannesburgo	3	13
atmosférica	3	11
causados	3	8
erosión	3	7
insuficientes	3	13
desertización	3	13
acelerada	3	9
arraigo	3	7
q.	3	2
ecológicos	3	10
flegt	3	5
maderera	3	8
venta	3	5
s.	3	2
probar	3	6
calentamiento	3	13
u.	3	2
secundario	3	10
w.	3	2
sólida	3	6
plantean	3	8
químicas	3	8
apenas	3	6
permitiría	3	10
prevean	3	7
sequía	3	6
flujo	3	5
ilegales	3	8
apoyando	3	8
bosquemaderapapel	3	17
expone	3	6
etapas	3	6
históricos	3	10
fijó	3	4
reorientación	3	13
adopta	3	6
consistir	3	9
asumidos	3	8
abandonar	3	9
matthias	3	8
groote	3	6
laperrouze	3	10
baco	3	4
thijs	3	5
berman	3	6
michl	3	5
ebner	3	5
fruteau	3	7
esther	3	6
herranz	3	7
stéphane	3	8
foll	3	4
mairead	3	7
isabel	3	6
salinas	3	7
agnes	3	5
schierhuber	3	11
piotr	3	5
mantenga	3	8
potencia	3	8
alfred	3	6
gomolka	3	7
struan	3	6
stevenson	3	9
selectividad	3	12
capturar	3	8
desove	3	6
encaminados	3	11
crítico	3	7
especificidad	3	13
precario	3	8
reto	3	4
coral	3	5
ricos	3	5
sensibles	3	9
constituirán	3	12
trabajando	3	10
descarte	3	8
formalmente	3	11
maximizar	3	9
centra	3	6
beneficiar	3	10
añadirse	3	8
fijan	3	5
anzuelos	3	8
respetan	3	8
consistente	3	11
urbana	3	6
discontinuidades	3	16
stop	3	4
go	3	2
gocen	3	5
fomentarán	3	10
etiquetas	3	9
estable	3	7
madurez	3	7
concentra	3	9
corresponden	3	12
convencido	3	10
baratas	3	7
primary	3	7
consumption	3	11
res	3	3
sources	3	7
reach	3	5
an	3	2
shows	3	5
heating	3	7
than	3	4
electricity	3	11
with	3	4
are	3	3
has	3	3
germany	3	7
installed	3	9
from	3	4
vincenzo	3	8
lavarra	3	7
trautmann	3	9
revolución	3	10
asia	3	4
volver	3	6
enormes	3	7
biotecnología	3	13
legislar	3	8
elevadas	3	8
prioritaria	3	11
educativo	3	9
integrados	3	10
contribuyendo	3	13
pesar	3	5
emergente	3	9
lasse	3	5
lehtinen	3	8
matsouka	3	8
obligada	3	8
pib	3	3
facilidades	3	11
laboratorios	3	12
estrictas	3	9
productivas	3	11
modernizar	3	10
impongan	3	8
perdurable	3	10
pueblos	3	7
guarderías	3	10
apoyándose	3	10
ofrecidas	3	9
localización	3	12
destinarse	3	10
inherente	3	9
propagación	3	11
verdaderos	3	10
contradicciones	3	15
life+	3	5
brinda	3	6
síntesis	3	8
vínculos	3	8
trazabilidad	3	12
almacenamiento	3	14
valorizar	3	9
receptor	3	8
redactado	3	9
decimonovena	3	12
0449b	3	5
roselyne	3	8
bachelotnarquin	3	15
atómica	3	7
visible	3	7
movilización	3	12
coordinen	3	9
autoprotección	3	14
pedía	3	5
adversos	3	8
proporcione	3	11
ficha	3	5
darse	3	5
sirvan	3	6
reformar	3	8
prestaciones	3	12
bastante	3	8
registrado	3	10
fijando	3	7
corren	3	6
prevengan	3	9
registran	3	9
indispensables	3	14
geográficamente	3	15
transmitan	3	10
femenino	3	8
erradicar	3	9
expuestos	3	9
gozar	3	5
respectiva	3	10
dinamarca	3	9
precaria	3	8
escolar	3	7
elevados	3	8
varían	3	6
críticos	3	8
peor	3	4
carreras	3	8
emine	3	5
bozkurt	3	7
evoluciones	3	11
constatan	3	9
fusiones	3	8
formaciones	3	11
optado	3	6
permanentemente	3	15
oponen	3	6
regulador	3	9
reguladores	3	11
interferencias	3	14
innovadora	3	10
morales	3	7
imparcial	3	9
consolidada	3	11
alfabetización	3	14
creatividad	3	11
perjudicadas	3	12
prometedoras	3	12
clima	3	5
automóviles	3	11
gasóleo	3	7
subproductos	3	12
disociación	3	11
viables	3	7
determinen	3	10
elegible	3	8
económicamente	3	14
fertilizantes	3	13
fitosanitarios	3	14
biomateriales	3	13
introdujo	3	9
patata	3	6
biodiésel	3	9
jo	3	2
leinen	3	6
afiliación	3	10
cuentan	3	7
distribuido	3	11
rúbricas	3	8
sensiblemente	3	13
perito	3	6
aparecido	3	9
sujetas	3	7
contravalores	3	13
solvencia	3	9
esko	2	4
seppänen	2	8
gasoductos	2	10
nominado	2	8
publicadas	2	10
evitarán	2	8
cruzadas	2	8
obstaculizarán	2	14
penalizaciones	2	14
easee	2	5
‑gas	2	4
nominaciones	2	12
armonizarán	2	11
confirmación	2	12
fije	2	4
atienden	2	8
demográficos	2	12
habido	2	6
prácticos	2	9
originariamente	2	15
suecia	2	6
cuadrados	2	9
felicita	2	8
entraron	2	8
cambiarla	2	9
gerardo	2	7
galeote	2	7
quecedo	2	7
bairbre	2	7
brún	2	4
sérgio	2	6
nicholson	2	9
puestas	2	7
estándar	2	8
designar	2	8
consagrado	2	10
matriculación	2	13
suiza	2	5
signatarios	2	11
encargará	2	9
cometidos	2	9
recabadas	2	9
tacógrafos	2	10
controladas	2	11
autopista	2	9
guardarán	2	9
recopilados	2	11
implantar	2	9
rotación	2	8
aleatorio	2	9
sospechas	2	9
exija	2	5
introducirán	2	12
debatirá	2	8
sancionar	2	9
faltas	2	6
inobservancia	2	13
analizarán	2	10
bienal	2	6
deliberaciones	2	14
hallarse	2	8
almacenados	2	11
memoria	2	7
expedidores	2	11
transitarios	2	12
hubieran	2	8
inductores	2	10
cómplices	2	9
firmantes	2	9
adaptarlo	2	9
empiece	2	7
transitorio	2	11
efectivos	2	9
uniformes	2	9
verificados	2	11
disfrutado	2	10
reducidos	2	9
observancia	2	11
documentar	2	10
controlarse	2	11
pasadas	2	7
extender	2	8
armadas	2	7
bomberos	2	8
encomendada	2	11
salvamento	2	10
granjas	2	7
alcantarillado	2	14
emisores	2	8
necesite	2	8
represente	2	10
circo	2	5
conduzca	2	8
conducirlo	2	10
ininterrumpidas	2	15
domiciliado	2	11
activamente	2	11
sobrepase	2	9
acredite	2	8
bloque	2	6
tomados	2	7
estacionado	2	11
remunerarán	2	11
distancias	2	10
recorridas	2	10
transportadas	2	13
cometidas	2	9
cortos	2	6
entrega	2	7
envíos	2	6
viceversa	2	9
instalado	2	9
recurrido	2	9
disuasorias	2	11
sanción	2	7
existido	2	8
inmovilización	2	14
subsanado	2	9
obligar	2	7
tarjetas	2	8
recomendables	2	13
actualizarse	2	12
comparativas	2	12
usen	2	4
costumbres	2	10
culturas	2	8
menoscabar	2	10
hábitos	2	7
granel	2	6
frutas	2	6
hortalizas	2	10
pictórica	2	9
gráfica	2	7
simbólica	2	9
posea	2	5
atento	2	6
mental	2	6
falsa	2	5
engañosa	2	8
comprender	2	10
consistirá	2	10
obligue	2	7
indicarla	2	9
formulado	2	9
objeción	2	8
destacado	2	9
postal	2	6
preferentemente	2	15
figure	2	6
expedientes	2	11
fabricantes	2	11
instarse	2	8
oído	2	4
condicionado	2	12
dispondrá	2	9
fijarán	2	7
concedió	2	8
tomó	2	4
demostrarse	2	11
verificar	2	9
corresponder	2	12
generado	2	8
quede	2	5
fundamentaciones	2	16
advertencia	2	11
efectuará	2	9
mantendrá	2	9
concedido	2	9
designados	2	10
considerarán	2	12
serios	2	6
comunicará	2	10
publicitarias	2	13
deportistas	2	11
diarias	2	7
engañosas	2	9
aprueban	2	8
untar	2	5
examinara	2	9
acompañados	2	11
virtudes	2	8
combinada	2	9
polvos	2	6
unitarias	2	9
proporcionales	2	14
historial	2	9
pretenda	2	8
rechace	2	7
modifiquen	2	10
representar	2	11
alteración	2	10
idioma	2	6
confidencialidad	2	16
cuantificación	2	14
considerada	2	11
divulgar	2	8
recibidos	2	9
retire	2	6
respetarán	2	10
expirar	2	7
contradicción	2	13
caducidad	2	9
semidesnatada	2	13
seca	2	4
provengan	2	9
ácido	2	5
alfalinolénico	2	14
ppm	2	3
microgramos	2	11
exentos	2	7
adición	2	7
macronutriente	2	14
micronutrientes	2	15
avril	2	5
doyle	2	5
foglietta	2	9
gyula	2	5
hegyi	2	5
jackson	2	7
holger	2	6
krahmer	2	7
berlinguer	2	10
moneda	2	6
cubren	2	6
distinguir	2	10
propuse	2	7
ieke	2	4
burg	2	4
christian	2	9
ehler	2	5
goebbels	2	8
joachim	2	7
rosati	2	6
sahra	2	5
wagenknecht	2	11
mia	2	3
vits	2	4
antonis	2	7
samaras	2	7
ibrisagic	2	9
pascual	2	7
jaromír	2	7
kohlíček	2	8
jörg	2	4
leichtfried	2	11
liberadzki	2	10
evelin	2	6
luís	2	4
queiró	2	6
gilles	2	6
savary	2	6
dirk	2	4
sterckx	2	7
ulrich	2	6
stockmann	2	9
gary	2	4
titley	2	6
vincular	2	8
desvincular	2	11
preferencia	2	11
a5	2	2
boletín	2	7
contratados	2	11
adjudicar	2	9
colectiva	2	9
abolición	2	9
temático	2	8
cubrirá	2	7
entero	2	6
prestada	2	8
automática	2	10
consultados	2	11
ejecutada	2	9
garantizándose	2	14
cofinanciada	2	12
canalizada	2	10
probadas	2	8
añade	2	5
hélène	2	6
goudin	2	6
crearán	2	7
especificar	2	11
ajustará	2	8
cooperativa	2	11
militar	2	7
reconciliación	2	14
paz	2	3
entenderse	2	10
especificará	2	12
designen	2	8
concesiones	2	11
recogerán	2	9
ubicación	2	9
instituye	2	9
cita	2	4
prestará	2	8
formado	2	7
instauración	2	12
bilaterales	2	11
multilaterales	2	14
quisiera	2	8
asignarse	2	9
configuran	2	10
crean	2	5
consideran	2	10
ejercerá	2	8
delegadas	2	9
deja	2	4
discreción	2	10
suprima	2	7
gps	2	3
glonass	2	7
ruso	2	4
financiaciones	2	14
previsible	2	10
supeditar	2	9
establecerse	2	12
confíe	2	6
terrenal	2	8
indicativa	2	10
supera	2	6
perfectamente	2	13
colectividad	2	12
ostentando	2	10
nils	2	4
lundgren	2	8
pirilli	2	7
neena	2	5
gill	2	4
acudir	2	6
expedirse	2	9
residencia	2	10
dinerarias	2	10
dirija	2	6
fundamente	2	10
aducirse	2	8
justifiquen	2	11
avanzada	2	8
rectificar	2	10
enumerada	2	9
desestimará	2	11
notificará	2	10
obstará	2	7
incoe	2	5
presentara	2	10
firmados	2	8
originario	2	10
reconocerá	2	10
ejecutará	2	9
regirán	2	7
expidiera	2	9
puramente	2	9
sustantiva	2	10
procesal	2	8
impugnados	2	10
formal	2	6
ejecutable	2	10
muestren	2	8
ejercitar	2	9
órdenes	2	7
adquieran	2	9
contradictorio	2	14
resistencia	2	11
encargó	2	7
publicó	2	7
respaldar	2	9
viktória	2	8
mohácsi	2	7
edith	2	5
mastenbroek	2	11
merecedora	2	10
continentes	2	11
exhortó	2	7
basaran	2	7
cuenten	2	7
procesarse	2	10
sistemáticamente	2	16
berlín	2	6
homólogas	2	9
informarles	2	11
bolonia	2	7
favorablemente	2	14
especializado	2	13
ánimo	2	5
lucro	2	5
colectivo	2	9
protejan	2	8
externas	2	8
sistemática	2	11
insten	2	6
representativas	2	15
titulación	2	10
conjunta	2	8
acepten	2	7
profesiones	2	11
universitarias	2	14
profesores	2	10
investigadores	2	14
urge	2	4
stefano	2	7
zappalà	2	7
małgorzata	2	10
handzlik	2	8
schwab	2	6
thyssen	2	7
jacques	2	7
toubon	2	6
evelyne	2	7
gebhardt	2	8
henrik	2	6
janelly	2	7
fourtou	2	7
anneli	2	6
jäätteenmäki	2	12
jonckheer	2	9
rivera	2	6
mauro	2	5
consiguientes	2	13
distinga	2	8
públicoprivada	2	14
esforzándose	2	12
cruzan	2	6
une	2	3
inicien	2	7
variará	2	7
comprometidos	2	13
inspecciones	2	12
participará	2	11
designarán	2	10
cooperaciones	2	13
bonificaciones	2	14
movilizados	2	11
acumulables	2	11
busquin	2	7
recibieron	2	10
columna	2	7
vertebral	2	9
recogen	2	7
miert	2	5
lentos	2	6
lógica	2	6
coincide	2	8
repercutir	2	10
inadecuado	2	10
abonar	2	6
bilateral	2	9
periféricas	2	11
calculó	2	7
destacan	2	8
atraviesan	2	10
avance	2	6
autoriza	2	8
declarados	2	10
simplificarse	2	13
limitados	2	9
fluvial	2	7
forme	2	5
segmentos	2	9
dührkop	2	7
ferber	2	6
ingeborg	2	8
guyquint	2	8
jensen	2	6
lewandowski	2	11
onesta	2	6
indicativas	2	11
3kw	2	3
accionadas	2	10
guía	2	4
compactación	2	12
grúas	2	5
exigido	2	7
nuevamente	2	10
coinciden	2	9
finalizar	2	9
tramitación	2	11
aplicó	2	6
señalarse	2	9
distorsión	2	10
irena	2	5
belohorská	2	10
evangelia	2	9
tzampazi	2	8
pál	2	3
sentencias	2	10
jeancharles	2	11
marchiani	2	9
inmunidad	2	9
pretender	2	9
casación	2	8
gozan	2	5
surtir	2	6
desprende	2	9
jurisprudencia	2	14
compete	2	7
revisarán	2	9
sustituirán	2	11
prenegociación	2	14
postnegociación	2	15
halla	2	5
derogada	2	8
dieciocho	2	9
impondrá	2	8
dejado	2	6
acelerarse	2	10
complejidad	2	11
consenso	2	8
posponer	2	8
transpuesto	2	11
coincida	2	8
vacío	2	5
bersani	2	7
gunnar	2	6
hökmark	2	7
christoph	2	9
konrad	2	6
cristóbal	2	9
montoro	2	7
muscat	2	6
riisjørgensen	2	13
katerina	2	8
batzeli	2	7
relevar	2	7
concernientes	2	13
válido	2	6
sucesivos	2	9
aplicaría	2	9
preferible	2	10
aema	2	4
ecdc	2	4
emea	2	4
atribuyendo	2	11
excesivamente	2	13
pondrían	2	8
suerte	2	6
ponga	2	5
asignar	2	7
llevarla	2	8
procediese	2	10
aviación	2	8
comisarios	2	10
viendo	2	6
confrontados	2	12
organizada	2	10
romaníes	2	8
balcanes	2	8
occidentales	2	12
adherentes	2	10
inmigración	2	11
estereotipos	2	12
prejuicios	2	10
experimentan	2	12
delegará	2	8
consolidados	2	12
dirigirán	2	9
concederán	2	10
seleccionados	2	13
logotipo	2	8
lemas	2	5
seleccionadas	2	13
incoar	2	6
perdidos	2	8
sospechosos	2	11
funcione	2	8
competiciones	2	13
premios	2	7
encuestas	2	9
moraes	2	6
ámsterdam	2	9
vinculado	2	9
cualificada	2	11
dotado	2	6
acompañadas	2	11
consagrada	2	10
nació	2	5
aportadas	2	9
representados	2	13
acontecimiento	2	14
instar	2	6
concentrarse	2	12
étnicos	2	7
llamar	2	6
descentralizada	2	15
acercar	2	7
pasando	2	7
fenómenos	2	9
conexos	2	7
subraye	2	7
enfrenta	2	8
géneros	2	7
infrarrepresentadas	2	19
ampliamente	2	11
hiltrud	2	7
breyer	2	6
lívia	2	5
járóka	2	6
coelho	2	6
agustín	2	7
díaz	2	4
mera	2	4
consuegra	2	9
gaubert	2	7
adeline	2	7
hazan	2	5
wolfgang	2	8
kreissldörfler	2	14
inger	2	5
segelström	2	10
tatjana	2	7
ždanoka	2	7
genowefa	2	8
grabowska	2	9
sylviayvonne	2	12
kaufmann	2	8
bill	2	4
newton	2	6
dunn	2	4
dáil	2	4
secretaria	2	10
gaeltacht	2	9
presidenta	2	10
presidió	2	8
encargándose	2	12
times	2	5
estuvo	2	6
satisfecha	2	10
limpio	2	6
exponer	2	7
perfecta	2	8
conocida	2	8
satisfactoria	2	13
aquella	2	7
emprender	2	9
verificación	2	12
persistencia	2	12
buenos	2	6
discutir	2	8
luego	2	5
aceptable	2	9
hemos	2	5
contribuyentes	2	14
preparado	2	9
informa	2	7
perceptiblemente	2	16
explicaciones	2	13
debaten	2	7
preliminares	2	12
encontrados	2	11
visitantes	2	10
comienzo	2	8
capítulos	2	9
consolidarse	2	12
deseado	2	7
amistoso	2	8
saben	2	5
funcionario	2	11
declara	2	7
reservarse	2	10
completamente	2	13
convencida	2	10
suscita	2	7
ampliando	2	9
intercambiar	2	12
dijo	2	4
respectivas	2	11
conjuntas	2	9
manteniendo	2	11
intenta	2	7
inoportuno	2	10
introduciendo	2	13
evoluciona	2	10
desempeñaré	2	11
asumí	2	5
honrado	2	7
estricto	2	8
departamento	2	12
forraje	2	7
seco	2	4
apoyos	2	6
puntualidad	2	11
memorandos	2	10
llegué	2	6
facilitara	2	10
asegurarme	2	10
constantemente	2	14
hizo	2	4
recordar	2	8
optimización	2	12
enfocar	2	7
sospecha	2	8
división	2	8
ulterior	2	8
informadas	2	10
denuncias	2	9
tangibles	2	9
acusaciones	2	11
planteados	2	10
serio	2	5
continuo	2	8
facilitado	2	10
tendría	2	7
casado	2	6
neerpelt	2	8
licenciatura	2	12
especialización	2	15
cambridge	2	9
japón	2	5
viaje	2	5
alcalde	2	7
viceprimer	2	10
mediana	2	7
group	2	5
velarse	2	7
atractivos	2	10
nuestra	2	7
aspirar	2	7
llegue	2	6
deseados	2	8
realistas	2	9
estaré	2	6
planificar	2	10
conozco	2	7
complicado	2	10
exceso	2	6
burocráticos	2	12
flexibilización	2	15
controlan	2	9
difíciles	2	9
calcular	2	8
ampliaciones	2	12
cambiantes	2	10
observó	2	7
profundizar	2	11
competen	2	8
profesionalidad	2	15
imparcialidad	2	13
objetividad	2	11
deontología	2	11
trabajé	2	7
década	2	6
mediados	2	8
mala	2	4
complutense	2	11
dedicada	2	8
profesor	2	8
corporaciones	2	13
alemán	2	6
tributarias	2	11
suficiencia	2	11
haciendas	2	9
autonómica	2	10
clásicos	2	8
international	2	13
parlamentarias	2	14
senado	2	6
incorporado	2	11
intergubernamental	2	18
yo	2	2
intervienen	2	11
formulando	2	10
2º	2	2
presupuestación	2	15
decisivamente	2	13
venga	2	5
ocurrir	2	7
contrario	2	9
contribuyente	2	13
característica	2	14
suponga	2	7
simultánea	2	10
minimizando	2	11
atenciones	2	10
auditoria	2	9
vinculada	2	9
honor	2	5
producirá	2	9
supondrán	2	9
agilidad	2	8
desproporcionado	2	16
contestar	2	9
posteriori	2	10
discusión	2	9
influido	2	8
dedicación	2	10
complementado	2	13
afiliado	2	8
interesante	2	11
académica	2	9
-en	2	3
incorporación	2	13
desempeñé	2	9
licenciado	2	10
clásica	2	7
inspector	2	9
subinspector	2	12
área	2	4
indepd	2	6
sa	2	2
joint	2	5
committee	2	9
europol	2	7
consultor	2	9
sigma	2	5
support	2	7
improvement	2	11
governance	2	10
management	2	10
eastern	2	7
ministerios	2	11
portuguesa	2	10
cocolaf	2	7
bancarias	2	9
ceca	2	4
single	2	6
coordination	2	12
evaluation	2	10
assurance	2	9
exhaustivamente	2	15
wynn	2	4
riguroso	2	8
profundización	2	14
identificados	2	13
generando	2	9
detectados	2	10
evolucionar	2	11
efectivas	2	9
flujos	2	6
pormenorizadamente	2	18
pudiendo	2	8
consideradas	2	12
auténtico	2	9
clarificarse	2	12
constitutivos	2	13
sistemáticas	2	12
voluntario	2	10
plasma	2	6
isc	2	3
circunstancia	2	13
funcionan	2	9
confiere	2	8
abren	2	5
desarrollos	2	11
abogado	2	7
luiss	2	5
escuela	2	7
unicef	2	6
droga	2	5
congresos	2	9
colombia	2	8
tra	2	3
fasc	2	4
globalizzazione	2	15
napoli	2	6
controllo	2	9
defence	2	7
corruption	2	10
public	2	6
delle	2	5
libertà	2	7
giudice	2	7
costituzionale	2	14
incompleta	2	10
citando	2	7
consideraría	2	12
credibilidad	2	12
conciliar	2	9
darles	2	6
democráticos	2	12
carencias	2	9
formarse	2	8
sucede	2	6
propiamente	2	11
derivan	2	7
únicos	2	6
eijariitta	2	10
korhola	2	7
paralelo	2	8
definirse	2	9
restrictiva	2	11
encontrarse	2	11
susceptible	2	11
denegar	2	7
provocada	2	9
colaborarán	2	11
ayudarán	2	8
posean	2	6
tempranas	2	9
ve	2	2
revise	2	6
obtenerse	2	9
informarse	2	10
prepararse	2	10
tomándose	2	9
tardía	2	6
fechas	2	6
omisión	2	7
expondrán	2	9
escrita	2	7
diligencia	2	10
necesitará	2	10
impiden	2	7
interponer	2	10
adaptarán	2	9
surtirán	2	8
denominó	2	8
lecturas	2	8
ajustada	2	8
rechazó	2	7
idéntica	2	8
planteadas	2	10
ports	2	5
espo	2	4
unánime	2	7
valoración	2	10
mantenidas	2	10
contenidas	2	10
comentario	2	10
compartir	2	9
accedido	2	8
adquiriente	2	11
beneficie	2	9
contrarias	2	10
portuarias	2	10
rutas	2	5
imponga	2	7
discriminatorios	2	16
antemano	2	8
emplear	2	7
asegurarán	2	10
intangibles	2	11
intervalo	2	9
prestado	2	8
sufragar	2	8
analogía	2	8
limita	2	6
expiren	2	7
buque	2	5
contratar	2	9
equitativas	2	11
recomiende	2	10
arūnas	2	6
degutis	2	7
henry	2	5
nattrass	2	8
actualizar	2	10
concluyó	2	8
aprobando	2	9
celebró	2	7
constitutiva	2	12
lienemann	2	9
diálogos	2	8
sanitarios	2	10
símbolos	2	8
epidemiológicos	2	15
copresidentes	2	13
revisen	2	7
lingüístico	2	11
alcanzaron	2	10
introducidas	2	12
distinto	2	8
titulares	2	9
guy	2	3
bono	2	4
c6	2	2
concertación	2	12
jeanlouis	2	9
bourlanges	2	10
béla	2	4
glattfelder	2	11
jacky	2	5
henin	2	5
sajjad	2	6
karim	2	5
moreno	2	6
papastamkos	2	11
godelieve	2	9
quisthoudtrowohl	2	16
rogalski	2	8
tokia	2	5
saïfi	2	5
johan	2	5
hecke	2	5
traspasos	2	9
abandonada	2	10
pocas	2	5
intercambios	2	12
destino	2	7
localidad	2	9
prioritariamente	2	16
confección	2	10
calzado	2	7
cables	2	6
siderúrgica	2	11
mecánica	2	8
aeronáutica	2	11
equipamiento	2	12
logísticos	2	10
exigiendo	2	9
impropia	2	8
provocan	2	8
procedido	2	9
inversas	2	8
desplazamiento	2	14
dedique	2	7
transfieran	2	11
disparidad	2	10
convenciones	2	12
prioritarias	2	12
refrendada	2	10
vuelva	2	6
ocupe	2	5
compradores	2	11
abarcar	2	7
pertenecen	2	10
pos	2	3
generadoras	2	11
supeditarse	2	11
salvaguarden	2	12
hacernos	2	8
intensificación	2	15
suscitan	2	8
traducen	2	8
subsidios	2	9
legítimo	2	8
preguntarse	2	11
ubicadas	2	8
disponemos	2	10
sillard	2	7
deslocalizaron	2	14
autores	2	7
china	2	5
favoreciendo	2	12
ocurre	2	6
salario	2	7
carencia	2	8
regular	2	7
expuesto	2	8
comités	2	7
reembolsar	2	10
recibidas	2	9
relanzar	2	8
cuantitativa	2	12
ocupar	2	6
hanna	2	5
foltynkubicka	2	13
yiannakis	2	9
matsis	2	6
plurifuncional	2	14
combina	2	7
protectoras	2	11
afecten	2	7
intactos	2	8
río	2	3
biológicas	2	10
traduce	2	7
hidrológico	2	11
protegiéndolos	2	14
resultando	2	10
coordine	2	8
combatirlos	2	11
difieren	2	8
abandono	2	8
fuego	2	5
subrayando	2	10
life	2	4
tala	2	4
árboles	2	7
produce	2	7
incertidumbre	2	13
penas	2	5
comercien	2	9
importada	2	9
llega	2	5
transformados	2	13
aduanero	2	8
preferenciales	2	14
extractivos	2	11
tierra	2	6
regeneración	2	12
ocm	2	3
agroforestales	2	14
x.	2	2
y.	2	2
concretización	2	14
adquiera	2	8
persigue	2	8
z.	2	2
logra	2	5
habilitar	2	9
fabricación	2	11
cumbres	2	7
cmpbe	2	5
sexta	2	5
aplicada	2	8
tempestades	2	11
insectos	2	8
incrementan	2	11
residual	2	8
dé	2	2
estudien	2	8
madereros	2	9
elevación	2	9
corcho	2	6
caza	2	4
diferenciación	2	14
desertificación	2	15
ofrecido	2	8
decisivos	2	9
plataforma	2	10
certeza	2	7
ambiciosos	2	10
concebidas	2	10
variedad	2	8
discurso	2	8
distinguía	2	10
citar	2	5
normalización	2	13
memorándum	2	10
historia	2	8
consustancial	2	13
usa	2	3
concreción	2	10
conscientes	2	11
fragmentación	2	13
previas	2	7
explotada	2	9
carbón	2	6
frecuentemente	2	14
lamenta	2	7
desarrolle	2	10
conflictos	2	10
cristina	2	8
gutiérrezcortines	2	17
jørgensen	2	9
péter	2	5
olajos	2	6
castiglione	2	11
gintaras	2	8
didžiokas	2	9
bogdan	2	6
golik	2	5
witold	2	6
tomczak	2	7
wiesław	2	7
stefan	2	6
kuc	2	3
véronique	2	9
percibe	2	7
protegidas	2	10
apoyan	2	6
eglefino	2	8
alarma	2	6
biológicos	2	10
planos	2	6
socioeconómica	2	14
escocia	2	7
cerró	2	5
aceptado	2	8
celebre	2	7
conferirá	2	9
inicio	2	6
costebeneficio	2	14
conserveras	2	11
battilocchio	2	12
mariearlette	2	12
carlotti	2	8
thierry	2	7
cornillet	2	9
nirj	2	4
deva	2	4
fernando	2	8
fernández	2	9
martín	2	6
compensar	2	9
vertidos	2	8
ecológicamente	2	14
daño	2	4
equilibradas	2	12
vuelto	2	6
biológico	2	9
invita	2	6
fao	2	3
tiende	2	6
provoca	2	7
borde	2	5
agotamiento	2	11
plurianuales	2	12
reproducción	2	12
fría	2	4
altamente	2	9
flora	2	5
promueve	2	8
distribución	2	12
derivarán	2	9
sobreexplotación	2	16
mantengan	2	9
viable	2	6
arrastre	2	8
causar	2	6
perjudiciales	2	13
talla	2	5
pesquería	2	9
dispositivos	2	12
fuerza	2	6
salir	2	5
tac	2	3
examinando	2	10
realista	2	8
explotarse	2	10
favorables	2	10
excusa	2	6
convierta	2	9
potenciarse	2	11
masivas	2	7
ambicioso	2	9
heliotérmica	2	12
pasiva	2	6
creará	2	6
irá	2	3
evitación	2	9
competitivos	2	12
edificación	2	11
rehabilitación	2	14
dedicados	2	9
conozcan	2	8
sirven	2	6
amplíe	2	6
logre	2	5
bastan	2	6
nocivas	2	7
estimado	2	8
análoga	2	7
emprendidos	2	11
calcula	2	7
pronto	2	6
garantiza	2	9
emprendiera	2	11
by	2	2
investment	2	10
new	2	3
policies	2	8
have	2	4
is	2	2
erec	2	4
diagram	2	7
strong	2	6
imbalance	2	9
cooling	2	7
as	2	2
capacity	2	8
th	2	2
more	2	4
fuels	2	5
or	2	2
average	2	7
only	2	4
cyprus	2	6
end	2	3
collectors	2	10
eu15	2	4
square	2	6
metres	2	6
increase	2	8
led	2	3
example	2	7
share	2	5
geothermal	2	10
included	2	8
directive	2	9
ec	2	2
promotion	2	9
correspond	2	10
roughly	2	7
eu’s	2	4
can	2	3
come	2	4
heat	2	4
that	2	4
policy	2	6
señor	2	5
itre	2	4
estuvieron	2	10
saluda	2	6
atentamente	2	11
facilita	2	8
confirmado	2	10
mediaalta	2	9
llamamiento	2	11
universales	2	11
aumentado	2	9
destacaron	2	10
informal	2	8
hampton	2	7
court	2	5
inquietud	2	9
propicio	2	8
logrados	2	8
excelencia	2	10
protegerse	2	10
patentes	2	8
informen	2	8
ratificado	2	10
comparta	2	8
acompañarán	2	11
usuaria	2	7
adapta	2	6
intensiva	2	9
articulará	2	10
diferenciadas	2	13
aislamiento	2	11
reducidas	2	9
duras	2	5
climáticas	2	10
km2	2	3
sec	2	3
triplica	2	8
reactivación	2	12
reafirmó	2	8
extenso	2	7
renovado	2	8
aconseja	2	8
focalizar	2	9
motores	2	7
preeminencia	2	12
beneficiosas	2	12
diversificando	2	14
ayudando	2	8
hacerlas	2	8
agroalimentarias	2	16
notablemente	2	12
introdujeran	2	12
incorporen	2	10
comprar	2	7
benéfica	2	8
ancestrales	2	11
poderse	2	7
localmente	2	10
perdurabilidad	2	14
enfrentado	2	10
restrinjan	2	10
combinarse	2	10
combinándolo	2	12
compra	2	6
enseñar	2	7
cartas	2	6
formando	2	8
medioambientalmente	2	19
deporte	2	7
tradiciones	2	11
dispense	2	8
abre	2	4
silvicultores	2	13
realzar	2	7
montañoso	2	9
maximice	2	8
recurrirse	2	10
planearse	2	9
tempranamente	2	13
coordinarse	2	11
solicitados	2	11
ascendente	2	10
centre	2	6
tratan	2	6
acordar	2	7
orienten	2	8
siquiera	2	8
superposición	2	13
implicados	2	10
primarios	2	9
aclaraciones	2	12
remunerado	2	10
alejadas	2	8
agrandar	2	8
demandan	2	8
oralmente	2	9
devolviendo	2	11
contado	2	7
hubiere	2	7
negado	2	6
rectificarse	2	12
notificada	2	10
trasladada	2	10
residan	2	7
certificada	2	11
audiencia	2	9
constatado	2	10
multilingüe	2	11
comprende	2	9
marcin	2	6
libicki	2	7
nuno	2	4
alvaro	2	6
vibraciones	2	11
campos	2	6
electromagnéticos	2	17
separado	2	8
tratando	2	8
estrasburgo	2	11
negociar	2	8
limitando	2	9
acordaron	2	9
trabajador	2	10
médico	2	6
presidentea	2	11
someta	2	6
reajustados	2	11
consideren	2	10
mencionen	2	9
seriamente	2	10
geografía	2	9
dificultar	2	10
facilitarles	2	12
afrontan	2	8
septies	2	7
precaución	2	10
octies	2	6
aumentaría	2	10
inventario	2	10
paquetes	2	8
catalogación	2	12
peligroso	2	9
modus	2	5
operandi	2	8
emprendida	2	10
peritajes	2	9
contingencia	2	12
supuestos	2	9
talleres	2	8
canales	2	7
mejore	2	6
preparatorias	2	13
argus	2	5
epcip	2	5
sumas	2	5
pagadas	2	7
cuantitativos	2	13
comprometerá	2	12
accidentes	2	10
basar	2	5
inmediata	2	9
solos	2	5
cuidadoso	2	9
prestando	2	9
intensifiquen	2	13
centren	2	7
anders	2	6
santa	2	5
feira	2	5
duraderas	2	9
demográfico	2	11
envejeciendo	2	12
propongan	2	9
desempleados	2	12
subsanación	2	11
cualidades	2	10
destinar	2	8
nacimientos	2	11
matrimonio	2	10
facilitando	2	11
inactivos	2	9
amenazado	2	9
remuneración	2	12
mundialización	2	14
patrones	2	8
limiten	2	7
reinserción	2	11
incrementarse	2	13
primavera	2	9
madres	2	6
íntimamente	2	11
continúen	2	9
etnia	2	5
fracaso	2	7
llamados	2	8
atajar	2	6
reflexiones	2	11
pautas	2	6
nadie	2	5
trabaja	2	7
mencionar	2	9
bálticos	2	8
obsoletas	2	9
prácticamente	2	13
pnb	2	3
problemáticos	2	13
cualificado	2	11
pagados	2	7
amenazadas	2	10
serias	2	6
observan	2	8
cabrnoch	2	8
harlem	2	6
désir	2	5
roger	2	5
helmer	2	6
mikko	2	5
gestionarlas	2	12
variar	2	6
impuestas	2	9
intersectorial	2	14
externalización	2	15
asuma	2	5
imposibilidad	2	13
aprovechan	2	10
balances	2	8
falsificaciones	2	15
sinónimo	2	8
salvar	2	6
comparte	2	8
demasiada	2	9
olvidados	2	9
positivamente	2	13
invierte	2	8
intrasectoriales	2	16
valorice	2	8
despedidos	2	10
ocultos	2	7
despido	2	7
establecimientos	2	16
encuentren	2	10
evalúe	2	6
jeanluc	2	7
menciones	2	9
comercializado	2	14
legítimamente	2	13
justificada	2	11
cumplidas	2	9
abreviatura	2	11
etg	2	3
prevalece	2	9
transformado	2	12
maat	2	4
rspg	2	4
convergentes	2	12
invenciones	2	11
previó	2	6
migración	2	9
analógico	2	9
favorece	2	8
proliferación	2	13
uniformización	2	14
paneuropeos	2	11
sofisticadas	2	12
proveedora	2	10
personalizado	2	13
competidores	2	12
túnez	2	5
apela	2	5
detenidamente	2	13
correr	2	6
prevaleciendo	2	13
pesa	2	4
surgimiento	2	11
sociabilidad	2	12
brindan	2	7
libres	2	6
garantizados	2	12
fragilidad	2	10
exhorta	2	7
verticales	2	10
fijen	2	5
deplora	2	7
interesantes	2	12
autor	2	5
móvil	2	5
tender	2	6
organizando	2	11
velando	2	7
compras	2	7
ilícitos	2	8
protegiendo	2	11
fallos	2	6
sirva	2	5
abiertas	2	8
interfaz	2	8
api	2	3
benefician	2	10
radica	2	6
incentivar	2	10
apoyarse	2	8
omnipresente	2	12
imágenes	2	8
interactivas	2	12
universo	2	8
captado	2	7
diversificados	2	14
funcionar	2	9
beneficia	2	9
implican	2	8
destrezas	2	9
manejo	2	6
plazas	2	6
elaboradores	2	12
concreticen	2	11
telecomunicación	2	16
-desde	2	6
móviles-	2	8
abiertos	2	8
interactuar	2	11
participativa	2	13
contemporáneas	2	14
radical	2	7
condicionar	2	11
indisolublemente	2	16
audiovisual	2	11
indebida	2	8
asegurando	2	10
reafirma	2	8
invierta	2	8
difundidos	2	10
unesco	2	6
expresiones	2	11
artísticas	2	10
multiculturalismo	2	17
consagra	2	8
dual	2	4
gestionada	2	10
multilingüismo	2	14
manifiesten	2	11
legislen	2	8
reflejando	2	10
perpetuación	2	12
equidad	2	7
facetas	2	7
e‑inclusión	2	11
incapacidad	2	11
analfabetismo	2	13
desproporcionada	2	16
impedimento	2	11
usuarias	2	8
creativas	2	9
maltratadas	2	11
presas	2	6
reclutando	2	10
empresarias	2	11
propietarias	2	12
entrarán	2	8
tenemos	2	7
ubicuidad	2	9
ubiquitous	2	10
objetos	2	7
terminal	2	8
rígida	2	6
automóvil	2	9
consumen	2	8
disminuyen	2	10
consiga	2	7
giulietto	2	9
chiesa	2	6
inteligente	2	11
beneficiosos	2	12
dióxido	2	7
carburante	2	10
duradera	2	8
paja	2	4
vegetal	2	7
hectárea	2	8
gradual	2	7
procesado	2	9
conversión	2	10
químicos	2	8
plásticos	2	9
lubricantes	2	11
mezcla	2	6
importados	2	10
desarrollándose	2	15
trigo	2	5
incentivo	2	9
originado	2	9
sustituto	2	9
derivarse	2	9
etanol	2	6
baratos	2	7
detergentes	2	11
pinturas	2	8
polímeros	2	9
introducirse	2	12
bur	2	3
ahorrando	2	9
cuantía	2	7
excedente	2	9
donaciones	2	10
contratistas	2	12
extiendan	2	9
solicitan	2	9
surgen	2	6
dependan	2	8
rúbrica	2	7
legislatura	2	11
anónimas	2	8
distribuibles	2	13
sometida	2	8
valorados	2	9
ponderado	2	9
negociaron	2	10
regulados	2	9
concurran	2	9
derive	2	6
precisando	2	10
emitirán	2	8
liberadas	2	9
adelantar	2	9
enunciadas	2	10
anticipos	2	9
crediticia	2	10
investigado	2	11
quorum	2	6
ndt	1	3
precisión	1	9
streamlining	1	12
exchange	1	8
obedeciendo	1	11
llevaba	1	7
gentlemen's	1	11
agreements	1	10
concernido	1	10
piedra	1	6
angular	1	7
estadística	1	11
cuarta	1	6
desglosar	1	9
preparativos	1	12
comparabilidad	1	14
desgloses	1	9
normativos	1	10
excluyen	1	8
jerárquica	1	10
agrupar	1	7
inexistente	1	11
varía	1	5
creada	1	6
acabar	1	6
homogeneidad	1	12
caracterizado	1	13
transmiten	1	10
desglosadas	1	11
articulado	1	10
actas	1	5
hablando	1	8
poblacionales	1	13
europe	1	6
bielan	1	6
marques	1	7
practicabilidad	1	15
designarse	1	10
contratantes	1	12
conferirán	1	10
encomendado	1	11
pasajeros	1	9
inspeccionado	1	13
proceden	1	8
gasolineras	1	11
autopistas	1	10
velándose	1	9
detengan	1	8
abandonarlo	1	11
detenidos	1	9
luces	1	5
aparquen	1	8
observen	1	8
reincidencias	1	13
sancionadas	1	11
severamente	1	11
cometida	1	8
quincenales	1	11
asistirán	1	9
entablará	1	9
compensatorio	1	13
cuarenta	1	8
modificaran	1	11
interpreten	1	11
provisionalmente	1	16
transponerse	1	12
acompañantes	1	12
registrar	1	9
electrónicamente	1	16
restringirse	1	12
equipar	1	7
prescrito	1	9
almacenarán	1	11
respetados	1	10
consignados	1	11
acreditativo	1	12
consigo	1	7
manualmente	1	11
verificaciones	1	14
mensajería	1	10
operen	1	6
tractores	1	9
bidones	1	7
lácteos	1	7
ganado	1	6
telégrafos	1	10
maquinaria	1	10
operar	1	6
ferias	1	6
ininterrumpida	1	14
ciudad	1	6
recorridos	1	10
conduce	1	7
recorrida	1	9
rebase	1	6
sustituirse	1	11
intercaladas	1	12
debiendo	1	8
regulares	1	9
acumulado	1	9
pudiesen	1	8
obligadas	1	9
subordinar	1	10
basura	1	6
atracciones	1	11
feria	1	5
mataderos	1	9
exigiera	1	8
divididas	1	9
habilitado	1	10
apoyará	1	7
unificadas	1	10
participarán	1	12
incisos	1	7
abarcarán	1	9
abarcará	1	8
fabriquen	1	9
introdúzcase	1	12
entren	1	6
sencillos	1	9
sanitarias	1	10
fruta	1	5
verduras	1	8
graso	1	5
ciencia	1	7
gastronómicas	1	13
indiscutible	1	12
venden	1	6
envasar	1	7
frescos	1	7
vitivinícola	1	12
nutritivas	1	10
glúcidos	1	8
lípidos	1	7
monoinsaturados	1	15
poliinsaturados	1	15
fibra	1	5
dietética	1	9
perspicaz	1	9
ambigua	1	7
tolerar	1	7
excesivo	1	8
subestimar	1	10
pretendido	1	10
expresan	1	8
procurarse	1	10
envase	1	6
adversa	1	7
nueve	1	5
fundamentados	1	13
notificadas	1	11
empleando	1	9
modernas	1	8
fabricado	1	9
ilustrativas	1	12
prototipo	1	9
aparezcan	1	9
importadores	1	12
concluya	1	8
suscite	1	7
reparos	1	7
impidan	1	7
usándose	1	8
motivado	1	8
notificó	1	8
notificante	1	11
protegerán	1	10
compuestos	1	10
autorizarse	1	11
repeticiones	1	12
ensayos	1	7
quedando	1	8
probará	1	7
justifica	1	9
extraídos	1	9
afirmada	1	8
referenciales	1	13
aceptada	1	8
llevados	1	8
revisados	1	9
disminuirá	1	10
cumpliendo	1	10
tuviera	1	7
efectuó	1	7
enviado	1	7
contradictoria	1	14
induzca	1	7
recomendadas	1	12
recomendados	1	12
mj	1	2
innecesarios	1	12
codex	1	5
alimentarius	1	12
prohibirse	1	10
frontal	1	7
informan	1	8
comprendan	1	10
elaborase	1	9
estatuyendo	1	11
juzgado	1	7
típico	1	6
informada	1	9
observadora	1	11
circunspecta	1	12
interpreta	1	10
alegados	1	8
vendan	1	6
aparezca	1	8
declaren	1	8
fantasiosos	1	11
concentradas	1	12
dosificada	1	10
cápsulas	1	8
pastillas	1	9
tabletas	1	8
píldoras	1	8
bolsitas	1	8
ampollas	1	8
líquido	1	7
botellas	1	8
cuentagotas	1	11
alegadas	1	8
operador	1	8
requerir	1	8
patrón	1	6
requeridos	1	10
reivindicados	1	13
aserciones	1	10
respetará	1	9
excluirán	1	9
pudiese	1	7
consten	1	7
precedencia	1	11
verificables	1	12
especificados	1	13
confieren	1	9
vitro	1	5
seres	1	5
tramite	1	7
mantendrán	1	10
tramitarán	1	10
discrepancias	1	13
surgida	1	7
eligiéndose	1	11
calorífico	1	10
insaturada	1	10
epa	1	3
dha	1	3
insaturados	1	11
calorías	1	8
preparados	1	10
analizado	1	9
indetectables	1	13
listos	1	6
detectable	1	10
ingrediente	1	11
uente	1	5
ouzký	1	5
adriana	1	7
poli	1	4
bortone	1	7
masiel	1	6
macroeconómicas	1	15
recopilación	1	12
reacciones	1	10
fluctuaciones	1	13
cubran	1	6
pido	1	4
p5	1	2
zsolt	1	5
becsey	1	6
cirino	1	6
pomicino	1	8
lauk	1	4
lars	1	4
wohlin	1	6
charles	1	7
tannock	1	7
rechaza	1	7
sylwester	1	9
chruszcz	1	8
stanisław	1	9
jałowiecki	1	10
fausto	1	6
correia	1	7
diera	1	5
otorgando	1	9
decreciente	1	11
cartagena	1	9
bioseguridad	1	12
desarrollados	1	13
requiera	1	8
reemplazado	1	11
cuartel	1	7
adjudicado	1	10
posibilitará	1	12
originarios	1	11
referentes	1	10
danutė	1	6
budreikaitė	1	11
alexandra	1	9
dobolyi	1	7
hybášková	1	9
glenys	1	6
kinnock	1	7
pinior	1	6
schapira	1	8
fronteriza	1	10
supranacional	1	13
convenciónmarco	1	15
eurorregional	1	13
gozará	1	6
gestione	1	8
prolongados	1	11
delegarse	1	9
gestionados	1	11
litigio	1	7
recogerá	1	8
regulen	1	7
delegaciones	1	12
introducirá	1	11
representada	1	12
obtiene	1	7
publicarse	1	10
favorecerá	1	10
asigne	1	6
defendido	1	9
miller	1	6
cushnahan	1	9
poetschki	1	9
interreg	1	8
i-	1	2
preámbulo	1	9
aparecen	1	8
denominar	1	9
negocien	1	8
delegarán	1	9
delegan	1	7
delegar	1	7
prefiere	1	8
concernidos	1	11
especificarse	1	13
añada	1	5
cf	1	2
aprobará	1	8
dotará	1	6
formada	1	7
goce	1	4
istván	1	6
pálfi	1	5
poignant	1	8
alfredo	1	7
antoniozzi	1	10
rebasa	1	6
amplificar	1	10
coincidencia	1	12
fijada	1	6
coincidiendo	1	12
exonera	1	7
asentando	1	9
servirá	1	7
monitorios	1	10
actualizará	1	11
deudor	1	6
vencidas	1	8
líquidas	1	8
exigibles	1	9
manuscrita	1	10
firmada	1	7
desestimar	1	10
admitirán	1	9
reclamada	1	9
costas	1	6
recibiera	1	9
dictará	1	7
prescripción	1	12
citación	1	8
oficio	1	6
remitiendo	1	10
fax	1	3
proseguirá	1	10
surtirá	1	7
acojan	1	6
restitución	1	11
atesorada	1	9
aproximar	1	9
trasladará	1	10
derogando	1	9
exequátur	1	9
dictadas	1	8
introduce	1	9
probabilidades	1	14
reacias	1	7
desconocimiento	1	15
desincentivo	1	12
escenarios	1	10
arbitrarias	1	11
distorsionaría	1	14
deudores	1	8
encontradas	1	11
emitiese	1	8
tampere	1	7
elaborasen	1	10
señaló	1	6
acelerado	1	9
mejoraría	1	9
cobrar	1	6
pecuniarias	1	11
brindando	1	9
copias	1	6
requerimientos	1	14
ejecutarse	1	10
declare	1	7
mercantiles	1	11
szejna	1	6
józsef	1	6
szájer	1	6
ljudmila	1	8
novak	1	5
pr_cod1am	1	9
concertados	1	11
concertadas	1	11
acogieron	1	9
resaltaron	1	10
acreditaciones	1	14
diseñarse	1	9
reconociendo	1	12
difieran	1	8
ordinarios	1	10
ronda	1	5
aquél	1	5
becas	1	5
animen	1	6
renombre	1	8
mutuos	1	6
desembocan	1	10
publiciten	1	10
coordina	1	8
consolida	1	9
simplifica	1	10
periódico	1	9
fuere	1	5
invariado	1	9
adjudicados	1	11
adjudicadores	1	13
pretendía	1	9
adjudicador	1	11
subvenciona	1	11
sencillamente	1	13
restablecer	1	11
podestà	1	7
fernanda	1	8
rudi	1	4
ubeda	1	5
wuermeling	1	10
dam	1	3
kristensen	1	10
phillip	1	7
whitehead	1	9
subrayó	1	7
precandidatos	1	13
círculo	1	7
amigos	1	6
manifestado	1	11
suplementario	1	13
cruzada	1	7
imprevisibles	1	13
evaluadas	1	9
interconexión	1	13
multimodal	1	10
verdad	1	6
congestión	1	10
atraviesen	1	10
dedicarse	1	9
descubrir	1	9
aprobarse	1	9
epígrafe	1	8
definieron	1	10
catorce	1	7
potentes	1	8
trazado	1	7
modificaron	1	11
ferrocarriles	1	13
intermodales	1	12
decepcionantes	1	14
modificaría	1	11
determinando	1	12
observado	1	9
axiomático	1	10
acuerden	1	8
llegan	1	6
refuerzan	1	9
paralela	1	8
segmento	1	8
iniciados	1	9
deriven	1	7
ashworth	1	8
reimer	1	6
böge	1	4
dombrovskis	1	11
bárbara	1	7
elles	1	5
hynek	1	5
fajmon	1	6
salvador	1	8
garriga	1	7
polledo	1	7
gräßle	1	6
ville	1	5
itälä	1	5
sergej	1	6
kozlík	1	6
krzysztof	1	9
kuźmiuk	1	7
maňka	1	5
pittella	1	8
wojciech	1	8
roszkowski	1	10
nina	1	4
škottová	1	8
helga	1	5
trüpel	1	6
yannick	1	7
vaugrenard	1	10
ralf	1	4
walter	1	6
marilisa	1	8
xenogiannakopoulou	1	18
emil	1	4
saryuszwolski	1	13
pr­_cod_1am	1	11
tabla	1	5
ocupa	1	5
acústico	1	8
entretanto	1	10
imposible	1	9
planteó	1	7
controvertidas	1	14
esperaban	1	9
parecía	1	7
horst	1	5
schnellhardt	1	12
acta	1	4
sufragio	1	8
wagner	1	6
fohrmann	1	8
krier	1	5
wybot	1	5
faure	1	5
franceses	1	9
permitía	1	8
negando	1	7
revocación	1	10
declaró	1	7
firmeza	1	7
quedaba	1	7
anularla	1	8
revocarla	1	9
solicitaba	1	10
infringió	1	9
köbler	1	6
guardiana	1	9
decide	1	6
apart	1	5
desempeñaran	1	12
apoyó	1	5
pronunció	1	9
preserva	1	8
prerrogativas	1	13
examinarlos	1	11
abreviar	1	8
bancos	1	6
derogar	1	7
quedará	1	7
añadirá	1	7
actuando	1	8
finalice	1	8
indicada	1	8
operado	1	7
concomitante	1	12
innecesaria	1	11
lamfalussy	1	10
concomitantes	1	13
derogación	1	10
reemplazada	1	11
ampliado	1	8
derogado	1	8
jonathan	1	8
garcíamargallo	1	14
marfil	1	6
letta	1	5
strejček	1	8
mérito	1	6
relevado	1	8
cuartas	1	7
veinte	1	6
agruparse	1	9
nombra	1	6
aprobaba	1	8
prorrogaba	1	10
tratase	1	7
seguida	1	7
iniciarse	1	9
caro	1	4
obstaculizar	1	12
venideros	1	9
examinarán	1	10
supeditan	1	9
incorpora	1	9
prohíben	1	8
ampara	1	6
cohesiva	1	8
integradora	1	11
cumplirán	1	9
racismo	1	7
permitió	1	8
interrogadas	1	12
prevalencia	1	11
odio	1	4
discriminatorio	1	15
desfavorecido	1	13
urgente	1	7
descentralizarán	1	16
singularmente	1	13
intercultural	1	13
juventud	1	8
asilo	1	5
implicarán	1	10
tenidas	1	7
tratadas	1	8
representativo	1	14
representen	1	11
ejecutor	1	8
propondrán	1	10
escogidos	1	9
cooperará	1	9
defienden	1	9
encomendará	1	11
deleguen	1	8
firmarse	1	8
seleccionarán	1	13
vence	1	5
mencionará	1	10
orientativo	1	11
comienza	1	8
formatos	1	8
atestiguar	1	10
investida	1	9
constituyó	1	10
facilitadas	1	11
íntegra	1	7
adeudadas	1	9
atestiguará	1	11
abonadas	1	8
notificar	1	9
fraudes	1	7
indebidamente	1	13
incorrecta	1	10
vendrá	1	6
pormenorizado	1	13
exponga	1	7
incurrido	1	9
aprobarán	1	9
intentarán	1	10
imponen	1	7
contemplarán	1	12
combatirse	1	10
doc	1	3
intrínsicamente	1	15
arsenal	1	7
abundante	1	9
extendió	1	8
enunciados	1	10
piedras	1	7
angulares	1	9
progress	1	8
identificó	1	10
anuncia	1	7
elogiar	1	7
operativas	1	10
servirán	1	8
darán	1	5
ignoran	1	7
excelente	1	9
fundamentan	1	11
opcit	1	5
encargar	1	8
remolonean	1	10
combatirlas	1	11
abordarán	1	9
recordemos	1	10
menciona	1	8
color	1	5
genéticas	1	9
nacimiento	1	10
suya	1	4
asociarse	1	9
eco	1	3
ciudades	1	8
explícito	1	9
minoritario	1	11
creencias	1	9
edades	1	6
infravalorada	1	13
asumen	1	6
−entre	1	6
competentes−	1	12
rodi	1	4
kratsatsagaropoulou	1	19
kathalijne	1	10
buitenweg	1	9
cashman	1	7
giusto	1	6
catania	1	7
díez	1	4
kinga	1	5
gál	1	3
klamt	1	5
magda	1	5
kósáné	1	6
kovács	1	6
kudrycka	1	8
sarah	1	5
ludford	1	7
deprez	1	6
candidata	1	9
calificaciones	1	14
nacida	1	6
carna	1	5
galway	1	6
casada	1	6
carysfort	1	9
teacher	1	7
training	1	8
college	1	7
blackrock	1	9
diputada	1	8
éireann	1	7
nombrada	1	8
convirtiéndose	1	14
ocupó	1	5
rupturas	1	8
conyugales	1	10
once	1	4
negoció	1	7
británico	1	9
trabajó	1	7
asesora	1	7
directora	1	9
irlandesas	1	10
columnista	1	10
irish	1	5
tg4	1	3
feoga	1	5
cuestionó	1	9
incapaz	1	7
correctivas	1	11
persistentemente	1	16
encontrado	1	10
revisado	1	8
señalarlo	1	9
auditada	1	8
merezcan	1	8
consciente	1	10
dio	1	3
daban	1	5
ardua	1	5
ustedes	1	7
reflejaban	1	10
desagradables	1	13
mentes	1	6
insuficiencias	1	14
esmero	1	6
sigc	1	4
dando	1	5
instauren	1	9
hallazgos	1	9
proporcionó	1	11
abiertamente	1	12
valiosa	1	7
hito	1	4
refinado	1	8
reflexiona	1	10
meticulosa	1	10
incomodidad	1	11
sepan	1	5
vigilante	1	9
fallaría	1	8
informara	1	9
exactitud	1	9
desafortunadamente	1	18
indudablemente	1	14
tranquilizar	1	12
condensa	1	8
dosis	1	5
explicarse	1	10
gustaría	1	8
auditadas	1	9
abarcaban	1	9
millar	1	6
remitieron	1	10
debatieron	1	10
detalladamente	1	14
difícilmente	1	12
indigesto	1	9
precauciones	1	12
distorsione	1	11
tergiverse	1	10
rehusado	1	8
detectado	1	9
sitio	1	5
publican	1	8
ruedas	1	6
acogidos	1	8
significativos	1	14
tablas	1	6
gráficos	1	8
encontrarán	1	11
logran	1	6
asistirle	1	9
abordados	1	9
reunirme	1	8
preocupa	1	8
recibirá	1	8
cuidadosa	1	9
elegidos	1	8
aseguro	1	7
cunado	1	6
franca	1	6
comenzando	1	10
subrayado	1	9
buscarse	1	8
dondequiera	1	11
internas	1	8
socavar	1	7
inaceptables	1	12
suscribo	1	8
limitarme	1	9
convocado	1	9
grässle	1	7
formaran	1	8
protocolos	1	10
dejó	1	4
aceptarían	1	10
holandés	1	8
expuso	1	6
sucinta	1	7
probable	1	8
opongan	1	7
tentativa	1	9
integrarlos	1	11
subordinado	1	11
realidades	1	10
coopere	1	7
cooperado	1	9
veinticinco	1	11
fluye	1	5
acompañan	1	9
inútiles	1	8
líderes	1	7
expresaron	1	10
evaluando	1	9
continuaré	1	10
haciéndolo	1	10
tomo	1	4
llevo	1	5
eireann	1	7
asistiendo	1	10
ecofin	1	6
refería	1	7
plátanos	1	8
temporada	1	9
adoptamos	1	9
publicamos	1	10
suscitó	1	7
señalamos	1	9
abogamos	1	8
estimación	1	10
complace	1	8
reformando	1	10
dejé	1	4
ocuparme	1	8
plátano	1	7
cubría	1	6
antiguo	1	7
consistía	1	9
presidir	1	8
desacuerdo	1	10
prerrogativa	1	12
informatizada	1	13
revisa	1	6
comenta	1	7
había	1	5
instalar	1	8
garantizara	1	11
funcionariales	1	14
impuse	1	6
proporcionara	1	13
automatizado	1	12
udit	1	4
upport	1	6
sys	1	3
tem	1	3
traído	1	6
creé	1	4
supervisando	1	12
aprovechando	1	12
consideré	1	9
existía	1	7
servía	1	6
suplir	1	6
módulo	1	6
concluirá	1	9
módulos	1	7
rutinaria	1	9
susciten	1	8
descubrimiento	1	14
preocuparse	1	11
envía	1	5
supervisa	1	9
remitir	1	7
correspondencia	1	15
recabar	1	7
exactos	1	7
remite	1	6
agravios	1	8
fraudulentas	1	12
fraudulenta	1	11
investigar	1	10
interviene	1	10
trámites	1	8
tomamos	1	7
leve	1	4
indicio	1	7
minucioso	1	9
adoptaba	1	8
financierodictamen	1	18
concluyendo	1	11
indiqué	1	7
entrara	1	7
anticipo	1	8
honda	1	5
dije	1	4
tuvieran	1	8
haría	1	5
trasladaría	1	11
apellidos	1	9
alfons	1	6
hugo	1	4
arnold	1	6
padre	1	5
bachillerato	1	12
clásico	1	7
latín	1	5
griego	1	6
sinthubertuscollege	1	19
diplomatura	1	11
ufsia	1	5
amberes	1	7
master's	1	8
degree	1	6
economics	1	9
phil	1	4
becario	1	7
british	1	7
estancia	1	8
ganador	1	7
premio	1	6
young	1	5
political	1	9
leaders	1	7
program	1	7
otan	1	4
policía	1	7
hano	1	4
hamontachel	1	11
polígono	1	8
intercomunal	1	12
noordlimburg	1	12
nolimpark	1	9
consejero	1	9
nv	1	2
tessenderlo	1	11
chemie	1	6
nombramientos	1	13
impuso	1	6
exacta	1	6
reduzcan	1	8
anulen	1	6
aspirarse	1	9
rinda	1	5
advertir	1	8
olvida	1	6
confirmar	1	9
localizar	1	9
generalizar	1	11
entradas	1	8
traduzcan	1	9
cuantificables	1	14
diferenciado	1	12
desviaciones	1	12
veo	1	3
velaría	1	7
examinaría	1	10
escritas	1	8
orales	1	6
incorporar	1	10
ferviente	1	9
eng	1	3
corre	1	5
desplace	1	8
complicados	1	11
conservando	1	11
actúan	1	6
rinden	1	6
acercan	1	7
constato	1	8
divergentes	1	11
adaptaron	1	9
transferido	1	11
moderna	1	7
influencias	1	11
habituales	1	10
disfruta	1	8
funcional	1	9
interpreto	1	10
evitaré	1	7
ocasionar	1	9
tendré	1	6
aceptaré	1	8
adoptaré	1	8
neutral	1	7
abstendré	1	9
asumiré	1	7
secreto	1	7
seguiré	1	7
actitud	1	7
evidentemente	1	13
estudié	1	7
especialicé	1	11
concurso	1	8
obtuvieron	1	10
expansión	1	9
consecutivamente	1	16
presido	1	7
sigo	1	4
sensu	1	5
lato	1	4
síntoma	1	7
cumplo	1	6
mallorca	1	8
doctor	1	6
investigador	1	12
valladolid	1	10
amplió	1	6
viena	1	5
heidelberg	1	10
prof	1	4
klaus	1	5
vogel	1	5
vicerrector	1	11
magistrado	1	10
universitaria	1	13
asimetría	1	9
autonomías	1	10
interadministrativas	1	20
tributos	1	8
condicionamientos	1	17
codificación	1	12
tributo	1	7
decretoley	1	10
tributación	1	11
gravamen	1	8
patrimoniales	1	13
residentes	1	10
matrices	1	8
filiales	1	8
universitario	1	13
castellano	1	10
nawiasky	1	8
trotabas	1	8
ensayo	1	6
geny	1	4
particularismo	1	14
xiii	1	4
latinoamericano	1	15
xlv	1	3
cortes	1	6
iiª	1	3
iiiª	1	4
legislaturas	1	12
vocal	1	5
interparlamentaria	1	18
asesorías	1	9
nicaragua	1	9
managua	1	7
venezuela	1	9
caracas	1	7
paraguay	1	8
perteneciente	1	13
económicofinanciera	1	19
conflictivos	1	12
temeridad	1	9
pronunciarme	1	12
vi	1	2
crítica	1	7
reprocha	1	8
actuado	1	7
descargo	1	8
perseguida	1	10
ingreso	1	7
refleje	1	7
supongo	1	7
situarme	1	8
incógnitas	1	10
asigna	1	6
resistir	1	8
tentación	1	9
denunciar	1	9
ajenos	1	6
mejorarla	1	9
salvedades	1	10
atrevería	1	9
arbitrariedad	1	13
gestora	1	7
coexistan	1	9
contrapuestas	1	13
arbitrario	1	10
conditio	1	8
sine	1	4
qua	1	3
non	1	3
recaudar	1	8
atraviese	1	9
cuantías	1	8
compensen	1	9
partidas	1	8
concretadas	1	11
decididas	1	9
impida	1	6
consignación	1	12
nítida	1	6
3º	1	2
persiguen	1	9
estables	1	8
exagerado	1	9
contengan	1	9
documentales	1	12
retroalimentar	1	14
maximizando	1	11
tremendamente	1	13
celoso	1	6
instrumental	1	12
gastar	1	6
desempeñaría	1	12
colegiadamente	1	14
ignorarse	1	9
subyacen	1	8
desemboque	1	10
exoneración	1	11
atenderé	1	8
prudencia	1	9
correspondan	1	12
promovidas	1	10
tramitaran	1	10
extrañar	1	8
fuese	1	5
meras	1	5
intuiciones	1	11
aproximaciones	1	14
teóricas	1	8
otorgamiento	1	12
finalidades	1	11
concretar	1	9
formalidades	1	12
forfetarios	1	11
suponiendo	1	10
delimitada	1	10
ponderación	1	11
versus	1	6
ejecutando	1	10
fiscaliza	1	9
añadimos	1	8
aparecerán	1	10
coexisten	1	9
desconozco	1	10
bueno	1	5
aplicase	1	8
válidos	1	7
impositivos-	1	12
acercamiento	1	12
parecería	1	9
imprudente	1	10
pretendo	1	8
camina	1	6
constituyese	1	12
sala	1	4
tramitarse	1	10
tendrían	1	8
guiaré	1	6
complementan	1	12
subjetivo	1	9
alcanza	1	7
verme	1	5
colegiadamente-	1	15
entiendo	1	8
hago	1	4
honestidad	1	10
prescinda	1	9
incompatibilidades	1	18
vinculaciones	1	13
accedí	1	6
iba	1	3
mí	1	2
lealtad	1	7
volví	1	5
presentarme	1	11
reformó	1	7
cee-	1	4
extraordinarios	1	15
gobernador	1	10
portavoz	1	8
socialista	1	10
inconstitucionalidad	1	20
pendientes	1	10
encuentro	1	9
formulase	1	9
señal	1	5
bicéfalo	1	8
discrepancia	1	12
planteado	1	9
suceda-	1	7
puedo	1	5
manifestar	1	10
maior	1	5
postgraduado	1	12
ejerció	1	7
labores	1	7
docentes	1	8
participante	1	12
invitado	1	8
orador	1	6
conferencias	1	12
seminarios	1	10
debatir	1	7
intensa	1	7
promovido	1	9
aplicados	1	9
inscriben	1	9
inherentes	1	10
vasto	1	5
completarse	1	11
defendí	1	7
corregidos	1	10
atributos	1	9
enfatizando	1	11
transmitiéndoles	1	16
comprenderla	1	12
implicará	1	9
comprensiva	1	11
asignan	1	7
prosecución	1	11
suministre	1	10
exactas	1	7
completas	1	9
puntuales	1	9
periódica	1	9
rendición	1	9
asiste	1	6
sucedió	1	7
testimonio	1	10
referir	1	7
buscado	1	7
constructivo	1	12
analizadas	1	10
eventual	1	8
colegio	1	7
revelarse	1	9
tienda	1	6
consagración	1	12
provechosa	1	10
cooperarán	1	10
paralelas	1	9
auspicios	1	9
presidentes	1	11
desplazado	1	10
apuntados	1	9
gastados	1	8
discuten	1	8
colegiada	1	9
inducir	1	7
flexibilizar	1	12
pasaron	1	7
protagonismo	1	12
autoevaluación	1	14
peer	1	4
review	1	6
irrenunciable	1	13
juramento	1	9
facilito	1	8
gusto	1	5
incompatibles	1	13
presenté	1	8
cónyuge	1	7
dinamización	1	12
presidí	1	7
participé	1	9
colaboré	1	8
dediqué	1	7
designadamente	1	14
manifestadas	1	12
influyó	1	7
reitere	1	7
frosinone	1	9
emérito	1	7
sapienza	1	8
calificación	1	12
cum	1	3
laude	1	5
habilitación	1	12
abogacía	1	8
cátedra	1	7
perugia	1	7
atac	1	4
sucesivamente	1	13
regreso	1	7
docente	1	7
tor	1	3
vergata	1	7
lumsa	1	5
santissima	1	10
assunta	1	7
italiana	1	8
xvii	1	4
sesiones	1	8
york	1	4
delincuencia	1	12
técnicocientífica	1	17
chile	1	5
uruguay	1	7
egipto	1	6
latinoamericanos	1	16
asidua	1	6
extranjeras	1	11
oral	1	4
valori	1	6
tecniche	1	8
giudizio	1	8
costituzionalità	1	16
spanish	1	7
constitution	1	12
context	1	7
dykinson	1	8
diritto	1	7
romano	1	6
ius	1	3
commune	1	7
index	1	5
processo	1	8
integrazione	1	12
ed	1	2
ecumene	1	7
esi	1	3
tribunali	1	9
l'amministrazione	1	17
politica	1	8
giudiziario	1	11
limiti	1	6
discendenti	1	11
dalla	1	5
separazione	1	11
poteri	1	6
archivio	1	8
giuridico	1	9
serafini	1	8
protection	1	10
administration	1	14
independence	1	12
power	1	5
measures	1	8
responding	1	10
updated	1	7
documents	1	9
xiiith	1	6
congress	1	8
città	1	5
sole	1	4
lecce	1	5
articolazioni	1	13
dello	1	5
stato	1	5
sociale	1	7
iustitia	1	8
accesso	1	7
alla	1	4
sociali	1	7
comune	1	6
jovene	1	6
revista	1	7
valparaíso	1	10
legalità	1	8
nelle	1	5
esperienze	1	10
giuridiche	1	10
contemporanee	1	13
ruolo	1	5
corti	1	5
nazionali	1	9
sopranazionali	1	14
filosofía	1	9
sociología	1	10
externado	1	9
bogotá	1	6
nuova	1	5
corte	1	5
conti	1	5
l'ordinamento	1	13
sulla	1	5
spesa	1	5
pubblica	1	8
atti	1	4
convegno	1	8
studi	1	5
tenutosi	1	8
bari	1	4
giuffrè	1	7
milano	1	6
surgidos	1	8
restrictivo	1	11
expresen	1	8
agrupando	1	9
homogéneas	1	10
personalmente	1	13
analizada	1	9
comparaciones	1	13
debilitara	1	10
considerara	1	11
forjarse	1	8
encontré	1	8
alusión	1	7
asocien	1	7
responsabilizarlos	1	18
procurar	1	8
asocie	1	6
fiel	1	4
rigurosa	1	8
perciban	1	8
éxitos	1	6
incompatibilidad	1	16
lenguaje	1	8
leerlo	1	6
coloquial	1	9
comuniquen	1	10
asambleas	1	9
cliente	1	7
subsanarlas	1	11
comparecencias	1	14
cito	1	4
mía	1	3
cámara	1	6
destinatarios	1	13
italianos	1	9
refiero	1	7
licitaciones	1	12
complejas	1	9
venir	1	5
administran	1	11
colaboraciones	1	14
estrechas	1	9
papeles	1	7
confiando	1	9
exclusividad	1	12
asignando	1	9
heterogéneas	1	12
suceder	1	7
perdido	1	7
publica	1	7
superadas	1	9
evitarlo	1	8
transformándolos	1	16
someterlos	1	10
absolutas	1	9
codifica	1	8
somete	1	6
prestigio	1	9
componen	1	8
perdería	1	8
existiera	1	9
inspiran	1	8
legitimidad	1	11
interesándome	1	13
asistenciales	1	13
supremos	1	8
encargándome	1	12
periódicas	1	10
mutatis	1	7
mutandis	1	8
actúen	1	6
bancaria	1	8
bancarios	1	9
dónde	1	5
difundirla	1	10
originada	1	9
divulgará	1	9
laborables	1	10
percibirse	1	10
anticipado	1	10
decidan	1	7
preparatoria	1	12
determinarán	1	12
anuncios	1	8
preverán	1	8
audiencias	1	10
anunciarse	1	10
expondrá	1	8
dirigirá	1	8
pronunciará	1	11
nodales	1	7
operatividad	1	12
extracomunitario	1	16
contenía	1	8
originó	1	7
controvertido	1	13
defendían	1	9
posiciones	1	10
aplicabilidad	1	13
compañías	1	9
navieras	1	8
tripulación	1	11
alcanzó	1	7
definitivamente	1	15
continúa	1	8
antigua	1	7
difiere	1	7
generadores	1	11
renuncia	1	8
recogían	1	8
seguidamente	1	12
controvertidos	1	14
organizó	1	8
invitó	1	6
dieran	1	6
participaron	1	12
‑federation	1	11
private	1	7
port	1	4
operators	1	9
feport	1	6
freight	1	7
forwarders	1	10
clecat	1	6
maritime	1	8
pilots	1	6
empa	1	4
boatmen's	1	9
eba	1	3
tugowners	1	9
eta	1	3
shippers	1	8
esc	1	3
community	1	9
shipowners	1	10
ecsa	1	4
transportworkers	1	16
federation	1	10
etf	1	3
sustanciales	1	12
auxiliares	1	10
admitió	1	7
propusieron	1	11
admitida	1	8
negada	1	6
pots	1	4
sopesados	1	9
sindicales	1	10
defendida	1	9
unitaria	1	8
planteaban	1	10
satisfaga	1	9
―y	1	2
ampliada―	1	9
remolque	1	8
amarre	1	6
compartido	1	10
particularidades	1	16
contemplan	1	10
representadas	1	13
pasajes	1	7
estableciera	1	12
celebradas	1	10
licitación	1	10
aplicaran	1	9
asumismo	1	8
descarga	1	8
reforzaron	1	10
apuntaban	1	9
logró	1	5
hallar	1	6
conjunción	1	10
separados	1	9
salida	1	6
faculta	1	7
entendiéndose	1	13
arrendamiento	1	13
restringe	1	9
servcicios	1	10
manipularán	1	11
saneada	1	7
estipulaciones	1	14
cualquer	1	8
vincula	1	7
exámenes	1	8
deje	1	4
justifican	1	10
autorice	1	8
facultada	1	9
manipularse	1	11
indirecto	1	9
encomendarán	1	12
reclamación	1	11
queja	1	5
conducto	1	8
soliciten	1	9
organizativas	1	13
ultimado	1	8
encontrara	1	10
iniciará	1	8
percibirá	1	9
compense	1	8
amortizadas	1	11
pasen	1	5
preestablecidos	1	15
compensatorios	1	14
obliguen	1	8
celebrarán	1	10
duraciones	1	10
puentes	1	7
grúa	1	4
contenedores	1	12
pórtico	1	7
descargadoras	1	13
puente	1	6
transferirse	1	12
irrevocablemente	1	16
vencimiento	1	11
demuestre	1	9
prorrogue	1	9
prescribir	1	10
estimen	1	7
convenientes	1	12
imperantes	1	10
reservar	1	8
adjudicarlo	1	11
dispensa	1	8
objetivas	1	9
someterán	1	9
confiarse	1	9
garantizado	1	11
ces	1	3
fernand	1	7
rachinel	1	8
ashley	1	6
mote	1	4
toussas	1	7
jas	1	3
gawronski	1	9
joost	1	5
lagendijk	1	9
tran	1	4
derogará	1	8
microbiológicos	1	15
actualiza	1	9
pudo	1	4
condujo	1	7
convocar	1	8
encargaron	1	10
iniciaran	1	9
debatirse	1	9
urgencias	1	9
calendarios	1	11
tripartitos	1	11
mañana	1	6
elliot	1	6
morley	1	6
comisario	1	9
dimas	1	5
concentró	1	9
incrementen	1	11
enterococos	1	11
intestinales	1	12
continentales	1	13
bañistas	1	8
iguales	1	7
acuerdan	1	8
analicen	1	8
virus	1	5
agradecer	1	9
arts	1	4
marienoëlle	1	11
expedición	1	10
bloques	1	7
funcionales	1	11
oaci	1	4
eurocontrol	1	11
transpone	1	9
allana	1	6
mantuvieron	1	11
envió	1	5
comprometía	1	11
negociado	1	9
ligeras	1	7
juristas	1	8
lingüistas	1	10
cambiaba	1	8
suscribirla	1	11
controlado	1	10
ajustarlas	1	10
empleadores	1	11
mantenido	1	9
básico	1	6
operacional	1	11
avanzado	1	8
imperativos	1	11
mejorado	1	8
expidió	1	7
expedida	1	8
atribuciones	1	12
expide	1	6
retirarlas	1	10
trabaje	1	7
suspenderlas	1	12
consideraron	1	12
marinus	1	7
wiersma	1	7
nigel	1	5
farage	1	6
optan	1	5
motivaciones	1	12
absoluto	1	8
localizaciones	1	14
aprueben	1	8
excluya	1	7
implantadas	1	11
afirmado	1	8
duraderos	1	9
injustificadas	1	14
padecen	1	7
dramas	1	6
indirectos	1	10
escasas	1	7
inexistentes	1	12
ayudas-	1	7
despedido	1	9
ubicaciones	1	11
originales	1	10
realizó	1	7
desarrollada	1	12
encargue	1	8
creados	1	7
dirigir	1	7
adaptando	1	9
vecinas	1	7
supediten	1	9
vinculen	1	8
sólidas	1	7
incumplan	1	9
perennidad	1	10
anime	1	5
concentrar	1	10
choques	1	7
semejanza	1	9
dispositivo	1	11
sancione	1	8
severidad	1	9
trasladen	1	9
fronterizas	1	11
puntual	1	7
impresiona	1	10
profundamente	1	13
adoptando	1	9
verificadas	1	11
temores	1	7
proporcionalmente	1	17
ejercidas	1	9
supuestamente	1	13
mella	1	5
entrañan	1	8
reclasificación	1	15
macroeconómico	1	14
hablar	1	6
proporcionarnos	1	15
consultar	1	9
plasman	1	7
especificidades	1	15
dedicado	1	8
calculado	1	9
délocalisations	1	15
et	1	2
réductions	1	10
d'effectifs	1	11
dans	1	4
l'industrie	1	11
française	1	9
inse	1	4
suprimieron	1	11
suprimidos	1	10
emergentes	1	10
destinos	1	8
delante	1	7
áfrica	1	6
sudamérica	1	10
asiáticos	1	9
ligeramente	1	11
aquélla	1	7
realiza	1	7
abogar	1	6
prohíba	1	7
provocaría	1	10
inmovilista	1	11
reelaborar	1	10
proclama	1	8
solidario	1	9
compensa	1	8
productiva	1	10
amenacen	1	8
ubicada	1	7
orientarse	1	10
diagnóstico	1	11
exacto	1	6
idónea	1	6
encargando	1	10
cifrar	1	6
neutralizar	1	11
firmarían	1	9
rellene	1	7
marcharse	1	9
parezca	1	7
dejando	1	7
desolación	1	10
instalarse	1	10
instalen	1	8
bastará	1	7
simplemente	1	11
disfrutan	1	9
colaborar	1	9
consiguen	1	9
disminuyendo	1	12
amenazan	1	8
admitimos	1	9
estaremos	1	9
importar	1	8
chino	1	5
indio	1	5
seguimos	1	8
apegados	1	8
cualitativamente	1	16
atreverse	1	9
inscrito	1	8
raymond	1	7
langendries	1	11
lou	1	3
mcdonald	1	8
mantovani	1	9
lancker	1	7
ecologización	1	13
ejecutadas	1	10
reunido	1	7
office	1	6
national	1	8
des	1	3
forêts	1	6
onf	1	3
cuestionados	1	12
entienden	1	9
avanzando	1	9
subnacionales	1	13
pfn	1	3
cambiado	1	8
destacada	1	9
dedicaron	1	9
destinó	1	7
saneamiento	1	11
masas	1	5
dañadas	1	7
parásitos	1	9
dañinos	1	7
silvestre	1	9
coloniza	1	8
espacios	1	8
cinegético	1	10
lamentando	1	10
señalando	1	9
expresando	1	10
monocultivo	1	11
propensas	1	9
eucalipto	1	9
latitudes	1	9
templadas	1	9
acogiendo	1	9
almacenado	1	10
sumideros	1	9
neutros	1	7
amplían	1	7
neutra	1	6
sosteniblels	1	12
ralentizar	1	10
sustitutivo	1	11
excedentarias	1	13
altura	1	6
imposiciones	1	12
desproporcionadas	1	17
propietario	1	11
obstaculicen	1	12
observando	1	10
precedente	1	10
6º	1	2
exigen	1	6
traten	1	6
insistió	1	8
comprometieron	1	14
fnub	1	4
celebrará	1	9
jurídicamente	1	13
idóneo	1	6
coordinado	1	10
implicaría	1	10
unitario	1	8
doten	1	5
apreciación	1	11
interservicios	1	14
practicada	1	10
vertical	1	8
englobe	1	7
designe	1	7
ocuparía	1	8
incidan	1	7
plurifuncionalidad	1	18
atmósfera	1	9
tenderse	1	8
caminos	1	7
frecuentación	1	13
quemado	1	7
especulación	1	12
fiscalías	1	9
delitos	1	7
dinamizar	1	9
deficiente	1	10
repoblación	1	11
limítrofes	1	10
parajes	1	7
vinculación	1	11
talas	1	5
fiscalmente	1	11
concentraciones	1	15
voluntarias	1	11
autosuficiencia	1	15
setas	1	5
bayas	1	5
abarque	1	7
compensados	1	11
iniciada	1	8
ofrecidos	1	9
leonardo	1	8
erasmus	1	7
informativas	1	12
fsc	1	3
pefc	1	4
respondía	1	9
siglo	1	5
situó	1	5
listón	1	6
ligadas	1	7
dinamismo	1	9
pre	1	3
ente	1	4
jamás	1	5
décadas	1	7
máxime	1	6
comprenderse	1	12
conoce	1	6
histórico	1	9
esboza	1	6
desprenden	1	10
conforman	1	9
versa	1	5
explota	1	7
brundtland	1	10
titularidad	1	11
entabló	1	7
reticencia	1	10
sostenida	1	9
incluyó	1	7
inicios	1	7
asistemáticos	1	13
proponía	1	8
preveía	1	7
rechazada	1	9
intento	1	7
cauta	1	5
representó	1	10
inflexión	1	9
limitó	1	6
supuso	1	6
contenían	1	9
referidas	1	9
forestación	1	11
completó	1	8
genéticos	1	9
definitivo	1	10
eurofor	1	7
reforzamiento	1	13
depararon	1	9
valora	1	6
estructurado	1	12
participara	1	11
guiado	1	6
ajustadas	1	9
esquema	1	7
compite	1	7
conlleve	1	8
temor	1	5
carente	1	7
infundado	1	9
descritas	1	9
elaborarse	1	10
detener	1	7
multifactorial	1	14
conciernen	1	10
bastantes	1	9
perjudicado	1	11
afectarán	1	9
confiarle	1	9
rigurosas	1	9
convertir	1	9
paisajística	1	12
únicas	1	6
convierten	1	10
reciclable	1	10
alargar	1	7
propensos	1	9
eucaliptos	1	10
grueso	1	6
investigue	1	10
aplicarlo	1	9
ocasionado	1	10
sami	1	4
consuetudinarios	1	16
sonik	1	5
maciej	1	6
grabowski	1	9
martinez	1	8
millas	1	6
generalizadas	1	13
recabe	1	6
salvaguarde	1	11
recomendado	1	11
continuara	1	10
hicieran	1	8
prolongaran	1	11
indicó	1	6
resultaría	1	10
condujera	1	9
deseables	1	9
merluza	1	7
atlántica	1	9
rape	1	4
carbonero	1	9
alemanas	1	8
notar	1	5
restricción	1	11
metros	1	6
pescan	1	6
demersales	1	10
pida	1	4
asesoría	1	8
caballos	1	8
cerrado	1	7
estudiara	1	9
rac	1	3
experimental	1	12
diseñen	1	7
permitida	1	9
ejemplar	1	8
describe	1	8
haliéuticos	1	11
estudiando	1	10
costera	1	7
dragado	1	7
reconociéndose	1	14
causan	1	6
trófica	1	7
requerirían	1	11
penalizar	1	9
activar	1	7
subvencionar	1	12
reproduzcan	1	11
fantasma	1	8
estrecho	1	8
perjudicial	1	11
investigaciones	1	15
contrapuestos	1	13
superfluas	1	10
aproveche	1	9
cerradas	1	8
implementarlas	1	14
sustento	1	8
acuáticos	1	9
progresivo	1	10
aseguran	1	8
insostenible	1	12
origina	1	7
desechan	1	8
muertos	1	7
descartando	1	11
paño	1	4
malla	1	5
cuadrado	1	8
zafarse	1	7
afrontó	1	7
pilotos	1	7
debían	1	6
caladeros	1	9
abordarse	1	9
desempeñará	1	11
productivos	1	11
alterar	1	7
noroeste	1	8
semejantes	1	10
creíbles	1	8
obviamente	1	10
evaluarse	1	9
integra	1	7
especie	1	7
contraproducentes	1	17
institutos	1	10
7º	1	2
aislado	1	7
desembarco	1	10
asumiendo	1	9
estableciendo	1	13
despilfarro	1	11
flotas	1	6
profundas	1	9
cobijan	1	7
rica	1	4
desbordamiento	1	14
huevas	1	6
larvas	1	6
reproductivo	1	12
subrayarse	1	10
concluyente	1	11
interacción	1	11
extracción	1	10
clasificarse	1	12
capturado	1	9
incidentalmente	1	15
asocia	1	6
descarta	1	8
inducida	1	8
inmaduros	1	9
nulo	1	4
conllevan	1	9
complementados	1	14
ultrasonidos	1	12
pequeños	1	8
acústicos	1	9
disuadir	1	8
delfines	1	8
paneles	1	7
escape	1	6
rejilla	1	7
metálica	1	8
cetáceos	1	8
fondeo	1	6
accidentales	1	12
tortugas	1	8
desembarques	1	12
sobrepasando	1	12
descartarse	1	11
desembarcarse	1	13
urgentemente	1	12
reevaluación	1	12
legalmente	1	10
complementariamente	1	19
barcos	1	6
teledetección	1	13
sanas	1	5
inevitablemente	1	15
active	1	6
asociar	1	7
impulsado	1	9
marcos	1	6
idóneos	1	7
mostrar	1	7
ambiciosa	1	9
domésticos	1	10
eliminarse	1	10
descentralizadas	1	16
doblar	1	6
vinculantes	1	11
partirá	1	7
delimite	1	8
presentarlos	1	12
instará	1	7
inequívoco	1	10
agilización	1	11
recaerá	1	7
encubierto	1	10
reduciéndose	1	12
paulatinamente	1	14
sistemático	1	11
aceleración	1	11
emplean	1	7
extendiendo	1	11
persecución	1	11
rentables	1	9
generadas	1	9
remota	1	6
mutualización	1	13
impondrán	1	9
procurarán	1	10
dominen	1	7
incrementarán	1	13
margine	1	7
colabore	1	8
amenazada	1	9
drástico	1	8
fluctuación	1	11
uranio	1	6
finitas	1	7
dados	1	5
dista	1	5
agotado	1	7
relaciona	1	9
meteórica	1	9
picos	1	5
eléctrico	1	9
invierno	1	8
verano	1	6
forzarse	1	8
reemplazar	1	10
facturó	1	7
infrautilizado	1	14
cálculos	1	8
crease	1	6
comenzado	1	9
cualificados	1	12
sol	1	3
viento	1	6
colmar	1	6
previsiblemente	1	15
baste	1	5
considerarlo	1	12
alcanzarse	1	10
redoblan	1	8
lento	1	5
enuncie	1	7
exigió	1	6
respaldo	1	8
obliga	1	6
planteada	1	9
resultará	1	9
vigilar	1	7
incentivadores	1	14
instaurarse	1	11
crucial	1	7
netamente	1	9
briquetas	1	9
aglomerado	1	10
gratuitas	1	9
logren	1	6
imparte	1	7
respondió	1	9
abrió	1	5
horizontes	1	10
basaron	1	7
surge	1	5
garantizaría	1	12
elaboration	1	11
based	1	5
data	1	4
forecasted	1	10
technologies	1	12
implementation	1	14
promote	1	7
will	1	4
impact	1	6
amount	1	6
investments	1	11
made	1	4
order	1	5
least	1	5
billion	1	7
needed	1	6
over	1	4
period	1	6
if	1	2
whole	1	5
same	1	4
level	1	5
today	1	5
we	1	2
would	1	5
operation	1	9
mw	1	2
providing	1	9
twh	1	3
replacing	1	9
substantial	1	11
amounts	1	7
precious	1	8
fossil	1	6
instead	1	7
current	1	7
less	1	4
inhabitants	1	11
many	1	4
high	1	4
potential	1	9
much	1	4
below	1	5
taken	1	5
off	1	3
greece	1	6
surface	1	7
nearly	1	6
million	1	7
compared	1	8
around	1	6
german	1	6
market	1	6
three	1	5
spain	1	5
among	1	5
member	1	6
states	1	6
stands	1	6
out	1	3
about	1	5
communication	1	13
commission	1	10
parliament	1	10
enlarged	1	8
country	1	7
update	1	6
reports	1	7
wgc	1	3
introduction	1	12
renewables	1	10
significant	1	11
employment	1	10
main	1	4
effects	1	7
were	1	4
during	1	6
last	1	4
four	1	4
years	1	5
ministry	1	8
environment	1	11
allocation	1	10
estif	1	5
targets	1	7
ie	1	2
half	1	4
set	1	3
book	1	4
biofuels	1	8
other	1	5
transport	1	9
missing	1	7
projection	1	10
sees	1	4
production	1	10
which	1	5
means	1	5
quarter	1	7
generation	1	10
provided	1	8
frameworks	1	10
introduced	1	10
graph	1	5
price	1	5
oil	1	3
purposes	1	8
wood	1	4
pellets	1	7
iwo	1	3
österreich	1	10
tecson	1	6
gmbh	1	4
ökowärme	1	8
aneja	1	5
lenaerts	1	8
nuffel	1	6
sweet	1	5
maxwell	1	7
londres	1	7
explotará	1	9
procurando	1	10
dominique	1	9
vlasto	1	6
definida	1	8
intensificado	1	13
entendido	1	9
supremacía	1	10
compiten	1	8
conducente	1	10
realizable	1	10
pasar	1	5
preservando	1	11
baza	1	4
esbozan	1	7
renunciar	1	9
mostrándose	1	11
dispuesta	1	9
reconozcan	1	10
supervise	1	9
vigile	1	6
proteccionismo	1	14
amortiguar	1	10
configuración	1	13
falsificación	1	13
prosigan	1	8
aceleren	1	8
compromete	1	10
demográfica	1	11
empeño	1	6
cooperen	1	8
aspiraciones	1	12
conservado	1	10
liderazgo	1	9
invierten	1	9
india	1	5
flaquezas	1	9
unilateral	1	10
uniones	1	7
seguidas	1	8
cecilia	1	7
malmström	1	9
hartmut	1	7
nassaue	1	7
sieke	1	5
burgr	1	5
enumeran	1	8
expectativas	1	12
comenzarán	1	10
potenciación	1	12
pié	1	3
descriptivos	1	12
recónditas	1	10
desventaja	1	10
desembocará	1	11
separa	1	6
exponen	1	7
adecuarlas	1	10
reinantes	1	9
readaptaciones	1	14
ofreciendo	1	10
extranjeros	1	11
identificabilidad	1	17
conllevarán	1	11
maderero	1	8
exportación	1	11
aprovechará	1	11
continuarse	1	11
preferencias	1	12
semisubsistencia	1	16
humanizado	1	10
sequías	1	7
escasez	1	7
almacenan	1	9
preservan	1	9
previenen	1	9
corrimientos	1	12
situadas	1	8
obstaculizado	1	13
perennizar	1	10
comercios	1	9
acogida	1	7
preescolar	1	10
asequible	1	9
joven	1	5
teletrabajar	1	12
utilizarlos	1	11
recuperarse	1	11
gastronomía	1	11
folclore	1	8
éxodo	1	5
deprimidas	1	10
fortaleza	1	9
recurriendo	1	11
promoverse	1	10
discutirse	1	10
localidades	1	11
temática	1	8
insular	1	7
acreditadas	1	11
convenga	1	8
subregional	1	11
recordamos	1	10
albergan	1	8
complementarse	1	14
centrará	1	8
cuarto	1	6
ascendentes	1	11
rasgos	1	6
caracterizados	1	14
vigorosa	1	8
destinará	1	9
aclaración	1	10
redactará	1	9
elaborarán	1	10
renovada	1	8
nexo	1	4
traducirán	1	10
traducir	1	8
acompañará	1	10
tantas	1	6
incierto	1	8
desestabilizase	1	15
paliadas	1	8
viva	1	4
mariann	1	7
fischer	1	7
boel	1	4
comisaria	1	9
descansa	1	8
lamentable	1	10
conciliarse	1	11
desvinculados	1	13
formulados	1	10
medirse	1	7
ocasional	1	9
exactamente	1	11
declarada	1	9
clarificación	1	13
dirigen	1	7
proporciones	1	12
asignadas	1	9
generarán	1	9
alineada	1	8
integradoras	1	12
resultante	1	10
clase	1	5
confusa	1	7
ignorar	1	7
proyectarse	1	11
acercarlos	1	10
identificado	1	12
p5_ta	1	5
vejez	1	5
palabra	1	7
aparece	1	7
inglesa	1	7
continente	1	10
dispersión	1	10
granja	1	6
dinámicos	1	9
duales	1	6
cadenas	1	7
ventas	1	6
reciclaje	1	9
desprendimiento	1	15
cercanas	1	8
ocio	1	4
atracción	1	9
insularidad	1	11
transmisores	1	12
atlas	1	5
pormenores	1	10
pluralidad	1	10
entienda	1	8
rechazarlo	1	10
ulteriormente	1	13
notificados	1	11
redactarse	1	10
inspira	1	7
insertan	1	8
desplegados	1	11
mainstrat	1	9
subrayan	1	8
bloqueo	1	7
observados	1	10
elaborada	1	9
devolverlo	1	10
orientan	1	8
léxico	1	6
comunicadas	1	11
resuelto	1	8
precisarse	1	10
notifica	1	8
traslada	1	8
precisara	1	9
limitarla	1	9
mecánicas	1	9
solucionar	1	10
fuegos	1	6
argumentando	1	12
proponiendo	1	11
oficiosamente	1	13
mantuvo	1	7
tripartito	1	10
reunió	1	6
cubierta	1	8
sometió	1	7
quedó	1	5
idéntico	1	8
precoz	1	6
nocivo	1	6
padece	1	6
identificable	1	13
aceptaron	1	9
satisfactorias	1	14
fructífero	1	10
vicepresidentea	1	15
p3	1	2
p6	1	2
proinsias	1	9
rossa	1	5
jiří	1	4
maštálka	1	8
ursula	1	6
stenzel	1	7
catastróficas	1	13
meteorológicas	1	14
multiplicado	1	12
prerrequisitos	1	14
humedales	1	9
frágiles	1	8
contaminaciones	1	15
eximir	1	6
contamina	1	9
paga	1	4
militares	1	9
muestras	1	8
aportaría	1	9
incrementaría	1	13
incumbe	1	7
ayuntamientos	1	13
devastador	1	10
interactuarán	1	13
expirará	1	8
incidente	1	9
alertas	1	7
actualizado	1	11
lejanas	1	7
hipótesis	1	9
encuadradas	1	11
pericia	1	7
equipamientos	1	13
conectados	1	10
habilidad	1	9
restablecerse	1	13
estrechos	1	9
estructurada	1	12
continuada	1	10
limitarán	1	9
echo	1	4
armónico	1	8
emprenderán	1	11
apoyadas	1	8
insatisfactoria	1	15
suprimirá	1	9
exigirá	1	7
liquidación	1	11
tsunami	1	7
violento	1	8
ciclón	1	6
tropical	1	8
luisiana	1	8
misisipi	1	8
devastadoras	1	12
destruido	1	9
tantos	1	6
recordatorios	1	13
inmediato	1	9
ceeuratom	1	9
activarse	1	9
nucleares	1	9
liechtenstein	1	13
noruega	1	7
islandia	1	8
preventiva	1	10
expira	1	6
incurran	1	8
remediación	1	11
inteligencia	1	12
aduciendo	1	9
preponderante	1	13
importantísimo	1	14
separarse	1	9
inundación	1	10
cubre	1	5
extienda	1	8
decidido	1	8
dejarán	1	7
incluirlas	1	10
accidental	1	10
radiológico	1	11
costeros	1	8
acordada	1	8
terminología	1	12
conexa	1	6
doctrina	1	8
fundarse	1	8
recaer	1	6
recurra	1	7
indicativos	1	11
estimaciones	1	12
examinase	1	9
integrarse	1	10
estriba	1	7
fundamentos	1	11
supletorios	1	11
subjetiva	1	9
supra	1	5
aps	1	3
dispositiva	1	11
intrínsecamente	1	15
marek	1	5
aleksander	1	10
czarnecki	1	9
desarrollando	1	13
logística	1	9
instó	1	5
preparando	1	10
enviarse	1	8
recíproca	1	9
controlarán	1	11
superarán	1	9
desfavorables	1	13
cumplirá	1	8
logrará	1	7
interrelacionados	1	17
antoine	1	7
duquesne	1	8
elly	1	4
groenkouwenhoven	1	16
timothy	1	7
kirkhope	1	8
lax	1	3
liam	1	4
aylward	1	7
callanan	1	8
isler	1	5
béguin	1	6
marios	1	6
matsakis	1	8
wijkman	1	7
kartika	1	7
tamara	1	6
liotard	1	7
alojz	1	5
peterle	1	7
reconocen	1	9
espiritual	1	10
moral	1	5
vestuario	1	9
afrontando	1	10
definió	1	7
asumieron	1	9
sensible	1	8
derroche	1	8
individuos	1	10
hacerlos	1	8
reafirmando	1	11
universalidad	1	13
interesa	1	8
altas	1	5
elocuentes	1	10
rayanas	1	7
continúan	1	9
ralentización	1	13
aparejada	1	9
coloca	1	6
agrava	1	6
desocupación	1	12
acuciantes	1	10
ampliarse	1	9
sumidas	1	7
ocasionales	1	11
enfermas	1	8
discapacitadas	1	14
discapacitados	1	14
mantenerlo	1	10
desajustes	1	10
intercambien	1	12
abandonen	1	9
prematuramente	1	14
mejoren	1	7
idiomas	1	7
facilitándoles	1	14
modesto	1	7
obvio	1	5
recualificación	1	15
repetida	1	8
report	1	6
card	1	4
ayudan	1	6
expongan	1	8
pasos	1	5
acelere	1	7
entramado	1	9
juvenil	1	7
subdesarrolladas	1	16
permanezcan	1	11
atípico	1	7
segregación	1	11
sexos	1	5
abordable	1	9
ceses	1	5
maternidad	1	10
permisos	1	8
parentales	1	10
penalizados	1	11
trafican	1	8
favorezca	1	9
atiendan	1	8
proporcionándoles	1	17
cultivar	1	8
generaría	1	9
capacitadas	1	11
seguirla	1	8
socioambientales	1	16
antidiscriminación	1	18
apreciar	1	8
obligan	1	7
autoempleo	1	10
aceptan	1	7
demográficas	1	12
reintegración	1	13
socialmente	1	11
gravar	1	6
gravan	1	6
gravámenes	1	10
orientados	1	10
corrobora	1	9
generalizado	1	12
costosos	1	8
carezcan	1	8
ordinaria	1	9
centrando	1	9
porcentajes	1	11
esperanza	1	9
viudas	1	6
ven	1	3
arrastradas	1	11
legitimice	1	10
democráticamente	1	16
entablen	1	8
escoger	1	7
incondicional	1	13
trasfondo	1	9
generalidades	1	13
instauró	1	8
bianuales	1	9
naps	1	4
transformará	1	12
integrador	1	10
incrementando	1	13
abonando	1	8
centran	1	7
alumnos	1	7
escolaridad	1	11
solteras	1	8
rozan	1	5
eslovaca	1	8
grecia	1	6
abortada	1	8
criado	1	6
drogadicción	1	12
alcoholismo	1	11
desfavorecimiento	1	17
trampa	1	6
propósitos	1	10
sostenidos	1	10
amenazados	1	10
concertado	1	10
abandonos	1	9
prematuros	1	10
fricciones	1	10
educativas	1	10
suscribir	1	9
prolongación	1	12
migrantes	1	9
remedia	1	7
adquieren	1	9
inadecuadas	1	11
ancho	1	5
remedio	1	7
educativa	1	9
acusan	1	6
modernizados	1	12
precariedad	1	11
comparado	1	9
desembolso	1	10
discapacidades	1	14
potente	1	7
articularse	1	11
colocaciones	1	12
mal	1	3
experimenta	1	11
articulen	1	9
ilustrarlo	1	10
basta	1	5
espectaculares	1	14
adversas	1	8
acumulativo	1	11
crían	1	5
suele	1	5
deterioran	1	10
potencialidades	1	15
agravada	1	8
trivialización	1	14
impunidad	1	9
diputadas	1	9
gender	1	6
mainstreaming	1	13
desglosados	1	11
otorgue	1	7
monoparental	1	12
paro	1	4
hermanos	1	8
cabeza	1	6
crecen	1	6
escolares	1	9
contrataciones	1	14
longevidad	1	10
abandonado	1	10
acoger	1	6
alojamiento	1	11
aborden	1	7
corresponderse	1	14
actitudes	1	9
roces	1	5
malentendidos	1	13
dificulten	1	10
registrando	1	11
siiri	1	5
oviir	1	5
45ce	1	4
juntos	1	6
relanzamiento	1	13
claves	1	6
proclamar	1	9
caracteriza	1	11
providencia	1	11
hundir	1	6
evolucionan	1	11
mutaciones	1	10
inevitables	1	11
previsibles	1	11
revoluciones	1	12
inesperadas	1	11
asumidas	1	8
padecidas	1	9
mutación	1	8
súbito	1	6
forzado	1	7
intrasectorial	1	14
vuelven	1	7
reagrupación	1	12
sitúa	1	5
compartiendo	1	12
instando	1	8
entran	1	6
primordiales	1	12
insuficientemente	1	17
desean	1	6
validación	1	10
acervos	1	7
sabiendo	1	8
recibida	1	8
negociados	1	10
expiden	1	7
administra	1	10
erm	1	3
transversal	1	11
retrocesos	1	10
dialogando	1	10
especulativas	1	13
plusvalías	1	10
inmorales	1	9
depredadoras	1	12
mediadores	1	10
continuos	1	9
mide	1	4
societas	1	8
patente	1	7
debatiendo	1	10
adaptada	1	8
ambición	1	8
imprevistos	1	11
alimentar	1	9
socio	1	5
terciarias	1	10
intersectoriales	1	16
reconversiones	1	14
peligrosas	1	10
dedicarles	1	10
reestructurada	1	14
detectan	1	8
patologías	1	10
médicas	1	7
trastornos	1	10
psicológicos	1	12
registra	1	8
sufrido	1	7
individualizada	1	15
condena	1	7
prejubilación	1	13
conlleva	1	8
absurdo	1	7
penuria	1	7
desvíen	1	7
especulativos	1	13
busca	1	5
recae	1	5
mac	1	3
reformen	1	8
reorientarlas	1	13
justificadas	1	12
fragilizados	1	12
autoricen	1	9
células	1	7
fueren	1	6
asalariado	1	10
avancen	1	7
atípicas	1	8
concederles	1	11
británica	1	9
enfrentadas	1	11
emcc	1	4
ventanilla	1	10
ocurridas	1	9
corriente	1	9
inmediatos	1	10
breves	1	6
terciarización	1	14
evidentes	1	9
occidental	1	10
productivo	1	10
reducciones	1	11
desencadenantes	1	15
interdependientes	1	17
referidos	1	9
siderúrgico	1	11
movilizarse	1	11
proactivo	1	9
situarse	1	8
adaptabilidad	1	13
cimentarse	1	10
emprenderse	1	11
consideramos	1	12
lamentamos	1	10
desgracia	1	9
vaga	1	4
imprevistas	1	11
encuadrar	1	9
evitarlas	1	9
referida	1	8
hacerla	1	7
seguirles	1	9
proponerles	1	11
dumping	1	7
retroceso	1	9
desvelos	1	8
nuestras	1	8
bennahmias	1	10
spautz	1	6
tratándose	1	10
confusión	1	9
atribuida	1	9
demostradas	1	11
distingue	1	9
geográficas	1	11
fundamentada	1	12
indicarán	1	9
comiencen	1	9
samuelsen	1	9
divide	1	6
forum	1	5
mire	1	4
cardiff	1	7
decisivas	1	9
innovador	1	9
zaga	1	4
habitante	1	9
aumenten	1	8
duplicado	1	9
servidas	1	8
mejorados	1	9
estimule	1	8
indirectas	1	10
frecuencias	1	11
armonizadas	1	11
criterio	1	8
pasivos	1	7
transformarlos	1	14
prospectiva	1	11
neutralidad	1	11
desfase	1	7
transformar	1	11
potencias	1	9
definiendo	1	10
exhaustivos	1	11
decididamente	1	13
aislándose	1	10
estimulación	1	12
reclama	1	7
pervivencia	1	11
beneficiaran	1	12
desempeñen	1	10
persiga	1	7
generalización	1	14
dispuestos	1	10
sencilla	1	8
inalámbrica	1	11
digitalización	1	14
cambie	1	6
proveedor	1	9
comprometida	1	12
reducirán	1	9
productor	1	9
plagiados	1	9
intentos	1	8
crecientes	1	10
proteccionista	1	14
enisa	1	5
televisiva	1	10
llamada	1	7
suprimiendo	1	11
evolucionando	1	13
vale	1	4
euronews	1	8
requeriría	1	10
regularse	1	9
cambia	1	6
rectificación	1	13
cuidando	1	8
subastas	1	8
retrasarán	1	10
telefonía	1	9
repita	1	6
espectros	1	9
radioeléctricos	1	15
reglamentarios	1	14
jornada	1	7
provisional	1	11
panorama	1	8
pci	1	3
empresaria	1	10
creadas	1	7
elevar	1	6
ngn	1	3
exponiéndose	1	12
incentivarse	1	12
cívicas	1	7
interoperatividad	1	17
decisorio	1	9
sensibilice	1	11
explicándose	1	12
estimulándose	1	13
convienen	1	9
prontitud	1	9
excluido	1	8
exponencial	1	11
presentarán	1	11
colocará	1	8
prepararnos	1	11
encontrará	1	10
sufrirá	1	7
conformar	1	9
adivinar	1	8
conserve	1	8
ventajosa	1	9
paralelos	1	9
telefónicas	1	11
trayendo	1	8
igualará	1	8
seremos	1	7
testigos	1	8
surgirá	1	7
society	1	7
lógicamente	1	11
accidente	1	9
latas	1	5
conservas	1	9
anunciarán	1	10
avisarán	1	8
automáticamente	1	15
silencio	1	8
cine	1	4
portátil	1	8
llaves	1	6
monedero	1	8
quejarán	1	8
fábricas	1	8
oficinas	1	8
inteligentes	1	12
prospectivo	1	11
mirar	1	5
espejo	1	6
retrovisor	1	10
analiza	1	7
insistencia	1	11
obsoleta	1	8
dominan	1	7
cotidiana	1	9
seamos	1	6
confíen	1	7
rentable	1	8
podremos	1	8
partiendo	1	9
desmaterialización	1	18
fábrica	1	7
fabrica	1	7
inmaterialización	1	17
amaterialización	1	16
viajes	1	6
videoconferencias	1	17
justificaría	1	12
vemos	1	5
rápidas	1	7
quiera	1	6
inalámbricas	1	12
ignoró	1	6
spectrum	1	8
reventas	1	8
filosóficas	1	11
quién	1	5
pertenece	1	9
llevada	1	7
vengan	1	6
ocurriera	1	9
guiaría	1	7
utilizador	1	10
nacer	1	5
medirá	1	6
desconfianza	1	12
certidumbre	1	11
christopher	1	11
beazley	1	7
descamps	1	8
jolanta	1	7
dičkutė	1	7
vasco	1	5
graça	1	5
moura	1	5
herrerotejedor	1	14
bernat	1	6
marí	1	4
doris	1	5
pack	1	4
prets	1	5
matteo	1	6
salvini	1	7
sifunakis	1	9
hannu	1	5
takkula	1	7
wise	1	4
tomáš	1	5
zatloukal	1	9
recurran	1	8
femenina	1	8
públicoprivadas	1	15
benoît	1	6
hamon	1	5
attardmontalto	1	14
instauran	1	9
reestructura	1	12
actualizadas	1	12
parecen	1	7
situar	1	6
ahorren	1	7
acortando	1	9
descentralizando	1	16
interdisciplinaria	1	18
industrialización	1	17
aumentarán	1	10
autóctonos	1	10
algodón	1	7
índices	1	7
estimulando	1	11
retorno	1	7
recomendable	1	12
recurren	1	8
aduaneras	1	9
alternancia	1	11
ecocondicionalidad	1	18
fertilidad	1	10
lana	1	4
estiércol	1	9
desechos	1	8
matadero	1	8
comprenden	1	10
producidos	1	10
oleaginosas	1	11
aceites	1	7
residuales	1	10
doméstica	1	9
sitúan	1	6
adherirán	1	9
recibirán	1	9
alentarles	1	10
aprovechen	1	10
horizontales	1	12
alternativos	1	12
aquéllos	1	8
recopile	1	8
colectivas	1	10
reproducir	1	10
anunciado	1	9
inconvenientes	1	14
biodiesel	1	9
térmica	1	7
eléctrica	1	9
contraídos	1	10
obligatoriedad	1	14
caracterizada	1	13
operativos	1	10
conduzcan	1	9
encarecimiento	1	14
empeore	1	7
dedicadas	1	9
biogás	1	6
elimine	1	7
disociar	1	8
phasingin	1	9
separar	1	7
garantizándoles	1	15
degradación	1	11
importadas	1	10
incontrolada	1	12
invasivos	1	9
reducen	1	7
integren	1	8
automovilística	1	15
petrolero	1	9
sustituyan	1	10
aislantes	1	9
lino	1	4
cáñamo	1	6
fósil	1	5
medicinales	1	11
vacunas	1	7
insecticidas	1	12
cosméticos	1	10
hipoalergénicos	1	15
textiles	1	8
oriente	1	7
masiva	1	6
leñosas	1	7
sauce	1	5
álamo	1	5
herbáceas	1	9
poáceas	1	7
óptimas	1	7
transformadores	1	15
biorefinerías	1	13
integral	1	8
sensibilicen	1	12
prometedores	1	12
cautela	1	7
absorción	1	9
selvas	1	6
vírgenes	1	8
onerosas	1	8
hidrógeno	1	9
abaratamiento	1	13
caros	1	5
ahí	1	3
compitan	1	8
dignas	1	6
verán	1	5
conducirá	1	9
utilizándolas	1	13
preservarían	1	12
legado	1	6
cultivarse	1	10
agronómicas	1	11
ej.	1	3
duro	1	4
irrigación	1	10
asociados	1	9
autorizan	1	9
agricultor	1	10
asciende	1	8
monte	1	5
miscanthus	1	10
utilizaron	1	10
absorbe	1	7
proporcionado	1	13
plantación	1	10
inagotables	1	11
eólica	1	6
derivada	1	8
subrayaba	1	9
equilibrados	1	12
racionales	1	10
enmarquen	1	9
intensificaran	1	14
voluntaria	1	10
dedicar	1	7
abordará	1	8
derivado	1	8
líder	1	5
competir	1	8
barato	1	6
proalcool	1	9
encima	1	6
mezclado	1	8
nox	1	3
aldehídos	1	9
semestre	1	8
seguirse	1	8
aranceles	1	9
syngas	1	6
lignocelulósico	1	15
oleaginosos	1	11
destina	1	7
tensioactivos	1	13
solventes	1	9
linóleo	1	7
soja	1	4
girasol	1	7
linaza	1	6
biolubricantes	1	14
semillas	1	8
híbridos	1	8
importación	1	11
barata	1	6
indonesia	1	9
adhesivos	1	9
colas	1	5
agroquímicos	1	12
maíz	1	4
destinan	1	8
pequeño	1	7
mostaza	1	7
amapola	1	7
sésamo	1	6
tomillo	1	7
lavanda	1	7
menta	1	5
farmacéuticos	1	13
sabores	1	7
biocidas	1	8
fragancias	1	10
adoptara	1	8
participando	1	12
llamaba	1	7
prosiga	1	7
decrecer	1	8
subrayaron	1	10
desincentivada	1	14
incentivada	1	11
sugerido	1	8
genera	1	6
beneficioso	1	11
concentraran	1	12
agradecimiento	1	14
desplazaron	1	11
lutz	1	4
goepel	1	6
diamanto	1	8
manolakou	1	9
jeffrey	1	7
titford	1	7
obtienen	1	8
agrupado	1	8
expresado	1	9
estructuración	1	14
señores	1	7
señoras	1	7
hoyer	1	5
nyrup	1	5
francescato	1	11
maes	1	4
bertinotti	1	10
kaminski	1	8
bayrou	1	6
ruttelli	1	8
retribución	1	11
prohibido	1	9
superávit	1	9
drásticamente	1	13
encomendó	1	9
instándole	1	10
indicara	1	8
eventuales	1	10
imputable	1	9
practicado	1	10
protagonistas	1	13
confiera	1	8
instancia	1	9
interpuesto	1	11
constituidas	1	12
fundado	1	7
comenzó	1	7
invitación	1	10
asignó	1	6
esbozado	1	8
superfluos	1	10
hiciera	1	7
restante	1	8
entregara	1	9
asegurara	1	9
excedan	1	7
trimestre	1	9
siguiera	1	8
tratara	1	7
convenientemente	1	16
inesperados	1	11
pesan	1	5
fundaciones	1	11
referendos	1	10
revalorizarse	1	13
identidad	1	9
pa_nonleg	1	9
dramáticamente	1	14
ahorrar	1	7
transferir	1	10
excedentes	1	10
inaceptable	1	11
autorizando	1	11
ordenador	1	9
burocracia	1	10
adapten	1	7
equipare	1	8
jenspeter	1	9
bonde	1	5
carnero	1	7
corbett	1	7
dehaene	1	7
panayiotis	1	10
demetriou	1	9
andrew	1	6
duff	1	4
assunção	1	8
esteves	1	7
bronisław	1	9
geremek	1	7
ignasi	1	6
guardans	1	8
cambó	1	5
hannan	1	6
íñigo	1	5
méndez	1	6
vigo	1	4
mölzer	1	6
rihards	1	7
pīks	1	4
hansgert	1	8
poettering	1	10
sousa	1	5
pinto	1	5
stubb	1	5
contribuirían	1	13
mayoritaria	1	11
cotizan	1	7
bolsa	1	5
ofertas	1	7
abusos	1	6
directivos	1	10
sospechosas	1	11
recompra	1	8
estabilización	1	14
cuadros	1	7
concordancia	1	12
nyilvánosan	1	11
működő	1	6
részvénytársaság	1	16
ilíquido	1	8
accionista	1	10
monetarias	1	10
supeditarán	1	11
darla	1	5
atienen	1	7
escritura	1	9
cancelen	1	8
canceladas	1	10
distribuirse	1	12
capitalización	1	14
perjudique	1	10
sustituyen	1	10
creíble	1	7
tesorería	1	9
multipartitas	1	13
contrapartes	1	12
pasivo	1	6
distribuida	1	11
dilución	1	8
suscriba	1	8
solicitando	1	11
