word_form	frequency	length
ja	9005	2
on	4222	2
että	2483	4
euroopan	1692	8
tai	1588	3
artiklan	1206	8
sekä	947	4
ei	922	2
huomioon	870	8
yhteisön	802	8
parlamentin	794	11
perustelu	743	9
jotka	731	5
komission	699	9
olisi	665	5
sen	650	3
pvä	642	3
kohta	628	5
ovat	625	4
ottaa	574	5
myös	561	4
neuvoston	546	9
voidaan	524	7
joka	499	4
mukaisesti	486	10
asetuksen	469	9
ey	466	2
tämän	463	5
kohdan	456	6
se	436	2
eu:n	425	4
komissio	402	8
erityisesti	381	11
ole	370	3
niiden	369	6
voi	354	3
jos	352	3
enemmistö	351	9
kuin	348	4
jotta	346	5
jäsenvaltioiden	342	15
n:o	339	3
kun	338	3
mukaan	336	6
uusi	336	4
ne	330	2
katsoo	324	6
kanssa	321	6
unionin	317	7
lopullisessa	292	12
yhteisen	282	8
alakohta	281	8
koskevan	279	8
voivat	278	6
artikla	275	7
kehottaa	273	8
olleet	271	6
direktiivin	265	11
läsnä	265	5
koskevat	263	8
jonka	261	5
äänestyksessä	258	13
komissiota	254	10
tämä	251	4
artiklassa	247	10
käsittely	244	9
kannan	242	6
yksinkertainen	238	14
eivät	236	5
ilmoitettu	232	10
vain	231	4
esittelijä	229	10
johdantoosan	228	12
istunnossa	225	10
siitä	224	5
sitä	222	4
maaseudun	222	9
kuten	218	5
ehdotuksen	218	10
kohdassa	213	8
liite	204	5
asiasta	204	7
osalta	204	6
perustamissopimuksen	200	20
olla	200	4
parlamentille	198	13
kappale	198	7
pyytää	197	6
yhteydessä	197	10
eri	194	3
parlamentti	188	11
koska	186	5
ety	185	3
korostaa	185	8
tässä	184	5
joita	181	5
jäsenten	180	8
päätös	180	6
art	177	3
tarkistukset	175	12
joilla	175	6
valiokunta	175	10
kuitenkin	174	9
joiden	173	6
muiden	172	6
oltava	171	6
jälkeen	171	7
pitää	170	5
lisäksi	169	7
jo	167	2
prosenttia	165	10
mikäli	165	6
kannalta	163	8
neuvostolle	162	11
varten	162	6
toiminnan	161	9
tehty	158	5
jolla	156	5
ey:n	153	4
ehdotus	153	7
siihen	153	6
päivänä	152	7
lausunto	152	8
vuoden	149	6
jossa	149	5
elintarvikkeiden	149	16
avulla	147	6
koskevien	144	9
koskeva	143	7
ehdotuksesta	141	12
mutta	141	5
vuoksi	141	6
komissiolle	140	11
perusteella	140	11
koskevia	139	8
pitäisi	139	7
eikä	138	4
antaa	137	5
sisältää	137	8
annettu	136	7
asetuksessa	135	11
esimerkiksi	134	11
jota	134	4
tasolla	133	7
siten	133	5
tärkeää	132	7
aikana	132	6
siksi	131	5
sovelletaan	130	11
s.	129	2
vielä	129	5
annetun	127	7
pyritään	127	8
näin	125	4
näiden	125	6
kaikki	125	6
alalla	125	6
otetaan	124	7
jäsenet	124	7
jäsenvaltion	124	12
tällä	124	5
hyväksymiseksi	122	14
esittää	122	7
väittämä	122	8
kaikkien	121	8
tehdä	120	5
niitä	120	5
ensimmäinen	119	11
käyttöön	119	8
hyväksytty	119	10
sillä	119	5
tätä	119	4
jäsenvaltiot	119	12
ennen	118	5
koskee	118	6
otsikko	117	7
valmistelija	116	12
osa	115	3
asetukseksi	115	11
wto:n	115	5
toimien	114	7
vuonna	114	6
edellä	113	6
neuvosto	113	8
lainsäädännön	111	13
jäsenvaltioissa	109	15
muun	109	4
toimia	109	6
vastaava	108	8
toinen	107	6
joissa	107	6
tähän	107	5
edistää	107	7
perustuu	106	8
työjärjestyksen	106	15
mikä	106	4
markkinoille	105	12
mitä	104	4
otettava	103	8
valiokunnat	103	11
enintään	103	8
liittyvät	102	9
mennessä	102	8
tarvittaessa	101	12
de	101	2
alueella	101	8
vähintään	100	9
päätöksen	100	9
menettely	99	9
maiden	99	6
ottaen	99	6
tavoitteiden	99	12
yritysten	98	9
vastaan	97	7
nämä	97	4
olevan	97	6
saa	96	3
miten	96	5
tavalla	95	7
uusia	95	5
yhteistyö	94	9
valiokunnan	94	11
lausunnon	94	9
käytetään	93	9
alueiden	93	8
tukea	92	5
jäsenvaltioita	92	14
voitaisiin	91	10
sopimuksen	91	10
muita	91	5
käyttää	91	7
tarkistus	90	9
määrä	90	5
nimitetty	89	9
valiokuntakäsittely	89	19
lopullisen	89	10
niin	89	4
varajäsenet	88	11
käsiteltäväksi	88	14
lissabonin	88	10
luonnos	87	7
mahdollisimman	87	14
poistetaan	87	10
kyseisen	86	8
ensimmäisen	86	11
ravitsemus-	86	11
euroa	86	5
maatalouden	86	11
äänestyksen	85	11
tulos	85	5
virallisessa	85	12
lehdessä	85	8
asetus	85	6
säännösten	85	10
kaupan	85	6
sijaiset	84	8
saatavilla	84	10
kansallisten	84	12
naisten	84	7
ollen	83	5
ainoastaan	83	10
julkisen	83	8
tarkistamiseksi	82	15
yksi	82	4
eurooppalaisen	82	14
olevien	81	7
saada	80	5
uuden	80	5
tiedot	80	6
edelleen	80	8
toimet	80	6
välillä	79	7
ympäristön	79	10
taloudellisen	79	13
hankkeiden	79	10
hylkäämiseksi	78	13
annetaan	78	8
tarkistuksella	78	14
luetelmakohta	78	13
käytön	78	6
eyvl	77	4
syrjinnän	77	9
muut	77	4
terveysväittämien	77	17
uusiutuvien	77	11
ensimmäisessä	76	13
koko	76	4
a.	76	2
talousarvion	76	12
koskevista	75	10
selvästi	75	8
tapauksissa	75	11
edellyttää	75	10
tarpeen	75	7
tehtävä	75	7
kehityksen	75	10
erittäin	75	8
toimikauden	75	11
mahdollisuuksia	74	15
puolesta	74	8
toteaa	74	6
varmistaa	74	9
täytäntöön	74	10
sosiaalisen	74	11
viranomaisen	74	12
menettelyn	73	10
ii	73	2
tehostettu	73	10
seuraavat	73	9
parantaa	73	8
energialähteiden	73	16
vaikka	72	6
mietinnön	71	9
kuukauden	71	9
mahdollisuus	71	12
elintarvikkeen	71	14
kuluessa	70	8
sellaisten	70	10
kaikkia	70	7
tästä	70	5
direktiivi	70	10
ilman	70	5
vaikuttaa	70	9
paljon	70	6
samalla	69	7
merkitystä	69	10
yleisesti	69	9
muuttamisesta	69	13
olemassa	69	8
euvl	68	4
hyväksyy	68	8
siinä	68	5
kunkin	68	6
joihin	68	6
arviointi	67	9
muutoksia	67	9
talous-	67	7
annettava	67	9
käyttö	67	6
tietoa	67	6
tavoitteena	67	11
arvioinnin	67	10
puitteissa	67	10
julkaistu	66	9
hyvin	66	5
viiteasiakirjat	66	15
tulee	66	5
pyydetty	66	8
joulukuuta	66	10
enemmän	66	7
lukuun	65	6
tarkoitettuja	65	13
ilmoitettava	65	12
heidän	65	6
edistäminen	65	11
kestävän	65	8
the	64	3
joilta	64	6
vastaavan	64	9
tulisi	64	6
sosiaalista	64	11
alueilla	64	8
täysin	63	6
uusien	63	6
alkuperäinen	63	12
huomautuksia	63	12
alakohdan	63	9
väittämät	63	9
eurooppalaisten	63	15
varojen	63	7
eli	62	3
miljoonaa	62	9
liikenne-	62	9
muassa	62	6
kehittämisen	62	12
käsittelyssä	61	12
puhemiestä	61	10
vahvistetaan	61	12
jätetty	61	7
uudelleen	61	9
toimenpiteitä	61	13
teksti	61	6
palvelujen	61	10
liittyviä	61	9
markkinoiden	61	12
työllisyyden	61	12
sovellettava	60	12
kuuleminen	60	10
pyrittävä	60	9
tarkoituksena	60	13
asianmukaisesti	59	15
voisi	59	5
säännöt	59	7
ehdottaa	59	8
säädetään	59	9
oikeus	59	6
muistuttaa	59	10
liittyvien	59	10
tuotteiden	59	10
tarkoitetun	59	11
jatkaa	59	6
tietoja	58	7
antanut	58	7
tammikuuta	58	10
aloilla	58	7
vaatii	58	6
eurooppalainen	58	14
työntekijöiden	58	14
välittämään	57	11
antamaan	57	8
ottamatta	56	9
voimassa	56	8
vaan	56	4
asetusta	56	8
tehtävät	56	8
avun	56	4
johon	56	5
ihmisten	56	8
nojalla	56	7
eay:n	56	5
kehitystä	56	9
maaseutualueiden	56	16
ehdotetaan	55	10
vastaavat	55	9
saattaa	55	7
vuoteen	55	7
seuraavien	55	10
jäsenvaltioille	55	15
muihin	55	6
niihin	55	6
kuitenkaan	55	10
edellytykset	55	12
tason	55	5
kansalaisten	55	12
tekstin	54	7
esittämään	54	10
esittelijät	54	11
kautta	54	6
varmistamiseksi	54	15
kuluttajan	54	10
hetkellä	54	8
huomiota	54	8
vaatimuksia	54	11
kolmas	53	6
luoda	53	5
viranomainen	53	12
vuotta	53	6
tietojen	53	8
lisätä	53	6
voida	53	5
vuosina	53	7
vaikutus	53	8
talouden	53	8
paikallisten	53	12
asioiden	53	8
välisen	53	7
rahoituksen	53	11
syytä	52	5
säännöksiä	52	10
lausuntoa	52	9
sellaisena	52	10
koskevassa	52	10
yhteisöjen	52	10
kehittämistä	52	12
sille	52	5
toimiin	52	7
sopimus	52	7
varmistettava	51	13
viimeistään	51	11
maaliskuuta	51	11
kaikilla	51	8
toimielinten	51	12
tavoitteet	51	10
maan	51	4
määrän	51	6
kehittäminen	51	12
olen	51	4
kerran	51	6
tyhjää	50	6
noudattaen	50	10
aina	50	4
valtioiden	50	10
sisältyy	50	8
kertomuksen	50	11
määrää	50	6
tehdään	50	7
toimintaan	50	10
mukainen	50	8
tuote	50	5
terveysväittämän	50	16
rahoitusta	50	10
varoja	50	6
tieto-	50	6
kiinnittämään	49	13
aikoo	49	5
tapauksessa	49	11
koskevasta	49	10
kaikissa	49	8
paremmin	49	8
tiedon	49	6
tarkoitus	49	9
tarkoitettujen	49	14
kestävää	49	8
laadun	49	6
tuotteen	49	8
etenkin	49	7
muu	49	3
terveysväittämät	49	16
huomauttaa	49	10
tutkimus-	48	9
kuulemismenettely	48	17
yhteinen	48	8
alueellisten	48	12
merkitys	48	8
jolloin	48	7
parantaminen	48	12
maa-	48	4
tuotteita	48	9
väittämiä	48	9
kielellä	48	8
kansainvälisen	48	14
oikeudellisten	48	14
ohjelman	48	8
dohan	48	5
pois	47	4
viranomaisten	47	13
ajan	47	4
oli	47	3
menettelyä	47	10
saavuttamiseksi	47	15
tehokkaasti	47	11
koskevaa	47	8
osuus	47	5
energian	47	8
elintarvike	47	11
lukien	47	6
kuluttajien	47	11
in	47	2
tuen	47	4
teollisuus-	46	11
kohdat	46	6
määritellään	46	12
ollut	46	5
kyseisten	46	9
väittämän	46	9
käyttöä	46	7
ravintoaineen	46	13
myönteisenä	46	11
merkille	46	8
toimikautta	46	11
tapauksia	45	9
kyse	45	4
yli	45	3
erityisen	45	9
vastaa	45	6
täytäntöönpanoa	45	15
yritykset	45	9
yhdessä	45	7
strategian	45	10
toimiluvan	45	10
päätöslauselman	45	15
neuvottelujen	45	13
yksiköiden	44	10
sopimuksessa	44	12
niistä	44	6
jan	44	3
onko	44	4
lähtien	44	7
vuosien	44	7
joista	44	6
yhden	44	5
päätökseen	44	10
esitetään	44	9
myöntää	44	7
perustuvat	44	10
soveltamista	44	12
sisällyttämään	44	14
julkisia	44	8
eu:ssa	44	6
teemavuoden	44	11
jäsen	44	5
hyväksyntämenettely	43	19
huomio	43	6
osiin	43	5
hyväksymisestä	43	14
järjestelmän	43	12
vastaavien	43	10
minkä	43	5
antaneet	43	8
tarkistuksen	43	12
maissa	43	6
hyväksyä	43	8
tarkoitettu	43	11
vaikutuksia	43	11
selkeästi	43	9
asemassa	43	8
työpaikkojen	43	12
yhteisestä	42	10
pääsyä	42	6
heinäkuuta	42	10
tiedonannon	42	11
silloin	42	7
elinten	42	7
direktiiviksi	42	13
tavoitteita	42	11
tehtävien	42	9
ett	42	3
osallistumista	42	14
sisällä	42	7
merkittävästi	42	13
maailman	42	8
panee	42	5
julkisten	42	9
yhtiön	42	6
käytettävät	41	11
oikeusperustaan	41	15
tekstissä	41	9
of	41	2
huomattavia	41	11
jäljempänä	41	10
palautetaan	41	11
toteuttaa	41	9
tehdyn	41	6
huomattavasti	41	13
sääntöjä	41	8
lisätään	41	8
suhteen	41	7
turvallisuuden	41	14
sektorin	41	8
marraskuuta	41	11
olevat	41	6
toimijoiden	41	11
yhä	41	3
kesäkuuta	41	9
osallistua	41	10
liitteessä	41	10
tärkeä	41	6
köyhyyden	41	9
hallinnon	41	9
kehittämiseen	41	13
tukeminen	41	9
puolueiden	41	10
eusopimuksen	40	12
sellaisiin	40	10
asianmukaista	40	13
mukaisia	40	8
päättää	40	7
mahdollista	40	11
toukokuuta	40	10
he	40	2
ehdotuksessa	40	12
säännökset	40	10
varmistetaan	40	12
valvonnan	40	9
itse	40	4
vahvistaa	40	9
pohjalta	40	8
yhteistyötä	40	11
taloudellista	40	13
symbolit	39	8
eysopimuksen	39	12
mainitun	39	8
liittyvistä	39	11
tärkeitä	39	8
esitetty	39	8
saavuttaa	39	9
kansallisella	39	13
nopeasti	39	8
vähentää	39	8
kansalaiset	39	11
olevia	39	6
vastaavaa	39	9
oletettavasti	39	13
sisältöinen	39	11
varmistamaan	39	12
tulokset	39	8
ohjelmien	39	9
rakennus-	39	9
unioni	39	6
liikenteen	39	10
monimuotoisuuden	39	16
poliittisten	39	12
metsien	39	7
kyseisestä	38	10
yksiköt	38	7
pääoman	38	7
palveluja	38	9
tarvitaan	38	9
oikeusperusta	38	13
kolmen	38	6
asiaa	38	5
jäsenvaltiossa	38	14
elimen	38	6
eurooppalaista	38	14
riittävästi	38	11
soveltaa	38	8
johtaa	38	6
edistämiseksi	38	13
saadaan	38	7
torjumiseksi	38	12
markkinoilla	38	12
kehitys	38	7
kehitysmaiden	38	13
täytäntöönpanosta	38	17
myönnetään	38	10
varainhoidon	38	12
sisältyvät	38	10
yhdellä	38	7
ministerikokouksen	38	18
avustustoimien	38	14
merkitään	37	9
yhteistä	37	8
saatava	37	7
noin	37	4
mainittujen	37	11
voisivat	37	8
toimintaa	37	9
direktiivissä	37	13
alkaen	37	6
kyseessä	37	8
toteutetaan	37	11
mahdollisesti	37	13
tekemään	37	8
suoraan	37	7
suuri	37	5
tieteellisen	37	12
väittämien	37	10
osallistuminen	37	14
voitava	37	7
paitsi	37	6
erityistä	37	9
mahdollisuuksien	37	16
tavoite	37	7
syyskuuta	37	9
ympäristöä	37	10
yhteistyön	37	10
vähiten	37	7
eu	37	2
tuki	37	4
kanta	36	5
suhteessa	36	9
asetuksella	36	11
tiettyjen	36	9
riippumatta	36	11
lisääminen	36	10
kansalliset	36	11
yksityisen	36	10
tarvittavat	36	11
tarpeet	36	7
unionissa	36	9
oikeuksien	36	10
lainsäädäntöä	36	13
tarvetta	36	8
painottaa	36	9
hankkeen	36	8
koulutuksen	36	11
säädösehdotukseen	35	17
lihavoidulla	35	12
kursiivilla	35	11
pelkkää	35	7
kursivointia	35	12
säädösehdotuksen	35	16
korjattavaksi	35	13
virheelliset	35	12
kieliversiosta	35	14
jääneet	35	7
korjausehdotusten	35	17
päättävät	35	9
mitään	35	6
kansallisen	35	11
sääntöjen	35	9
ks.	35	3
hyväksyi	35	8
liian	35	5
useita	35	6
välttämätöntä	35	13
kyseiset	35	8
käsittelyn	35	10
tahansa	35	7
kuuluvat	35	8
pelkästään	35	10
missä	35	5
kaikkiin	35	8
perustamisesta	35	14
aineen	35	6
toimitettava	35	12
alan	35	4
rajat	35	5
saavutettu	35	10
tehokkuutta	35	11
käyttövaiheen	35	13
mahdollisuudet	35	14
laajuisten	35	10
jäseneksi	35	9
hallinto-	35	9
työllisyyttä	35	12
non	35	3
food	35	4
kyseinen	34	8
kaikille	34	8
välistä	34	7
ep:n	34	4
korvata	34	7
entistä	34	7
vaatimukset	34	11
käytettävä	34	10
direktiiviä	34	11
ulkopuolella	34	12
riittävän	34	9
lokakuuta	34	9
alakohdassa	34	11
kuluttajat	34	10
mainonnassa	34	11
erityiset	34	9
viitataan	34	9
arvioida	34	8
teollis-	34	8
suojelu	34	7
merkittävä	34	10
niillä	34	6
sopimukseen	34	11
osaltaan	34	8
huhtikuuta	34	10
mikronesian	34	11
josta	33	5
noudatettava	33	12
muutokset	33	9
tavoitteen	33	10
yleensä	33	7
yksinkertaistettu	33	17
komitean	33	8
yhteistyössä	33	12
yhteisö	33	7
tarkistukseen	33	13
oleva	33	5
b.	33	2
säilyttää	33	9
aineiden	33	8
mukaisen	33	8
ehdotukseen	33	11
mahdollisuutta	33	14
elintarvikkeita	33	15
liittyvän	33	9
osoitettu	33	9
viipymättä	33	10
koskevissa	33	10
perustuvan	33	10
kansainvälisten	33	15
alueellisen	33	11
toteuttamiseksi	33	15
etua	33	4
kestävä	33	7
kasvun	33	6
en	33	2
osastrategia	33	12
asian	32	5
näistä	32	6
aikaan	32	6
iii	32	3
kuuluu	32	6
päivästä	32	8
asiassa	32	7
jäsenvaltio	32	11
suurin	32	6
näitä	32	5
osin	32	4
terveyden	32	9
ravintoaineiden	32	15
kilpailukykyä	32	13
tekijänoikeuksien	32	17
keskeinen	32	9
maria	32	5
verkkojen	32	9
edistämään	32	10
metsätalouden	32	13
toimintalinjan	32	14
asianomaiset	31	12
määriteltävä	31	12
asianmukainen	31	13
valtion	31	7
määräysten	31	10
oikeusperustan	31	14
nykyisten	31	9
kehittämään	31	11
täytäntöönpanon	31	15
vuodella	31	8
toisen	31	6
päivän	31	6
nyt	31	3
toimittaa	31	9
vakavien	31	8
kaksi	31	5
tuomioistuimen	31	14
kunnes	31	6
toisaalta	31	9
kansanterveyden	31	15
liittää	31	7
elintarvikkeet	31	14
perustuttava	31	12
koskeviin	31	9
kehitykseen	31	11
auttaa	31	6
yleisön	31	7
asiaan	31	6
asianmukaisen	31	13
tekee	31	5
välineen	31	8
maat	31	4
euron	31	5
kasvua	31	6
parlamenttia	31	12
kehittämiseksi	31	14
suojelun	31	8
salomonsaarten	31	14
nopeiden	31	8
rahoitusvälineen	31	16
teknisten	30	9
niissä	30	6
joko	30	4
ehdotuksella	30	12
lainsäädännössä	30	15
piiriin	30	7
asetusten	30	9
soveltamisalaan	30	15
sanamuoto	30	9
prosenttiin	30	11
tarkoitettua	30	12
mistä	30	5
osan	30	4
ulkopuolelle	30	12
taikka	30	6
toisessa	30	8
toimielimen	30	11
täyttää	30	7
saattavat	30	9
elintarvikealan	30	15
laadittava	30	10
järjestöjen	30	11
työn	30	4
maille	30	6
ympäristöön	30	11
vaiheessa	30	9
uusissa	30	7
viidellä	30	8
sukupuolten	30	11
nuorten	30	7
puheenjohtaja	30	13
sosiaalinen	30	11
maaseutualueilla	30	16
rakenneuudistusten	30	18
varsinkin	29	9
niille	29	6
kolme	29	5
tarkistettuna	29	13
kansallisia	29	11
prosentin	29	9
helpottaa	29	9
mainittu	29	8
esittelijän	29	11
sisällytettävä	29	14
sovelleta	29	9
määrin	29	6
enää	29	4
saavat	29	6
tärkein	29	7
terveysväittämiä	29	16
kohteena	29	8
elimet	29	6
vakavia	29	7
la	29	2
tuloksia	29	8
c.	29	2
alueellista	29	11
ottamaan	29	8
d.	29	2
pannaan	29	7
yhteiskunnan	29	12
olennaisen	29	10
viraston	29	8
pääsyn	29	6
satamapalvelujen	29	16
tekniset	28	8
vuodesta	28	8
muuttaminen	28	11
tieliikenteen	28	13
osittain	28	8
asianomaisten	28	13
vastaamaan	28	10
toteutettava	28	12
laatimaan	28	9
muodossa	28	8
voimaan	28	7
tällaisia	28	9
väittämään	28	10
arvioinnissa	28	12
tieteellisesti	28	14
sallittuja	28	10
usein	28	5
hakemus	28	7
seuraavan	28	9
rooli	28	5
ehdotusta	28	9
syystä	28	6
kohti	28	5
parantamiseksi	28	14
yleissopimuksen	28	15
valvontaviranomaisen	28	20
antamansa	28	9
giuseppe	28	8
tukemaan	28	8
ensisijaisten	28	13
osakkeet	28	8
seuraavasti	27	11
infrastruktuurin	27	16
kilpailua	27	9
kehitettävä	27	11
edit	27	4
van	27	3
yleisiä	27	7
toteuttamista	27	13
tavaroiden	27	10
kolmansien	27	10
yleistä	27	7
ymmärtää	27	8
kokonaan	27	8
näihin	27	6
asia	27	4
p5	27	2
määritelmä	27	10
tarkoitetaan	27	12
noudatetaan	27	11
käytettävissä	27	13
soveltamisesta	27	14
verrattuna	27	10
toimenpiteiden	27	14
hyötyä	27	6
toimijat	27	8
terveysväittämä	27	15
vaikutusta	27	10
nimi	27	4
artiklaa	27	8
välinen	27	7
tutkimuksen	27	11
tiedoksi	27	8
luonnostaan	27	11
päätöksellä	27	11
tarjoaa	27	7
käyttöönottovaiheen	27	19
kilpailukyvyn	27	13
investoinnit	27	12
pöytäkirjan	27	11
johtajien	27	9
kompromissitarkistus	27	20
jäsenenä	27	8
koulutukseen	27	12
kohtaa	26	6
hyväksynyt	26	10
del	26	3
maría	26	5
toisella	26	8
tukien	26	6
asti	26	4
ongelmia	26	8
hyväksytään	26	11
tarkistuksia	26	12
perustaa	26	8
kannustaa	26	9
josé	26	4
kansallista	26	11
mukaisten	26	9
säännöistä	26	10
eurooppalaiset	26	14
annetussa	26	9
yhtä	26	4
alle	26	4
merkitsee	26	9
palvelun	26	8
toimenpiteet	26	12
päivään	26	7
taata	26	5
vaikuttavat	26	11
luettuina	26	9
näytön	26	6
yksityiskohtaiset	26	17
hakemuksen	26	10
hakijan	26	7
lainsäädäntö	26	12
tällainen	26	9
investointeja	26	13
säätää	26	6
kehittää	26	8
liittyy	26	7
termi	26	5
euroopassa	26	10
lisäarvoa	26	9
eay	26	3
kysymys	26	7
ohjelma	26	7
kokouksessa	26	11
käsitellään	26	11
kansalaisille	26	13
laadunvarmistus-	26	16
taloudellisia	26	13
liittyvää	26	9
lasten	26	6
säilyttäminen	26	13
sataman	26	7
paikallisen	26	11
lämmöntuotannossa	26	17
samoin	25	6
tarjoavat	25	9
eivätkä	25	7
suurempi	25	8
asetukseen	25	10
ep:lle	25	6
ainakin	25	7
hän	25	3
todetaan	25	8
viikon	25	6
kohtaan	25	7
soveltamisalan	25	14
mieltä	25	6
ehdotukset	25	10
monet	25	5
el	25	2
tulevaisuudessa	25	15
vähemmän	25	8
vahvistettava	25	13
kattaa	25	6
taas	25	4
asettaa	25	7
tietoon	25	7
hyväksyntää	25	11
mahdollisuuden	25	14
valiokunnalle	25	13
lisää	25	5
aiheuttaa	25	9
pyynnön	25	7
tavoitteisiin	25	13
apuun	25	5
väline	25	6
talousarviosta	25	14
lisäämään	25	9
rahoitus	25	8
työpaikkoja	25	11
taloudellinen	25	13
gargani	25	7
korkeaasteen	25	12
sisäisen	25	8
hyödyntää	25	9
menettelynumero	25	15
göteborgin	25	10
jäähdytysalalla	25	15
biopolttoaineiden	25	17
kierroksen	25	10
hongkongissa	25	12
sisämarkkinoiden	24	16
liitteen	24	8
tavoin	24	6
asianmukaisia	24	13
määrätään	24	9
antonio	24	7
a6	24	2
kahden	24	6
pidä	24	4
esille	24	6
sosiaalikomitean	24	16
p5_ta-	24	6
kuuluvien	24	9
vai	24	3
pidettävä	24	9
osallistuvat	24	12
sellaisia	24	9
sääntelyn	24	9
mahdollistaa	24	12
päivää	24	6
saakka	24	6
vaatimusten	24	11
puitteet	24	8
merkittäviä	24	11
neuvotteluissa	24	14
kuulemisen	24	10
ruokavalion	24	11
luvun	24	5
oikeuden	24	8
maataloustuotteiden	24	19
ensisijaisesti	24	14
saataisiin	24	10
poliittiset	24	11
väestöstä	24	9
anna	24	4
manuel	24	6
edistettävä	24	11
välineiden	24	10
edistävät	24	9
muodostaa	24	9
uutta	24	5
päätökseksi	24	11
palvelut	24	8
tuettava	24	8
hankkeet	24	8
rahoitustuen	24	12
tasaarvon	24	9
syrjäytymisen	24	13
ryhmien	24	7
århusin	24	7
metsästrategian	24	15
tvt:n	24	5
kannasta	23	8
toiseen	23	7
noudattaa	23	9
suuntaviivojen	23	14
anne	23	4
alueellisia	23	11
toteuttamiseen	23	14
kyseenalaistaminen	23	18
jurilausunto	23	12
marie	23	5
annettujen	23	10
henkilöiden	23	11
tehtävänsä	23	10
tehtäviä	23	8
tällaisen	23	9
välisiä	23	7
rajoittaa	23	9
kolmannen	23	9
suotavaa	23	8
ta-	23	3
kuljettajan	23	11
tehokas	23	7
pitkän	23	6
jonkin	23	6
vastuussa	23	9
rajoittamatta	23	13
kuluttua	23	8
tiettyjä	23	8
kuluttajille	23	12
yleisölle	23	9
muuta	23	5
tieto	23	5
ell	23	3
asiakirjojen	23	12
täytäntöönpano	23	14
lisättävä	23	9
johtuu	23	6
parhaillaan	23	11
suojelemiseksi	23	14
tunnustaa	23	9
ulkoiseen	23	9
tarjoajien	23	10
myöhemmin	23	9
hankkeissa	23	10
johtajan	23	8
toiminut	23	8
maatalouspolitiikan	23	19
liittovaltion	23	13
uusiutuvista	23	12
viestintätekniikan	23	18
valmiustoimien	23	14
hätätilanteita	23	14
hätätilanteiden	23	15
johtoelimen	23	11
suosituksen	22	11
kantaa	22	6
tarve	22	5
etuja	22	5
johdosta	22	8
vastata	22	7
rahoitusmäärän	22	14
budglausunto	22	12
elin	22	4
toteuttamisesta	22	15
muille	22	6
edellyttäen	22	11
tärkeänä	22	8
luettelon	22	9
michael	22	7
robert	22	6
antaman	22	7
hätätilanteissa	22	15
jne.	22	4
takaisin	22	8
kyseistä	22	8
yrityksen	22	9
artiklaan	22	9
määritellä	22	10
soveltaminen	22	12
tuotteisiin	22	11
rajoituksia	22	11
luettelo	22	8
käytöstä	22	8
tieteelliseen	22	13
hyväksynnän	22	11
vastaanottamisesta	22	18
noudattamaan	22	12
muissa	22	6
yleisen	22	7
ehdotuksia	22	10
tukee	22	5
aikavälillä	22	11
myöntämistä	22	11
mukaista	22	8
alueen	22	6
ferreira	22	8
toiminta	22	8
mielestäni	22	10
rahoitukseen	22	12
markkinoita	22	11
nro	22	3
toimivat	22	8
täysimääräisesti	22	16
asema	22	5
vuosittain	22	10
e.	22	2
energiaverkkojen	22	16
huolehdittava	22	13
hallintoneuvosto	22	16
taloudellisesti	22	15
metsäpalojen	22	12
kalastusta	22	10
energialähteistä	22	16
maaseutualueet	22	14
hongkongin	22	10
hyväksytyt	21	10
estää	21	5
peter	21	5
huolimatta	21	10
tavoitteista	21	12
erityisiä	21	9
poistaa	21	7
yhteisössä	21	10
olevista	21	8
voimaantulosta	21	14
tarkastusten	21	12
mielestä	21	8
ilmoittaa	21	9
joitakin	21	8
olevassa	21	8
tapahtuu	21	8
myönnettävä	21	11
yhteen	21	6
komitea	21	7
poistaminen	21	11
tarkoitetuista	21	14
olevaa	21	6
elimistön	21	9
säännöllisesti	21	14
ehdotettu	21	9
mainitut	21	8
hyväksytyn	21	10
helposti	21	8
viranomaiselle	21	14
yrityksille	21	11
erityinen	21	9
muuttaa	21	7
taloudellisten	21	14
perinteisten	21	12
hyväksi	21	7
oikeudet	21	8
maita	21	5
ery	21	3
talousarviota	21	13
nykyistä	21	8
luominen	21	8
tärkeätä	21	8
asemaa	21	6
kulttuuri-	21	10
rahoitusvälineiden	21	18
politiikkojen	21	13
miesten	21	7
kertomusten	21	11
tasapaino	21	9
vakavissa	21	9
kauppaa	21	7
aikavälin	21	9
tuotannon	21	9
kalastuksen	21	11
antamiseksi	20	11
toimivien	20	9
teollisuuden	20	12
richard	20	7
laatia	20	6
jopa	20	4
vuosi	20	5
säädettyjen	20	11
kuinka	20	6
siis	20	4
monia	20	5
nähden	20	6
osoittaa	20	8
yleinen	20	7
suuntaviivat	20	12
parantamaan	20	11
väestön	20	7
etujen	20	6
yleisten	20	8
avoimuuden	20	10
välttämiseksi	20	13
ainetta	20	7
ravitsemuksellinen	20	18
vaikuta	20	7
hyväksyttävä	20	12
muista	20	6
korvataan	20	9
vaatia	20	6
seikat	20	6
komitealle	20	10
tilanne	20	7
tilannetta	20	10
rasvahappoja	20	12
valiokuntaa	20	11
mietintöönsä	20	12
luonnostaan'	20	12
yleisistä	20	9
koskevaan	20	9
politiikan	20	10
thomas	20	6
saatavuutta	20	11
kansalaisia	20	11
valtioista	20	10
eurooppalaisesta	20	16
esiin	20	5
määrärahat	20	10
valvontaviranomainen	20	20
katsotaan	20	9
jona	20	4
saavutetut	20	10
tavan	20	5
teemavuodella	20	13
euratomin	20	9
tiedonanto	20	10
ympäristötiedon	20	15
lajien	20	6
lämmön	20	6
shetlandin	20	10
uusiutuvia	20	10
globalisaation	20	14
osallisuutta	20	12
tietoyhteiskunnan	20	17
tekstit	19	7
perusteet	19	9
tehnyt	19	6
hyväksymistä	19	12
vähän	19	5
louis	19	5
matkailuvaliokunnan	19	19
näillä	19	6
tietoihin	19	9
peräisin	19	8
tulevien	19	8
neuvostoa	19	9
pian	19	4
mukana	19	6
nykyisen	19	8
aikaa	19	5
käytännössä	19	11
säädettyjä	19	10
tehokkaita	19	10
vasta	19	5
kilpailun	19	9
iv	19	2
terveysväittämistä	19	18
lisätty	19	7
vaikutuksen	19	11
yrityksiä	19	9
riippumattomien	19	15
täydentää	19	9
tekemisestä	19	11
edistetään	19	10
joissakin	19	9
viimeksi	19	8
hyväksyttiin	19	12
saatu	19	5
tietyt	19	6
kuulua	19	6
osaksi	19	6
seuraavia	19	9
tuottaa	19	7
suosittaa	19	9
osallistumisesta	19	16
näkökulmasta	19	12
paikalliset	19	11
esteiden	19	8
avoimen	19	7
vahvistettu	19	11
perustetaan	19	11
tukia	19	5
julkista	19	8
tulevat	19	7
eurooppaneuvoston	19	17
virastojen	19	10
omia	19	4
aloja	19	5
kauppajärjestön	19	15
monilla	19	7
energialähteitä	19	15
maatalousalan	19	13
viljelijöiden	19	13
kehittyneiden	19	13
mukaiset	18	8
kustannuksia	18	12
herbert	18	7
john	18	4
kannattaa	18	9
alueet	18	6
käytännön	18	9
syistä	18	6
samaan	18	6
toimii	18	6
tavoitetta	18	10
direktiivillä	18	13
käytössä	18	8
edellytetään	18	12
kaikista	18	8
varsilla	18	8
arvo	18	4
pidetään	18	8
viranomaiset	18	12
määräykset	18	10
neuvottelut	18	11
ehdotetun	18	9
huomattava	18	10
tehtäviin	18	9
uudet	18	5
halutaan	18	8
janusz	18	6
den	18	3
helpottamiseksi	18	15
saisi	18	5
kaiken	18	6
valvoa	18	6
liittyviin	18	10
parantamista	18	12
hyvän	18	5
terveyteen	18	10
kuluttajia	18	10
tuotteeseen	18	11
tuotteet	18	8
tekniikan	18	9
hyväksyttyyn	18	12
laadittu	18	8
tiedotus-	18	9
korkean	18	7
versioon	18	8
vähentämiseen	18	13
kohden	18	6
jolle	18	5
kuukautta	18	9
päätöksessä	18	11
myönteisen	18	10
oikeuksia	18	9
vaikutuksista	18	13
esitti	18	6
prosessin	18	9
lähestymistapaa	18	15
monissa	18	7
toimi	18	5
etenkään	18	8
pitkällä	18	8
tulosten	18	8
g.	18	2
valita	18	6
liittyvä	18	8
jatkuvasti	18	10
avustaa	18	7
jakson	18	6
muutos	18	6
rahaasioiden	18	12
poliittinen	18	11
sidonnaisuuden	18	14
kiinnitettävä	18	13
riippumaton	18	11
sosiaalisia	18	11
karin	18	5
sosiaalisesta	18	13
määrärahojen	18	12
talousarvioon	18	13
budjettivallan	18	14
rahoittaa	18	9
osallistumaan	18	13
aikaisemmin	18	11
eurooppalaisia	18	14
kansalliseen	18	12
koulutusta	18	10
yhteiset	18	8
tarpeita	18	8
pääsystä	18	8
kehittämisessä	18	14
ympäristönsuojelua	18	18
satamien	18	8
kaikkea	18	7
kysymyksiin	18	11
tasaarvoa	18	9
talouskasvun	18	12
osallistumisen	18	14
naisia	18	6
javier	18	6
siirtojen	18	9
poliittisia	18	11
asiakirjan	18	10
pahoittelee	18	11
sovittelukomitean	18	17
saavuttamaan	18	12
punakampelan	18	12
meren	18	5
uusiutuvan	18	10
ymp:n	18	5
asianmukaiset	17	13
tariffien	17	9
määräajan	17	9
samaa	17	5
toimivaltaisten	17	15
kuultuaan	17	9
myöskään	17	8
daniel	17	6
vaikutukset	17	11
tilanteeseen	17	12
asetusehdotuksen	17	16
ajoneuvojen	17	11
maassa	17	6
kuljettajien	17	12
tiloissa	17	8
määräaikoja	17	11
ajoneuvot	17	9
asiakirja	17	9
edun	17	4
noudattamista	17	13
tonnia	17	6
valvonnassa	17	11
osassa	17	6
tällaiset	17	9
määräaika	17	9
sallitaan	17	9
edut	17	4
sisämarkkina-	17	13
ihmisen	17	7
sairauksien	17	11
yksinomaan	17	10
koskevalla	17	10
viitata	17	7
asiantuntijoiden	17	16
rekisteri	17	9
lähentämisestä	17	14
sisämarkkinoilla	17	16
edistämistä	17	11
suojelua	17	8
mainittava	17	10
suomenkieliseen	17	15
yleiset	17	7
taataan	17	7
julkaisee	17	9
kielillä	17	8
hakea	17	5
tekijä	17	6
ehtoja	17	6
lähestymistavan	17	15
jättää	17	6
säännöksistä	17	12
väliset	17	7
tarkoittaa	17	10
periaatetta	17	11
aiheuttavat	17	11
sidosryhmien	17	12
alhainen	17	8
riippuu	17	7
edellyttävät	17	12
välineitä	17	9
taattava	17	8
toimista	17	8
torjuminen	17	10
vuosituhannen	17	13
tarjota	17	7
zbigniew	17	8
yhteenkuuluvuuden	17	17
luomaan	17	7
jäseniä	17	7
palveluiden	17	11
taloudelliset	17	13
vaikutusten	17	11
jatkamisesta	17	12
käyttämään	17	10
rahoitustuki	17	12
sitoumuksia	17	11
ikään	17	5
korostetaan	17	11
hallinnollisen	17	14
sisäistä	17	8
parantamiseen	17	13
ryhtymään	17	9
katastrofien	17	12
vähentäminen	17	12
raakaaineiden	17	13
puolueet	17	8
tarkistaa	16	9
luettuna	16	8
poistettava	16	11
vladimír	16	8
vahvistamiseksi	16	15
myönteisesti	16	12
toteuttamisen	16	13
mainitussa	16	10
tarkastukset	16	12
teiden	16	6
muutettava	16	10
esitettävä	16	10
noudattamisen	16	13
erilaisia	16	9
tekijöitä	16	9
käsiteltävänä	16	13
tekevät	16	7
käsitellä	16	9
haluaa	16	6
koulutus	16	8
sovellettavat	16	13
peruuttaa	16	9
i.	16	2
turvallisuutta	16	14
terveyttä	16	9
kannustetaan	16	12
vastaaviin	16	10
riippuen	16	8
vertailun	16	9
tuotantoa	16	9
lähinnä	16	7
esitetyt	16	8
muutosten	16	9
ero	16	3
päätöstä	16	8
saatetaan	16	9
määräaikaa	16	10
toimitetaan	16	11
kirjan	16	6
periaatteita	16	12
tietyn	16	6
asetusehdotuksessa	16	18
byrokraattinen	16	14
tehokkaan	16	9
yhteensä	16	8
lähde	16	5
uuteen	16	6
yleiseen	16	8
edustajien	16	10
kokonaisuudessaan	16	17
joille	16	6
muodostavat	16	11
perustana	16	9
kurt	16	4
valmiuksien	16	11
tuetaan	16	7
tärkeimpiä	16	10
hankintoja	16	10
oecd:n	16	6
vähentämiseksi	16	14
päätelmät	16	9
aktmaiden	16	9
lisäarvo	16	8
cotonoun	16	8
keinoja	16	7
ansiosta	16	8
riskit	16	6
miljardin	16	9
budjettivaliokunnan	16	19
rahoitusnäkymien	16	16
euratom	16	7
toteuttaminen	16	13
työntekijöille	16	14
oikeudellinen	16	13
kansallisille	16	13
yksityisiä	16	10
akkreditointielinten	16	20
innovatiivisia	16	14
edustaja	16	8
viime	16	5
nimittämistä	16	12
toimitusjohtajan	16	16
syrjintää	16	9
korvaa	16	6
toimintasuunnitelman	16	20
katson	16	6
suojeluun	16	9
luonnonvarojen	16	14
sosiaaliasioiden	16	16
pakollisia	16	10
alusten	16	7
biomassan	16	9
maaseudulla	16	11
elämänlaadun	16	12
kumppanuussopimuksen	16	20
matkailun	16	9
toimintalinjaan	16	15
toiminnasta	15	11
vastattava	15	10
hyväksyntä	15	10
viittaus	15	8
pilar	15	5
adam	15	4
david	15	5
herczog	15	7
vittorio	15	8
alueellinen	15	11
toimenpiteistä	15	14
pienten	15	7
garcía	15	6
zita	15	4
kuuden	15	6
tarkistusta	15	11
tehokkuuden	15	11
työtä	15	5
seuraamuksia	15	12
noudattamatta	15	13
muutettuna	15	10
yhteiseen	15	9
asioissa	15	8
direktiiviin	15	12
lichtenberger	15	13
kumoamisesta	15	12
toiminnassa	15	11
tuntia	15	6
loppuun	15	7
minuuttia	15	9
laatii	15	6
mainita	15	7
lainsäädäntöön	15	14
koostuu	15	7
oikeudelliset	15	13
esittämistä	15	11
riittävä	15	8
luonnetta	15	9
tehtäväksi	15	10
elintarvikkeista	15	16
esillepanossa	15	13
julkinen	15	8
elintarvikkeisiin	15	17
ilmoituksen	15	11
kohdasta	15	8
kasvuun	15	7
pyynnöstä	15	9
yksityiskohtaisia	15	17
asiakirjaa	15	10
selvää	15	6
muilla	15	6
päätösten	15	9
pikemminkin	15	11
osapuolten	15	10
strategia	15	9
samanaikaisesti	15	15
toisistaan	15	10
ongelma	15	7
kiinnittää	15	10
kestävästä	15	10
tällaisten	15	10
järjestelmä	15	11
maatalous-	15	10
ristiriidassa	15	13
uusiin	15	6
kysymyksiä	15	10
heikommassa	15	11
luo	15	3
natriumia	15	9
kehittyneille	15	13
paikallisia	15	11
saavuttamiseen	15	14
saavuttamista	15	13
varat	15	5
tarpeisiin	15	10
sosiaaliseen	15	12
tuloksista	15	10
and	15	3
rakennerahastoista	15	18
rekisteriin	15	11
galileo-	15	8
vaiheen	15	7
ensisijaisen	15	12
täytäntöönpanoon	15	16
hallintoneuvoston	15	17
toisin	15	6
teknologian	15	11
tuo	15	3
alueita	15	7
periaatteen	15	11
f.	15	2
päätöksissä	15	11
välineet	15	8
kantansa	15	8
unionista	15	9
suuntaviivoissa	15	15
seán	15	4
neachtain	15	9
toiminnanjohtajan	15	17
pääjohtajan	15	11
järjestetyn	15	11
pomés	15	5
ruiz	15	4
olette	15	6
järjestelmien	15	13
las	15	3
lähestymistapa	15	14
hallintaa	15	9
sähköisten	15	10
metsäalan	15	9
kestävyyden	15	11
määrärahoilla	15	13
rahoitusväline	15	14
rakenneuudistukset	15	18
tvtalan	15	7
osakkeiden	15	10
energiavaliokunnan	14	18
kustannukset	14	12
käytettävien	14	12
yhteisiä	14	8
kannustettava	14	13
ylittävät	14	9
yhteisessä	14	10
umberto	14	7
säädetty	14	8
rakennerahastojen	14	17
perustamista	14	12
ensin	14	5
suhtautuu	14	9
jean	14	4
elisabeth	14	9
yhdenmukaistamisesta	14	20
sanamuotoa	14	10
osuuden	14	7
vakavasti	14	9
korkea	14	6
tunnin	14	6
mahdollistavat	14	14
lukuisia	14	8
osuutta	14	7
esittämät	14	9
esitettyjen	14	11
määritelmän	14	11
juuri	14	5
toistaa	14	7
inés	14	4
ayala	14	5
sender	14	6
georg	14	5
jarzembowski	14	12
luis	14	4
hänen	14	5
nykyinen	14	8
takia	14	5
eläinten	14	8
poikkeuksia	14	11
olosuhteiden	14	12
säädetyt	14	8
poiketen	14	8
sanotun	14	7
sopimusten	14	10
laitteiden	14	10
todennäköisesti	14	15
voidakseen	14	10
olivat	14	6
luodaan	14	7
tarkastella	14	11
ilmi	14	4
keskeisiä	14	9
alexander	14	9
lausunnot	14	9
ruokavaliosta	14	13
luonne	14	6
riskien	14	7
hyväksyminen	14	12
mitkä	14	5
käyttäytymiseen	14	15
kattava	14	7
merkinnässä	14	11
rekisterin	14	10
lisäämistä	14	10
suuresti	14	8
sisältävät	14	10
ominaispiirteet	14	15
fysiologinen	14	12
hyödyllinen	14	11
olettaa	14	7
osoittamalla	14	12
väitetyn	14	8
sisällettävä	14	12
hoitaa	14	6
laadintaa	14	9
edellytyksiä	14	12
tulla	14	5
selvityksen	14	11
muuttamista	14	11
pyrkii	14	6
myötä	14	5
yhteiskunnassa	14	14
kyseisessä	14	10
kielletään	14	10
käytölle	14	8
suojella	14	8
nimenomaisesti	14	14
täyttyvät	14	9
menettelyt	14	10
catherine	14	9
tekstiä	14	7
suuren	14	6
olevalla	14	8
tutkimukseen	14	12
tilanteessa	14	11
perustuvien	14	11
käsiteltävä	14	11
vitamiineja	14	11
kivennäisaineita	14	16
kymmenen	14	8
martínez	14	8
antonios	14	8
kehys	14	5
piianoora	14	9
margarita	14	9
starkevičiūtė	14	13
mann	14	4
apua	14	4
alueellisella	14	13
kysymykset	14	10
hankintojen	14	11
yhdistyneiden	14	13
kansakuntien	14	12
osana	14	5
tuet	14	4
uskoo	14	5
tekemän	14	7
toimivaltuudet	14	14
alue-	14	5
tunnustamista	14	13
ylittää	14	7
tulot	14	5
toimivaltaisen	14	14
useissa	14	7
edistymisestä	14	13
edistämisessä	14	13
monimuotoisuutta	14	16
monivuotisen	14	12
vahvistamisesta	14	15
ensisijaisiin	14	13
rakennusvaiheen	14	15
taloudellisista	14	15
kaudella	14	8
omien	14	5
määrärahoja	14	11
nimittää	14	8
kysymykseen	14	11
yhdenvertaisten	14	15
kohteeksi	14	9
puheenjohtajana	14	15
valvontavaliokunta	14	18
valvontavaliokunnan	14	19
tilintarkastuksen	14	17
näissä	14	6
toimielimet	14	11
toimen	14	6
edistystä	14	9
ehkäisemiseksi	14	14
julistuksen	14	11
ilmastonmuutoksen	14	17
sähkön	14	6
strategioita	14	12
kalavarojen	14	11
harjoitettavaa	14	14
viljelyn	14	8
monipuolistamiseen	14	18
köyhyyttä	14	9
tvt	14	3
tietoyhteiskuntaa	14	17
osakeyhtiöiden	14	14
verkon	13	6
parantamisen	13	12
toimivaltainen	13	14
for	13	3
james	13	5
prodi	13	5
asukkaiden	13	10
sitten	13	6
periaatteiden	13	13
stavros	13	7
helmuth	13	7
markov	13	6
kansainvälisiin	13	15
sopimusta	13	9
matkan	13	6
kansallinen	13	11
osoittavat	13	10
sisäinen	13	8
kertaa	13	6
kahta	13	5
määrittää	13	9
eroja	13	5
aivan	13	5
parhaiten	13	9
tällaista	13	9
tietyllä	13	8
philip	13	6
patrick	13	7
määräyksiä	13	10
sellaisen	13	9
soveltamisen	13	12
sijaan	13	6
panna	13	5
sallittu	13	8
ensimmäisestä	13	13
ilmenee	13	7
aktiivisesti	13	12
täytettävä	13	10
tällöin	13	7
paikallisiin	13	12
seuraava	13	8
yksinkertaistaa	13	15
millä	13	5
perustuva	13	9
mainontaa	13	9
mahdollisen	13	11
tieteellisten	13	13
vähenemiseen	13	12
kieltää	13	7
määrään	13	7
kuvaavat	13	8
innovaatioita	13	13
määritelmää	13	11
rajoitukset	13	11
väliseen	13	8
arvioidaan	13	10
välttämättä	13	11
da	13	2
päivä	13	5
saamiseksi	13	10
käyttäen	13	8
julkaisupäivää	13	14
kehityksestä	13	12
kuukausia	13	9
hyväksyttyjen	13	13
ehdotusten	13	10
hyväksymään	13	11
osallistuu	13	10
hyviä	13	5
ohella	13	6
käyttöönotto	13	12
lupamenettelystä	13	16
toteuttamiskelvoton	13	19
täydellinen	13	11
arvioimaan	13	10
lainkaan	13	8
kohdalla	13	8
pitkälle	13	8
aloitteesta	13	11
tutkimukset	13	11
siviili-	13	8
seitsemän	13	9
keskuudessa	13	11
esteet	13	6
koskeville	13	10
ensisijaisena	13	13
yksin	13	5
tiettyä	13	7
kansallisessa	13	13
sisällön	13	8
muutosta	13	8
kilpailu	13	8
runsaasti	13	9
lechner	13	7
tadeusz	13	7
kauppi	13	6
päätöslauselmassa	13	17
tiedonannossa	13	13
paikallista	13	11
jostakin	13	8
osallistuvien	13	13
järjestöt	13	9
entisestään	13	11
yhteisölle	13	10
poliittisen	13	11
pääsy	13	5
toteuttamaan	13	12
milan	13	5
poistamiseksi	13	13
ery:n	13	5
voittoa	13	7
rajoissa	13	8
varoista	13	8
valvontaa	13	9
toimimaan	13	9
hyvä	13	4
tehostaa	13	8
vältetään	13	9
tulevaisuuden	13	13
yksityisten	13	11
vihreän	13	7
ohjelmiin	13	9
kansalaisvapauksien	13	19
oikeus-	13	7
sisäasioiden	13	12
kansallisissa	13	13
uudesta	13	7
klausheiner	13	11
lehne	13	5
sisäiset	13	8
kannustavat	13	11
menetelmiä	13	10
kehittämiselle	13	14
lisäämiseksi	13	12
työmarkkinoille	13	15
hankkeisiin	13	11
varainhoitoasetuksen	13	20
suuntaviivoista	13	15
rahoitustukea	13	13
poliittisista	13	13
luomista	13	8
uusista	13	7
tehtävänä	13	9
johtokunta	13	10
roure	13	5
seurauksena	13	11
teemavuoteen	13	12
naiset	13	6
toimille	13	8
takaa	13	5
kaupunkien	13	10
kuullut	13	7
valtiontalouden	13	15
valtuuskunnan	13	13
alojen	13	6
hyväksymästä	13	12
päästä	13	6
suojeleminen	13	12
metsänhoidon	13	12
biologisen	13	10
aloitteita	13	10
vuodessa	13	8
strategisista	13	13
biopolttoaineita	13	16
maatalous	13	9
viljelijöitä	13	12
suuntaviiva	13	11
potentiaalin	13	12
rakenneuudistuksen	13	18
elinkeinoelämän	13	15
seurausten	13	10
osakkeenomistajien	13	18
yhtiö	13	5
osakkeita	13	9
hankkinut	13	9
kauppaan	13	8
tehokasta	12	9
säädetyn	12	8
yhdestä	12	7
muutettu	12	8
täysistunnossa	12	14
lambert	12	7
poliittista	12	11
mietintö	12	8
miguélez	12	8
ramos	12	5
alueelliset	12	11
unionia	12	7
käytetty	12	8
aiheutuu	12	8
kohtelun	12	8
jerzy	12	5
giovanni	12	8
suorittaa	12	9
joten	12	5
ajoneuvon	12	9
kansainvälisessä	12	16
rekisteröity	12	12
kolmannessa	12	11
vastuulla	12	9
heille	12	6
lukumäärä	12	9
tekstistä	12	9
yritys	12	6
saman	12	5
lepoaika	12	8
tarkistaminen	12	13
säilyttämistä	12	13
antavat	12	7
näkökohtia	12	10
tarkoitetusta	12	13
lopuksi	12	7
paolo	12	5
bogusław	12	8
willi	12	5
piecyk	12	6
keskeiset	12	9
harjoittaa	12	10
digitaalisen	12	12
sähköisen	12	9
kauan	12	5
menettelyjä	12	11
tarkoitetut	12	11
seuraavista	12	11
maksaa	12	6
toimenpiteisiin	12	15
välisten	12	8
ilmoitetaan	12	11
tarvitsevat	12	11
tärkeimmät	12	10
esim.	12	5
käy	12	3
ajaksi	12	6
yksittäisten	12	12
ravintosisällön	12	15
joidenkin	12	9
elintarvikkeella	12	16
tieteellinen	12	12
ravitsemusta	12	12
helmikuuta	12	10
lisääntymiseen	12	14
sisältöä	12	8
väittämistä	12	11
ongelman	12	8
avoimuus	12	8
vaikutuksesta	12	13
tieteellisellä	12	14
mahdollinen	12	11
merkityksen	12	11
merkittyjä	12	10
mahdollisia	12	11
esittänyt	12	9
säädettyä	12	9
taso	12	4
luetteloon	12	10
ennalta	12	7
asetettava	12	10
pkyritysten	12	11
merkinnöissä	12	12
myönteinen	12	10
myönteistä	12	10
lausuntonsa	12	11
raportti	12	8
muutetaan	12	9
väittämää	12	9
ongelmista	12	10
vastuu	12	6
keskustelua	12	11
tietty	12	6
arvioi	12	6
elintarvikeviraston	12	19
yhdenmukaisesta	12	15
lissaboninstrategia	12	19
luovuttava	12	10
siltä	12	5
osoitettava	12	11
hiljattain	12	10
myöntäminen	12	11
erikseen	12	8
zdzisław	12	8
laatimista	12	10
laajemmassa	12	11
esteitä	12	7
noudattavat	12	11
tuomioistuin	12	12
toistaiseksi	12	12
tälle	12	5
menettelyjen	12	12
energiaa	12	8
jakso	12	5
ml	12	2
omegarasvahappoja	12	17
asetetut	12	8
lisäämällä	12	10
muuhun	12	6
joseph	12	6
trakatellis	12	11
säädöksen	12	9
puheenjohtajan	12	14
jeanpaul	12	8
gauzès	12	6
tukemiseksi	12	11
välineenä	12	9
tapahtuvan	12	10
asiantuntijat	12	13
nopean	12	6
kielteisiä	12	10
asetettujen	12	11
kärsivät	12	8
tietoisuutta	12	12
tavoitteeksi	12	12
yhteistyöstä	12	12
avoimuutta	12	10
julkiset	12	8
toimivaltaan	12	12
demokraattisen	12	14
ulkopuolisten	12	13
oman	12	4
monivuotinen	12	12
perustaminen	12	12
galileon	12	8
mielessä	12	8
ohjelmat	12	8
tehostamiseksi	12	14
luotava	12	7
maksun	12	6
viiden	12	6
joutuvat	12	8
bauer	12	5
berger	12	6
hanspeter	12	9
zwiefka	12	7
suositus	12	8
bert	12	4
doorn	12	5
sisämarkkinoihin	12	16
ohjelmalla	12	10
mainituissa	12	11
antamalla	12	9
tuesta	12	6
olemaan	12	7
edustajan	12	9
kertomus	12	8
energiaalalla	12	13
investointeihin	12	15
viisivuotiskaudeksi	12	19
keskuksen	12	9
luonnollisesti	12	14
rosa	12	4
syrjintä	12	8
sukupuoleen	12	11
tasoilla	12	8
siirtää	12	7
organisaatioiden	12	16
käsittelevän	12	12
máire	12	5
rahoitusasetuksen	12	17
minun	12	5
iles	12	4
braghetto	12	9
suuremman	12	9
suuria	12	6
edistämiseen	12	12
välttämättömänä	12	15
vastaanottaja	12	13
helpottamaan	12	12
metsänhoitoa	12	12
luonnon	12	7
tuottajien	12	10
kalastuspolitiikan	12	18
kalatalousvaliokunta	12	20
jälleen	12	7
tutkimusta	12	10
parannetaan	12	11
ympäristö	12	9
toimintalinjojen	12	16
toimintalinja	12	13
syrjäytymistä	12	13
köyhyys	12	7
viljelykasvien	12	14
energiakasvien	12	14
akt:n	12	5
käsittelyyn	11	11
energy	11	6
kannassa	11	8
reul	11	4
gonzález	11	8
perustettiin	11	12
oleviin	11	7
kahteen	11	7
määritetään	11	11
katso	11	5
yhteisten	11	9
asetusehdotus	11	13
hallinnolliset	11	14
alueellisiin	11	12
tarpeellisena	11	13
soveltamalla	11	12
erilaisten	11	10
matkailuvaliokunta	11	18
esitetyn	11	8
vahvistaminen	11	13
yhtenäisen	11	10
toimin	11	6
vahvistetun	11	11
soveltamisala	11	13
olevissa	11	8
osaan	11	5
laaja	11	5
periaatteessa	11	13
digitaalinen	11	12
paikallaan	11	10
esitetyllä	11	10
tekemistä	11	9
vastoin	11	7
lopulta	11	7
roolia	11	6
menettelystä	11	12
miksi	11	5
palauttaa	11	9
margrete	11	8
auken	11	5
dieterlebrecht	11	14
koch	11	4
corien	11	6
wortmannkool	11	12
white	11	5
rajoitettava	11	12
kyseisiä	11	8
mainittua	11	9
yleisestä	11	9
tekstiin	11	8
muualla	11	7
neljän	11	6
kyseiseen	11	9
päätyttyä	11	9
viimeinen	11	9
voimaantulon	11	12
ensimmäistä	11	11
aiemmin	11	7
joustavuutta	11	12
johtuvat	11	8
suositusten	11	11
ravitsemuksellisia	11	18
perusteita	11	10
pohjan	11	6
tuoda	11	5
sallia	11	6
terveysväittämiin	11	17
erilaiset	11	9
sisältö	11	7
arvioinnista	11	12
avoin	11	5
tuotetta	11	8
muodoissa	11	9
sellaista	11	9
terveysväittämää	11	16
väittämässä	11	11
määritelty	11	10
tarkistuksessa	11	14
määräajassa	11	11
laaditaan	11	9
kokemukset	11	10
olevasta	11	8
edustavien	11	10
ehkäisemistä	11	12
ilmoitus	11	8
kirjallisesti	11	13
asiakirjoista	11	13
tarvitse	11	8
ryhtyä	11	6
liitettävä	11	10
asiakirjat	11	10
haetaan	11	7
sääntöihin	11	10
laatimiseksi	11	12
alaisten	11	8
tarjoamaan	11	10
asianosaisten	11	13
hyviin	11	6
tiukasti	11	8
jotkut	11	6
sopimuksia	11	10
alusta	11	6
normeja	11	7
tarkoituksenmukaista	11	20
hyväksymisen	11	12
ensisijainen	11	12
ehdot	11	5
ranskan	11	7
luonteen	11	8
omasta	11	6
vastaavasti	11	11
haltijan	11	8
periaate	11	8
vitamiinien	11	11
kivennäisaineiden	11	17
c6	11	2
paikallisella	11	13
kansainvälisiä	11	14
onkin	11	5
artiklasta	11	10
rajoitetaan	11	11
seurannan	11	9
henkilöille	11	11
toivoo	11	6
periaatteet	11	11
konkreettisia	11	13
monien	11	6
määrät	11	6
joel	11	4
hasse	11	5
evans	11	5
karlheinz	11	9
erna	11	4
hennicotschoepges	11	17
luomalla	11	8
othmar	11	6
karas	11	5
järjestön	11	9
uudessa	11	7
teknisen	11	8
kehitystavoitteiden	11	19
kehittämällä	11	12
laatua	11	6
teknisiä	11	8
tyytyväisenä	11	12
tiedottaa	11	9
edistämällä	11	11
manolis	11	7
mavrommatis	11	11
yhteenkuuluvuutta	11	17
viranomaisena	11	13
jäsentensä	11	10
rajojen	11	7
tuloksena	11	9
säädösten	11	9
päätöslauselma	11	14
vuosiksi	11	8
ulottuvuuden	11	12
sopimuksesta	11	12
poistamista	11	11
galileoohjelmaan	11	16
kehittämisestä	11	14
siirtämistä	11	11
miljardia	11	9
sitoumuksista	11	13
sukupolven	11	10
tullut	11	6
riippumattomuus	11	15
toteuttamisessa	11	15
maksusuoritusmääräys	11	20
huolenaiheet	11	12
toimittava	11	10
aloyzas	11	7
sakalas	11	7
rainer	11	6
wieland	11	7
tärkeyttä	11	9
oppilaitosten	11	13
viisi	11	5
laajuisia	11	9
meneillään	11	10
yhteentoimivuutta	11	17
laajuisen	11	9
suunnitelman	11	12
sosiaalikomitealle	11	18
edistyminen	11	11
menojen	11	7
ensisijaisia	11	12
tehostettava	11	12
vuosittaiset	11	12
kyösti	11	6
virrankoski	11	11
martin	11	6
luvasta	11	7
nimeämää	11	8
vuodeksi	11	8
pilarin	11	7
uskontoon	11	9
vakaumukseen	11	12
suuntautumiseen	11	15
sosiaalisesti	11	13
edistytty	11	9
tiedotusvälineiden	11	18
kansalaisjärjestöjen	11	20
muutoksiin	11	10
mietinnössä	11	11
nimeämisestä	11	12
tarkastuslausumaa	11	17
johdonmukaisesti	11	16
kuvan	11	5
säilyttämisen	11	13
minulla	11	7
hoidon	11	6
harkitsemaan	11	12
saavutetaan	11	11
ala	11	3
toimintansa	11	11
kohdistuvia	11	11
silva	11	5
päätöksentekoon	11	15
luomiseen	11	9
satamissa	11	9
sosiaalisten	11	12
h.	11	2
siirrot	11	7
investointien	11	13
heinz	11	5
kindermann	11	10
uudistaminen	11	12
kasvaa	11	6
kasvava	11	7
carmen	11	6
fraga	11	5
estévez	11	7
nuoria	11	6
edistämisestä	11	13
keskityttävä	11	12
viljelijät	11	10
liittyvillä	11	11
taitojen	11	8
hankkia	11	7
lähestymistapoja	11	16
elinikäisen	11	11
indikaattorit	11	13
vastaanottavan	11	14
vastaanottamasta	11	16
valitettavana	11	13
tietoyhteiskunta	11	16
velkojien	11	9
pääomasta	11	9
energiavaliokunta	10	17
esittämänsä	10	11
käyttäjä	10	8
käyttämällä	10	11
vältettävä	10	10
siirtoa	10	7
ivo	10	3
guidoni	10	7
pier	10	4
claude	10	6
caspary	10	7
nistelrooij	10	11
tšekin	10	6
laajuiset	10	9
yhdenmukainen	10	13
laajentumisen	10	13
pääasiassa	10	10
toisiaan	10	8
tapaan	10	6
laajentuminen	10	13
alain	10	5
markus	10	6
seeber	10	6
riittävät	10	9
alueellaan	10	10
tarkastettava	10	13
työssä	10	6
päivämäärä	10	10
prosenttiosuus	10	14
esittämä	10	8
jättäminen	10	10
koskemaan	10	9
otettu	10	6
kantaan	10	7
tärkeimmistä	10	12
yhteenveto	10	10
vakuuttunut	10	11
kappaleessa	10	11
tarkastuksiin	10	13
costa	10	5
petr	10	4
duchoň	10	6
mathieu	10	7
jeanine	10	7
hennisplasschaert	10	17
le	10	2
etelka	10	6
ewa	10	3
schmitt	10	7
dover	10	5
lópezistúriz	10	12
tavara-	10	7
säännöksiin	10	11
nykyään	10	7
poikkeukset	10	11
säilytettävä	10	12
kokemus	10	7
osoittamaan	10	11
laitosten	10	9
välttää	10	7
kuulu	10	5
kyseisellä	10	10
toimivan	10	8
vaarantaa	10	9
materiaalien	10	12
sallittava	10	10
vuoropuhelua	10	12
ehdotetut	10	9
sosiaaliset	10	11
ravintoaineita	10	14
hiilihydraatit	10	14
perusteltava	10	12
toimintoihin	10	12
tiedottaminen	10	13
tieteellisiä	10	12
väittämiin	10	10
omissa	10	6
lainsäädännöllä	10	15
ravintoainetta	10	14
kuultava	10	8
edellytysten	10	12
tapauksen	10	9
ravitsemuksellisen	10	18
näyttöön	10	8
arvoa	10	5
elintarviketta	10	14
sopivat	10	7
energiasisällön	10	15
saaneet	10	7
maininta	10	8
painon	10	6
vastaanottamisen	10	16
täydentämään	10	12
seikkoja	10	8
myönnetty	10	9
hakija	10	6
kuudennen	10	9
perusta	10	7
ravitsemusväittämien	10	20
tarkistamisesta	10	15
angelika	10	8
ehdottomasti	10	12
liittyen	10	8
varsin	10	6
hallinnollisista	10	16
päätökset	10	9
tutkimusten	10	11
katsoa	10	6
äskettäin	10	9
asetetaan	10	9
hyödyksi	10	8
hakemusta	10	9
keskeyttää	10	10
asianmukaisten	10	14
aika	10	4
sama	10	4
codex	10	5
nicole	10	6
fontaine	10	8
teresa	10	6
riera	10	5
madurell	10	8
käyttöönottoa	10	13
joutua	10	6
sisällyttää	10	11
oteta	10	5
hallussa	10	8
liiketoiminnan	10	14
todettava	10	9
muodostuu	10	9
auttavat	10	8
jätettävä	10	9
florenz	10	7
françoise	10	9
mary	10	4
caroline	10	8
kukin	10	5
koordinointia	10	13
purkamista	10	10
oikeushenkilöt	10	14
määriteltyjen	10	13
alaa	10	4
parlamentilla	10	13
kehitysmaita	10	12
rahoituksesta	10	13
vapauttaminen	10	13
kestävään	10	9
luisa	10	5
carl	10	4
schlyter	10	8
seurata	10	7
ohjelmia	10	8
sisältyä	10	8
eräs	10	4
jäsenen	10	7
vastavuoroista	10	14
kokouksen	10	9
koheesiota	10	10
taloudellisesta	10	15
albert	10	6
galileo	10	7
vahvistamaan	10	12
myönnettävän	10	12
täytyy	10	6
viittaa	10	7
miljoonan	10	9
varattava	10	9
miljardi	10	8
kumppanuuden	10	12
eurooppalaiseen	10	15
eteenpäin	10	9
parempia	10	8
täydentävät	10	11
palveluihin	10	11
rahoitusosuuden	10	15
teknisestä	10	10
olosuhteissa	10	12
tarkasti	10	8
hallinnointia	10	13
tuomioistuimessa	10	16
vaateen	10	7
vahvistamista	10	13
kansallisiin	10	12
huolehtimaan	10	12
kaikkialla	10	10
vaikeuksia	10	10
johannes	10	8
blokland	10	8
rahoitustuelle	10	14
antamassaan	10	11
tehdyssä	10	8
vauhdittavat	10	12
toteutusta	10	10
mobilisoida	10	11
missään	10	7
tukikelpoisuus	10	14
ohjelmaa	10	8
töiden	10	6
tukikelpoisista	10	15
saatavuuden	10	11
menot	10	5
toteutuksen	10	11
lähteistä	10	9
karel	10	5
perustamisen	10	12
kilpailukyky	10	12
pienen	10	6
keskustelun	10	11
tehokkaiden	10	11
saatavuudesta	10	13
toiselle	10	8
casaca	10	6
kok	10	3
julistuksessa	10	13
käytävien	10	9
edustajaa	10	9
kuultu	10	6
perusasetuksissa	10	16
virastoa	10	8
yhteiskunta	10	11
perusoikeuskirjan	10	17
torjumista	10	10
strategiaa	10	10
ihmiset	10	7
toimintasuunnitelmaa	10	20
jäsenvaltioihin	10	15
teknistä	10	8
terveydenhoidon	10	15
toimintaohjelman	10	16
keino	10	5
vastaukset	10	10
uudistusten	10	11
toteutumisen	10	12
kuvailisitte	10	12
ohjeita	10	7
velvoitteiden	10	13
olin	10	4
puute	10	5
alueille	10	8
etukäteen	10	9
rajoitusten	10	11
kehyksen	10	8
italian	10	7
toimittamaan	10	12
säilyttämiseen	10	14
olosuhteet	10	10
viestinten	10	10
kasvu	10	5
satamassa	10	9
korvaus	10	7
omaisuuden	10	10
uimaveden	10	9
pidetyn	10	7
maailmassa	10	10
seurauksia	10	10
koordinoinnin	10	13
toimintojen	10	11
metsästrategiasta	10	17
monimuotoisuus	10	14
metsää	10	6
viestinnän	10	10
ehkäisytoimet	10	13
solidaarisuutta	10	15
koulutus-	10	9
hyödyntämään	10	12
metsäpolitiikan	10	15
strategisten	10	12
kieltoalueen	10	12
neuvotteluja	10	12
eniten	10	6
kalakantojen	10	12
tekniikkojen	10	12
tuotetun	10	8
jäähdytyksen	10	12
annex	10	5
matkailu	10	8
ympäristöpalvelujen	10	19
osoitetuilla	10	12
kannustaminen	10	13
hallinnoinnin	10	13
perheiden	10	9
kieltäytyä	10	10
avustustoimet	10	13
arjen	10	5
puolueita	10	9
vastikkeeksi	10	12
kehitysmaille	10	13
afrikan	10	7
varmistettaisiin	9	16
maksut	9	6
kannustimia	9	11
helpotetaan	9	11
nykyisessä	9	10
muuttamiseen	9	12
giles	9	5
chichester	9	10
pia	9	3
elda	9	4
locatelli	9	9
reino	9	5
paasilinna	9	10
paul	9	4
rübig	9	5
andres	9	6
tarand	9	6
nikolaos	9	8
ayuso	9	5
norbert	9	7
glante	9	6
nuts	9	4
unkarin	9	7
johdanto	9	8
tarkoituksiin	9	13
hallinnollisten	9	15
asukasta	9	8
mukauttaa	9	9
bernadette	9	10
gurmai	9	6
francesco	9	9
mojca	9	5
drčar	9	5
murko	9	5
lászló	9	6
keskimäärin	9	11
tehtyjen	9	8
rikkomusten	9	11
tarkistuksista	9	14
yhdenmukaistamista	9	18
noudattamiseksi	9	15
tarkastuksia	9	12
kyseeseen	9	9
seuraamusten	9	12
erot	9	4
julkaistaan	9	11
ottamista	9	9
lähes	9	5
todettiin	9	9
valvonta	9	8
täytäntöönpanossa	9	17
mahdolliset	9	11
luetteloa	9	9
christine	9	9
veyrac	9	6
barsipataky	9	11
roberts	9	7
zīle	9	4
kaupallista	9	11
kahdeksan	9	9
paikan	9	6
päällä	9	6
henkilöä	9	8
kahdessa	9	8
ongelmat	9	8
muusta	9	6
sallittua	9	9
kahdentoista	9	12
lopussa	9	7
työntekijöitä	9	13
tapauksiin	9	10
pitämään	9	8
teki	9	4
johdantokappale	9	15
olisivat	9	8
toivottavaa	9	11
ottaminen	9	9
käyttämät	9	9
selkeitä	9	8
esimerkkinä	9	11
kolmansissa	9	11
vähennetään	9	11
osapuolet	9	9
edellytyksin	9	12
pidennetään	9	11
edellytys	9	9
väittämin	9	9
fysiologisia	9	12
rasva	9	5
suola	9	5
sokerit	9	7
luonteeseen	9	11
pysty	9	5
kansainvälisellä	9	16
psykologisiin	9	13
merkityksellinen	9	16
laihdutukseen	9	13
mainittuihin	9	12
ruokavaliossa	9	13
kuvataan	9	8
luotettavuus	9	12
terveellisen	9	12
hakemusten	9	10
vaatimuksiin	9	12
kysymyksistä	9	12
järjestää	9	9
kuluttajalle	9	12
pakkausmerkinnöissä	9	19
rajoita	9	7
laadusta	9	8
liikkuvuuden	9	12
oikeudellista	9	13
parempi	9	7
kuluttajaa	9	10
huomattavan	9	11
näytöllä	9	8
oikeiksi	9	8
oikeaksi	9	8
varustetut	9	10
täyttävät	9	9
viranomaista	9	12
luettelosta	9	11
huomattavaa	9	11
käyttöönotosta	9	14
välittömästi	9	12
kuusi	9	5
tietyssä	9	8
virkamiesten	9	12
oikeudellisia	9	13
päätöksestä	9	11
rajoitettu	9	10
soveltamisessa	9	14
käyttämistä	9	11
saatettu	9	8
olennainen	9	10
määräaikojen	9	12
työhön	9	6
niebler	9	7
merkittävän	9	11
tasapainoisen	9	13
väärin	9	6
todella	9	7
hyöty	9	5
yhtenä	9	6
sisälly	9	7
ensimmäisenä	9	12
perustuvaa	9	10
järjestelmää	9	12
välisenä	9	8
mainittuja	9	10
merkitty	9	8
päättymistä	9	11
oikeutta	9	8
selventää	9	9
asianomainen	9	12
haitata	9	7
pitoisuus	9	9
energia	9	7
energiasta	9	10
jorgo	9	5
chatzimarkakis	9	14
dorette	9	7
corbey	9	6
perusteellisesti	9	16
tuotteista	9	10
muotoja	9	7
tarkoitukseen	9	13
todeta	9	6
selväksi	9	8
valossa	9	7
poistamaan	9	10
sanamuodosta	9	12
suora	9	5
asianmukaisella	9	15
vuosia	9	6
rajaarvot	9	9
grossetête	9	10
honeyball	9	9
anja	9	4
weisgerber	9	10
urszula	9	7
krupa	9	5
laatimisesta	9	12
politiikat	9	10
päätöksiä	9	9
köyhimpien	9	10
painotetaan	9	11
vaaditaan	9	9
etusijalle	9	10
kieltämistä	9	11
kioton	9	6
kehitysapukomitean	9	18
ehdoin	9	6
välinettä	9	9
kolmansille	9	11
kohtelu	9	7
samoja	9	6
valmiuksia	9	10
taustaa	9	7
avusta	9	6
säännellä	9	9
tuottavat	9	9
kehitysyhteistyön	9	17
tehtävistä	9	10
georgios	9	8
andrzej	9	7
gaľa	9	4
ana	9	3
säilyttämiseksi	9	15
rahastojen	9	10
sopimuksiin	9	11
jäsenistä	9	9
omat	9	4
nimissään	9	9
taloudelliseen	9	14
johtaja	9	7
mainitaan	9	9
alueelle	9	8
jälkeiset	9	9
rahoituskehys	9	13
täydentäviä	9	11
galileoohjelman	9	15
rahoitusosuus	9	13
kertomukset	9	11
maista	9	6
kustannusten	9	12
lewandowski	9	11
laajentuneessa	9	14
seuraavaa	9	9
gérard	9	6
helga	9	5
trüpel	9	6
varattu	9	7
rajatylittävissä	9	16
ratkaiseva	9	10
lyhyt	9	5
liitteenä	9	9
mahdollisesta	9	13
saamista	9	8
oikeusperustaa	9	14
vastavuoroisen	9	14
liikkuvuutta	9	12
edustajat	9	9
tunnustamisen	9	13
mariehélène	9	11
tutkimaan	9	9
ensisijaiset	9	12
talousarvio	9	11
takeet	9	6
saatuja	9	7
riippumattoman	9	14
poliittiseen	9	12
suunnitteluun	9	13
ensisijaisissa	9	14
käynnistetään	9	13
valtiot	9	7
jokaisesta	9	10
tukipäätöksen	9	13
kaudelle	9	8
seurannasta	9	11
tiiviissä	9	9
myötävaikuttaa	9	14
perustamiseen	9	13
parlamentissa	9	13
vaihtoehtoja	9	12
keskitytään	9	11
osallistuttava	9	14
paulo	9	5
päätti	9	6
mietintöön	9	10
eva	9	3
nicola	9	6
jutta	9	5
haug	9	4
teemavuodesta	9	13
tarjonnan	9	9
vammaisuuteen	9	13
sukupuoliseen	9	13
asioista	9	8
torjumisen	9	10
rotuun	9	6
panemaan	9	8
etniseen	9	8
tietoisuuden	9	12
keskustelu	9	10
vaihtaa	9	7
takaamaan	9	9
kohdistuvan	9	11
tapahtuman	9	10
aloitteiden	9	11
irlannin	9	8
mihin	9	5
resurssien	9	10
äärimmäisen	9	11
toimielin	9	9
tilintarkastuselimet	9	20
pyrkimyksiä	9	11
ota	9	3
ongelmiin	9	9
luonteesta	9	10
suunnittelun	9	12
taloudellisiin	9	14
kielteinen	9	10
m.	9	2
julkisesta	9	10
toimielimiin	9	12
pohtia	9	6
massimo	9	7
to	9	2
politiikkaa	9	11
ohjelmasta	9	10
päästiin	9	8
haittaavat	9	10
korvausta	9	9
ioannis	9	7
gklavakis	9	9
valtuuskunta	9	12
hallintaan	9	10
merkintöjen	9	11
siirtoja	9	8
siirtyminen	9	11
aiheuttamien	9	12
uudistuksen	9	11
aubert	9	6
uudistus	9	8
politiikkoja	9	12
metsäalaa	9	9
j.	9	2
k.	9	2
maaperän	9	8
l.	9	2
toimintasuunnitelma	9	19
puusta	9	6
puun	9	4
hyödyntäminen	9	13
ministerikokouksessa	9	20
natura	9	6
strategiat	9	10
kieltoalue	9	10
suojaalue	9	9
kalastusalan	9	12
syntyy	9	6
nykyiset	9	8
uusiutuvat	9	10
hyödyntämiseksi	9	15
talouksien	9	10
maaseutualueille	9	16
sijainti	9	8
kumppanuuksien	9	14
siirrettävien	9	13
maanviljelijöiden	9	17
eutason	9	7
elinkeinoelämässä	9	17
vapaaajan	9	9
maataloutta	9	11
oppimisen	9	9
oikeudenkäynti-	9	15
hätätilanteisiin	9	16
demokratian	9	11
rakenneuudistuksia	9	18
sitoumukset	9	11
valtuuden	9	9
ulkopuolinen	9	12
kehitysmaat	9	11
tarpeiden	8	9
aiheutuvat	8	10
saanut	8	6
alejo	8	5
vidalquadras	8	12
roca	8	4
liese	8	5
francisca	8	9
pleguezuelos	8	12
aguilar	8	7
suurta	8	6
ehdotti	8	7
annettua	8	8
březina	8	7
toimivalta	8	10
riittävällä	8	11
sijasta	8	7
aetrsopimuksen	8	14
ajoneuvoista	8	12
mukautettava	8	12
lisäys	8	6
toimitettaviin	8	14
kokemusten	8	10
välttämättömiä	8	14
alkuperäisen	8	12
ohjeet	8	6
työmarkkinaosapuolet	8	20
aloittaa	8	8
ajoneuvossa	8	11
ajanjakson	8	10
prosentista	8	11
nostaa	8	6
näkökohdista	8	12
säädettävä	8	10
muuttanut	8	9
näyttää	8	7
ehdottamiin	8	11
puolestaan	8	10
vaatimus	8	8
asioihin	8	8
tieliikenteessä	8	15
cramer	8	6
saïd	8	4
khadraoui	8	9
grosch	8	6
josu	8	4
ortuondo	8	8
larrea	8	6
erik	8	4
meijer	8	6
hedkvist	8	8
petersen	8	8
renate	8	6
sommer	8	6
marta	8	5
vincenzi	8	8
jensen	8	6
kuljettaja	8	10
asteittain	8	10
digitaalista	8	12
eurooppalaisessa	8	16
humanitaarisen	8	14
kilometrin	8	10
jossakin	8	8
viimeisen	8	9
lepoajan	8	8
hallinnassa	8	11
riittäviä	8	9
kokemuksen	8	10
velvollinen	8	11
menettelyyn	8	11
niiltä	8	6
yksittäiset	8	11
ehkäistään	8	10
ruokavalio	8	10
pieni	8	5
tekijöistä	8	10
tekijät	8	7
suosituksia	8	11
tiedottamista	8	13
merkintöjä	8	10
aiheellista	8	11
ratkaisemiseksi	8	15
voidaanko	8	9
asemesta	8	8
ravintosisältöä	8	15
määriteltäessä	8	14
monimutkaista	8	13
näkökohta	8	9
käyttävien	8	10
oikeassa	8	8
vaikeaa	8	7
aiheutuvaan	8	11
tunteen	8	7
kehitykselle	8	12
arviointi-	8	10
tällaisista	8	11
tarjotaan	8	9
vapaa	8	5
sisältyvien	8	11
lopullinen	8	10
pyydettävä	8	10
määrien	8	7
näytetty	8	8
fysiologisen	8	12
hyödyt	8	6
tasapainoa	8	10
käytöllä	8	8
varustettujen	8	13
esitettävän	8	11
liitteeseen	8	11
keskivertokuluttaja	8	19
toimivaltaiset	8	14
jäsenvaltioilta	8	15
hyväksymiskuukauden	8	19
välityksellä	8	12
elintarvikeluokka	8	17
hakijalla	8	9
valmistajalle	8	13
lausunnosta	8	11
voimaantuloa	8	12
viittaukset	8	11
nopea	8	5
jakaminen	8	9
jatkossa	8	8
pystyvät	8	8
valmistelijan	8	13
syyt	8	4
yhdistää	8	8
riittää	8	7
täydellisen	8	11
ihmisille	8	9
luottamuksen	8	12
vähennetty	8	10
turvaamiseksi	8	13
sovellettavien	8	14
yhteys	8	6
vaativat	8	8
millaisessa	8	11
grammaa	8	7
ehtojen	8	7
haluavat	8	8
satu	8	4
hassi	8	5
toine	8	5
manders	8	7
maaliskuussa	8	12
uhkaa	8	5
huolissaan	8	10
pitävät	8	7
erityisten	8	10
arvioitava	8	10
johdonmukaisuuden	8	17
selkeyttämään	8	13
ehdottoman	8	10
yhteyksistä	8	11
kansalaisjärjestöt	8	18
kyseisiin	8	9
rasvaa	8	6
vaara	8	5
miroslav	8	8
guido	8	5
ulmer	8	5
astrid	8	6
lulling	8	7
allekirjoittamaan	8	17
tilien	8	6
elisa	8	5
friedrich	8	9
veld	8	4
sánchez	8	7
willem	8	6
schuth	8	6
purkaminen	8	10
purkamisesta	8	12
omaa	8	4
useat	8	5
työmarkkinoilla	8	15
välineestä	8	10
dac	8	3
hankintasopimusten	8	18
asiantuntijoihin	8	16
vastavuoroinen	8	14
maata	8	5
tiedotettava	8	12
kehittyneitä	8	12
saavuttamisen	8	13
oma	8	3
ehdottamien	8	11
askel	8	5
sitoumusten	8	11
kyettävä	8	8
kehitysmaissa	8	13
csaba	8	5
morgantini	8	10
zaleski	8	7
rajaseutuyhteistyötä	8	20
jollekin	8	8
valtuudet	8	9
rakenteen	8	9
ylittävien	8	10
sisäisten	8	9
hyvät	8	5
ottamalla	8	9
tunnustettu	8	11
hanke	8	5
siirtymäkauden	8	14
tarvittava	8	10
mekanismi	8	9
säilyvät	8	8
tilanteen	8	9
ohjeellinen	8	11
vuosittaisen	8	12
hyväksymän	8	10
hyväksymä	8	9
hanketta	8	8
mukanaan	8	8
järjestelmät	8	12
keskenään	8	9
myönteisiä	8	10
budjettivaliokunta	8	18
pitämässään	8	11
kesken	8	6
yksityistä	8	10
dührkop	8	7
molempiin	8	9
egnosohjelmilla	8	15
tavoitteeseen	8	13
ensinnäkin	8	10
oikeudellisen	8	13
panemiseksi	8	11
standardit	8	10
soveltamaan	8	11
merkityn	8	8
tekemät	8	7
johtavat	8	8
julkisesti	8	10
ryhdyttävä	8	10
erottaa	8	7
christa	8	7
adamos	8	6
adamou	8	6
jaroslav	8	8
zvěřina	8	7
komissiolla	8	11
direktiiviehdotuksen	8	20
politiikkoihin	8	14
keskitettävä	8	12
riskirahastoihin	8	16
hankkeille	8	10
ohjelmoinnin	8	12
yhdistävät	8	10
liikenneverkon	8	14
suuruus	8	7
kyseisissä	8	10
selvityksessä	8	13
asetetun	8	8
periä	8	5
sisällöstä	8	10
toteutuksessa	8	13
verkoista	8	9
näkökohdat	8	10
toiseksi	8	8
mukauttaminen	8	13
olevaan	8	7
johtuen	8	7
tasoa	8	5
todellinen	8	10
szabolcs	8	8
fazakas	8	7
saatettava	8	10
koskaan	8	7
rahoituspalvelujen	8	18
keskustelujen	8	13
asetukset	8	9
markkinat	8	9
todennut	8	8
tule	8	4
zingaretti	8	10
lääkeviraston	8	13
nimittävänä	8	11
viran	8	5
haltijaa	8	8
oikeudenmukainen	8	16
alkuperästä	8	11
toteutumista	8	12
laajemmin	8	9
vastaista	8	9
alkuperään	8	10
asuu	8	4
todellista	8	10
arvoja	8	6
tarkistanut	8	11
organisoinnin	8	13
muutoksella	8	11
vammaisten	8	10
geogheganquinnin	8	16
ansioluettelo	8	13
jatkamaan	8	9
tiedätte	8	8
riippumattomasti	8	16
riittävää	8	9
henkilöstön	8	11
avointa	8	7
varainhoitoasetusta	8	19
adarosasto	8	10
pinxtenin	8	9
tehokkuus	8	9
juan	8	4
ramallo	8	7
massanetin	8	10
derecho	8	7
käyttäjien	8	10
tulosta	8	7
saavuttamisessa	8	15
rakenne	8	7
caldeiran	8	9
elimiin	8	7
varin	8	5
julkisilla	8	10
tyytyväinen	8	11
voimassaoloaika	8	15
sääntely	8	8
kehittämispolitiikan	8	20
stephen	8	7
sosiaalisista	8	13
roland	8	6
palvelukseen	8	12
pecons	8	6
tarjoamista	8	11
ilmoittamaan	8	12
siirroista	8	10
valtiontukia	8	12
pikaisesti	8	10
kansainvälistä	8	14
perinteisiä	8	11
tuottavuuden	8	12
toteutuminen	8	12
takeita	8	7
elspeth	8	7
attwooll	8	8
metsiin	8	7
n.	8	2
strategioiden	8	13
mahdollisuuksista	8	17
alakohtaisen	8	12
metsistä	8	8
merkittävässä	8	13
tukemalla	8	9
hehtaaria	8	9
ominaista	8	9
maatalouteen	8	12
toimenpiteillä	8	14
czesław	8	7
siekierski	8	10
salomonsaaret	8	13
palaun	8	6
kehitysyhteistyötä	8	18
kalojen	8	7
luomiseksi	8	10
energialähteet	8	14
hyödynnettävä	8	13
suuret	8	6
ennakoida	8	9
biomassaa	8	9
tältä	8	5
maataloudessa	8	13
rakenteiden	8	11
heijastaa	8	9
tuleville	8	9
ympäristöllisesti	8	17
maaseutualuetta	8	15
maaseutuvoittoisilla	8	20
indikaattoreilla	8	16
kaukainen	8	9
innovaatioihin	8	14
pääomaan	8	8
elintarvikeketjuun	8	18
markkinasuuntautunut	8	20
yrittäjyyden	8	12
maisemia	8	8
alaisia	8	7
luonnonvaroja	8	13
maaperää	8	8
houkuttavuutta	8	14
luonnonkatastrofien	8	19
monipuolistaminen	8	17
ehkäistä	8	8
ohjelmaalueen	8	13
työttömyys	8	10
hiljattainen	8	12
tuottajille	8	11
hälytys-	8	8
avustustoimiin	8	14
rahoitustuesta	8	14
osallisuudesta	8	14
rakenneuudistuksista	8	20
eritelmän	8	9
tietoyhteiskunnassa	8	19
puuttua	8	7
puolueille	8	10
vastikkeen	8	10
omaisuuserän	8	12
yhtiölle	8	8
toimivuuden	7	11
rakentamiseen	7	13
poiketa	7	7
tosiasiallisesti	7	16
european	7	8
parhaiden	7	9
menettelyistä	7	13
belet	7	5
philippe	7	8
joan	7	4
andrás	7	6
gyürk	7	5
rebecca	7	7
harms	7	5
werner	7	6
langen	7	6
panzeri	7	7
remek	7	5
patrizia	7	8
toia	7	4
turmes	7	6
vakalis	7	7
skinner	7	7
purvis	7	6
viron	7	5
puolan	7	6
unioniin	7	8
tilastojen	7	10
luonteeltaan	7	12
jäsenvaltiolle	7	14
hallinnollista	7	14
rakennetta	7	10
asetusehdotusta	7	15
tasavallan	7	10
pieniä	7	6
hallinnollisia	7	14
saattaisi	7	9
arnaoutakis	7	11
carlos	7	6
mieczysław	7	10
edmund	7	6
janowski	7	8
schroedter	7	10
tehtävissä	7	10
valvonnasta	7	11
tarkastettavien	7	15
ehdottama	7	9
estämiseksi	7	11
jäsenvaltiosta	7	14
tasapuolisesti	7	14
koordinointi	7	12
rikkominen	7	10
käytäntöjä	7	10
tarkastellaan	7	13
vahvistettuja	7	13
tarkasteltava	7	13
tarkoitettuun	7	13
heti	7	4
uudella	7	7
noudattaminen	7	13
poikkeaa	7	8
valmis	7	6
kolmeen	7	7
luotu	7	5
ponnistelut	7	11
bradbourn	7	9
arūnas	7	6
degutis	7	7
armando	7	7
dionisi	7	7
emanuel	7	7
jardim	7	6
fernandes	7	9
jaromír	7	7
kohlíček	7	8
jörg	7	4
leichtfried	7	11
liberadzki	7	10
onyszkiewicz	7	12
reinhard	7	8
rack	7	4
luca	7	4
romagnoli	7	9
ingo	7	4
ulrich	7	6
stockmann	7	9
cottigny	7	8
maanteiden	7	10
kuljettajaa	7	11
minä	7	4
vapaasti	7	8
nopeuttaa	7	9
tehdyt	7	6
kaupallisten	7	12
näille	7	6
käyttävät	7	9
vuorokautinen	7	13
estetään	7	8
hänellä	7	7
jokin	7	5
tarvittavan	7	11
sijoitetaan	7	11
viikoittainen	7	13
seuraa	7	6
tapahtunut	7	10
seurausta	7	9
toisesta	7	8
toimivia	7	8
noudateta	7	9
tilapäisesti	7	12
pyydetään	7	9
käsittävät	7	10
päivältä	7	8
tuntuu	7	6
ehkä	7	4
tilanteissa	7	11
velvollisuudet	7	14
tutkia	7	6
ottanut	7	7
suhteellisen	7	12
monista	7	7
vastaavia	7	9
kullakin	7	8
vastainen	7	9
transrasvahappojen	7	18
elintarvikeryhmällä	7	19
tunnustettava	7	13
ottamiseksi	7	11
luettelossa	7	11
kasvulle	7	8
seuraavissa	7	11
todenmukaisuus	7	14
selkeys	7	7
valinnan	7	8
tärkeydestä	7	11
sellaisenaan	7	12
avoimesti	7	9
direktiivit	7	11
hyödyntämistä	7	13
elintarvikealalla	7	17
riippuvaisia	7	12
vaihdella	7	9
ravintosisältötyypin	7	20
sidosryhmiä	7	11
rasvahappojen	7	13
aine	7	4
nautittavan	7	11
merkityksellisen	7	16
aiheuttavan	7	11
muuten	7	6
ravitsemusväittämä	7	18
vertaillaan	7	11
luokkaan	7	8
energiasisältöä	7	15
tunnistaa	7	9
keinona	7	7
päätöksenteon	7	13
määräajat	7	9
monipuolisen	7	12
joillakin	7	9
järjestöjä	7	10
yrityksiin	7	10
luettelot	7	9
pitkää	7	6
osoite	7	6
mallia	7	6
säännös	7	7
hakijalta	7	9
aihetta	7	7
jatkamisen	7	10
kuulluksi	7	9
ymmärrettävä	7	12
tueksi	7	6
viranomaisille	7	14
keskeyttäminen	7	14
tutkii	7	6
rekisteröinti	7	13
julkaiseminen	7	13
tekijänoikeuksia	7	16
suojeltava	7	10
ravinnon	7	8
vaiheisiin	7	10
lapset	7	6
autetaan	7	8
jätetään	7	8
tyydyttymättömiä	7	16
monityydyttymättömiä	7	20
hinnan	7	6
rasvapitoisuus	7	14
koskevilla	7	10
ratkaisevaa	7	11
standardien	7	11
terveys-	7	8
heitä	7	5
perinteistä	7	11
toimittamalla	7	13
harhaan	7	7
lakeja	7	6
yleisö	7	6
kielistä	7	8
vastuuta	7	8
hakemusasiakirjoihin	7	20
hyväksyvät	7	10
hiilihydraattien	7	16
sellaiset	7	9
kasvavia	7	8
buzek	7	5
esittävät	7	9
harkittava	7	10
alimentarius	7	12
sidosryhmät	7	11
huolenaiheisiin	7	15
järjestelmiä	7	12
tehtiin	7	7
kaupallisia	7	11
useamman	7	8
meidän	7	6
perustuvia	7	10
verran	7	6
hakemukset	7	10
hallussaan	7	10
tutustua	7	8
määriteltyjä	7	12
hakijoiden	7	10
käsittelevää	7	12
komiteaa	7	8
tunnustetaan	7	12
mg	7	2
merkittävällä	7	13
perustan	7	8
natrium-	7	8
osaa	7	4
medina	7	6
ortega	7	6
evabritt	7	8
svensson	7	8
józef	7	5
barbara	7	7
jules	7	5
riitta	7	6
myller	7	6
marcello	7	8
vernola	7	7
mikolášik	7	9
itselleen	7	9
karsten	7	7
hoppenstedt	7	11
harald	7	6
ettl	7	4
jättämisestä	7	12
korvauksesta	7	12
yhdentymisen	7	12
keskustella	7	11
ponnisteluja	7	12
ilmastonmuutosta	7	16
säännöissä	7	10
vahvistettujen	7	14
eu:ta	7	5
myöntämisestä	7	13
hankintoihin	7	12
sijaitsee	7	9
parannettava	7	12
vähentämään	7	11
harkita	7	7
kehitysavun	7	11
välineeseen	7	11
lähtökohtana	7	12
tahot	7	5
toimijoihin	7	11
toisiinsa	7	9
maahan	7	6
hallintoa	7	9
vaikea	7	6
toteutettavien	7	14
michel	7	6
rocard	7	6
mario	7	5
valdis	7	6
martens	7	7
záborská	7	8
bowis	7	5
kolmella	7	8
aluekehitysrahastoa	7	19
oikeushenkilön	7	14
delegoida	7	9
täsmennettävä	7	13
useiden	7	7
eay:llä	7	7
jäseninä	7	8
kesto	7	5
kotipaikka	7	10
sopimuksella	7	12
sopii	7	5
jäsenille	7	9
oikeusperustana	7	15
koheesiorahastosta	7	18
liittymistä	7	11
julkaistava	7	11
riippuvat	7	9
monivuotista	7	12
täydentävä	7	10
galileoohjelma	7	14
alkaa	7	5
annetulla	7	9
yhteisrahoituksen	7	17
julkisista	7	10
hintoina	7	8
todennäköistä	7	13
perustettava	7	12
eurooppalaisille	7	16
mahdollisella	7	13
varainhoitoa	7	12
satelliittien	7	13
rakentaminen	7	12
hallinnosta	7	11
väliseksi	7	9
työohjelman	7	11
määrästä	7	8
sanoen	7	6
alustavan	7	9
tekemisen	7	9
maailmanlaajuisesti	7	19
sitoutunut	7	10
asioita	7	7
käsitteli	7	9
ollessa	7	7
oikeudesta	7	10
mulder	7	6
maailmanlaajuinen	7	17
unionille	7	9
riitauttamattomien	7	18
vakiolomakkeella	7	16
korjata	7	7
vastaajalle	7	11
palauttamalla	7	13
uudelleentarkastelua	7	20
moitteettoman	7	13
korkeakouluopetuksen	7	20
tehtävän	7	8
laadukkaita	7	11
määrittelemään	7	14
riippumattomuuden	7	17
tällaisella	7	11
ulottuvuus	7	10
luottamus	7	9
selkeät	7	7
podkański	7	9
yhteensovittamisesta	7	20
haasteista	7	10
maihin	7	6
energiaverkkoja	7	15
päätettävä	7	10
osuudet	7	7
elintä	7	6
meriliikenteen	7	14
hallintajärjestelmiä	7	20
ottaneet	7	8
ryhmän	7	6
laajuisista	7	11
toimitettu	7	10
jälkeisten	7	10
tenenergiahankkeille	7	20
infrastruktuuria	7	16
tukemista	7	9
keskittyä	7	9
lupien	7	6
työryhmän	7	9
ehdotettujen	7	12
rahoitusnäkymistä	7	17
valvontaan	7	10
syrjäisillä	7	11
riippuvainen	7	12
mittakaavan	7	11
bösch	7	5
tapio	7	5
christofer	7	10
fjellner	7	8
käynnistämään	7	13
antamista	7	9
lait	7	4
edellyttämät	7	12
säännellyillä	7	13
pyyntö	7	6
säilyttämään	7	12
luigi	7	5
jatkamista	7	10
ilmaisun	7	8
toimikautensa	7	13
ehdottanut	7	10
oikeudellisesti	7	15
nimittämisestä	7	14
valintamenettely	7	16
ratkaisevan	7	11
nimitetään	7	10
sturdy	7	6
rodusta	7	7
etnisestä	7	9
yhdenvertaisen	7	14
kohtelua	7	8
tasaarvo	7	8
yhdenvertaisia	7	14
suojaa	7	6
torjuntaa	7	9
erityispiirteet	7	15
kulttuuria	7	10
saatavia	7	8
tiedotusvälineitä	7	17
tehtäväänsä	7	11
sopimukset	7	10
taustalla	7	9
suojelusta	7	10
saannin	7	7
suunnitelmat	7	12
puolet	7	6
torjunnan	7	9
edistymistä	7	11
tarkastuslausuman	7	17
cocobu:n	7	8
kohdistuvien	7	12
vuoropuhelu	7	11
turvaamista	7	11
pidetyssä	7	9
tilintarkastuksessa	7	19
minut	7	5
varmistaminen	7	13
täydennetään	7	12
analyysin	7	9
nuoret	7	6
vastuuvapauden	7	14
luomisessa	7	10
aktiivista	7	10
siirron	7	7
uudistamista	7	12
raportin	7	8
kulttuurin	7	10
maksuja	7	7
kohtaavat	7	9
saavutettua	7	11
parlamenteille	7	14
yk:n	7	4
yleissopimuksessa	7	17
ympäristöpolitiikan	7	19
soveltamatta	7	12
muuttamisen	7	11
joll	7	4
saatavuus	7	9
tilan	7	5
laatimiseen	7	11
casa	7	4
kysymyksissä	7	12
omahuolintaa	7	12
markkinoillepääsyä	7	18
palveluntarjoajan	7	17
henkilö	7	7
hughes	7	6
marc	7	4
tarabella	7	9
sääntelyä	7	9
työntekijät	7	11
jeggle	7	6
suosittelee	7	11
daul	7	4
rakenne-	7	8
teollisuudenaloja	7	17
suuntaviivoihin	7	15
asettamaan	7	10
työllisyyteen	7	13
työvoiman	7	9
neuvotteluihin	7	14
roolissa	7	8
tekniikoita	7	11
metsätalous	7	11
kasvanut	7	8
metsän	7	6
prosesseihin	7	12
keskinäistä	7	11
metsiä	7	6
ehkäisevien	7	11
o.	7	2
käytävän	7	8
uusiutuvaa	7	10
lisääntyvä	7	10
hallinta	7	8
tarjoamat	7	9
tarkastelemaan	7	14
kauppapolitiikan	7	16
lissabonissa	7	12
yhdistetään	7	11
duarte	7	6
freitas	7	7
neil	7	4
parish	7	6
vesialueille	7	12
asemaan	7	7
suojaalueen	7	11
tulevan	7	7
edustalla	7	9
eurolla	7	7
min	7	3
kalastajille	7	12
uudistetun	7	10
pääsevät	7	8
osuudesta	7	9
kysynnän	7	8
polttoaineiden	7	14
kehittyneet	7	11
source	7	6
renewable	7	9
pelastuspalvelun	7	16
monenvälisen	7	12
tapoja	7	6
haasteisiin	7	11
parempaa	7	8
arvot	7	5
vanhoissa	7	9
maisemien	7	9
viljelijöille	7	13
ihmisiin	7	8
rakentamaan	7	11
metsätalous-	7	12
innovaatioiden	7	14
toteutettuja	7	12
inhimillisen	7	12
puitedirektiivin	7	16
luonnon-	7	8
tasapainon	7	10
poistamiseen	7	12
kehittymisen	7	12
tärkeässä	7	9
aidosti	7	7
alhaalta	7	8
ylöspäin	7	8
hätätilannevalmiutta	7	20
vakaviin	7	8
rahoitusvälineestä	7	18
ennakkovaroitus-	7	16
osallisuus	7	10
osallisuuden	7	12
kokoontuneen	7	12
talouskasvua	7	12
työelämään	7	10
kansalaisuuden	7	14
maantieteellisten	7	17
suojaamiseksi	7	13
tvt:hen	7	7
‑viljelykasvien	7	15
muuna	7	5
vastikkeena	7	11
rahana	7	6
hintaan	7	7
asiantuntijan	7	13
nimellisarvoa	7	13
ulkopuolisen	7	12
kierros	7	7
vientitukien	7	12
wto:ssa	7	7
edellytyksistä	6	14
esko	6	4
seppänen	6	8
todellisia	6	10
tuotto	6	6
suorittama	6	10
avoimia	6	7
tehokkaasta	6	11
käyttäjille	6	11
kustannuksista	6	14
calabuig	6	8
rull	6	4
castillo	6	8
vera	6	4
lena	6	4
ek	6	2
gierek	6	6
fiona	6	5
hall	6	4
romana	6	6
jordan	6	6
cizelj	6	6
laperrouze	6	10
eluned	6	6
morgan	6	6
slovakian	6	9
yksityiskohtaisempia	6	20
tasalle	6	7
saattaminen	6	11
asianomaisen	6	12
vähimmäismäärä	6	14
tausta	6	6
tärkeistä	6	9
tuottamisen	6	11
määritellyn	6	11
alue	6	4
nimittäin	6	9
ambroise	6	8
guellec	6	7
olbrycht	6	8
pieper	6	6
margie	6	6
sudre	6	5
surján	6	6
ratkaisuja	6	10
laillinen	6	9
koordinoinnista	6	15
tilastotiedot	6	13
johdonmukaista	6	14
koordinoimaan	6	13
oikean	6	6
tehtyä	6	6
ajoneuvoilla	6	12
tehtyyn	6	7
hieman	6	6
yrityksistä	6	11
tarkastetaan	6	12
prosentti	6	9
nostetaan	6	9
numero	6	6
osia	6	4
ajoneuvo	6	8
tarkistuksesta	6	14
joukon	6	6
keskustellaan	6	13
komiteassa	6	10
parhaita	6	8
rikkomisesta	6	12
soveltamiseksi	6	14
lepoajat	6	8
edeltävien	6	10
piirturilevyt	6	13
tulosteet	6	9
ajoaika	6	7
alun	6	4
hyväksy	6	7
ajo-	6	4
mainittakoon	6	12
ehdottamaan	6	11
ainoa	6	5
rikkomista	6	10
evelin	6	6
henry	6	5
nattrass	6	8
grandes	6	7
pascual	6	7
luís	6	4
queiró	6	6
gilles	6	6
savary	6	6
gary	6	4
titley	6	6
muutetun	6	8
sellaisilla	6	11
tulkinnan	6	9
pantava	6	7
kattavasti	6	10
harjoitetaan	6	12
käytäntöä	6	9
omistamat	6	9
omaan	6	5
lyhyen	6	6
lepoaikaa	6	9
tavanomainen	6	12
huolehtia	6	9
liikenne	6	8
kestoa	6	6
ajoneuvolla	6	11
ammattitaitoa	6	13
kuljetusyritys	6	14
saadakseen	6	10
yhteisistä	6	10
tarjoajat	6	9
ehdolla	6	7
poikkeus	6	8
sisällyttäminen	6	15
säilytetään	6	11
syy	6	3
toimilla	6	8
kokouksiin	6	10
käsin	6	5
molemmat	6	8
henkilön	6	8
nykyisiä	6	8
lopullisesti	6	12
merkittävänä	6	12
laatiminen	6	10
voitu	6	5
käsite	6	6
määrittely	6	10
julkaisemisesta	6	15
kuuluviin	6	9
elokuuta	6	8
puhkeamiseen	6	12
muussa	6	6
valintoja	6	9
koskevalle	6	10
natrium	6	7
teknisesti	6	10
otettaisiin	6	11
muotoilla	6	9
silti	6	5
viittaamalla	6	12
seikkoihin	6	10
energiamäärää	6	13
normaaleille	6	12
fysiologisille	6	14
toiminnoille	6	12
vähentämistä	6	12
suojelemaan	6	11
tarpeettoman	6	12
mukautua	6	8
olisikin	6	8
lopulliselle	6	12
esitettäviin	6	12
ravintoloihin	6	13
sairaaloihin	6	12
kouluihin	6	9
ruokaloihin	6	11
suurtalouksiin	6	14
oikeusvarmuuden	6	15
epävarmuutta	6	12
mahdollisten	6	12
muulla	6	6
käännös	6	7
kohtuullisen	6	12
termiä	6	6
mainintaa	6	9
merkityksestä	6	13
tapahtuva	6	9
rasvan	6	6
suolan	6	6
natriumin	6	9
kiellettyjä	6	11
sisältymisellä	6	14
puuttumisella	6	13
vähentämisellä	6	14
hyväksytyllä	6	12
käsitettä	6	9
selventämään	6	12
hyödynnettävissä	6	16
kohtuudella	6	11
pakkausmerkinnässä	6	18
liityttävä	6	10
elintarvikemäärään	6	18
tieteellistä	6	12
markkinoinnin	6	13
epäsuorat	6	9
yleisiin	6	8
terveydenhuoltoalan	6	19
normaaliin	6	10
saataville	6	10
käydä	6	5
sanamuodoksi	6	12
tapauskohtaisesti	6	17
käytettävän	6	11
pienille	6	8
keskisuurille	6	13
perustellun	6	11
täytä	6	5
antaessaan	6	10
vastaavaan	6	10
hakijalle	6	9
perusteluista	6	13
sidonnaisuutta	6	14
päivämäärää	6	11
saatettuja	6	10
viimeiseen	6	10
elintarvikkeesta	6	16
kestää	6	6
suojellaan	6	10
takaaminen	6	10
nauttia	6	7
valinta	6	7
väestö	6	6
erotettava	6	10
lupa	6	4
kriteerien	6	10
mauro	6	5
luvan	6	5
oikein	6	6
epäilemättä	6	11
turvautua	6	9
säännellään	6	11
epämääräinen	6	12
etuihin	6	7
täydennettävä	6	13
pitäisikö	6	9
tekninen	6	8
kansallisesti	6	13
nimenomaan	6	10
aseman	6	6
saavuttaminen	6	13
innovaation	6	11
ennaltaehkäisemistä	6	19
väitetty	6	8
johda	6	5
mallin	6	6
takaamiseksi	6	12
urheilijoiden	6	13
mainonnan	6	9
rasituksen	6	10
käytettäviä	6	11
kohtuullinen	6	12
verensokeriin	6	13
käsitelty	6	9
kiinteät	6	8
tärkkelystä	6	11
koostuvat	6	9
miloslav	6	8
ransdorf	6	8
mechtild	6	8
rothe	6	5
britta	6	6
thomsen	6	7
avril	6	5
doyle	6	5
wolf	6	4
klinz	6	5
tuodaan	6	7
ihmisillä	6	9
vaihtelevat	6	11
soveltamisalaa	6	14
tehokkaammin	6	12
ääntä	6	5
eräiden	6	7
hallitus	6	8
laajuinen	6	9
roolin	6	6
edistäneet	6	10
kaupalliset	6	11
nimeä	6	5
tiettyihin	6	10
muuttamaan	6	10
arvioitaessa	6	12
innovointia	6	11
useimmiten	6	10
ominaisuuksia	6	13
ml.	6	3
rasvahapoista	6	13
raportissa	6	10
pienempi	6	8
pitkäketjuisia	6	14
kalat	6	5
tasolle	6	7
liitetä	6	7
hedh	6	4
pierre	6	6
arlene	6	6
mccarthy	6	8
pleštinská	6	10
heide	6	5
rühle	6	5
leopold	6	7
rutowicz	6	8
marianne	6	8
charlotte	6	9
cederschiöld	6	12
simon	6	5
georgs	6	6
andrejevs	6	9
frederika	6	9
brepoels	6	8
chris	6	5
davies	6	6
maaten	6	6
roberto	6	7
musacchio	6	9
sacconi	6	7
sornosa	6	7
åsa	6	3
westlund	6	8
suoritettu	6	10
julkaisemaan	6	12
yhteisymmärryksessä	6	19
pääsihteerin	6	12
keskeisellä	6	11
ensimmäiset	6	11
pervenche	6	9
berès	6	5
udo	6	3
bullmann	6	8
eoin	6	4
ryan	6	4
aiheutuvasta	6	12
gahler	6	6
kaltaisia	6	9
tähtääviä	6	9
ratkaisut	6	9
vastavuoroisuuden	6	17
vuodelta	6	8
pöytäkirja	6	10
rahoitettavia	6	13
kelpoisuussääntöjä	6	18
hakumenettelyyn	6	15
kuvatun	6	7
kolmansia	6	9
materiaaleihin	6	14
riippumattomat	6	14
pääasiallinen	6	13
kehitetään	6	10
purkamisen	6	10
vapauttamisen	6	13
antamassa	6	9
suosituksessa	6	13
sidonnaisuuksien	6	16
vastuun	6	7
yhdentymistä	6	12
asetusehdotukseen	6	17
seurauksista	6	12
ulkoisen	6	8
paikallinen	6	11
aiheista	6	8
tiedotetaan	6	11
heillä	6	6
heidät	6	6
jacek	6	5
bushillmatthews	6	15
őry	6	3
scheele	6	7
gabriele	6	8
alueyhteistyötä	6	15
osallistu	6	9
vapaaehtoista	6	13
välisestä	6	9
kuvaus	6	6
eay:hyn	6	7
huolehtii	6	9
koskea	6	6
määrittelevät	6	13
myönnettyjen	6	12
annettavien	6	11
antaminen	6	9
edustajista	6	11
määräys	6	7
täsmennetään	6	12
summa	6	5
pitänyt	6	7
ulkoisten	6	9
olosuhteita	6	11
bernard	6	7
sharon	6	6
bowles	6	6
deß	6	3
egnos	6	5
päätelmissä	6	11
toteutettu	6	10
jäädä	6	5
hallinnointi	6	12
varainhoito	6	11
hallinto	6	8
turvin	6	6
puiteohjelmassa	6	15
muodostaman	6	11
jatkuvasta	6	10
-ohjelman	6	9
rahoitusosuuteen	6	16
toimintamäärärahat	6	18
käyttäjää	6	9
työohjelma	6	10
vuosittainen	6	12
täydellisesti	6	13
osallistunut	6	12
neljä	6	5
turvallisuuteen	6	15
aikaisessa	6	10
kolmansista	6	11
säilyy	6	6
päättyy	6	7
sisältöön	6	9
siirretään	6	10
avustukset	6	10
energiavaliokuntaa	6	18
rahoitetaan	6	11
strategisia	6	11
ulkoiset	6	8
tarjottava	6	10
jatkamiseksi	6	12
liikaa	6	6
rajatylittäviä	6	14
etu	6	3
kolmea	6	6
antamat	6	7
määräytyy	6	9
viranomaisia	6	12
toimivallan	6	11
puitteista	6	10
maksukehotus	6	12
vastaanottanut	6	14
tiedoksiantoa	6	13
menetelmä	6	9
samat	6	5
säädetä	6	7
tuomio	6	6
johtopäätös	6	11
mihael	6	6
brejc	6	5
tutkittava	6	10
masip	6	5
hidalgo	6	7
kehotetaan	6	10
järjestelmällisesti	6	19
syyskuussa	6	10
ohjeistot	6	9
ulkomailla	6	10
tutkintojen	6	11
toimilupien	6	11
myöntämisen	6	11
akkreditointi	6	13
tiedotusta	6	10
tarkoitettuihin	6	15
arvioimiseksi	6	13
ammatillisen	6	12
keskinäisen	6	11
ottavat	6	7
välille	6	7
oikaisemisesta	6	14
yhteensovittamista	6	18
olennaisesti	6	12
zuzana	6	6
roithová	6	8
ilmoitti	6	8
tiedonannossaan	6	15
laajuisiin	6	10
painopisteet	6	12
naapurimaiden	6	13
myöntämiselle	6	13
sisämarkkinoita	6	15
kilpailukykyyn	6	14
monivuotisia	6	12
tarvittavista	6	13
muodot	6	6
rautatieverkkojen	6	17
sisävesi-	6	9
sitoutuu	6	8
kirja	6	5
osuuksissa	6	10
suurempaa	6	9
hankkeita	6	9
joustavuuden	6	12
aikaansaamiseksi	6	16
kutakin	6	7
tukipäätöksessä	6	15
tilintarkastuksesta	6	19
toteutuneet	6	11
takaisinmaksua	6	14
osallistumisella	6	16
laatu	6	5
kom	6	3
pe	6	2
arviointia	6	10
tutkimuksiin	6	12
töihin	6	6
ehdotettuja	6	11
tiedonantoa	6	11
tukemisen	6	9
erika	6	5
annettiin	6	9
lisäarvon	6	9
strategiassa	6	12
uhkaavat	6	8
mieliin	6	7
koske	6	5
sepp	6	4
kusstatscher	6	12
guyquint	6	8
kw	6	2
nurmikon	6	8
jonas	6	5
sjöstedt	6	8
minkään	6	7
parlamenttien	6	13
enrico	6	6
harjoittavien	6	13
yksikkö	6	7
juridisesti	6	11
ongelmallista	6	13
pääjohtajien	6	12
tuomareiden	6	11
hankalaa	6	8
nimitysten	6	10
ehdotuksista	6	12
ehkäisyn	6	8
johtokunnan	6	11
suorituksesta	6	13
edite	6	5
estrela	6	7
eriarvoisuutta	6	14
kaikessa	6	8
henkilöt	6	8
ensisijaisista	6	14
tänä	6	4
puutteet	6	8
teemavuosi	6	10
kohdennettava	6	13
kestäviä	6	8
sopimuksissa	6	12
johdonmukaisia	6	14
oikeuksista	6	11
pohtimaan	6	9
mukautuminen	6	12
panosta	6	7
sukupuolesta	6	12
iästä	6	5
yhteiskunnalle	6	14
helpottaminen	6	13
ihmisiä	6	7
levittää	6	8
puututaan	6	9
hoitaessaan	6	11
yritystoimintaa	6	15
yleisradiotoimintaa	6	19
yhteistyökumppaneina	6	20
levittävät	6	10
yksikön	6	7
siispä	6	6
nizzan	6	6
työ-	6	4
otettiin	6	8
levittäminen	6	12
seuranta	6	8
torjumiseen	6	11
edellytyksenä	6	13
poliittisiin	6	12
torjua	6	6
yhteiskuntaan	6	13
merkittävää	6	11
pätevyyttä	6	10
toimielimille	6	13
nimitettiin	6	11
kauppa-	6	7
suhteet	6	7
arvostelusta	6	12
työasiakirjoissa	6	16
maksujen	6	8
paremman	6	8
toteutettujen	6	13
tyydyttävä	6	10
tarpeeseen	6	10
me	6	2
tulevia	6	7
omalta	6	6
esitystapaa	6	11
ulottuville	6	11
vuosikertomus	6	13
jatkettava	6	10
moitteettomassa	6	15
huolenaiheesta	6	14
uskon	6	5
alkavat	6	7
sisäiseen	6	9
rakenteeseen	6	12
hallitusten	6	11
konkreettisesti	6	15
riippumattomia	6	14
kaikesta	6	8
nykyisistä	6	10
käynnissä	6	9
antoi	6	5
borut	6	5
pahor	6	5
belgian	6	7
päästään	6	8
tietyillä	6	9
ehdoksi	6	7
eu:lle	6	6
vastaaviksi	6	11
enkä	6	4
maataloudesta	6	13
vaikeuttaa	6	10
fiscal	6	6
espanjan	6	8
heikkoudet	6	10
laatiessaan	6	11
tulkittava	6	10
portugalin	6	10
keski-	6	6
suojaamista	6	11
parempaan	6	9
julkisessa	6	10
suunnitelma	6	11
vahvasti	6	8
parantamisessa	6	14
ilmaisee	6	8
varainhoidosta	6	14
dei	6	3
diritti	6	7
pyrkiä	6	6
ympäristöasioissa	6	17
järkevä	6	7
maailmanlaajuisiin	6	18
hallinnollisesta	6	16
klaß	6	4
palveluntarjoajille	6	19
ehdotettiin	6	11
palveluntarjoaja	6	16
valtiontukea	6	12
tarjoaminen	6	11
omaisuuteen	6	11
myöntämiseksi	6	13
korvauksen	6	10
valiokunna	6	10
andersson	6	9
prosessi	6	8
vaarassa	6	8
sijoittajien	6	12
suuremmassa	6	11
jäljellä	6	8
seurantaan	6	10
yhtenäistä	6	10
varela	6	6
suanzescarpegna	6	15
kuulemistaan	6	12
menetyksiä	6	10
kestävien	6	9
yhteenkuuluvuuteen	6	18
solidaarisuuden	6	15
kohdistettava	6	13
ilo:n	6	5
lisenssillä	6	11
vastuullista	6	12
ammatilliseen	6	13
sitovat	6	7
jotkin	6	6
valmisteluasiakirjan	6	20
osallistumalla	6	14
biologista	6	10
pysäyttää	6	9
johannesburgin	6	14
metsäalaan	6	10
rahoitusvälinettä	6	17
p.	6	2
energiahuollon	6	14
metsät	6	6
pystytään	6	9
tervetulleena	6	13
huippukokouksessa	6	17
maksettava	6	10
tarjoamia	6	9
kattavan	6	8
dynaamisen	6	10
yhteensovittaminen	6	18
nykyisin	6	8
jeanclaude	6	10
friedrichwilhelm	6	16
graefe	6	6
zu	6	2
baringdorf	6	10
kalastuksesta	6	13
aluksille	6	9
capoulas	6	8
santos	6	6
kantojen	6	8
tyynenmeren	6	11
luku	6	4
saavien	6	7
varmistamalla	6	13
vähennettävä	6	12
neuvoaantavien	6	14
toimikuntien	6	12
keskipitkällä	6	13
seuraukset	6	10
energialähteisiin	6	17
vähentämisen	6	12
this	6	4
solar	6	5
thermal	6	7
globalisaatiosta	6	16
pääsyssä	6	8
kulttuurista	6	12
palveluissa	6	11
luonnonperinnön	6	15
tähtäävien	6	10
hyvinvointia	6	12
työllisyysaste	6	14
internetin	6	10
syrjäisimmillä	6	14
maaseutualueen	6	14
pääsemään	6	9
toimintoja	6	10
maaseudulle	6	11
vahva	6	5
dynaaminen	6	10
elintarvikeketjussa	6	19
fyysisiä	6	8
avaintoimiin	6	12
pienempien	6	10
tuotannosta	6	11
onnistunut	6	10
tuota	6	5
luonnonperintöä	6	15
kaupunki-	6	9
toimintalinjoihin	6	17
yrittäjyyttä	6	12
kylien	6	6
verkostojen	6	11
kulttuuriperinnön	6	17
taitoja	6	7
hankintaan	6	10
nuorille	6	8
kysyntään	6	9
kaupankäynnin	6	13
varausten	6	9
jokaiselle	6	10
käsittelemään	6	13
rahoitettujen	6	13
viljely	6	7
integraation	6	12
aktiivisen	6	10
tiedoksiannosta	6	15
vastaanottajalle	6	16
tiedoksiantopäivä	6	17
suojan	6	6
optiselle	6	9
säteilylle	6	10
valmiustoimet	6	13
nopeat	6	6
rahoitusvälineeseen	6	19
varautumiseen	6	13
terrorismin	6	11
välittömien	6	11
puitteiden	6	10
varmistaakseen	6	14
brysselissä	6	11
syrjäytyminen	6	13
integraatiota	6	13
eläkejärjestelmien	6	18
perinteisistä	6	13
tuottamiseksi	6	13
tietoyhteiskunnasta	6	19
tuotantoon	6	10
viestimien	6	10
tuotannossa	6	11
puhemiehistön	6	13
yhtiöiden	6	9
arvostuksen	6	11
hankinta	6	8
käypään	6	7
vähemmistöosakkaiden	6	20
wto	6	3
parlamentaarisen	6	16
yleisneuvoston	6	14
tulli-	6	6
aiheutuvia	5	10
avoimet	5	7
määrätyn	5	8
selvennetään	5	12
kapasiteetin	5	12
pitkäaikainen	5	13
menetelmien	5	11
palvelua	5	8
šarūnas	5	7
birutis	5	7
hammerstein	5	11
mintz	5	5
tilastollisten	5	14
kyproksen	5	9
latvian	5	7
liettuan	5	8
maltan	5	6
slovenian	5	9
ehdotukseensa	5	13
yksiköitä	5	9
eurostatin	5	10
kaikkein	5	8
tapa	5	4
jakaa	5	5
laadittaessa	5	12
käytetä	5	7
määrättyä	5	9
pienet	5	6
johtopäätökset	5	14
aloitteessa	5	11
tultava	5	7
tarpeellista	5	12
jana	5	4
bourzai	5	7
bairbre	5	7
brún	5	4
lidia	5	5
joanna	5	6
geringer	5	8
oedenberg	5	9
hutchinson	5	10
gisela	5	6
kallenbach	5	10
tunne	5	5
musotto	5	7
christensen	5	11
grech	5	5
mirosław	5	8
mariusz	5	7
piotrowski	5	10
työolojen	5	9
vastaavilla	5	11
nimettävä	5	9
saattamisesta	5	13
talousalueesta	5	14
työstä	5	6
työntekijöistä	5	14
työssäolopäivistä	5	17
prosenttiosuuden	5	16
tekemä	5	6
varustettu	5	10
digitaalisella	5	14
päättäessään	5	12
ajopiirturi	5	11
tekniikka	5	9
esitettyyn	5	10
tarkastettavista	5	16
sisällyttävä	5	12
ilmoitettujen	5	13
saaminen	5	8
lepoaikojen	5	11
saatujen	5	8
todettu	5	7
alkuperäiseen	5	13
saadut	5	6
sanamuodon	5	10
tarkemmin	5	9
viikkoa	5	7
yhdenmukaistaminen	5	18
viikoittaiset	5	13
edeltävän	5	9
työpäivien	5	10
työaikadirektiivin	5	18
halua	5	5
viittauksia	5	11
jakautumista	5	12
sitova	5	6
useista	5	7
tarkastuksissa	5	14
kiinni	5	6
sopiva	5	6
samassa	5	7
sosiaaliturvan	5	14
stanisław	5	9
jałowiecki	5	10
maa	5	3
yhdenmukaisen	5	13
laajentaa	5	9
tiettyyn	5	8
digitaaliseen	5	13
jatkossakin	5	11
yrityksissä	5	11
kilometriä	5	10
paino	5	5
jätteiden	5	9
yhtäjaksoisesti	5	15
vuorokautisen	5	13
lyhentää	5	8
odottaa	5	7
ryhtyy	5	6
kyllä	5	5
edes	5	4
lause	5	5
työnsä	5	6
vaihe	5	5
käyttöönottoon	5	14
syrjimättömiä	5	13
määrättävä	5	10
pilariin	5	8
voimassaolon	5	12
yksittäisissä	5	13
kattavat	5	8
kuuluvan	5	8
käytetyt	5	8
nousee	5	6
merkittävät	5	11
ajanjaksolle	5	12
viedä	5	5
kummankin	5	9
stubb	5	5
monipuolinen	5	12
tasapainoinen	5	13
alussa	5	6
tapahtuvaa	5	10
edistäviä	5	9
luulla	5	6
elintarvikkeilla	5	16
mainostetaan	5	12
epätoivottavan	5	14
tuotteessa	5	10
alkoholia	5	9
analyysi	5	8
ilmoittamisen	5	13
elintarvikeryhmien	5	18
määrittäminen	5	13
tuotteesta	5	10
sallituista	5	11
tieteen	5	7
toiminnoista	5	12
todisteita	5	10
vähäenergisistä	5	15
kylläisyyden	5	12
useampia	5	8
markkinoidaan	5	13
tekeminen	5	9
vankkoihin	5	10
ristiriidattomiin	5	17
toisenlaista	5	12
lausunnoissa	5	12
esitystapa	5	10
arvioituja	5	10
toistumisen	5	11
siirtymäkausi	5	13
sopeutua	5	8
ravitsemukseen	5	14
erityisravinnoksi	5	17
maataloustuotteita	5	18
liikkuvuus	5	10
vapaan	5	6
varmistamista	5	13
innovoinnin	5	11
erityissäännösten	5	17
määritelmiä	5	11
tyydyttyneet	5	12
ehdotetussa	5	11
who:n	5	5
suolapitoisuus	5	14
harhaanjohtavaa	5	15
monipuolisesta	5	14
antamisesta	5	11
rasvahapot	5	10
tyydyttyneiden	5	14
viittaavat	5	10
ravitsemusväittämiä	5	19
näyttö	5	6
näyttöä	5	7
terveysväittämillä	5	18
yleisluonteista	5	15
ravintolisien	5	13
elintarvikkeeseen	5	17
tasapainoiseen	5	14
ruokavalioon	5	12
kunhan	5	6
terveydelle	5	11
vähenemisen	5	11
näläntunteen	5	12
vähentymiseen	5	13
lääkäreiden	5	11
lapsille	5	8
valmistajan	5	11
järjestelmään	5	13
viestintä	5	9
menettelyssä	5	12
sisällytetään	5	13
maahantuojalle	5	14
yksityiskohdat	5	14
lausuntoaan	5	11
lisäselvitystä	5	14
hakijaa	5	7
hakemuksessa	5	12
mielekäs	5	8
suositeltu	5	10
valmistaja	5	10
arviointiin	5	11
yhdennentoista	5	14
kasvavan	5	8
valkoisessa	5	11
kirjassa	5	8
vapaaehtoiset	5	13
lainsäädäntökehyksen	5	20
tiiviisti	5	9
väestöryhmiä	5	12
määrittämisestä	5	15
huonoja	5	7
perustua	5	8
perustellusti	5	13
tutkimus	5	8
edistyy	5	7
esitettyihin	5	12
hyödyttää	5	9
seuraaviin	5	10
selkeän	5	7
käyttäjän	5	9
myöntämiseen	5	12
valmistajat	5	11
kulutetaan	5	10
pyrkimystä	5	10
komissiolta	5	11
todellakin	5	10
lupamenettelyn	5	14
rekisteriä	5	10
tehneet	5	7
säännöstä	5	9
puutetta	5	8
ovatko	5	6
lopulliseen	5	11
tiukat	5	6
laatiman	5	8
des	5	3
kasvien	5	7
hyväksymismenettely	5	19
lausunnossa	5	11
julkistettava	5	13
sopinut	5	7
aiemman	5	7
väliaikaisesti	5	14
saamisen	5	8
oikeutettu	5	10
kuluttaja	5	9
voimakkaan	5	10
käsittelee	5	10
hakemuksiin	5	11
pysyvä	5	6
nettohiilihydraatit	5	19
luonnollinen	5	12
tiedetään	5	9
trautmann	5	9
kazimierz	5	9
chmielewski	5	11
vastaus	5	7
periaatteista	5	13
tekijöiden	5	10
iän	5	3
sukupuolen	5	10
tukena	5	6
lailla	5	6
säädöksiä	5	9
estämään	5	8
levitettäviin	5	13
ravintorasvoihin	5	16
tarkastelun	5	11
esitettyä	5	9
myönnetyn	5	9
useaan	5	6
viitattava	5	10
varsinkaan	5	10
toimijoilla	5	11
tutkimuksia	5	11
esimerkki	5	9
laadintaan	5	10
hyötyjen	5	8
haittaa	5	7
estä	5	4
selvät	5	6
muilta	5	6
luottamuksellisina	5	18
menetelmät	5	10
riitä	5	5
kunnioittaminen	5	15
elintarvikeketjua	5	17
annettuun	5	9
suolaa	5	6
tyydyttyneitä	5	13
pehmeää	5	7
nk	5	2
saamaan	5	7
määriä	5	6
päätettäväksi	5	13
melko	5	5
mikään	5	6
lisätty'	5	8
ensimmäiseen	5	12
janelly	5	7
fourtou	5	7
malcolm	5	7
harbour	5	7
jonckheer	5	9
weiler	5	6
joachim	5	7
muscat	5	6
stefano	5	7
zappalà	5	7
jillian	5	7
gyula	5	5
hegyi	5	5
jackson	5	7
dagmar	5	6
rothbehrendt	5	12
ria	5	3
oomenruijten	5	12
rahapolitiikan	5	14
kotitalouksien	5	14
ieke	5	4
burg	5	4
sophia	5	6
radwan	5	6
dariusz	5	7
antolín	5	7
presedo	5	7
ehdotuksensa	5	12
edunsaajamaiden	5	15
hankintasopimuksia	5	18
työjärjestön	5	12
pakkotyön	5	9
lapsityövoiman	5	14
monimuotoisuudesta	5	18
määritellystä	5	13
erillisellä	5	11
yhteisrahoitusta	5	16
asianomaisiin	5	13
sopimusmenettelyihin	5	20
elintarvikeavun	5	15
aloitteen	5	9
jää	5	3
pakottaa	5	8
yhteyttä	5	8
aiheuttaman	5	11
teollisuusmaiden	5	16
tuloksiin	5	9
toukokuussa	5	11
tekemää	5	7
lisäävät	5	8
eu:lla	5	6
paras	5	5
zimmer	5	6
ilmaisu	5	7
sosiaalirahastoa	5	16
koheesiorahastoa	5	16
erillisenä	5	10
perustavat	5	10
laajuisesti	5	11
edistävien	5	10
poistamalla	5	11
nimissä	5	7
oikeuskelpoisuus	5	16
tehostamaan	5	11
lisääntyy	5	9
nimeämän	5	8
myönnytysten	5	12
julkiseen	5	9
perussäännössä	5	14
kuuluttava	5	10
edustaa	5	7
pystyy	5	6
koolle	5	6
erillinen	5	9
yhteenkuuluvuus	5	15
käsittää	5	8
ylittäviä	5	9
monenvälisiä	5	12
erillisen	5	9
sisällyttämistä	5	15
triantaphyllides	5	16
busuttil	5	8
falbr	5	5
věra	5	4
flasarová	5	9
rahoituskehystä	5	15
tarjoamisen	5	11
egnosin	5	7
institutionaaliset	5	18
vahvistettiin	5	13
arviolta	5	8
kappaletta	5	10
epäsuorasti	5	11
velvoitteitaan	5	14
vastuusitoumuksia	5	17
toimilupasopimus	5	16
sovellettavasta	5	15
hoitamaan	5	9
hallintoneuvostossa	5	19
puiteohjelman	5	13
innovaatiota	5	12
lähettäminen	5	12
rahoitusnäkymiä	5	15
osoitettujen	5	12
pystyä	5	6
palveluita	5	10
elämään	5	7
osatekijä	5	9
tuovat	5	6
yhdysvaltojen	5	13
allekirjoitettava	5	17
valitusta	5	9
kattamaan	5	9
yksityinen	5	10
tekemällä	5	9
strateginen	5	11
energiavaliokunnalle	5	20
haasteita	5	9
deprez	5	6
ingeborg	5	8
maňka	5	5
jatkuva	5	7
rahoitettava	5	12
suojattua	5	9
hallituksille	5	13
löydettävä	5	10
keinot	5	6
omaisuutta	5	10
pysyvistä	5	9
yhdenmukaistaa	5	14
saatavien	5	9
tuomioistuimet	5	14
nopeampi	5	8
tuomioistuinten	5	15
puhtaasti	5	9
vero-	5	5
nousseet	5	8
aihe	5	4
selostus	5	8
esittämiin	5	10
hänelle	5	7
tiedoksianto	5	12
asetettu	5	8
luomisesta	5	10
suunnittelemaan	5	15
pkyritykset	5	11
nykyisellä	5	10
edelleenkin	5	11
molempien	5	9
lambrinidis	5	11
weber	5	5
monica	5	6
frassoni	5	8
mayer	5	5
diana	5	5
kansainvälinen	5	14
jatkuvan	5	8
raportoimaan	5	12
hyväksyivät	5	11
esitettyjä	5	10
ministeriön	5	11
painotettava	5	12
standardeihin	5	13
järjestetyssä	5	13
varmistamiseen	5	14
virastot	5	8
pätevyyden	5	10
toimilupa	5	9
claire	5	6
gibault	5	7
guntars	5	7
krasts	5	6
olevansa	5	8
lainoja	5	7
kumotaan	5	8
säännöstön	5	10
lujitettava	5	11
toteutukseen	5	12
syynä	5	5
osuuksia	5	8
luonnonesteet	5	13
osuuksien	5	9
investoida	5	10
kolmansilta	5	11
johtuvia	5	8
riskejä	5	7
liikennemuotojen	5	16
yhteentoimivuus	5	15
tarvittavaa	5	11
jatkuvuus	5	9
esittäneet	5	10
täsmentää	5	9
riippuvuuden	5	12
vuosittaisten	5	13
osissa	5	6
maksetut	5	8
eip	5	3
tukikelpoisten	5	14
osasto	5	6
suunnitelmia	5	12
energiaalan	5	11
energia-	5	8
määrärahoista	5	13
murtoosa	5	8
tulevina	5	8
osoittautunut	5	13
tukimuotoihin	5	13
vääristymiä	5	11
päätöksenteossa	5	15
koskien	5	7
kovinkaan	5	9
realistista	5	11
suoria	5	6
sijalla	5	7
alaan	5	5
sisävesiliikenteen	5	18
investoimaan	5	12
vuosille	5	8
sopuun	5	6
tarjoaman	5	9
agnes	5	5
schierhuber	5	11
ohjeellisia	5	11
alentaa	5	7
mahdotonta	5	10
asianomaisilla	5	14
erioikeuksista	5	14
vapauksista	5	11
parlamenttiin	5	13
v.	5	2
kyseisenä	5	9
antama	5	6
markkinoista	5	12
kauppa	5	6
tällaisille	5	11
sidoksissa	5	10
ammatillista	5	12
pääsemistä	5	10
annettuihin	5	11
myöntänyt	5	9
siirtäminen	5	11
tarpeeksi	5	9
laajoja	5	7
nimitys	5	7
perustettujen	5	13
erillisviraston	5	15
yksinkertaistetun	5	17
nimitysmenettelyä	5	17
perusasetusten	5	14
tautien	5	7
suoritusta	5	10
odotetaan	5	9
dan	5	3
jørgensen	5	9
käytäntöjen	5	11
saavutettiin	5	12
seuraaville	5	11
ammatissa	5	9
perusperiaatteista	5	18
politiikoissa	5	13
päätösehdotuksen	5	16
syrjimättömyyttä	5	16
yhdenvertaisuuden	5	17
yhdenvertaisuutta	5	17
liittyvissä	5	11
koski	5	5
laajuus	5	7
edistys	5	7
syrjimättömyyteen	5	17
yhdenvertaiseen	5	15
kohteluun	5	9
joutuneet	5	9
tasojen	5	7
tunnustaminen	5	13
arvostaminen	5	12
yhdenvertaisesti	5	16
alkuperän	5	9
torjunnassa	5	11
näkemyksiä	5	10
näkökannoista	5	13
muotojen	5	8
tasapuolinen	5	12
taakan	5	6
valtiosta	5	9
poistamisesta	5	13
torjuntaan	5	10
ehdotuspyynnön	5	14
laaditun	5	8
perusteiden	5	11
suorittamista	5	13
selvitykset	5	11
lakien	5	6
lainsäädännöllinen	5	18
alat	5	4
kehitettäessä	5	13
toimintatapoja	5	14
perinteinen	5	11
käsittelevässä	5	14
toimintaohjelma	5	15
kuuli	5	5
ehdokasta	5	9
maaliskuusta	5	12
tammikuusta	5	11
adarosastosta	5	13
hoitaminen	5	10
laatimissaan	5	12
tarkastuslausumaan	5	18
yhdennettyä	5	11
saisivat	5	8
itsestään	5	9
jokaisen	5	8
käyttämisestä	5	13
toteutetut	5	10
vastaisitte	5	11
kehottaisi	5	10
tarkastuslausuma	5	16
jatkuvaa	5	8
ryhdytään	5	9
auttamaan	5	9
tarkistamassa	5	13
tarkistettava	5	13
ongelmien	5	9
auttaakseen	5	11
hyödyllistä	5	11
jokainen	5	8
väärinkäytön	5	12
mielessänne	5	11
prosessiin	5	10
velvollisuuttanne	5	17
tehtäviänne	5	11
aiotte	5	6
pyydä	5	5
voitteko	5	8
viimeaikaisista	5	15
kytköksistänne	5	14
toimistanne	5	11
tehtävienne	5	11
ammattikokemuksenne	5	19
toimikautenne	5	13
myötävaikuttanut	5	16
parantumiseen	5	13
no	5	2
adarosaston	5	11
löytäminen	5	10
vastaavana	5	10
lausuntojen	5	11
tarkistamisen	5	13
olafille	5	8
korostettava	5	12
meillä	5	6
tarkistamista	5	13
luopuisitteko	5	13
ehdokkuudesta	5	13
nimittämiseenne	5	15
minulle	5	7
luottamusta	5	11
ens	5	3
mogens	5	6
nj	5	2
camre	5	5
lorenzo	5	7
cesa	5	4
bart	5	4
staes	5	5
tutkinto	5	8
valvonta-	5	9
asianomaisia	5	12
kiinnitetään	5	12
ajoissa	5	7
suositukset	5	11
tarkastuksen	5	12
tuli	5	4
universidad	5	11
keskittynyt	5	11
sobre	5	5
kongressin	5	10
vastannut	5	9
torjunta	5	8
seurattava	5	10
normit	5	6
hallintoon	5	10
demokraattista	5	14
poliittisesta	5	13
poliittisessa	5	13
vaikuttanut	5	11
itäeuroopan	5	11
tärkeimpien	5	11
suunnitelmasta	5	14
koordinoida	5	11
pankkitoiminnan	5	15
alla	5	4
parantunut	5	10
käsityksen	5	10
parhaalla	5	9
vahvuudet	5	9
kuudennessa	5	11
kohdistaa	5	9
ilmastonmuutos	5	14
pyyntöihin	5	10
suunnitelmien	5	13
rahoitus-	5	9
kansainvälisesti	5	16
esittäjälle	5	11
uhka	5	4
luonnollisista	5	14
johtuva	5	7
autettava	5	9
vaaraa	5	6
asianmukaisin	5	13
suunnitelmaa	5	12
kirjallinen	5	11
äänestys	5	8
lucas	5	5
omahuolinta	5	11
näkökohtien	5	11
avointen	5	8
edellisen	5	9
lukumäärää	5	10
saaneita	5	8
sisämarkkinoille	5	16
jöns	5	4
mato	5	4
adrover	5	7
satamat	5	7
yhdysvaltain	5	12
aasian	5	6
palveluista	5	11
kansainväliseen	5	15
normien	5	7
lupakirjan	5	10
enrique	5	7
barón	5	5
crespo	5	6
päivätyn	5	8
jeanpierre	5	10
audy	5	4
syed	5	4
papastamkos	5	11
lakkauttamisesta	5	16
tuotantolaitosten	5	17
siirtävät	5	9
tukiin	5	6
kieltoa	5	7
ponnistelemaan	5	14
ihmisoikeuksien	5	15
elinikäiseen	5	12
kunnioittamaan	5	14
ilmiö	5	5
siirtoihin	5	10
tarkkaan	5	8
keskeisessä	5	11
uusille	5	7
väheneminen	5	11
eurooppaneuvosto	5	16
kehittämispolitiikka	5	20
strategiset	5	11
paikkakunnan	5	12
kaltaisten	5	10
hakkuiden	5	9
laittomien	5	10
lieventäminen	5	13
ympäristötavoitteet	5	19
metsä-	5	6
metsäala	5	8
voimavaroja	5	11
paperin	5	7
laatimisen	5	10
selvitys	5	8
metsätaloutta	5	13
työllistää	5	10
metsänhoitoon	5	13
baco	5	4
fruteau	5	7
stéphane	5	8
foll	5	4
mcguinness	5	10
isabel	5	6
salinas	5	7
wojciechowski	5	13
hyödyntämisen	5	13
elantonsa	5	9
pyyntiponnistuksen	5	18
hugh	5	4
allister	5	8
niels	5	5
busk	5	4
länsityynenmeren	5	16
tyydyttävää	5	11
tarkkailijoiden	5	15
heikkenemiseen	5	14
kalastaa	5	8
joutuu	5	6
keskityynenmeren	5	16
pöytäkirjassa	5	13
pilaantuminen	5	13
poisheittojen	5	13
saavutettaisiin	5	15
kaloja	5	6
haasteen	5	8
sähköntuotannon	5	15
tuotantomenetelmien	5	19
hyödyntävien	5	12
kohdistuvaa	5	11
uusiutuviin	5	11
tuotettavan	5	11
kysyntä	5	7
target	5	6
leader	5	6
vincenzo	5	8
lavarra	5	7
työmarkkinoiden	5	15
tiukempia	5	9
maailmanlaajuisen	5	17
viestintätekniikka	5	18
yhteiskunnallista	5	17
vastataan	5	9
suurista	5	8
työntekijöihin	5	14
kehittyä	5	8
turvataan	5	9
koulutuksesta	5	13
sosiaali-	5	9
painopisteenä	5	13
maatalousmalli	5	14
suorien	5	7
kannustimien	5	12
maanviljelyksen	5	15
syrjäiset	5	9
paineen	5	7
jäljessä	5	8
alhaisemmat	5	11
kehittynyt	5	10
kotitalouksia	5	13
ongelmana	5	9
kansainvälisestä	5	16
romaniassa	5	10
bulgariassa	5	11
maaseutuyhteisöjen	5	18
yhteyksiä	5	9
tiedonsiirtoon	5	14
inhimillisiä	5	12
pääomainvestointeja	5	19
suunnattava	5	11
liikkumavaraa	5	13
pyrittäessä	5	11
maatalousala	5	12
maataloudelle	5	13
taidoista	5	9
pilarissa	5	9
raakaaineita	5	12
luonnonmukaista	5	15
muutokseen	5	10
merkittävien	5	12
vesipolitiikan	5	14
työskentelypaikkana	5	19
estävät	5	7
kehittämisohjelmilla	5	20
pysyvät	5	7
monipuolistaa	5	13
mikroyrityksiä	5	14
yhdistettynä	5	12
laadukkaan	5	10
laatutuotteiden	5	15
tietoyhteiskuntaan	5	18
innovatiivisen	5	14
elinkeinoelämää	5	15
kehittämisohjelmissa	5	20
resursseista	5	12
maantieteelliseen	5	17
synergiaan	5	10
rahastoista	5	11
rajoja	5	6
väestölle	5	9
suuntautuvaa	5	12
taloudellisina	5	14
toista	5	6
pyrkimään	5	9
käännetty	5	9
virallisella	5	12
asettamalla	5	11
altistumiselta	5	14
riskeille	5	9
terveysvaikutusten	5	18
pidentäminen	5	12
dimitrios	5	9
papadimoulis	5	12
pelastuspalvelualan	5	19
hankinnat	5	9
erikoissäännöksiä	5	17
sattuvien	5	9
nopeisiin	5	9
reagoida	5	8
yhteisvaikutukseen	5	18
pitkäaikaishoidon	5	17
etnisten	5	8
maahanmuuttajien	5	16
perheelämän	5	11
sukupolvelta	5	12
poliittisille	5	13
erityishuomiota	5	15
tuottaminen	5	11
eläkkeiden	5	10
keskittyminen	5	13
kaupalle	5	8
pkyrityksiin	5	12
kannustamaan	5	12
apt	5	3
arvostus	5	8
neuvotteluiden	5	14
vientiä	5	7
tvt:tä	5	6
osallisiksi	5	11
hinta	5	5
biopolttoaineen	5	15
-viljelykasvien	5	15
perussopimus-	5	13
työjärjestys-	5	13
toimielinasioiden	5	17
puitteita	5	9
luokkien	5	8
oikeusaseman	5	12
ulkopuolisille	5	14
julkisiin	5	9
osakeyhtiöihin	5	14
yhtiöitä	5	8
arvostukseen	5	12
asiantuntija	5	12
antamaa	5	7
osakkeitaan	5	11
hankkii	5	7
yhtiökokouksen	5	14
noteeratun	5	10
kehitysohjelman	5	15
leikkauksista	5	13
vientituen	5	10
osioiden	5	8
aseet	5	5
ministerikokous	5	15
myönnytyksiä	5	12
aktmaat	5	7
euvl:ssä	4	8
tehokkuuteen	4	12
sijoitetulle	4	12
pääomalle	4	9
vertaileva	4	10
tariffeja	4	9
ilmoitusta	4	10
laskennassa	4	11
hyväksyneet	4	11
varmistaen	4	10
syrjimättömästi	4	15
verkonkäyttäjille	4	17
yhdenmukaisia	4	13
useammasta	4	10
verkonkäyttäjien	4	16
vähennä	4	7
ilmoitus-	4	9
sähköisiä	4	9
liiketoimia	4	11
tarpeeton	4	9
vastausajat	4	11
toimintatapojen	4	15
kyseisistä	4	10
perustelua	4	10
ján	4	3
hudacký	4	7
pirilli	4	7
christian	4	9
ehler	4	5
alueyksiköiden	4	14
nimikkeistöstä	4	14
määritellyt	4	11
erilaisiin	4	10
kolmesta	4	8
institutionaalisia	4	18
kullekin	4	8
aikaisemman	4	11
vahvistettua	4	12
määritelmät	4	11
määrittelemällä	4	15
käyttämisen	4	11
aiheena	4	7
todelliseen	4	11
alfonso	4	7
andria	4	6
beaupuy	4	7
rolf	4	4
berend	4	6
bobošíková	4	10
graham	4	6
booth	4	5
claudio	4	7
fava	4	4
iratxe	4	6
pérez	4	5
eugenijus	4	9
gentvilas	4	9
marian	4	6
harkin	4	6
hatzidakis	4	10
miloš	4	5
koterec	4	7
constanze	4	9
angela	4	6
krehl	4	5
nicholson	4	9
alyn	4	4
smith	4	5
grażyna	4	7
staniszewska	4	12
železný	4	7
valvontalaitteista	4	18
nimetä	4	6
ylitetä	4	7
maantieliikenteessä	4	19
miehistöjen	4	11
edustava	4	8
kuljettajista	4	13
kuuluvista	4	10
johdonmukainen	4	14
aikataulu	4	9
korottaa	4	8
tarkastetuista	4	14
työpäivistä	4	11
tarkastuksista	4	14
tarkastettujen	4	14
mahdollistetaan	4	15
kuljetuksen	4	11
esitetyistä	4	11
säilyttävät	4	11
suorittamaan	4	12
suoritettava	4	12
suunniteltava	4	13
rikotun	4	7
yksittäinen	4	11
perusteista	4	11
prosentilla	4	11
viikoittaisen	4	13
vakavista	4	9
noudattamiseen	4	14
päivittäiset	4	12
yhteisvastuun	4	13
lopputulos	4	10
perin	4	5
hylännyt	4	8
joukko	4	6
arvio	4	5
ratkaisevasti	4	13
kohtia	4	6
luopumaan	4	9
vaatimuksista	4	13
lienee	4	6
neljään	4	7
kompromissi	4	11
tehokkaampi	4	11
ratkaisu	4	8
yhtenäisestä	4	12
fernand	4	7
rachinel	4	8
navarro	4	7
aetr	4	4
sopimuspuolena	4	14
sopimuspuoli	4	12
käsitteet	4	9
aloittamasta	4	12
poikkeusten	4	11
vuorokauden	4	11
ajoneuvoa	4	9
siirtymäaika	4	12
ajoneuvoissa	4	12
valvottava	4	10
pystyttävä	4	10
pakollisesta	4	12
katettava	4	9
valvotaan	4	9
sellaisessa	4	11
nopeus	4	6
tunnissa	4	8
metsätaloudessa	4	15
ajoneuvoyhdistelmät	4	19
kuljetukseen	4	12
tarvitsee	4	9
sijaintipaikasta	4	16
tavanomaisella	4	14
lepoajalla'	4	11
yhtäjaksoista	4	13
vaihtoehtoisesti	4	16
kestettävä	4	10
yhdeksän	4	8
ajoajan	4	7
itsensä	4	7
pituisen	4	8
tavanomaista	4	12
lyhennetty	4	10
jokaista	4	8
sovellettu	4	10
rajattava	4	9
asianmukaisiin	4	14
usean	4	5
elävien	4	7
poikkeuksista	4	13
sovellettavia	4	13
kolmanteen	4	10
asianomaiseen	4	13
jäsenvaltioon	4	13
velvoittaminen	4	14
yhtenäiset	4	10
kansallisesta	4	13
kuluvan	4	7
muistiinpanot	4	13
edeltäviltä	4	11
mukaisella	4	10
milloin	4	7
täyttäminen	4	11
määritelmien	4	12
oikeusvarmuutta	4	15
joustava	4	8
mm.	4	3
kahdeksasta	4	11
myönnettävien	4	13
kolmannet	4	9
tietyin	4	7
joustavan	4	9
korvaaminen	4	11
soveltamiseen	4	13
vakava	4	6
pohjautuvat	4	11
turvaamaan	4	10
vaatimusta	4	10
tuotteilla	4	10
ikä	4	3
stressi	4	7
kokonaissaantiin	4	16
varustettuja	4	12
kappaleeseen	4	12
perusteena	4	10
tilavuusprosenttia	4	18
tyydyttymättömät	4	16
monityydyttymättömät	4	20
rasvat	4	6
elintarvikeryhmät	4	17
vakiintuneesta	4	14
ravintosisällöstä	4	17
ruokavaliolle	4	13
ajantasaistettava	4	17
todenmukainen	4	13
sanoma	4	6
tiivistetysti	4	13
kattamien	4	9
laihtumisen	4	11
nopeuteen	4	9
nälän	4	5
painonsäätelyyn	4	15
kykyyn	4	6
tällaisiin	4	10
ominaisuuksiin	4	14
lupamenettelyä	4	14
määritettävä	4	12
lupamenettelyissä	4	17
tilaisuuden	4	11
antamisen	4	9
saattamista	4	11
ravintolisiä	4	12
esillepanoa	4	11
kuvia	4	5
puhua	4	5
fyysisen	4	8
tilaa	4	5
ominaisuudet	4	12
millään	4	7
viittausta	4	10
tasapainoisesta	4	15
määriin	4	7
ravinnosta	4	10
sairauksiin	4	11
neuvoa	4	6
toimijoita	4	10
alkoholin	4	9
kysymystä	4	9
ravintoaine	4	11
sopivia	4	7
riittämätön	4	11
määritellyssä	4	13
ryhmässä	4	8
annosta	4	7
helpompi	4	8
ymmärretään	4	11
terveiden	4	9
elämäntapojen	4	13
nauttimatta	4	11
jättämisellä	4	12
terveysvaikutuksia	4	18
kontrollointiin	4	15
kylläisyydentunteen	4	19
ammattijärjestöjensä	4	20
yleishyödyllisten	4	17
neuvoon	4	7
kuulee	4	6
valmistetun	4	11
maahantuojan	4	12
ilmoituksessa	4	13
hakemuksesta	4	12
toimittama	4	10
lisäselvitys	4	12
saatavana	4	9
hyväksyntämenettelyä	4	20
epäilyksiä	4	10
muoto	4	5
kärsiä	4	6
valmistajille	4	13
lisätietoja	4	11
sinä	4	4
asetettuja	4	10
kulunut	4	7
ilmoitettuja	4	12
käsittelevästä	4	14
arviosta	4	8
todellisuutta	4	13
keskeytetään	4	12
peruutetaan	4	11
asiakirjoihin	4	13
viimeisenä	4	10
terveysväittämällä	4	18
muutosehdotukset	4	16
kansanterveyteen	4	16
voimaantulopäivää	4	17
pidempi	4	7
voimaantulohetkellä	4	19
ainesosasta	4	11
valkoisen	4	9
sisältävän	4	10
ainesosien	4	10
huomautukset	4	12
huomautus	4	9
sisältämien	4	11
suorat	4	6
suolaan	4	7
antaisi	4	7
vaikkakin	4	9
nykypäivän	4	10
puuttuminen	4	11
käytiin	4	7
nuorena	4	7
kieltäminen	4	11
tiedoista	4	9
merkintää	4	9
mainonta	4	8
tarkka	4	6
jäävät	4	6
tunnistamaan	4	12
kokemuksia	4	10
suhteetonta	4	11
lisääntyminen	4	13
vähäinen	4	8
viestejä	4	8
rajoituksiin	4	12
hyväksymien	4	11
yksittäisiä	4	11
kansallisilla	4	13
asetusluonnoksen	4	16
arvioinnit	4	10
tasalla	4	7
menettelyitä	4	12
tiedotuskampanjoita	4	19
lääkkeitä	4	9
menetelmän	4	10
esiintyy	4	8
kuuluvia	4	8
suunnata	4	8
tunnustettujen	4	14
aiheuttava	4	10
viitekehyksen	4	13
yksinkertaistettua	4	18
perustellut	4	11
vaaditun	4	8
tiedonsaannin	4	13
hyväksyttyjä	4	12
menee	4	5
tunnustetut	4	11
aloitteestaan	4	13
tutkimustietoja	4	15
liitettäviä	4	11
myöhemmän	4	9
hyväksymispäivästä	4	18
aiempaa	4	7
tehtäessä	4	9
yksinomainen	4	12
riittämätöntä	4	13
keskeyttämisestä	4	16
toimivaltaiselle	4	16
valvoo	4	6
yhdysvalloissa	4	14
tiedottamisen	4	13
käytettävistä	4	13
pohjautuu	4	9
fyysiseen	4	9
käyttämiin	4	10
julkaisemisen	4	13
merkintöihin	4	12
tuotteidensa	4	12
pysyvän	4	7
vähentämällä	4	12
vähennetä	4	9
hiilihydraatteja	4	16
suositelluista	4	14
ravintoarvoista	4	15
saantiin	4	8
vallan	4	6
juustoon	4	8
kalsiumia	4	9
tuottajia	4	9
kohdetta	4	8
useimmissa	4	10
lapsista	4	8
lähettää	4	8
ongelmaan	4	9
elintarvikeala	4	14
paikkansa	4	9
kohdistuu	4	9
ratkaistaessa	4	13
tehdystä	4	8
tarpeelliseksi	4	14
väittämille	4	11
vaikutuksiin	4	12
yhdistynyt	4	10
kuningaskunta	4	13
pidemmälle	4	10
keskeisenä	4	10
tukevat	4	7
turvallista	4	11
johdonmukaisuuteen	4	18
laadittuja	4	10
käytettävästä	4	13
ymmärrettävissä	4	15
kehittyessä	4	11
ainesosa	4	8
osoitetaan	4	10
väliselle	4	9
vapautta	4	8
kielteiseen	4	11
kilpailulle	4	11
tervetullut	4	11
käsiteltävän	4	12
perustelut	4	10
saamisesta	4	10
yliopistojen	4	12
julkaistavaksi	4	14
pysyvää	4	7
komitea'	4	8
hyödyllisenä	4	12
yksittäisille	4	13
perustettu	4	10
käsittelevä	4	11
laillisesti	4	11
alkuun	4	6
rasvattomuudesta	4	16
sovellettavan	4	13
rasvoja	4	7
who	4	3
lyhytketjuisia	4	14
valmisteet	4	10
nesteet	4	7
keskimääräinen	4	14
-ehtoja	4	7
vastaavassa	4	11
laktoosia	4	9
kehittänyt	4	10
alhaisesta	4	10
natriumpitoisuudesta	4	20
natriumpitoisuus	4	16
väitteistä	4	10
lainsäätäjän	4	12
lähde'	4	6
tietää	4	6
evelyne	4	7
gebhardt	4	8
małgorzata	4	10
handzlik	4	8
christopher	4	11
anneli	4	6
jäätteenmäki	4	12
bill	4	4
newton	4	6
dunn	4	4
andreas	4	7
thyssen	4	7
jacques	4	7
toubon	4	6
péter	4	5
olajos	4	6
alessandro	4	10
kathy	4	5
sinnott	4	7
institutionaalisen	4	18
säädös	4	6
pääsihteeriä	4	12
tarkistettuaan	4	14
puutteiden	4	10
sektoreiden	4	11
goebbels	4	8
ian	4	3
hudghton	4	8
rosati	4	6
sahra	4	5
wagenknecht	4	11
antonis	4	7
samaras	4	7
rautateiden	4	11
laatuvaatimusten	4	16
dirk	4	4
sterckx	4	7
välillinen	4	10
kehitysmaista	4	13
ratkaistava	4	11
erityissäännökset	4	17
harjoittamisen	4	14
yleissopimuksia	4	15
yleissopimus	4	12
alakohtaisesta	4	14
hankinta-	4	9
avustussopimuksia	4	17
oecd	4	4
siirtymävaiheessa	4	17
maantieteellisesti	4	18
rahoitetun	4	10
asianomaisessa	4	14
avoimuuteen	4	11
laatuun	4	7
vastavuoroisesta	4	16
maaryhmää	4	9
päätettäessä	4	12
annettavan	4	10
kehittyneissä	4	13
apu	4	3
edunsaajien	4	11
tapahtuviin	4	11
työelämän	4	9
ulkoista	4	8
välineisiin	4	11
arvioiden	4	9
nykyisestä	4	10
maailmantalouteen	4	17
toimijoille	4	11
huomiotta	4	9
edistävä	4	8
varatut	4	7
näkökohtiin	4	11
kiireellisesti	4	14
katastrofin	4	11
minkäänlaisia	4	13
seurauksiin	4	11
harjoittamaan	4	13
avaamista	4	9
kahdenvälisiä	4	13
kehitystavoitteista	4	19
asiaankuuluva	4	13
alueelta	4	8
palkataan	4	9
alfred	4	6
gomolka	4	7
konrad	4	6
leinen	4	6
inger	4	5
segelström	4	10
hélène	4	6
goudin	4	6
filip	4	5
kaczmarek	4	9
ģirts	4	5
kristovskis	4	11
miguel	4	6
angel	4	5
gay	4	3
mitchell	4	8
jürgen	4	6
schröder	4	8
feleknas	4	8
uca	4	3
gomes	4	5
kułakowski	4	10
rajaseutuyhteistyön	4	19
tarkoituksessa	4	14
alueyhteistyön	4	14
oikeussubjektina	4	16
järjestystä	4	11
suoritettujen	4	13
valvontajärjestelmä	4	19
yhtymän	4	7
purkamisedellytykset	4	20
yhdistysten	4	11
rekisteröintiin	4	15
jäsenluettelo	4	13
elimissä	4	8
seikka	4	6
toimivaltaa	4	11
yhteistyölle	4	12
määrätty	4	8
yhdeksi	4	7
perustuslain	4	12
sosiaalirahastosta	4	18
ehdokasvaltioiden	4	17
parantamalla	4	12
mahdollisuuteen	4	15
neuvotella	4	10
seikkaa	4	7
valtio	4	6
kyriacos	4	8
margaret	4	8
osoitetut	4	9
egnosohjelmien	4	14
gnss	4	4
toimelle	4	8
vaiheiden	4	9
hallintorakenteista	4	19
erityisluonne	4	13
sektorille	4	10
vaiheita	4	8
vuotuisen	4	9
rahoitustakuita	4	15
budjettimääräysten	4	18
odotettavissa	4	13
tuotot	4	6
omistusoikeuden	4	15
lisenssien	4	10
omistusoikeus	4	13
rajoitetuksi	4	12
heinäkuun	4	9
rahoituksellisen	4	16
valvojan	4	8
puiteohjelmaa	4	13
täyttämään	4	10
parantamisesta	4	14
osarahoittamiseksi	4	18
käynnistämiseen	4	15
maaasemien	4	10
huollosta	4	9
rahoituskehyksen	4	16
viitemäärä	4	10
viitemäärän	4	11
perussopimuksissa	4	17
raportoi	4	8
talousarvioesityksen	4	20
edistyksestä	4	12
mietinnössään	4	13
selvä	4	5
allekirjoitettiin	4	17
valitsee	4	8
toimilupaa	4	10
ensimmäisten	4	12
vastuiden	4	9
sitoumuksiin	4	12
muodostua	4	9
päättymisen	4	11
käyttövaihe	4	11
merkitse	4	8
ajankohtana	4	11
bárbara	4	7
gräßle	4	6
sergej	4	6
kozlík	4	6
wojciech	4	8
roszkowski	4	10
kasvavat	4	8
euroon	4	6
päälle	4	6
tuloista	4	8
peritään	4	8
neena	4	5
gill	4	4
mekanismeja	4	11
velkoja	4	7
mallina	4	7
kansalliselle	4	13
asetusehdotuksella	4	18
vaihtavat	4	9
vakiolomakkeiden	4	16
tehokkaamman	4	12
tulliasioihin	4	13
tapausten	4	9
kantajan	4	8
täyty	4	5
kantajalle	4	10
oikaista	4	8
hylätään	4	8
vastaaja	4	8
esitetä	4	7
käydään	4	7
soveltaessaan	4	13
laajennettu	4	11
tehokkaat	4	9
tilanteiden	4	11
velkojat	4	8
mekanismia	4	10
järjestelmässä	4	14
vaateiden	4	9
ylittävissä	4	11
adeline	4	7
hazan	4	5
manfred	4	7
marieline	4	9
reynaud	4	7
wallis	4	6
opiskelijoiden	4	14
kokoontuneet	4	12
opetusministerit	4	16
eua:n	4	5
eurashe:n	4	9
esib:n	4	6
etsimään	4	8
bolognan	4	8
bergenissä	4	10
arvioinneissaan	4	15
arviointien	4	11
edustajia	4	9
omassa	4	6
rekisterissä	4	12
ensimmäisellä	4	13
arvion	4	6
perustamisessa	4	14
sisäisiä	4	8
prosessissa	4	11
lissy	4	5
gröner	4	6
resetarits	4	10
kynnysarvojen	4	13
säilyä	4	6
tekemiä	4	7
vergnaud	4	8
phillip	4	7
whitehead	4	9
korosti	4	7
strategista	4	11
rahoitusvälineitä	4	17
yhteenliitännät	4	15
ympäristösäännöstön	4	19
vaikutettava	4	12
stimuloivasti	4	13
suorana	4	7
avustuksena	4	11
korkotukena	4	11
lainatakauksina	4	15
rahoitusosuutena	4	16
muodosta	4	8
laajamittaisille	4	16
kestäville	4	10
pitävällä	4	9
houkuttelevalla	4	15
sitoumuksella	4	13
sitoo	4	5
yhteisöä	4	8
epävarmuustekijöitä	4	19
keskusteluun	4	12
siirrettyä	4	10
täytäntöönpanovaltaa	4	20
käytettäessä	4	12
verkkoon	4	8
merisatamat	4	11
löytää	4	6
tuensaajalla	4	12
toimeksiannosta	4	15
muotoon	4	7
ilmenevät	4	9
vähentävät	4	10
riskeihin	4	9
aloittamista	4	12
rannikko-	4	9
yhdistäminen	4	12
mobilisoimalla	4	14
verotus-	4	8
vanhojen	4	8
rautatieliikenteen	4	18
kaikkine	4	8
osatekijöineen	4	14
lento-	4	6
jokiliikenteen	4	14
laajentaminen	4	13
valtioidenvälisissä	4	19
poikkeuksellisesti	4	18
rahoituspanoksesta	4	18
toteutusaikataulusta	4	20
ilmaista	4	8
rahoitettavien	4	14
monivuotisesta	4	14
ohjelmointia	4	12
monivuotiseen	4	13
ohjelmointiin	4	13
hankkeesta	4	10
vuosierää	4	9
alustavat	4	9
rahoitustarpeet	4	15
varmennettava	4	13
oikeita	4	7
vaatimustenmukaisia	4	19
toteuttaneet	4	12
kuvattava	4	9
tarkastus‑	4	10
hallinta‑	4	9
seurantajärjestelmät	4	20
selvennettävä	4	13
kyseiseltä	4	10
toimelta	4	8
väärinkäytös	4	12
ehdon	4	5
pyytämättä	4	10
toteutusehtoihin	4	16
myönnettiin	4	11
hankkeelle	4	10
relevantit	4	10
talous‑	4	7
toteutetuista	4	13
soveltamisalueilla	4	18
lähtötavoitteiden	4	17
toteutuksesta	4	13
koordinaattoreiden	4	18
rahoitusohje	4	12
maastrichtin	4	12
täydentämiseksi	4	15
tekniseen	4	9
korkotuet	4	9
lainatakaukset	4	14
varalta	4	7
rahoitusosuudet	4	15
ehdotettua	4	10
talousarviossa	4	14
täytäntöönpanotoimia	4	20
neuvoaantava	4	12
päätöksistä	4	11
pitävä	4	6
tutkimukselle	4	13
varatusta	4	9
omistussuhteet	4	14
vääristymiseen	4	14
tarvita	4	7
liikenneverkkojen	4	17
hyötyvät	4	8
helpottavat	4	11
siirtymistä	4	11
suuntaviivoja	4	13
asetettiin	4	10
tenthankkeille	4	14
kokonaismäärä	4	13
nykyisissä	4	10
tukemiseen	4	10
huolenaiheita	4	13
säätämällä	4	10
mahdollisuudesta	4	16
sovitut	4	7
jatkoa	4	6
direktiivien	4	12
nousta	4	6
ferber	4	6
onesta	4	6
ulkona	4	6
luvut	4	5
terästelaketjuilla	4	18
viimeistelyleikkurit	4	20
rajaarvoja	4	10
tosin	4	5
tarkistettu	4	11
välttämätön	4	11
irena	4	5
belohorská	4	10
pál	4	3
pyynnöt	4	7
pyysi	4	5
kansalainen	4	11
speroni	4	7
sopusointuun	4	12
luottolaitosten	4	15
asianmukaisuudesta	4	18
viittauksiksi	4	13
artikloihin	4	11
määritelmiin	4	12
annettavat	4	10
kotijäsenvaltio	4	15
ylläpitäjän	4	11
sidonnaisasiamiesten	4	20
kahdeksantoista	4	15
sovittiin	4	9
huhtikuu	4	8
ilmennyt	4	8
siirtämisen	4	11
lyhyesti	4	8
yksimielisesti	4	14
gunnar	4	6
hökmark	4	7
cristobal	4	9
montoro	4	7
romero	4	6
katerina	4	8
batzeli	4	7
enemmistöllä	4	12
ympäristökeskuksen	4	18
jatketaanko	4	11
järjestetäänkö	4	14
tehtäisiin	4	10
saavutettuja	4	12
työehdot	4	8
riippumattomina	4	15
päällikkönä	4	11
toiminnanjohtaja	4	16
julkaisuissa	4	12
julkaistuun	4	11
isler	4	5
béguin	4	6
genowefa	4	8
grabowska	4	9
toimikausi	4	10
kauden	4	6
säännöksen	4	10
martine	4	7
yhdenvertaista	4	14
syihin	4	6
torjutaan	4	9
kaikenlainen	4	12
kansalaisiin	4	12
kehittymistä	4	12
femm	4	4
kohotettu	4	9
taattua	4	7
pontta	4	6
johdonmukaisemman	4	17
oikeuksiin	4	10
lainsäädännöstä	4	15
pyrkiessä	4	9
toimissa	4	8
muotoihin	4	9
toimiaan	4	8
etnisen	4	7
mahdollisuuksiin	4	16
vastaisella	4	11
käyntiin	4	8
vietäisiin	4	10
puitestrategiaa	4	15
paikallisilla	4	13
syrjintään	4	10
tasoinen	4	8
sosioekonomiset	4	15
hyödyntäen	4	10
välillistä	4	10
soveltamissäännöistä	4	20
menettelyiden	4	13
siirtäneet	4	10
määritellyin	4	12
ehdokasmaat	4	11
yhdenvertaisuuteen	4	18
katsomatta	4	10
vastaisia	4	9
edustus	4	7
aliedustettujen	4	15
keskustelemaan	4	14
torjumaan	4	9
uskonnosta	4	10
vakaumuksesta	4	13
kyvyistä	4	8
sukupuolisesta	4	14
suuntautumisesta	4	16
tuomalla	4	8
kunnioitus	4	10
suhteita	4	8
valtavirtaistaminen	4	19
suunnittelusta	4	14
perustettavalle	4	15
joutuneita	4	10
vaiheissa	4	9
hallinnollinen	4	14
edustavat	4	9
suunnittelemassa	4	16
yhteyselimille	4	14
väestöryhmien	4	13
nimetään	4	8
kuvattuihin	4	11
tunnus	4	6
yhteyselin	4	10
organisaatio	4	12
maksettujen	4	11
tukeakseen	4	10
myötävaikuttamaan	4	17
suoraa	4	6
kohtuullisista	4	14
järjestelyistä	4	14
joulukuussa	4	11
osaston	4	7
yhteiskunnalliseen	4	18
seikkaan	4	8
valmisteluun	4	12
ryhmään	4	7
kaikenlaisen	4	12
välisessä	4	9
yhteiskunnallisten	4	18
ehdokkaan	4	9
syntynyt	4	8
lasta	4	5
valtiosihteeri	4	14
budjetti-	4	9
geogheganquinn	4	14
matkailu-	4	9
hallituksen	4	11
tärkeän	4	7
asetti	4	6
huolestunut	4	11
tarkastuslausumien	4	18
lausuma	4	7
ohjaus-	4	7
havainnot	4	9
vastuullisuutta	4	15
totesi	4	6
lokakuussa	4	10
laajuista	4	9
keskustelussa	4	13
olemme	4	6
läpinäkyvyyttä	4	14
ohjausta	4	8
tiivistää	4	9
tärkeät	4	7
kieltäytynyt	4	12
aktiivinen	4	10
virallinen	4	10
vakauden	4	8
noudattanut	4	11
kysymyksen	4	10
instituutioiden	4	15
integroida	4	10
päämiehet	4	9
kokouksissa	4	11
mainittuun	4	10
miltään	4	7
hallitukselta	4	13
muultakaan	4	10
taholta	4	7
tehtäväni	4	9
ammattikokemus	4	14
ministeri	4	9
tilintarkastusten	4	17
tuotannolle	4	11
täyttämiseksi	4	13
laajuudesta	4	11
tarpeesta	4	9
käyttöönoton	4	12
uusilla	4	7
alustava	4	8
vastauksessa	4	12
ehdokkuudestani	4	15
oikeustieteen	4	13
yliopisto	4	9
taloustieteen	4	13
leuvenin	4	8
kabinetin	4	9
talousvaliokunnan	4	17
arvojen	4	7
yksilöidä	4	9
toimiksi	4	8
pidän	4	5
tehokkaampia	4	12
voinut	4	6
tapahtunutta	4	12
puolueeton	4	10
moniin	4	6
kytköksiä	4	9
voimakkaasti	4	12
vaikeuksissa	4	12
siirto	4	6
nimeäminen	4	10
madrid	4	6
professori	4	10
yliopistossa	4	12
comunidades	4	11
autónomas	4	9
tributaria	4	10
social	4	6
instituto	4	9
international	4	13
suhteista	4	9
kansainvälisissä	4	16
osallistui	4	10
laajaa	4	6
tulojen	4	7
tuntevat	4	8
saatavan	4	8
hallintotoimen	4	14
taloudellisuutta	4	16
kysymyksessä	4	12
jälkikäteen	4	11
pitkään	4	7
asiat	4	5
joskus	4	6
verotusta	4	9
ratkaisua	4	9
vitor	4	5
vítor	4	5
kokouksessaan	4	13
järjestelmästä	4	14
rahoitusjärjestelmän	4	20
laillisuudesta	4	14
toteuttamien	4	12
yhdennetyn	4	10
varaa	4	5
puolueettomia	4	13
kokonaisvaltaisen	4	17
palvelussa	4	10
tarkoituksenmukainen	4	20
kokouksia	4	9
käsittelemiseksi	4	16
tehostetaan	4	11
toimintaansa	4	12
varapuheenjohtaja	4	17
rooman	4	6
yritysjohdon	4	12
kurssi	4	6
julkishallinnon	4	15
selvitystyöryhmän	4	17
new	4	3
lain	4	4
saksan	4	6
tutela	4	6
fondamentali	4	12
di	4	2
law	4	3
moitteetonta	4	12
mitataan	4	8
heikentää	4	9
varhaisessa	4	11
tuomarina	4	9
erilaisista	4	11
eijariitta	4	10
korhola	4	7
ympäristönsuojelu	4	17
ohjelmat'	4	9
yhdistyneen	4	11
kuningaskunnan	4	14
suppeasti	4	9
ympäristöpäästöihin	4	19
-ohjelmia	4	9
harkittu	4	8
vertailukelpoisia	4	17
yleisöllä	4	9
valmistautua	4	12
riippumattomalle	4	16
järjestölle	4	11
kykene	4	6
pyyntöä	4	7
sukupolvien	4	11
ympäristössä	4	12
päätavoite	4	10
muutoksenhaku-	4	14
yleissopimusta	4	14
matthias	4	8
groote	4	6
anders	4	6
lupaehdot	4	9
pääsivät	4	8
sovittelukomiteassa	4	19
merenkulun	4	10
lisäämisen	4	10
korvauksia	4	10
omahuolinnan	4	12
palveluntarjoajia	4	17
talouselämän	4	12
satamille	4	9
enemmistöä	4	10
luonnolliselle	4	14
luokan	4	6
lukumäärän	4	10
ennakolta	4	9
paikallisista	4	13
olosuhteista	4	12
oleville	4	8
valintamenettelyn	4	17
sopivaa	4	7
siirtyvät	4	9
toimiluvat	4	10
tuoton	4	6
pätevä	4	6
myönnettävää	4	12
alejandro	4	9
cercas	4	6
derek	4	5
clark	4	5
cocilovo	4	8
carlo	4	5
fatuzzo	4	7
asianosaiset	4	12
omistajat	4	9
lopullisesta	4	12
käyty	4	5
gewalt	4	6
kumoamiseksi	4	12
neuvottelemaan	4	14
kiittää	4	7
yhtenäinen	4	10
aluekehityksen	4	14
perusoikeuksia	4	14
peruskirjan	4	11
käyttöönottamisesta	4	19
yhtenäisyys	4	11
oleellisen	4	10
globalisaatio	4	13
alueisiin	4	9
lukeutuvat	4	10
seuraamaan	4	10
uudistamisen	4	12
koordinoituja	4	13
siirtymisen	4	11
työelämässä	4	11
koodeksissa	4	11
kärsineet	4	9
tiedotuksen	4	11
tuottaisi	4	9
merkittävin	4	11
johtuvien	4	9
riskin	4	6
intian	4	6
ilda	4	4
figueiredo	4	10
elizabeth	4	9
lynne	4	5
protasiewicz	4	12
jamila	4	6
madeira	4	7
suojelualueita	4	14
politiikanalojen	4	16
ympäristö-	4	10
metsiensuojelu	4	14
ekologisesti	4	12
ehkäisemisen	4	12
life+	4	5
sademetsien	4	11
q.	4	2
vääristävät	4	11
laittomasti	4	11
onnistuminen	4	12
r.	4	2
alkuperäsääntöjen	4	17
energiamuotojen	4	15
elämän	4	6
aa	4	2
tekniikkaan	4	11
vesien	4	6
hyödyntämällä	4	13
aavikoitumisen	4	14
biopolttoaineet	4	15
puu	4	3
kestävällä	4	10
innovatiivisten	4	15
nostamiseksi	4	12
monipuolistamisen	4	17
tarkoitetuilla	4	14
tuottajat	4	9
metsäalalla	4	11
pyrkivät	4	8
metsäpolitiikkaa	4	16
tä	4	2
elinympäristöjen	4	16
tärkeimpänä	4	11
sitoutumista	4	12
thijs	4	5
berman	4	6
michl	4	5
ebner	4	5
esther	4	6
herranz	4	7
mairead	4	7
tomasz	4	6
zapałowski	4	10
kauemmin	4	8
nsrac	4	5
stecf	4	5
kestävät	4	8
lajeille	4	8
kalakannat	4	10
tarkistamaan	4	12
pedro	4	5
guerreiro	4	9
morillon	4	8
arviointikertomuksen	4	20
alakohtainen	4	12
laativat	4	8
foorumin	4	8
kiribatin	4	9
taloudelliseksi	4	15
tee	4	3
vesillä	4	7
kolmeksi	4	8
henkilöstökulut	4	15
max	4	3
nuottaa	4	7
kalastustoimien	4	15
elokuussa	4	9
kalastusalusten	4	15
pöytäkirjaa	4	11
espanjalaisille	4	15
ranskalaisille	4	14
päästävä	4	8
kalastustoiminnan	4	17
kalastusmenetelmien	4	19
kalastus	4	8
sivusaaliiden	4	13
tulevaisuus	4	11
heikko	4	6
heitetään	4	9
suojelemisesta	4	14
vaihtoehto	4	10
elvyttämisen	4	12
from	4	4
vaikeuttavat	4	12
lämmöstä	4	8
jäähdytyksestä	4	14
massatuotannon	4	14
-jakelun	4	8
lämmitys-	4	9
seurantajärjestelmä	4	19
vaadittava	4	10
budjettikohtien	4	15
hintojen	4	8
valtavasti	4	10
tiedotus	4	8
sector	4	6
at	4	2
use	4	3
was	4	3
austria	4	7
kilpailukykyinen	4	16
suurten	4	7
omiin	4	5
rahasto	4	7
osaamiseen	4	10
kehittämisohjelmien	4	19
sukupuolinäkökulman	4	19
ymp	4	3
pilaria	4	7
markkinapolitiikkaa	4	19
kärsisivät	4	10
lisääntyvistä	4	13
moniulotteista	4	14
rikkauden	4	9
takaajana	4	9
vihreä	4	6
ympuudistukset	4	14
vauhdittivat	4	12
loivat	4	6
uudistuksille	4	13
perättäisten	4	12
hintatukitakuita	4	16
alennettiin	4	11
tuotantomääristä	4	16
markkinasignaaleihin	4	20
syntyvät	4	8
suuriin	4	7
tuotantomääriin	4	15
paranee	4	7
elintarviketalouden	4	19
moninaiset	4	10
väestökadosta	4	13
taantuvat	4	9
lähialueet	4	10
kaupunkikeskusten	4	17
väestötiheyteen	4	15
pintaalasta	4	11
bruttoarvonlisästä	4	18
työllistävät	4	12
sosioekonomisilla	4	17
rakenteellisilla	4	16
mitattuna	4	9
eimaaseutualueita	4	17
kolmanneksen	4	12
palveluala	4	10
korkeakoulutuksen	4	17
asukkaita	4	9
laajakaistayhteys	4	17
syrjäinen	4	9
haittatekijät	4	13
näyttävät	4	9
voimistuvan	4	11
kontaktien	4	10
koulutustarjonnan	4	17
syrjäisimpien	4	13
jollakin	4	8
nähtävä	4	7
kohdistamaan	4	12
innovointi	4	10
osapuolia	4	9
naisiin	4	7
luxemburgin	4	11
innovatiivisimmista	4	19
kilpailemaan	4	12
kiristyvillä	4	12
maailmanmarkkinoilla	4	20
maaseutuelinkeinolla	4	20
markkinoida	4	11
imagoa	4	6
neuvonta-	4	9
tukipalvelujen	4	14
lujittaa	4	8
työllistäjänä	4	13
lähteenä	4	8
viimeaikaisilla	4	15
uudistuksilla	4	13
maatilayrityksille	4	18
organisatorisista	4	17
myönnettävällä	4	14
auttamalla	4	10
maiseman	4	8
kokonaiskuvaa	4	13
valmistautumista	4	16
proaktiivinen	4	13
maatalousrahaston	4	17
maaseuturahaston	4	16
laadukkaiden	4	12
sukupolvenvaihdoksen	4	20
toimintalinjoissa	4	17
sukupolvenvaihdosten	4	20
vauhdittamiseksi	4	16
räätälöidä	4	10
ensisijaisella	4	14
biologinen	4	10
luonnonarvoltaan	4	16
sitoumusta	4	10
köyhtyminen	4	11
vesivarojen	4	11
odottavat	4	9
palkita	4	7
sitoutuessa	4	11
tuottaessa	4	10
vettä	4	5
viljelymaiseman	4	15
arvostetusta	4	12
maaseutuympäristöstä	4	20
luontotyyppejä	4	14
soista	4	6
niittyihin	4	10
vuoristolaitumiin	4	17
viljelyjärjestelmin	4	19
asuin-	4	6
bioenergialaitosten	4	19
orgaanisen	4	10
tukemisessa	4	11
perustuvassa	4	12
taloudessa	4	10
tasaisempaa	4	11
olennaisin	4	10
hankkimiseksi	4	13
houkuttavina	4	12
sukupolville	4	12
edistettäessä	4	13
työvoimaosuuden	4	15
käsityöläisyys	4	14
hyödykkeet	4	10
maaseutu-	4	9
kaupunkialueiden	4	16
naisilla	4	8
elämänlaatua	4	12
maaseututaitojen	4	16
monipuolistetaan	4	16
matkailualalla	4	14
vierailijoiden	4	14
pidentämään	4	11
oleskelun	4	9
palvelujentarjoajien	4	20
maatilamatkailun	4	16
televiestinnän	4	14
vesihuollon	4	11
infrastruktuureihin	4	19
luotavista	4	10
tiedepuistoihin	4	15
kerrannaisvaikutus	4	18
tuetut	4	6
laajemmat	4	9
kannustamiseksi	4	15
integroitu	4	10
hankkimiseen	4	12
rohkaiseminen	4	13
liikkeelle	4	10
leadertoiminta	4	14
kosketuksiin	4	12
toistensa	4	9
paikallishallinnon	4	18
yhdistämiseksi	4	14
monipuolistuu	4	13
sosioekonominen	4	15
vahvistuu	4	9
selvittää	4	9
pitäen	4	6
toimintalinjalle	4	16
konkretisoitava	4	15
kansalliseksi	4	13
kehittämisohjelmiksi	4	20
elintarvikealaan	4	16
ympäristölliseen	4	16
ilmastolliseen	4	14
erityisongelmien	4	16
erityiskysymyksiä	4	17
lähialueiden	4	12
paineet	4	7
väestötiheys	4	12
synergiat	4	9
maksimoidaan	4	12
maanviljelykseen	4	16
teemakohtaiset	4	14
ympäristöstrategiat	4	19
eakr:sta	4	8
esr:stä	4	7
kor:sta	4	7
maaseuturahastosta	4	18
rahoitettavat	4	13
toimintaalalla	4	14
johdonmukaiset	4	14
pääperiaatteet	4	14
viitekehysten	4	13
kehittämistuki	4	14
viljelijöihin	4	13
yhdennetyissä	4	13
työllisyysstrategian	4	20
uudistusohjelmissa	4	18
ytimenä	4	7
koulutustasoihin	4	16
ohjelmakohtaisilla	4	18
heijastavat	4	11
ohjelmiksi	4	10
integraatioon	4	13
ympäristönäkökohtien	4	20
ilmaston	4	8
tiedoksiannon	4	13
hakijaan	4	8
korkeat	4	7
katalin	4	7
säteily	4	7
ehkäisytoimien	4	14
ehkäisytoimia	4	13
valmiustoimia	4	13
viite	4	5
pitkäaikaisia	4	13
toteutettavat	4	13
valmius	4	7
ajanjaksoksi	4	12
erityyppisten	4	13
ryhmiä	4	6
vaatiessa	4	9
yhteensovittamisen	4	18
työohjelmat	4	11
käyttäjälle	4	11
täydentävyyteen	4	15
kriittisen	4	10
riski	4	5
vastausta	4	9
edelleenkään	4	12
laajentamista	4	13
jäsenvaltioilla	4	15
resursseja	4	10
uudistamisesta	4	14
siirtymässä	4	11
eläkkeelle	4	10
suojana	4	7
vähemmistöjen	4	13
köyhyydestä	4	11
köyhien	4	7
ponnistelujaan	4	14
helpottamalla	4	13
verojen	4	7
koulutuksessa	4	13
köyhyysriski	4	12
elinikäinen	4	11
kuilu	4	5
erityistoimia	4	13
työllisyys	4	10
rakenneuudistuksiin	4	19
palvelualan	4	11
omista	4	6
aitojen	4	7
maataloustuotteen	4	17
suojattuina	4	11
san	4	3
smm	4	3
jeffrey	4	7
liittovaltio	4	12
pääosaston	4	10
-palvelujen	4	11
kahtiajakoa	4	11
radiotaajuuksien	4	16
palveluilla	4	11
otteeseen	4	9
kysymysten	4	10
varoittaa	4	9
taajuuksien	4	11
kahtiajaon	4	10
välittämiä	4	10
sisältöjä	4	9
eduista	4	7
täysipainoisesti	4	16
kulttuuriin	4	11
hyödykkeinä	4	11
kulttuurisen	4	12
lisääntyvän	4	11
raakaaineet	4	11
biopolttoaineista	4	17
maanviljelijöille	4	17
eurooppalaisilla	4	16
teknologioiden	4	14
puolueilla	4	10
tavoittelemattoman	4	18
osakeyhtiöt	4	11
unkarissa	4	9
nyilvánosan	4	11
működő	4	6
siirtokelpoisia	4	15
arvopapereita	4	13
mukaisilla	4	10
rahan	4	5
vastike	4	7
käypä	4	5
omaisuuserä	4	11
osakkeenomistajille	4	19
osakkeenomistajat	4	17
arvostusta	4	10
nettovarallisuutta	4	18
pienemmäksi	4	11
hankittujen	4	11
nimellisarvo	4	12
kirjanpidollinen	4	16
vastaarvo	4	9
osakkeisiin	4	11
pääomaa	4	7
tasapuolisissa	4	14
markkinaolosuhteissa	4	20
korkoon	4	7
vakuuteen	4	9
ennakkomaksuja	4	14
luottotilanne	4	13
monenvälisten	4	13
liikkeeseen	4	11
vähemmistöosakkaat	4	18
monenvälisiin	4	13
neuvottelualoilla	4	17
osoittaneet	4	11
kierroksella	4	12
kotimaisia	4	10
aseteta	4	7
tasapuoliseen	4	13
kehitysmaihin	4	13
yhtenäisyyttä	4	13
kehittyvän	4	10
tariffiesteitä	4	14
etuoikeuksien	4	13
neuvottelijoiden	4	16
markkinoillepääsy	4	17
puuvillaa	4	9
etelän	4	6
erityis-	4	8
kaupankäyntiä	4	13
toimintamuodossa	4	16
teollisuustuotteiden	4	20
julkilausuman	4	13
aktmaissa	4	9
aktmaille	4	9
kannustimet	3	11
laskettaessa	3	12
tarkoitusta	3	11
soveltamien	3	11
yhtäläisiä	3	10
käyttösääntöjä	3	14
verkonkäyttäjiä	3	15
kaasun	3	6
periaatteesta	3	13
aiheutuvista	3	12
association	3	11
yhdenmukaistettava	3	18
pitkä	3	5
ashworth	3	8
busquin	3	7
dominique	3	9
vlasto	3	6
liittymisen	3	11
gerardo	3	7
galeote	3	7
quecedo	3	7
luokitus	3	8
tilastoja	3	9
nutsnimikkeistöä	3	16
muutoksilla	3	11
luotiin	3	7
nutsluokittelussa	3	17
suositaan	3	9
kulloinkin	3	10
vaihtelee	3	9
jäsenvaltioittain	3	17
gábor	3	5
harangozó	3	9
konstantinos	3	12
jim	3	3
higgins	3	7
iturgaiz	3	8
angulo	3	6
kelam	3	5
oldřich	3	7
vlasák	3	6
työajan	3	7
yhteentoimivuuden	3	17
jokaisessa	3	10
kerättävä	3	9
yhteensovitettua	3	16
sopimuspuolina	3	14
osapuoli	3	8
mukautettu	3	10
liikkuvassa	3	11
valvontastrategia	3	17
annetut	3	7
järjestettävä	3	13
kunnianhimoinen	3	15
vähimmäisosuuden	3	16
kootut	3	6
ajopiirturilla	3	14
digitaalisten	3	13
tarkastajien	3	12
kahdella	3	8
tavaroita	3	9
rikkomuksista	3	13
kirjaa	3	6
kuljettajat	3	11
äsenvaltioiden	3	14
vrt.	3	4
sieltä	3	6
epäilyjä	3	8
aikaisempien	3	12
asetuksia	3	9
yhteydenpito	3	12
sisältyvää	3	10
palauttamiseksi	3	15
rikkonut	3	8
yksityiskohtaisista	3	19
kyseiselle	3	10
määrätä	3	7
prosenttisesti	3	14
kertomuksessa	3	13
keskimääräisen	3	14
enimmäismäärän	3	14
huolitsijoiden	3	14
esittämästä	3	11
vaadittiin	3	10
suhtautuminen	3	13
tarkistuksiin	3	13
perustein	3	9
lepoaikoja	3	10
rikkomuksia	3	11
muutoksista	3	11
aiheuttaisi	3	11
koskivat	3	8
toteutettaisiin	3	15
tapahtuvien	3	11
määräyksen	3	10
innoittamana	3	12
sopivan	3	7
tarkoita	3	8
järkeä	3	6
vastikään	3	9
vaarallisten	3	12
seuraamukset	3	12
elisabet	3	8
henkilöliikenteeseen	3	20
sopimuspuolet	3	13
sähköisesti	3	11
ajalta	3	6
sähköiset	3	9
pakolliseksi	3	12
perinteisen	3	11
tiellä	3	6
ajoneuvoja	3	10
puolustusvoimien	3	16
vuokraamat	3	10
palveluille	3	11
kriisitilanteessa	3	17
kuljettamiseen	3	14
ravinnoksi	3	10
viemärilaitoksen	3	16
vesi-	3	5
henkilökohtaisista	3	18
asuinpaikkakunnalla	3	19
ajopiirturin	3	12
pituinen	3	8
ajaa	3	4
todellisuudessa	3	15
todistus	3	8
henkilöliikenteessä	3	19
täyttänyt	3	9
henkilöliikenteen	3	17
ulottuvilla	3	11
harjoittanut	3	12
taulukossa	3	10
ajon	3	4
sellainen	3	9
ylipäätään	3	10
toimiviin	3	9
voimassaolevien	3	15
ajaminen	3	8
rajattu	3	7
paikallisille	3	13
ehdotuksiin	3	11
osoittautua	3	11
useampaan	3	9
rikkomisen	3	10
sijoittautunut	3	14
ajoluvan	3	8
rajoittaminen	3	13
tarkoituksenmukaisia	3	20
edeltävät	3	9
elokuun	3	7
valvontalaite	3	13
teollisuus	3	10
pakollinen	3	10
tiedetä	3	7
korvaamista	3	11
määritteli	3	10
tapahtuneet	3	11
oikeudellisiin	3	14
selkeämmin	3	10
nykyiseen	3	9
vastuuseen	3	10
edeltävää	3	9
ajanjaksoa	3	10
osien	3	5
jätteen	3	7
kuljetusten	3	11
piti	3	4
nopeutuisi	3	10
adriana	3	7
poli	3	4
bortone	3	7
valiokuntien	3	12
geneettinen	3	11
taipumus	3	8
liikunnan	3	9
tupakan	3	7
päihteiden	3	10
ympäristötekijät	3	16
terveyssyistä	3	13
hedelmien	3	9
vihannesten	3	11
kalan	3	5
alkoholipitoisuus	3	17
pelkkä	3	6
sisältäviä	3	10
pelkän	3	6
oletetun	3	8
tyydyttynyt	3	11
vitamiinit	3	10
kivennäisaineet	3	15
valkuaisaineet	3	14
kuitu	3	5
rajoittua	3	9
sokeri-	3	7
keskisuuria	3	11
keskisuurten	3	12
tasot	3	5
edellyttämä	3	11
pohja	3	5
väittämällä	3	11
säännöllisin	3	12
väliajoin	3	9
loppukuluttajalle	3	17
kohteina	3	8
tietämyksen	3	11
psykologisten	3	13
viittausten	3	11
vankat	3	6
merkintävaatimuksia	3	19
kunnioitettava	3	14
yksilön	3	7
tärkeiden	3	9
jakelua	3	7
tieteellisestä	3	14
lausunnossaan	3	13
ylläpidettävä	3	13
vaikeudet	3	9
käynnistettävä	3	14
tiedotuskampanja	3	16
terveen	3	7
viinin	3	6
erityisellä	3	11
kuvausta	3	8
rasvahapot'	3	11
myytäväksi	3	10
väittämällä'	3	12
or	3	2
valistunut	3	10
tarkkaavainen	3	13
huolellinen	3	11
hyvinvoinnin	3	12
samanlaiset	3	11
rohkaista	3	9
elintarvikeluokkien	3	19
ravintosisältötyyppi	3	20
viittauksilla	3	13
elintarvikkeissa	3	16
transrasvahapot	3	15
suhteesta	3	9
pitkällisiin	3	12
määritellessään	3	15
viranomaiselta	3	14
kuluttajajärjestöjä	3	19
ajantasaistaminen	3	17
sokereiden	3	10
ravitsemusväitteet	3	18
juomiin	3	7
elintarvikeluokat	3	17
mainonnasta	3	11
ainesosan	3	9
asiantuntemus	3	13
ymmärtämään	3	11
roolista	3	8
tasapainoisessa	3	15
elintarviketuotteen	3	19
sisältämistä	3	12
ravintoaineista	3	15
terveyshyödystä	3	15
esimerkkejä	3	11
kuluttajansuojan	3	16
sanamuodolla	3	12
luotettavat	3	11
rajoituksista	3	13
ominaisiin	3	10
hyötyihin	3	9
hyvinvoinnille	3	14
keskiverokuluttaja	3	18
esitetyssä	3	10
aiheutuvaa	3	10
viestintätekniikoita	3	20
säilyttämällä	3	13
asiaankuuluvien	3	15
tarvittaviin	3	12
helpottaisi	3	11
hakemukseen	3	11
pakkausmerkinnän	3	16
puolustaa	3	9
perusteltu	3	10
antavan	3	7
valmistajalla	3	13
maahantuojalla	3	14
vältytään	3	9
ehdollinen	3	10
perustellusta	3	13
mainitulle	3	10
päätösluonnoksen	3	16
päätösluonnos	3	13
eroavaisuuksista	3	16
peruuttaminen	3	13
haltija	3	7
kustannuksiin	3	13
ravitsemusväittämät	3	19
hylätyistä	3	10
erilliseen	3	10
seuraavin	3	9
tiedoin	3	7
tekijän	3	7
alkuperäisellä	3	14
tekijänoikeus	3	13
viidennen	3	9
kertomukseen	3	12
kumpi	3	5
säilyvyysaika	3	13
mielenkiinnon	3	13
takaamalla	3	10
tiedottamiseen	3	14
saatavissa	3	10
hyväksymällä	3	12
esittämien	3	10
positiivisen	3	12
halukas	3	7
huonoihin	3	9
hyväksyttyä	3	11
tieteellisiin	3	13
lupaa	3	5
avoimeksi	3	9
hakemuksia	3	10
ravintokoostumuksen	3	19
kriittisesti	3	12
kohdin	3	6
esittämää	3	9
haluaisi	3	8
suurelta	3	8
hylkää	3	6
epäsuorien	3	10
oletetaan	3	9
kyseenalaista	3	13
menestyksekkäästi	3	17
ravintosisällöltään	3	19
idean	3	5
negatiivisesti	3	14
arvioitu	3	8
työlään	3	7
epämääräisiä	3	12
kiellon	3	7
ajallisesti	3	11
aiheuttamia	3	11
huomion	3	7
ajatella	3	8
oikeusvarmuus	3	13
kiellettäisiin	3	14
eurooppaa	3	9
myyntiä	3	7
tiukkoja	3	8
jotakin	3	7
elintarvikeluokkaa	3	18
aineita	3	7
alakohtaan	3	10
laatimat	3	8
varmaa	3	6
et	3	2
toimijaa	3	8
terveysväittämille	3	18
julkistaa	3	9
ennakkoon	3	9
velvoite	3	8
toimijan	3	8
haltijalle	3	10
ylläpitää	3	9
tietosuoja	3	10
tieteelliset	3	12
tekijänoikeuksiin	3	17
alaisen	3	7
tutkimustietojen	3	16
keskeyttämisen	3	14
keskeyttämistä	3	14
konkreettisen	3	13
trade	3	5
samanlainen	3	11
kommentoida	3	11
työ	3	3
kahdeksannentoista	3	18
jatkavat	3	8
elintarvikeluokasta	3	19
glyseriini	3	10
orgaaniset	3	10
hapot	3	5
sokerialkoholeja	3	16
ruokavaliot	3	11
painonpudotusta	3	15
nettomäärää	3	11
ilmoittamiseen	3	14
kiinteiden	3	10
maitotuotteita	3	14
monimutkaisten	3	14
monimutkaiset	3	13
muodossaan	3	10
päätöslauselmaan	3	16
kirjasta	3	8
päättäminen	3	11
toki	3	4
yhtään	3	6
suullisesti	3	11
sanoa	3	5
valmistajaa	3	11
poikkeusta	3	10
saattaisivat	3	12
samankaltaisia	3	14
enempää	3	7
-komission	3	10
standardeja	3	11
tarpeettomia	3	12
hallitukset	3	11
kehittävät	3	10
harhaanjohtavilta	3	17
väittämiltä	3	11
mahdollistamiseksi	3	18
vähärasvainen'	3	14
tavaramerkkiä	3	13
merkkiä	3	7
kuvitteellista	3	14
nimet	3	5
ajatus	3	6
yksittäisen	3	11
yhdistelmä	3	10
terveysvaikutus	3	15
tiedolla	3	8
puuttuessa	3	10
sana	3	4
todistetut	3	10
epäkäytännöllinen	3	17
sisältyisikään	3	14
hyödyn	3	6
kohdistuvat	3	11
tulkita	3	7
välittää	3	8
kuvaava	3	7
myönteiseen	3	11
myöhempiä	3	9
kahdelle	3	8
päätöksestään	3	13
virallisen	3	10
tutustuttavaksi	3	15
teolliset	3	9
toisten	3	7
kuulemista	3	10
tuntuvasti	3	10
kulutusta	3	9
päättymiseen	3	12
lueteltuja	3	10
100ml	3	5
johdonmukaisuus	3	15
vähärasvaisuudesta	3	18
kuivaaineesta	3	13
rasvaton	3	8
codexin	3	7
täyttyy	3	7
alfalinoleenihappoa	3	19
saanti	3	6
päivässä	3	8
kohtuullisesta	3	14
kolesterolia	3	12
annettavassa	3	12
eulainsäädännössä	3	17
valmista	3	8
analyysissa	3	11
gluteenia	3	9
sallittujen	3	11
suolapitoisuutta	3	16
natriumpitoisuutta	3	18
suolapitoisuuteen	3	17
varauksetta	3	11
ravinnossa	3	10
kokonaissaanti	3	14
erityyppisistä	3	14
ruokaaineista	3	13
ruokaaineryhmille	3	17
juustot	3	7
lihatuotteet	3	12
kalatuotteet	3	12
leipä	3	5
aamiaismurot	3	12
valmisruoat	3	11
suolapitoisuudesta	3	18
suolattomuus	3	12
säänneltäväksi	3	14
ostokset	3	8
selkeää	3	7
sisältävien	3	11
mia	3	3
vits	3	4
heatonharris	3	12
schwab	3	6
wuermeling	3	10
benoît	3	6
hamon	3	5
frédérique	3	10
ries	3	4
berlinguer	3	10
jaotellun	3	9
rahoitustilejä	3	14
etusija	3	7
analysointi	3	11
kannattavuuden	3	14
yhtenäismarkkinoiden	3	20
tarkkoja	3	8
zsolt	3	5
becsey	3	6
ibrisagic	3	9
sopimusperusteisten	3	19
sitominen	3	9
ostamiseen	3	10
harjoitettavan	3	14
sinällään	3	9
omavastuun	3	10
keskittyy	3	9
tuotanto-	3	9
rahoittamia	3	11
järjestymisvapautta	3	19
ammatin	3	7
välineessä	3	10
ostettujen	3	10
alkuperäsääntöjä	3	16
maalle	3	6
avunantajia	3	11
avunantajan	3	11
avunantajien	3	12
tasavertainen	3	13
vastavuoroisuus	3	15
järjestö	3	8
humanitaarinen	3	14
valinnassa	3	10
ngo	3	3
alkuperältään	3	13
asteittaisen	3	12
kykyä	3	5
sopimuksista	3	12
annetusta	3	9
ulkosuhteiden	3	13
fernando	3	8
fernández	3	9
ehdotuksessaan	3	14
täytäntöönpanolle	3	17
osat	3	4
valitettavasti	3	14
erityissäännöksiä	3	17
välineistä	3	10
alueelliseen	3	12
toteuteta	3	9
lähtökohdista	3	13
katsottuna	3	10
työskentelemään	3	15
toimintaohjelmaa	3	16
yliopistot	3	10
ym.	3	3
merkitsisi	3	10
perusarvoja	3	11
tarjoajan	3	9
hankinnan	3	9
ehtona	3	6
virallisesti	3	12
liittynyt	3	9
johdonmukaisuutta	3	17
edunsaajat	3	10
tapahduttava	3	12
kehittyvät	3	10
nimenomaista	3	12
epäedullisessa	3	14
rakenteellisten	3	15
monika	3	6
beňová	3	6
horisontaalinen	3	15
sellaisille	3	11
virallisten	3	11
kanavien	3	8
keskeisen	3	9
selvästikin	3	11
ammattitaitonsa	3	15
alalta	3	6
vastine	3	7
xxx	3	3
lisätäkseen	3	11
véronique	3	9
bogdan	3	6
proinsias	3	9
rossa	3	5
wise	3	4
margrietus	3	10
berg	3	4
lujittaminen	3	12
alueyhteistyötoimia	3	19
ilmaisulla	3	10
alueyhteistyö	3	13
säännöksissä	3	12
haittaavien	3	11
yhteistoiminnallisia	3	20
yhtymiä	3	7
ylittävästä	3	11
yhdenmukaistamiseksi	3	20
ery:llä	3	7
elimensä	3	8
viranomaisella	3	14
hoitoa	3	6
siellä	3	6
konflikteja	3	11
luovat	3	6
eay:lle	3	7
toimintakehyksestä	3	18
oikeushenkilöllisyys	3	20
tietenkin	3	9
yhdelle	3	7
eay:stä	3	7
tulkinnassa	3	11
lainsäädäntöjen	3	15
kokous	3	6
toimeenpaneva	3	13
edustusta	3	9
täten	3	5
tunnustavat	3	11
neljää	3	6
kolmannesta	3	11
toteuttamiselle	3	15
yhteenkuuluvuudesta	3	19
sallii	3	6
kutsutaan	3	9
ylittävää	3	9
ylittävän	3	9
viranomaisilla	3	14
ehdottaakin	3	11
kokouksesta	3	11
elimiä	3	6
stihler	3	7
seuraavasta	3	11
jatkuvuutta	3	11
vaativien	3	9
yksinään	3	8
rahoitukselliset	3	16
lisäarvosta	3	11
eurooppa	3	8
tavoitteensa	3	12
peruste	3	7
maantieteellisellä	3	18
sisällyttämisen	3	15
kustannustehokkuutta	3	20
määrittelyvaiheesta	3	19
toteutettavan	3	13
turvaa	3	6
korkeintaan	3	11
tämänhetkisten	3	14
julkiselle	3	10
haltijalla	3	10
hyödynnetään	3	12
lisenssejä	3	10
hyödyntämisestä	3	15
valvova	3	7
pystyisi	3	8
ohjelmalle	3	10
kokonaisrahoituksen	3	19
kurinalaisuudesta	3	17
ohjelmille	3	10
gnssohjelma	3	11
kiertoradalle	3	13
asentaminen	3	11
kaudeksi	3	8
määritelläkseen	3	15
rahoituspuitteiden	3	18
ylärajan	3	8
eurooppalaiselle	3	16
valvontaviranomaista	3	20
informoitava	3	12
päätetään	3	9
vuotuista	3	9
saavutetusta	3	12
infrastruktuuri	3	15
strategisen	3	11
strategiaan	3	11
viimeisimmässä	3	14
hyväksytyssä	3	12
saavuttanut	3	11
turvattava	3	10
alakohtaiset	3	12
kumpikin	3	8
käsiin	3	6
kiinan	3	6
tietoinen	3	9
realistinen	3	11
käyttäjät	3	9
perustuslakia	3	13
vihreässä	3	9
yhteisöt	3	8
nathalie	3	8
griesbeck	3	9
tekisi	3	6
vauhdittaa	3	10
käynnistetty	3	12
maksetaan	3	9
budjetista	3	10
varoin	3	6
aiheutuvien	3	11
huomioita	3	9
hyötyjä	3	7
ulkoisia	3	8
käyttäjinä	3	10
palvelu	3	7
joitain	3	7
tarjoajille	3	11
näkyvyyttä	3	10
aikanaan	3	8
järjestämiseksi	3	15
toimilupasopimuksen	3	19
päättyessä	3	10
järjestelystä	3	13
lisenssimaksuista	3	17
luotettavuuden	3	14
kynnysarvon	3	11
osista	3	6
omistuksessa	3	12
pkyrityksille	3	13
etenemistä	3	10
vakaan	3	6
haastetta	3	9
pitempään	3	9
kolmessa	3	8
rajatylittävien	3	15
rajatylittäviin	3	15
tapaukset	3	9
virallisilla	3	12
seikoista	3	9
todisteesta	3	11
tavanomaisessa	3	14
riitaasiain	3	11
oikeudenkäynnissä	3	17
keinoin	3	7
hylkäämistä	3	11
vastaajan	3	9
henkilökohtaisesti	3	18
suorittamisesta	3	15
vastineen	3	9
puolustamiseen	3	14
jatketaan	3	9
ajankohdasta	3	12
julistusta	3	10
laajentamisesta	3	15
rajatylittävän	3	14
nopeuttamiseksi	3	15
virallista	3	10
vaarana	3	7
kenties	3	7
oikeuksistaan	3	13
tekijänä	3	8
erottaminen	3	11
kussakin	3	8
ilmenevää	3	9
heihin	3	6
tehokkaampaa	3	12
pyrkinyt	3	8
kehotettiin	3	11
maksamista	3	10
vahvistamisessa	3	15
luonnollisille	3	14
yhtäältä	3	8
eritoten	3	8
voimme	3	6
todisteet	3	9
valmistelee	3	11
coelho	3	6
wolfgang	3	8
kreissldörfler	3	14
edith	3	5
mastenbroek	3	11
tatjana	3	7
ždanoka	3	7
suositukseksi	3	13
varmistamisessa	3	15
ljudmila	3	8
novak	3	5
koulutusvaliokunnan	3	19
saavutus	3	8
muodostuisi	3	11
avoimemmaksi	3	12
muuttuviin	3	10
kehottivat	3	10
enqa:ta	3	7
laadunvarmistamisen	3	19
toimintamenetelmät	3	18
korostivat	3	10
erikoistuneita	3	14
opintojen	3	9
akkreditointielimiä	3	19
riippumattomuutta	3	17
perustamaan	3	11
merkittyjen	3	11
sinne	3	5
arviot	3	6
yhteisiin	3	9
suorituttaa	3	11
parannusten	3	11
edistyneet	3	10
jatkotoimia	3	11
vaihetta	3	8
optimoimiseksi	3	14
vapaus	3	6
ylläpitoon	3	10
tiiviimpää	3	10
eurooppalaisiin	3	15
guy	3	3
bono	3	4
vasco	3	5
graça	3	5
moura	3	5
rakennusurakoita	3	16
palveluhankintoja	3	17
tekomenettelyjen	3	16
määritelmässä	3	13
suunniteltu	3	11
henrik	3	6
suhteiden	3	9
liikenneverkkoihin	3	18
kappaleissa	3	11
todettakoon	3	11
maksumäärärahojen	3	17
osoittautuneita	3	15
kilpailu-	3	9
yhteensopivat	3	13
käytänteitä	3	11
tuottoja	3	8
valkoinen	3	9
tukevia	3	7
aluksen	3	7
aikataulut	3	10
rahdin	3	6
yhteentoimivien	3	15
hyödystä	3	8
aloitetaan	3	10
tukikelpoiset	3	13
aikataulun	3	10
hyvissä	3	7
ajoin	3	5
toimenpiteen	3	12
täytäntöönpanovallan	3	20
perussäädöksessä	3	16
ohjelmointi	3	11
viivästysten	3	12
äänin	3	5
verkot	3	6
miertin	3	7
laati	3	5
käsitellyt	3	10
liikenneverkot	3	14
koordinoidun	3	12
laajuisille	3	11
investointipankin	3	17
rahoituslaitosten	3	17
myöntämien	3	10
lainojen	3	8
enimmäismäärät	3	14
suotuisan	3	9
toimitusvarmuuden	3	17
mahdollisiin	3	12
energiaalaa	3	11
tent	3	4
budjetti	3	8
rahoittamaan	3	12
asiantuntemuksen	3	16
ohjelmaan	3	9
teknisistä	3	10
investointihankkeita	3	20
sijoittajat	3	11
valmistelun	3	11
kappaleen	3	9
vaihtoehtojen	3	13
avustuksia	3	10
alakohtaa	3	9
essenin	3	7
ensisijaista	3	12
toteutua	3	8
barcelonan	3	10
ensisijaiseksi	3	14
odotuksia	3	9
valmiiksi	3	9
kyennyt	3	7
maksettavan	3	11
keskitetään	3	11
katsoen	3	7
osoitettavien	3	13
edistymisen	3	11
per	3	3
sitoutuneet	3	11
merkittävistä	3	13
sitoumus	3	8
viiveet	3	7
myönteisistä	3	12
tarvitsemat	3	11
palvelevat	3	10
vähimmäismäärän	3	15
huolehtimalla	3	13
hyvien	3	6
käytänteiden	3	12
meriliikennettä	3	15
laajennettava	3	13
tukikelpoisia	3	13
normaalisti	3	11
päätelmiä	3	9
dombrovskis	3	11
pittella	3	8
yannick	3	7
vaugrenard	3	10
melupäästöjä	3	12
reunojen	3	8
jäsenvaltiota	3	13
ilmaissut	3	9
pidettiin	3	9
vakavat	3	7
linda	3	5
mcavan	3	6
taajuusalueista	3	15
yleiseurooppalaisen	3	19
maanpäällisen	3	13
sovitettua	3	10
toimesta	3	8
rikoslain	3	9
pykälän	3	7
momentin	3	8
jäseniin	3	8
soveltanut	3	10
käynnistää	3	10
toimivaltaisille	3	16
sisävesiväylien	3	15
tavarakuljetusten	3	17
tilastoista	3	11
riittävyydestä	3	14
kiireellisissä	3	14
pidennetty	3	10
olennaisia	3	10
lajit	3	5
yritykseen	3	10
jättämistä	3	10
poistamisen	3	11
tarjoamiseen	3	12
tapauksesta	3	11
monenkeskisen	3	13
määräajaksi	3	11
tarpeetonta	3	11
valmistelussa	3	13
kuulemisia	3	10
yhteisymmärrys	3	14
määräajasta	3	11
yrityksillä	3	11
sovittaa	3	8
bersani	3	7
christoph	3	9
riisjørgensen	3	13
strejček	3	8
koulutussäätiön	3	15
esittämän	3	9
julkaistun	3	10
sovellettaisiin	3	15
virtaviivaistamista	3	19
haltijoiden	3	11
jälkeisestä	3	11
erillisvirastojen	3	17
työturvallisuus-	3	16
työterveysviraston	3	18
tavallisesti	3	12
lopulla	3	7
yksinkertaisesti	3	16
kulloisenkin	3	12
sopivimmat	3	10
toussas	3	7
kappaleiden	3	11
olekaan	3	7
suuntaan	3	8
jokapäiväisessä	3	15
korjaamaan	3	10
seksuaaliseen	3	13
kuulemisessa	3	12
useimmat	3	8
romanien	3	8
gaubert	3	7
ratkaisee	3	9
alueellisilla	3	13
puuttumaan	3	10
kulttuuriympäristöt	3	19
hajautetaan	3	11
keskitettyä	3	11
maakohtaisten	3	13
perusoikeuksien	3	15
moniperusteista	3	15
joutuneiden	3	11
erilaisuus	3	10
suvaitsevaisuus	3	15
suunniteltuihin	3	15
liikeyritysten	3	14
miehet	3	6
järjestöistä	3	12
määrittelemässä	3	15
panemassa	3	9
kulttuuriseen	3	13
toimintaympäristöön	3	19
järkeistämään	3	13
valinneet	3	9
valitun	3	7
yhteyselimestä	3	14
talousalueen	3	12
eta	3	3
valmisteleva	3	12
miljoonaan	3	10
käynnistämiseksi	3	16
painopistealueet	3	16
tarkastaa	3	9
politiikoista	3	13
yhtäläinen	3	10
perusoikeus	3	11
tasaarvoon	3	10
käytössään	3	10
työhönotossa	3	12
saivat	3	6
osion	3	5
käynnisti	3	9
kuulemisprosessin	3	17
yhdenvertaiset	3	14
unionilla	3	9
vastedes	3	8
tiedä	3	5
tuonut	3	6
kaikin	3	6
yleisöä	3	7
puututtava	3	10
aktiivisemmin	3	13
syrjäytymiseen	3	14
henkilöitä	3	10
työmarkkinaosapuolia	3	20
kansalaisjärjestöjä	3	19
edustettuina	3	12
vastuullisuuden	3	15
varmistavat	3	11
aloitteet	3	9
raül	3	4
romeva	3	6
rueda	3	5
amalia	3	6
sartori	3	7
euratomsopimuksen	3	17
irlanti	3	7
ministeriöiden	3	14
toiminnot	3	9
olafiin	3	7
kielteisen	3	10
tarkastuslausumasta	3	19
das	3	3
syiden	3	6
selkeyttä	3	9
pidetty	3	7
tilit	3	5
tilanteesta	3	11
lausuman	3	8
valvontajärjestelmät	3	20
perusperiaatteiden	3	18
aloite	3	6
velvoitteisiin	3	14
toimivuus	3	9
tosiasia	3	8
yksityiskohtaista	3	17
vaille	3	6
vaikeasti	3	9
mielipiteen	3	11
ryhtynyt	3	8
virheiden	3	9
lukujen	3	7
johtavan	3	8
hyväksyttävissä	3	15
kouluttaminen	3	13
vastuualueita	3	13
pyyntöjä	3	8
uudistuksia	3	11
välein	3	6
vaihtoehtoa	3	11
voin	3	4
kuuluisivat	3	11
itseään	3	7
tilintarkastajia	3	16
osapuolen	3	9
tilintarkastajat	3	16
tilintarkastuksia	3	17
yhteyskomitea	3	13
välttämään	3	10
päällekkäisyyttä	3	16
kädessä	3	7
pidättyvät	3	10
hoidan	3	6
intressejä	3	10
alasta	3	6
erityiskertomuksen	3	18
tukeen	3	6
tilintarkastusta	3	16
valmistella	3	11
mainituista	3	11
kokousten	3	9
järjestäminen	3	13
ratkaisujen	3	11
toimiessani	3	11
hyväksymiä	3	10
tarkastuskäsikirjan	3	19
henkilöstö	3	10
tuloksellisuuden	3	16
korjaamiseksi	3	13
tarkastaminen	3	13
valmisteilla	3	12
laittomuutta	3	12
petoksia	3	8
vastaanottaa	3	12
toimivaltaisia	3	14
minua	3	5
yliopiston	3	10
neuvonantaja	3	12
kansanedustaja	3	14
group	3	5
laillisuus	3	10
riippumattomana	3	15
ajantasaisia	3	12
kertomuksia	3	11
toiminnallaan	3	13
taloudellisuus	3	14
viestintäjärjestelmä	3	20
oikeaaikaisesti	3	15
vastuuvelvollisuuden	3	20
hyödyllisiä	3	11
järkevää	3	8
kulttuuri	3	9
seuraamiseen	3	12
todenneet	3	9
riippumattomuutensa	3	19
eu:lta	3	6
menevät	3	7
unionilta	3	9
hyväkseen	3	9
itsenäinen	3	10
ulkopuoliset	3	12
hoitaessani	3	11
tehtäviäni	3	10
periaatteisiin	3	14
ajatellen	3	9
säätelevät	3	10
tutkimuksessa	3	13
sittemmin	3	9
teräs-	3	6
tekstiili-	3	10
urani	3	5
seurannut	3	9
politiikka	3	10
-yliopistosta	3	13
locales	3	7
constitución	3	12
por	3	3
financiación	3	12
tributario	3	10
gasto	3	5
constitucional	3	14
generales	3	9
españa	3	6
imponible	3	9
sociedades	3	10
kansanedustajien	3	16
sekakomitean	3	12
-yliopiston	3	11
público	3	7
henkilölle	3	10
mielipiteeni	3	12
hallinnoinnista	3	15
ensi	3	4
tuntuvat	3	8
laillisuuden	3	12
harjoittamiseen	3	15
tahojen	3	7
tuloja	3	6
hinnalla	3	8
kuva	3	4
tietä	3	5
teknologiat	3	11
demokraattisesti	3	16
kysymyksestä	3	12
jaettu	3	6
toteuttavat	3	11
määrittelyä	3	11
päätöksentekoa	3	14
sinänsä	3	7
tekemien	3	8
vastuusta	3	9
huolellisesti	3	13
pyydetyn	3	8
tarkastusta	3	11
piirissä	3	8
vähenemistä	3	11
talousarvioiden	3	15
toimiva	3	7
sem	3	3
toimenpide	3	10
aiheita	3	7
lausumia	3	8
joulukuu	3	8
riippumatonta	3	13
tointa	3	6
toimintani	3	10
vapauden	3	8
positiivisia	3	12
espanja	3	7
neuvonantajana	3	14
vastaisesti	3	11
portugalissa	3	12
universidade	3	12
clássica	3	8
lisboa	3	6
tarkastuslausumista	3	19
koordinointi-	3	13
keskeistä	3	9
tuotiin	3	7
suunnitelmaan	3	13
demokraattisessa	3	16
ilmennettävä	3	12
selkeä	3	6
alistaa	3	7
tiiviimmän	3	10
perinpohjaisesti	3	16
uudistettu	3	10
muutoksen	3	9
säilyttäen	3	10
ylimpien	3	8
tiiviimpi	3	9
toteuttamalla	3	13
arviointeja	3	11
merkitä	3	7
tulevalle	3	9
uudistuksiin	3	12
käsiteltiin	3	11
panos	3	5
tilintarkastus	3	14
erityisasemassa	3	15
raporttien	3	10
lukuvuodesta	3	12
lukuvuoteen	3	11
huumausaineiden	3	15
espanjassa	3	10
kieliä	3	6
constitutional	3	14
il	3	2
giustizia	3	9
mainitsee	3	9
lisäisi	3	7
taattaisiin	3	11
velvollisuus	3	12
painoarvoa	3	10
yksinkertaistaminen	3	19
puolueen	3	8
politiikkaan	3	12
tilasta	3	7
riittämättömästä	3	16
edistävätkö	3	11
huomionsa	3	9
muutoksin	3	9
erityisistä	3	11
eip:n	3	5
oikeusperustasta	3	16
myötävaikutetaan	3	16
ympäristöongelmiin	3	18
paikallisesti	3	13
sähköisessä	3	11
velvoitetta	3	11
toimivaltansa	3	13
pyydetyt	3	8
ympäristötietoa	3	15
yhdenmukaistamaan	3	17
välitön	3	7
kohdistua	3	9
uhasta	3	6
lieventämiseksi	3	15
minimoimiseksi	3	14
yksiköstä	3	9
huomautusten	3	12
politiikasta	3	12
kirjallisessa	3	13
järjestetään	3	12
liittyvästä	3	11
raportoitava	3	12
laiminlyönnin	3	13
perusteettomia	3	14
asianomaiselle	3	14
kanteen	3	7
jätti	3	5
katsoi	3	6
pilari	3	6
ympäristövaikutuksia	3	20
ammattiliitot	3	13
cristina	3	8
gutiérrezcortines	3	17
marienoëlle	3	11
merisatamien	3	12
monipuolisia	3	12
ketjun	3	6
aiemmille	3	9
maksettavat	3	11
hylkäsi	3	7
voimassaoloaikaa	3	16
voitiin	3	7
espo	3	4
laivanvarustajien	3	17
tavoitteissa	3	12
varustamot	3	10
tarpeellisina	3	13
harjoittavat	3	12
liiton	3	6
käsiteltäessä	3	13
palauttamista	3	13
palveluntarjoajilla	3	19
palveluntarjoajiin	3	18
toteuttamat	3	11
öljyn	3	5
hallintoelimen	3	14
torjuvat	3	8
enemmistöäänin	3	14
taakseen	3	8
hallintoelin	3	12
tilaan	3	6
valituilla	3	10
kuuluvaa	3	8
henkilöstöä	3	11
seuraavassa	3	11
kiinnostuneille	3	15
tahoille	3	8
lakisääteiset	3	13
selkeiden	3	9
investoinneista	3	15
määrittämisessä	3	15
käypää	3	6
muuttumattomina	3	15
voimassaoloaikojen	3	18
tarjoamiseksi	3	13
irtainta	3	8
kiinteää	3	8
voimassaolovuoden	3	17
pyytämään	3	9
luotsausta	3	10
neuvotteluita	3	13
cabrnoch	3	8
roger	3	5
helmer	3	6
gintaras	3	8
didžiokas	3	9
satamatyöläisten	3	16
minkäänlaista	3	13
otsikon	3	7
keskipisteessä	3	14
joukossa	3	8
dollaria	3	8
osoittanut	3	10
millaisia	3	9
pääsyyn	3	7
hallinnasta	3	11
koskevaksi	3	10
kehittyminen	3	12
sovittelukomitea	3	16
tiukentaminen	3	13
varapuhemies	3	12
ympäristöstä	3	12
internetissä	3	12
kirjeen	3	7
kokoukset	3	9
lennonjohtajan	3	14
lupakirjasta	3	12
lennonjohtajien	3	15
hallinnan	3	9
ilmatilaa	3	9
vahvisti	3	8
työnantajien	3	12
tehostaminen	3	12
työskentelee	3	12
kuivatun	3	8
rehun	3	5
aloittamaan	3	11
pinnoitettuja	3	13
renkaita	3	8
unecesäännöistä	3	15
béla	3	4
glattfelder	3	11
jacky	3	5
henin	3	5
kamall	3	6
sajjad	3	6
karim	3	5
moreno	3	6
godelieve	3	9
quisthoudtrowohl	3	16
rogalski	3	8
tokia	3	5
saïfi	3	5
liikkeen	3	8
yritys-	3	7
luovutuksen	3	11
tiedonannosta	3	13
p6_ta-	3	6
muualle	3	7
täystyöllisyyden	3	16
koheesion	3	9
vaatimaan	3	9
rankaisemaan	3	12
työehtojen	3	10
selvittämiseksi	3	15
noudata	3	7
kestävyyttä	3	11
kannustimilla	3	13
asialistalle	3	12
reilun	3	6
valmistuksen	3	12
valmistetaan	3	12
saavia	3	6
koheesiopolitiikan	3	18
keskittää	3	9
tukitoimia	3	10
vuoropuhelun	3	12
torjuttaessa	3	12
tiedonsaantioikeutta	3	20
lakkauttaminen	3	14
tapahtua	3	8
luotettavia	3	11
siirtyi	3	7
perustamalla	3	12
lukuina	3	7
keskeisten	3	10
tuottavuutta	3	12
suoja	3	5
vauhdittamaan	3	13
taloutta	3	8
sosiaalirahaston	3	16
tukitoimet	3	10
lehideux	3	8
albino	3	6
peneda	3	6
tärkeisiin	3	10
suojaavien	3	10
poikkeuksellisen	3	16
biologisia	3	10
päätettyjen	3	11
metsäohjelmissa	3	15
säilyttämis-	3	12
varattiin	3	9
ilmansaasteilta	3	15
tuholaisten	3	11
säätelyn	3	8
ehkäisevät	3	10
toistuvasti	3	11
kärsineille	3	11
huomioonottamista	3	17
osoittavan	3	10
viljelystä	3	10
metsäpalot	3	10
laittomat	3	9
hakkuut	3	7
ympäristöongelmia	3	17
tappioita	3	9
metsillä	3	8
t.	3	2
u.	3	2
w.	3	2
riittävässä	3	11
talouteen	3	9
tietoisuus	3	10
kehitystoiminnan	3	16
kilpailukyky-	3	13
raakaaineena	3	12
hyödynnetty	3	11
asianosaisia	3	12
aloitteille	3	11
metsään	3	7
alakohtaisten	3	13
tulevassa	3	9
vuoropuhelussa	3	14
metsäohjelmien	3	14
integroitumista	3	15
valvontajärjestelmiä	3	20
kuivuuden	3	9
vuoristoalueilla	3	16
kotoperäisillä	3	14
lajeilla	3	8
metsittäminen	3	13
leviäminen	3	10
turvata	3	7
vähäisessä	3	10
haitallisia	3	11
asettanut	3	9
kunnianhimoisia	3	15
yhteiskuntaa	3	12
raportista	3	10
hehtaarin	3	9
viimeisimmän	3	12
ihmistä	3	7
alku	3	4
koordinointiin	3	14
konkreettinen	3	13
suojelemista	3	12
parlamentilta	3	13
vaati	3	5
onnistumista	3	12
kehotti	3	7
pysyttävä	3	9
talouskasvu	3	11
välillisesti	3	12
verkosto	3	8
sitoumuksiaan	3	13
castiglione	3	11
piotr	3	5
wiesław	3	7
stefan	3	6
kuc	3	3
kalatalousalan	3	14
neuvoaantavan	3	13
biologisesti	3	12
aluksia	3	7
yhtyy	3	5
struan	3	6
stevenson	3	9
kumppanuussopimusten	3	20
tähtäävän	3	9
kalastussopimuksen	3	18
varustajien	3	11
varustajat	3	10
maksavat	3	8
nuottakalastuksen	3	17
avanneet	3	8
kalastussopimuksista	3	20
kymmenelle	3	10
pintasiimaalukselle	3	19
tila	3	4
korvaukseksi	3	12
maksu	3	5
yhteisyritysten	3	15
laivaston	3	9
alukselle	3	9
vastuullisen	3	12
aikaisemmat	3	11
merimiesten	3	11
tapahdu	3	7
salomonsaarilla	3	15
neuvotellaan	3	12
vaikeus	3	7
pettymyksensä	3	13
kalastusmahdollisuus	3	20
korotetaan	3	10
alukset	3	7
saaliin	3	7
rajan	3	5
käyttämiseksi	3	13
viennille	3	9
jälkiarviointia	3	15
kalastavat	3	10
huolestuttava	3	13
ykp	3	3
fao:n	3	5
huolehditaan	3	12
loput	3	5
vuosittaisesta	3	14
määrittelemiseen	3	16
kalataloudesta	3	14
tehtyjä	3	7
kalastussopimuksia	3	18
yhteisymmärrykseen	3	18
thierry	3	7
cornillet	3	9
kalastusmenetelmiä	3	18
kestävyys	3	9
meriympäristön	3	14
määrittelyyn	3	12
meriympäristöön	3	15
syvänmeren	3	10
vähennettäisiin	3	15
ekologiset	3	10
mekanismin	3	10
tuettaisiin	3	11
negatiivisia	3	12
monimuotoisuuteen	3	17
elinympäristöt	3	14
poisheittoja	3	12
pyyntiponnistusten	3	18
mereen	3	6
meriympäristölle	3	16
saaliiden	3	9
pilottihankkeiden	3	17
uskottavia	3	10
yhteistyöhön	3	12
tuottamaan	3	10
mahdollisuutena	3	15
aloitteisiin	3	12
suojelualueiden	3	15
muuttamiseksi	3	13
elävät	3	6
pyynnin	3	7
laittomiin	3	10
sähköisestä	3	11
askeleena	3	9
suuntaa	3	7
väistämättä	3	11
tuotetusta	3	10
konkreettisiksi	3	15
alennettua	3	10
arvonlisäverokantaa	3	19
nostamalla	3	10
kysyntää	3	8
lämmöntuotanto-	3	15
markkinaosuus	3	13
ketään	3	6
johdonmukaisten	3	15
luotettavien	3	12
rakennusten	3	11
polttoaineita	3	13
ympäristönsuojeluun	3	19
innovaatioon	3	12
painoa	3	6
painopiste	3	10
fossiilisia	3	11
haitallisten	3	12
markkinavalmius	3	15
paikoitellen	3	12
investointi-	3	12
aitoa	3	5
saavutettava	3	12
suurella	3	8
primary	3	7
consumption	3	11
res	3	3
sources	3	7
reach	3	5
an	3	2
shows	3	5
heating	3	7
than	3	4
electricity	3	11
with	3	4
are	3	3
has	3	3
germany	3	7
installed	3	9
market	3	6
total	3	5
development	3	11
maailmanlaajuista	3	17
haasteena	3	9
kevään	3	6
maailmanlaajuiseen	3	18
valtavia	3	8
mukautuksia	3	11
mukauduttava	3	12
vahvoilla	3	9
haasteet	3	8
yhteiskunnalliset	3	17
solidaarisuus	3	13
työvoima	3	8
maailmanlaajuisten	3	18
toimijoiksi	3	11
maailmanlaajuisessa	3	19
etuuskohtelun	3	13
myöntämään	3	10
aloitteelle	3	11
toimintalinjat	3	14
lasse	3	5
lehtinen	3	8
matsouka	3	8
ehdotustaan	3	11
strategisissa	3	13
mukautuu	3	8
-ohjelmat	3	9
ympärille	3	9
monipuolistamista	3	17
tiloille	3	8
bkt:sta	3	7
perinteiset	3	11
käsiteollisuus	3	14
kouluttaa	3	9
tarpeisiinsa	3	12
maaseutualueita	3	15
useampien	3	9
nuoriin	3	7
eurooppaneuvostojen	3	19
strategiansa	3	12
jatkuvuuden	3	11
tilojen	3	7
ikääntymisen	3	12
suuntaamaan	3	11
prosessien	3	10
jalostus-	3	9
laatujärjestelmiä	3	17
jäämään	3	7
viljelyä	3	8
‑tuotannon	3	10
kehittämistuella	3	16
verkottuminen	3	13
ostaa	3	5
erikoistuotteita	3	16
haitoista	3	9
luontotyyppien	3	14
maanomistajien	3	14
korvausten	3	10
tapahtuvat	3	10
ympäristönsuojelussa	3	20
kasvihuonekaasuja	3	17
maanvyörymiä	3	12
kilpailukykyisessä	3	18
toteutettaville	3	15
erityistarpeet	3	14
sukupuoli	3	9
sukupolvi	3	9
työssäkäynnin	3	13
lastenhoidon	3	12
väestökatoa	3	11
sijainnista	3	11
haittojen	3	9
väestökadon	3	11
vuorovaikutuksessa	3	18
kehityspotentiaalin	3	19
vahvuuksista	3	12
agenda	3	6
tulevaisuutta	3	13
integroitua	3	11
perustamiseksi	3	14
saamiseen	3	9
työllisyys-	3	11
kumppanien	3	10
puiteohjelmasta	3	15
uudistusta	3	10
suunnitelmiaan	3	14
inhimilliseen	3	13
prioriteettien	3	14
ohjelmakausi	3	12
tuottamiseen	3	12
liiketoimintaa	3	14
luonnollisia	3	12
syrjäisimmät	3	12
kasvavaan	3	9
myynnin	3	7
tuon	3	4
tuotteille	3	10
järjestämällä	3	13
erityistarpeisiin	3	17
kaikkensa	3	9
kieli	3	5
käännettävä	3	11
tiedoksiantopyyntö	3	18
avunantoa	3	9
oikeudestaan	3	12
lévai	3	5
fysikaalisista	3	14
keinotekoinen	3	13
optinen	3	7
aiheutuville	3	12
yhdeksästoista	3	14
erityisdirektiivi	3	17
0449b	3	5
suojelemisen	3	12
säteilyltä	3	10
säteilyä	3	8
äänesti	3	7
ryhtyvät	3	8
asianomaisille	3	14
roselyne	3	8
bachelotnarquin	3	15
sovintoon	3	9
päätarkoituksena	3	16
perimmäisenä	3	12
atomienergiayhteisön	3	20
hätätilanteet	3	13
katastrofeja	3	12
mekanismien	3	11
avustustoimia	3	13
sisä-	3	5
koordinoitava	3	13
lisättäisiin	3	12
varautumisen	3	12
ennaltaehkäisyn	3	15
valmiuden	3	9
konkreettista	3	13
torjuntavalmiutta	3	17
ensisijaisessa	3	14
anneta	3	6
tuhoisat	3	8
aiheuttajista	3	13
käsittelemiseen	3	15
perustettuun	3	12
alkavalle	3	9
luonnonkatastrofit	3	18
katastrofit	3	11
varhaisvaroitus	3	15
asettamiseen	3	12
maantieteelliset	3	16
osallistuvan	3	12
korkeamman	3	10
asteen	3	6
välittävien	3	11
yhdenmukaistamisen	3	18
taitotiedon	3	11
tekniikkaa	3	10
vapaaehtoisten	3	14
lisätukea	3	9
voimavarojen	3	12
nopeaa	3	6
selvityksistä	3	13
kokouksista	3	11
tiedotuksesta	3	13
julkaisuista	3	12
tietojenvaihdossa	3	17
tietoteknisistä	3	15
laitteista	3	10
turvautumaan	3	12
henkilöstöön	3	12
myönnetystä	3	11
edunsaaja	3	9
ensimmäiselle	3	13
ranskassa	3	9
kriisien	3	8
valintaa	3	8
kansalaisyhteiskunta	3	20
lapsen	3	6
henkisen	3	8
jaetaan	3	7
yhteiskuntamallin	3	17
uudistamaan	3	11
uhreja	3	6
pysyä	3	5
oppimiseen	3	10
vuotiaiden	3	10
tarjoamaa	3	9
siirtyessään	3	12
saari-	3	6
tukevaa	3	7
työpaikkoihin	3	13
eriarvoisuus	3	12
aloihin	3	7
asuinolojen	3	11
julkisella	3	10
aikomusta	3	9
indikaattoreiden	3	16
sosiaaliturva-	3	14
uudistettaessa	3	14
laajasta	3	8
varallisuudesta	3	15
itsenäisesti	3	12
väärinkäyttö	3	12
sitouduttava	3	12
kodittomuuden	3	13
avaaminen	3	9
keskeisimmät	3	12
oppiminen	3	9
teknologinen	3	12
osallisuuteen	3	13
pyrkimykset	3	11
tasaarvoinstituutin	3	19
haavoittuvassa	3	14
asuvien	3	7
lapsilla	3	8
emine	3	5
bozkurt	3	7
ennakointi	3	10
aiheesta	3	8
ennakoinnissa	3	13
strategisesti	3	13
sosiaalisella	3	13
tarjolla	3	8
edellytyksellä	3	14
kykenevät	3	9
toteavat	3	8
ennakoinnin	3	11
päättelee	3	9
korkealaatuisia	3	15
jalostuspaikka	3	14
aitoon	3	6
aito	3	4
tuotteissa	3	10
erityistuotteiden	3	17
tuotanto	3	8
tuottamista	3	11
diamanto	3	8
manolakou	3	9
titford	3	7
edistetty	3	9
monenkeskisiä	3	13
forum	3	5
taakkaa	3	7
xx	3	2
aluevesillä	3	11
uudistusohjelman	3	16
julkishallintoa	3	15
keksintöjen	3	11
hyödyntämiseen	3	14
tarjoava	3	8
määrittelee	3	11
viestintätekniikkaa	3	19
viestintäalan	3	13
pkyrityksiä	3	11
avainasemassa	3	13
moniarvoisuutta	3	15
sääntelykehyksen	3	16
vapaata	3	7
teollisuudelle	3	14
kunnioittavan	3	13
markkinavoimien	3	15
ilmaisunvapautta	3	16
avaamiseen	3	10
sisällöt	3	8
mieleen	3	7
viestintätekniikkaan	3	20
tiedottamaan	3	12
tietoturvan	3	11
panostettava	3	12
lukutaitoa	3	10
täysi	3	5
monimuotoisen	3	13
nykyajan	3	8
tulevaisuudesta	3	15
suurimpiin	3	10
näkökulmat	3	10
tehtävässä	3	10
huonompaan	3	10
liittyvässä	3	11
lipietz	3	7
bensiinin	3	9
energiatuotteiden	3	17
fossiiliset	3	11
-kasvien	3	8
viljelyllä	3	10
energialähteenä	3	15
puuvillan	3	9
liikennekäyttöön	3	16
maataloustuotteista	3	19
viljelyyn	3	9
biomassasta	3	11
sovellukset	3	11
biopolttoaineille	3	17
maanviljelijät	3	14
maatalouspolitiikkaa	3	20
toiset	3	6
käsiteltävistä	3	14
kasveista	3	9
yhdysvallat	3	11
biopolttoaineisiin	3	18
neljästä	3	8
puolueista	3	10
tähden	3	6
poliittisilla	3	13
varantoja	3	9
päässeen	3	8
tulokseen	3	9
viiteen	3	7
suuruudesta	3	11
yhtiöoikeuden	3	13
edistäisi	3	9
heikentämättä	3	13
joustavammin	3	12
sovellettaviin	3	14
részvénytársaság	3	16
käyvästä	3	8
omaisuuserien	3	13
muuttaisivat	3	12
omistaman	3	9
osakkeenomistaja	3	16
vastiketta	3	10
oikeusviranomainen	3	18
hankittavien	3	12
voimassaoloajan	3	15
enimmäis-	3	9
varmistuttava	3	13
hankitaan	3	9
maksamaan	3	9
maksuvalmiutensa	3	16
vakavaraisuutensa	3	17
maksuvalmius	3	12
vakavaraisuus	3	13
yksityiskohtaisella	3	19
ajankohdalta	3	12
yhtiökokoukselle	3	16
korotuksen	3	10
yhtiöt	3	6
myymään	3	7
enemmistöosakasta	3	17
ostamaan	3	8
yhtiössä	3	8
yleistavoitteena	3	16
vaadita	3	7
asiakirjatunnus	3	15
wt	3	2
cancúnissa	3	10
kauppajärjestelmä	3	17
kaupassa	3	8
nama	3	4
kaupasta	3	8
tyydyttäviä	3	11
kahdenvälisiin	3	14
julistus	3	8
edistyneitä	3	11
lopputuloksen	3	13
kuukausien	3	10
päättämiselle	3	13
kehitysohjelmassa	3	17
tarjouksen	3	10
tarjouksia	3	10
neuvotteluille	3	14
tullimaksujen	3	13
kotimaisten	3	11
poistamisessa	3	13
karibian	3	8
kokonaisvaltaisesti	3	19
etelä	3	5
arkojen	3	7
sveitsiläismallin	3	17
kauppakumppanit	3	15
määrällisiä	3	11
vapauttamista	3	13
-aloitteen	3	10
kiintiövapaan	3	13
aid	3	3
pyrkien	3	7
lääkkeiden	3	10
neuvottelijoille	3	16
suuntautuvien	3	13
neuvottelijat	3	13
sitoumuksen	3	11
yhdentyminen	3	12
ongelmaa	3	8
singaporen	3	10
julkilausuma	3	12
julkilausumassa	3	15
keskustelut	3	11
kehitystavoitteet	3	17
käytävät	3	8
vertailevalla	2	13
arvioinnilla	2	12
putkistojen	2	11
suorittamalla	2	13
käyttämättömällä	2	16
kapasiteetilla'	2	15
kiinteätä	2	9
kapasiteettia	2	13
haltuunsa	2	9
siirtosopimuksen	2	16
kapasiteetti	2	12
sääntelyviranomaiset	2	20
julkaistujen	2	12
sijoitetun	2	10
laskentamenetelmiä	2	18
siirtoverkonhaltijan	2	20
tarjotessaan	2	12
sopimusehtoja	2	13
-edellytyksiä	2	13
siirtosopimuksia	2	16
osapuolille	2	11
verkosta	2	8
tasapainottamaan	2	16
syöttämisensä	2	13
ottamisensa	2	11
ristiintukemista	2	16
yrittäjien	2	10
tuloa	2	5
rangaistusmaksut	2	16
aiheutuneet	2	11
tasehallinnan	2	13
vakioituja	2	10
sovittu	2	7
tietojärjestelmiä	2	17
viestintäkeinoja	2	16
ilmoituksia	2	11
tekoa	2	5
velvoitteet	2	11
muodollistetut	2	14
pyyntömenettelyt	2	16
minimoidakseen	2	14
tietokonepohjaiset	2	18
kapasiteetinvaraus-	2	19
lopullista	2	10
vincent	2	7
peillon	2	7
bernhard	2	8
rapkay	2	6
marilisa	2	8
xenogiannakopoulou	2	18
nutsluokituksen	2	15
nimikkeistön	2	12
tilastojärjestelmän	2	19
objektiivisena	2	14
neljännen	2	9
enimmäismäärä	2	13
eurostat	2	8
odottamaan	2	10
hallinnoida	2	11
väistämätöntä	2	13
nutsnimikkeistö	2	15
saatavuuteen	2	12
yleisluontoisia	2	15
lisätaso	2	8
vähäisempää	2	11
keskimääräistä	2	14
vähimmäis-	2	10
taulukko	2	8
liittyminen	2	11
edellyttämistä	2	14
mukautetaan	2	11
neliökilometriä	2	15
liitteitä	2	9
muuttavan	2	9
osatekijöiden	2	13
jäseniksi	2	9
välttyä	2	7
sérgio	2	6
maaliikenteen	2	13
yhteismarkkinoiden	2	18
maantieliikenteen	2	17
liikkuvissa	2	11
järjestämisestä	2	15
yksiköillä	2	10
vakiovälineet	2	13
sisäisestä	2	10
koordinoiva	2	11
valvontaelin	2	12
johdonmukaisen	2	14
selvien	2	7
tarkastamista	2	13
sveitsin	2	8
suoritettaviin	2	14
maantiekuljetuksiin	2	19
rekisteröityjen	2	15
kuljetuksiin	2	12
tarkastuksilla	2	14
otos	2	4
liikennetyyppien	2	16
lisännyt	2	8
koordinointipisteen	2	19
päivien	2	7
asteittainen	2	12
korottaminen	2	12
prosentuaalisen	2	15
ajopiirtureiden	2	15
asteittaisesta	2	14
lisäämisestä	2	12
työssäolopäivien	2	16
tietyypin	2	9
moottoritie	2	11
valtatie	2	8
maantie	2	7
tien	2	4
edellistä	2	9
rinnakkaisessa	2	14
tarkastuspaikkoja	2	17
nykyisillä	2	10
suunnitelluilla	2	15
teillä	2	6
lähistöllä	2	10
moottoriteiden	2	14
turvallisia	2	11
sijaitsevat	2	11
poisti	2	6
kiertävän	2	9
ajavat	2	6
tarkastuspaikalle	2	17
taukojen	2	8
liikennetyypeistä	2	17
vähentänyt	2	10
alkuperäistä	2	12
alkuperäisestä	2	14
julkaista	2	9
otsikkoa	2	8
luokitellaan	2	12
suhteellisesti	2	14
montako	2	7
riskiluokitus	2	13
useammin	2	8
rikkomisia	2	10
tapahtuneesta	2	13
vuorokautta	2	11
ylittäminen	2	11
vähimmäisajan	2	13
enimmäistyöajan	2	15
tietyistä	2	9
tarkkailijoina	2	14
ulotetaan	2	9
ajoajat	2	7
tauot	2	5
tallennettu	2	11
kuljettajakorttiin	2	18
valvontalaitteen	2	16
muistiin	2	8
peräkkäisen	2	11
kertynyt	2	8
yhteenlaskettu	2	14
korvattava	2	10
työssäoloajan	2	13
kuljetusketjuun	2	15
yllyttäjien	2	11
osallisten	2	10
lähettäjien	2	11
alihankkijoiden	2	15
kuljetussopimukset	2	18
sisältyvä	2	9
elementti	2	9
eroaa	2	5
pienyrityksille	2	15
asetuksiin	2	10
yksittäisiin	2	12
pienempiä	2	9
perusteluja	2	11
sulkeminen	2	10
arviota	2	7
kovin	2	5
määräyksistä	2	12
korostanut	2	10
turvallisuus	2	12
yhtäläiset	2	10
tapahtuvia	2	10
sosiaalialan	2	12
jonkinlainen	2	12
laskeminen	2	10
palautettava	2	12
tarkistusten	2	12
valvontaelimen	2	14
heikot	2	6
ilmeisesti	2	10
valitettavaa	2	12
joukosta	2	8
harjoitettavaan	2	15
aetr‑sopimuksen	2	15
matka	2	5
sveitsi	2	7
mukauttamiseksi	2	15
seikkaperäisesti	2	16
työtään	2	7
viikonpäivänä	2	13
valvontaviranomaiset	2	20
soveltavat	2	10
yhdenmukaisesti	2	15
heijastettava	2	13
välin	2	5
vähimmäisikää	2	13
tallennuslaitteisto	2	19
tallentaa	2	9
lyhyenä	2	7
mainitulla	2	10
valvomalla	2	10
aikajaksoa	2	10
pantaessa	2	9
säädöstä	2	8
vuorokautisten	2	14
viikoittaisten	2	14
valvomaan	2	9
työnantajan	2	11
tehdyissä	2	9
lukuisten	2	9
rekisteröityjä	2	14
‑sopimuksen	2	11
mukautettiin	2	12
väestönsuojelun	2	15
palokunnan	2	10
järjestyksestä	2	14
tieliikennettä	2	14
tapahtuessa	2	11
pelastusajoneuvot	2	17
eikaupalliseen	2	14
tavarankuljetukseen	2	19
maatiloilta	2	11
tulvantorjunnassa	2	17
kunnossapidossa	2	15
keruussa	2	8
kuljetuksessa	2	13
radio-	2	6
käsittelystä	2	12
varusteiden	2	11
ajoneuvoihin	2	12
kuormaautoihin	2	14
liitetään	2	9
sirkusten	2	9
huvipuistojen	2	13
laitteita	2	9
kuljettavat	2	11
erikoisajoneuvot	2	16
kuljettajalla	2	13
kuljettaa	2	9
vuorokautisella	2	15
vallitsevien	2	12
lyhennetyllä	2	12
viikoittaisella	2	15
yhtäjaksoiseksi	2	15
lepoajaksi	2	10
pidentymisen	2	12
laskettava	2	10
muodollisesti	2	13
massa	2	5
tunnustama	2	10
osoittava	2	9
etäisyydelle	2	12
tavanomaisesta	2	14
kuljettamisesta	2	15
mahdollisille	2	13
tauko	2	5
lopun	2	5
yhtäjaksoinen	2	13
puolen	2	6
säännelty	2	9
ajanjaksoon	2	11
vuorokautista	2	13
lyhennettynä	2	12
vuorokautisena	2	14
lepoaikana	2	10
vuorokautiset	2	13
pysäköitynä	2	11
kuljettajille	2	13
palkattuja	2	10
ajomatkan	2	9
kuljetettujen	2	13
palkkioita	2	10
lisäpalkkioiden	2	15
palkanlisien	2	12
palkkojen	2	9
kuljettajiensa	2	14
rikkomisista	2	12
eduksi	2	6
käänteistä	2	10
todistustaakkaa	2	15
suodaan	2	7
pitempiä	2	8
vähimmäistaukoja	2	16
-lepoaikoja	2	11
lyhyempiä	2	9
enimmäisajoaikoja	2	17
tieliikenteestä	2	15
kuljettajiin	2	12
postipalvelujen	2	15
ey	2	3
yleispalvelun	2	13
yleispalvelussa	2	15
lähetysten	2	10
toimittamiseen	2	14
etäisyydellä	2	12
kuljettaminen	2	13
päätyö	2	6
asentamista	2	11
päinvastoin	2	11
kansallisista	2	13
suoritettavien	2	14
kokonaismäärästä	2	16
tilastot	2	8
esittäjä	2	8
valvontalaitteilla	2	18
varustamisesta	2	14
valvontalaitteella	2	18
poikkeussääntöjen	2	17
oikeasuhteisia	2	14
varoittavia	2	11
seuraamukseen	2	13
säädettyyn	2	10
vastaiset	2	9
ryhmiin	2	7
vakavuuden	2	10
pakkoa	2	6
estämistä	2	9
takaavat	2	8
valvontaelinten	2	15
edellisten	2	10
kuluvalta	2	9
viikolta	2	8
viimeiseltä	2	11
ajanjakso	2	9
otettujen	2	9
kuljettajakortit	2	16
mielivaltainen	2	14
ylitetty	2	8
saattoi	2	7
kumoamista	2	10
selkeyttää	2	10
tulkitsi	2	8
johtaneet	2	9
työnantaja-	2	11
uutena	2	6
omalla	2	6
saattanut	2	9
täsmentäminen	2	13
jäi	2	3
puutteelliseksi	2	15
ehdottaman	2	10
tavanomaisen	2	12
poikkeuksien	2	12
rehtiä	2	6
erityispiirteistä	2	17
työviikko	2	9
aetrsopimukseen	2	15
rehdin	2	6
esittävän	2	9
pääkohdat	2	9
hengen	2	6
langettaa	2	9
huolitsijat	2	11
toiveita	2	8
loppuhuomautukset	2	17
sisällyttänyt	2	13
tarkistuksissa	2	14
esittämiä	2	9
käytävissä	2	10
kompromissiin	2	13
vältyttäisiin	2	13
voimaantulo	2	11
lujittamaan	2	11
yksittäisillä	2	13
kaupallisessa	2	13
rasvaisen	2	9
terveellisestä	2	14
esittelyä	2	9
yhteyden	2	8
suola-	2	6
organisatorisia	2	15
tarjoamien	2	10
oikeasuhteisuuden	2	17
sairastumisriskin	2	17
korkeammalla	2	12
elintoimintoja	2	14
käyttöehdoista	2	14
käyttöehtoihin	2	14
vertailevien	2	12
riittävään	2	10
asiantuntemukseen	2	17
ristiriidattomat	2	16
kokonaisruokavalion	2	19
sairausriskin	2	13
perusedellytys	2	14
tyypillisten	2	12
täsmällinen	2	11
täsmällistä	2	11
pk	2	2
‑yritysten	2	10
vaarannettaisi	2	14
suureksi	2	8
esillä	2	6
pakkausta	2	9
hedelmiin	2	9
valmistavat	2	11
myyvät	2	6
sulkea	2	6
veden	2	5
suojaaminen	2	11
viineistä	2	9
ravintolisät	2	12
mukaisiin	2	9
haltijoita	2	10
elintarvike'	2	12
toimija'	2	8
saattaminen'	2	12
kuluttaja'	2	10
velvoittava	2	11
graafiset	2	9
symboleita	2	10
esitykset	2	9
aineella'	2	9
alakohtauusi	2	12
keskitytty	2	10
määritelmään	2	12
kohdissa	2	8
elintarvikeryhmä	2	16
totuudenvastaista	2	17
esitystä	2	8
määritelmistä	2	13
harhaanjohtavasta	2	17
konsensus	2	9
tieteiden	2	9
terminologiaa	2	13
ravitsemuksellista	2	18
voimassaolevan	2	14
vaadittu	2	8
sisältyvän	2	10
arvokasta	2	9
yksittäisistä	2	13
aineista	2	8
nauttimalla	2	11
hämärtyisi	2	10
väittämillä	2	11
viitatun	2	8
ravinto-	2	8
ymmärrettäviä	2	13
vaikkapa	2	8
säädetyssä	2	10
ilmoitusmenettelyllä	2	20
paikalla	2	8
otsikossa	2	9
suunnattu	2	9
perustelluista	2	14
työmäärää	2	9
koottava	2	8
väittämäehdotuksia	2	18
sidosryhmiltä	2	13
teollisuudelta	2	14
mieluummin	2	10
läpi	2	4
nykyaikaisessa	2	14
hallinnossa	2	11
pakkausnäyte	2	12
pakkausmerkintä	2	15
valmistajalta	2	13
ilmoitusten	2	11
edessä	2	6
arvioitavana	2	12
luvussa	2	7
vastaako	2	8
epäillä	2	7
paikkansapitävyyttä	2	19
lautakuntaan	2	12
tarkemmilla	2	11
tiedoilla	2	9
lisäselvityksiä	2	15
terveysväittämästä	2	18
kuukausi	2	8
yleisillä	2	9
maahantuoja	2	11
hallinnollisiin	2	15
väittämälle	2	11
tekijänoikeudet	2	15
soveltamispäivästä	2	18
säädöksissä	2	11
määräajoissa	2	12
julkistamisen	2	13
velvoittaa	2	10
ravitsemuspolitiikan	2	20
normeihin	2	9
heinäkuussa	2	11
hyvinvointiin	2	13
yleisenä	2	8
korostuu	2	8
ravintosisältötyypit	2	20
poistettu	2	9
asiantuntijoita	2	15
terveelle	2	9
hyvää	2	5
ruokavaliota	2	12
perustu	2	7
sovittua	2	8
säänneltävä	2	11
objektiivisesti	2	15
vaikutukseen	2	12
liikalihavuudesta	2	17
tulossa	2	7
tunnustettuihin	2	15
järjestöihin	2	12
vähintäänkin	2	12
yhteydet	2	8
viestin	2	7
tunnustusta	2	11
muistaa	2	7
edellisellä	2	11
vaalikaudella	2	13
emme	2	4
käsittelyä	2	10
valmistelijana	2	14
vähärasvainen	2	13
kutsutun	2	8
mainostaminen	2	13
todisteiden	2	11
perusperiaatetta	2	16
tarkat	2	6
toimittavat	2	11
seikkojen	2	9
ilmoittamista	2	13
harhaanjohtava	2	14
kielletty	2	9
kyseenalainen	2	13
ajatusta	2	8
kutsuttujen	2	11
kiellosta	2	9
kokemusta	2	9
direktiiveillä	2	14
kysyä	2	5
suoralta	2	8
kädeltä	2	7
mainonnaksi	2	11
vastustaa	2	9
ilmiötä	2	7
esitettäviä	2	11
antaisivat	2	10
erilaisilla	2	11
määräyksillä	2	12
ravintosisältöön	2	16
monilta	2	7
väitetään	2	9
tarjoavan	2	9
yhdenmukaisuus	2	14
todistaa	2	8
harhaanjohtavien	2	16
pysymiseksi	2	11
tuoma	2	5
terveellisten	2	13
ruokailutottumusten	2	19
valvovat	2	8
evätä	2	5
toimintaedellytykset	2	20
tavaramerkkejä	2	14
aidon	2	5
suurimmista	2	11
turhalta	2	8
viinejä	2	7
oikeudenmukaisen	2	16
kulutus	2	7
kaupallisena	2	12
hedelmät	2	8
vihannekset	2	11
terveellisiä	2	12
tunnustettuun	2	13
kokemukseen	2	11
perinteeseen	2	12
maataloustuotteisiin	2	20
valmisteiden	2	12
turvallisuudesta	2	16
afssa	2	5
française	2	9
sécurité	2	8
aliments	2	8
tuomat	2	6
useimpien	2	9
ehdoton	2	7
helmikuu	2	8
du	2	2
les	2	3
sisältämän	2	10
kalsiumin	2	9
kielto	2	6
suhteeton	2	9
kiellettyä	2	10
menettää	2	8
merkityksensä	2	13
hyväksymismenettelyn	2	20
terveysväittämään	2	17
aineisto	2	8
tieteellisistä	2	14
merkityksellisiä	2	16
varoitus	2	8
kannanottoja	2	12
julkistamisesta	2	15
annettavaa	2	10
hankala	2	7
aiota	2	5
tutkimustiedot	2	14
kuuluviksi	2	10
aiemmalla	2	9
alaiseen	2	8
edellyttänyt	2	12
aiemmalta	2	9
edellytä	2	8
kohdellaan	2	10
liikkuminen	2	11
saattava	2	8
taho	2	4
mainoskampanjoita	2	17
commission	2	10
siirtymätoimenpiteet	2	20
voimakkaaseen	2	13
puitedirektiiviin	2	17
tuleva	2	6
määrittämisen	2	13
käyttöiän	2	9
tultua	2	6
millilitraa	2	11
kynnysarvoja	2	12
viittaaminen	2	12
alimentariuksen	2	15
monimutkaisia	2	13
lähtöisin	2	9
mieluiten	2	9
lähteitä	2	8
näkemys	2	7
vihreästä	2	9
kesäkuussa	2	10
vertailevia	2	11
erottamista	2	11
ratkaisuihin	2	12
ihmiselle	2	9
huonosta	2	8
enemmänkin	2	10
johdonmukaisemmin	2	17
luultavasti	2	11
useinkaan	2	9
väitteitä	2	9
kirjaimellisesti	2	16
pidetä	2	6
esitetäänkö	2	11
valmiina	2	8
tavaramerkit	2	12
näytä	2	5
tuotemerkit	2	11
rajoittaisi	2	11
myönnettäisiin	2	14
sekaannusta	2	11
lupamenettely	2	13
mutkikas	2	8
terveysväittämiksi	2	18
auttaisi	2	8
estäisi	2	7
esittämällä	2	11
sovitettava	2	11
pakkausten	2	10
etupuolelle	2	11
vapaaehtoisia	2	13
katsonut	2	8
lähtökohdaksi	2	13
alttiita	2	8
epäterveet	2	10
käytännöt'	2	10
aiheellisesti	2	13
väitettyihin	2	12
hyödyllisen	2	11
levitettäviä	2	12
ravintorasvoja	2	14
saksa	2	5
alankomaat	2	10
tutkijoiden	2	11
pakkaamattomina	2	15
irtotuotteina	2	13
tyyppiset	2	9
jätetä	2	6
mieltää	2	7
terveysväittämäksi	2	18
merkkejä	2	8
nimiä	2	5
vastaavanlaisissa	2	17
olevina	2	7
määrittelemisen	2	15
mennään	2	7
periaatteena	2	12
tarkkaa	2	7
kattavaa	2	8
tekemästä	2	9
hylätä	2	6
terveysvaikutuksen	2	18
edellytetä	2	10
erityisluonteen	2	15
myönteisinä	2	11
vertailu	2	8
malli	2	5
suoritetun	2	10
maahantuojaa	2	12
hyväksytä	2	9
johtavien	2	9
laajempia	2	9
rajoittamalla	2	13
vakiintuneet	2	12
byrokratiaa	2	11
tapaansa	2	8
tieteestä	2	9
väittämiään	2	11
viestejään	2	10
käsityskyvyn	2	12
tietystä	2	8
välisistä	2	9
sairastumisriskiin	2	18
muuttumisesta	2	13
ainesosat	2	9
valmistajilla	2	13
henkeä	2	6
pitäisikin	2	10
yhteydelle	2	10
ehdolliseen	2	11
saamasta	2	8
tietosuojasta	2	13
yksinomaisista	2	14
markkinaoikeuksista	2	19
tarkoitusperät	2	14
täsmennetä	2	10
voitaisiinko	2	12
yksinomaiset	2	12
estettäisiinkö	2	14
hakijoilta	2	10
esitettiin	2	10
todennettavissa	2	15
kertovat	2	8
luottamuksellisiksi	2	19
saamansa	2	8
reilu	2	5
suoritetaan	2	11
myöntävät	2	9
suojattu	2	8
sisältyviin	2	11
perustettua	2	11
suunnitelluista	2	15
lyhentämiseksi	2	14
lihasponnistuksen	2	17
aiheuttamaa	2	11
korvaamaan	2	10
voimaantulopäivän	2	17
vähäkalorisuus	2	14
pääosin	2	7
toteamus	2	8
kcal	2	4
lisättyä	2	8
kevytmaidon	2	11
juuston	2	7
perustelujen	2	12
säädökseen	2	10
x‑prosenttisesti	2	16
rasvatonta'	2	11
tyydyttymättömistä	2	18
rasvahappoja'	2	13
saantia	2	7
kokonaiskolesterolin	2	20
ldlkolesterolin	2	15
vähenee	2	7
tutkimuksissa	2	13
korvattaisiin	2	13
alfalinoleenihapon	2	18
pääasialliset	2	13
lähteet	2	7
löytämään	2	9
mukaiseen	2	9
kolesteroliton	2	14
kolesterolinsaanti	2	18
pienentää	2	9
vähälaktoosinen	2	15
laktoosiintoleranssi	2	20
tavanomaisia	2	12
maitotuotteet	2	13
ruokavalioiden	2	14
d-	2	2
b2-	2	3
b12vitamiinin	2	13
jodin	2	5
vähälaktoosisia	2	15
laktoosittomia	2	14
potevat	2	7
tottuneet	2	9
havaittavia	2	11
laktoositon	2	11
ppm	2	3
µg	2	2
sairastaa	2	9
keliakiaa	2	9
gluteenittomuus	2	15
gluteenittomat	2	14
gluteenin	2	9
samalle	2	7
tarkistukseksi	2	14
käyttöohjeisiin	2	15
alnorm	2	6
gluteeniton	2	11
suolaton	2	8
vähäproteiininen	2	16
kärsii	2	6
vanhemmat	2	9
perheilleen	2	11
soveltuvien	2	11
päivittäistarpeesta	2	19
makroravintoaineen	2	18
kolesterolia'	2	13
kolesteroliton'	2	15
termejä	2	7
vähennetty'	2	11
eroon	2	5
termin	2	6
poikkeuksena	2	12
mikroravintoaineet	2	18
vertailuarvoissa	2	16
lambsdorff	2	10
józsef	2	6
szájer	2	6
foglietta	2	9
holger	2	6
krahmer	2	7
euroalueella	2	12
nykyä	2	5
käyttäytymisen	2	14
analysoinnin	2	12
huomattavat	2	11
sektori	2	7
suhdanteisiin	2	13
säästöjen	2	9
kulutuksen	2	10
talouspolitiikkaa	2	17
sektorilla	2	10
ominaisuudessa	2	14
takana	2	6
raportoida	2	10
cirino	2	6
pomicino	2	8
lauk	2	4
sylwester	2	9
chruszcz	2	8
avunantajamaalta	2	16
käytänne	2	8
toimittajien	2	12
valtuuttamiseen	2	15
purettava	2	9
lisätutkimusten	2	15
toimittajat	2	11
avunsaajamaista	2	15
perhekohtaisella	2	16
peruspalveluiden	2	16
tarjontaa	2	9
sopusoinnussa	2	13
tapojen	2	7
kelpoisuusehdot	2	15
ostamien	2	8
tarkoitetuissa	2	14
alkuperäsäännöissä	2	18
yhteisrahoitettuja	2	18
työelämää	2	9
oikeushenkilöiden	2	17
luetteloissa	2	12
rajatusta	2	9
alkuperätuotteita	2	17
alkuperällä	2	11
tullitarkoituksia	2	17
kuuluvalle	2	10
vastaavin	2	9
vertaamalla	2	11
luokituksen	2	11
avunantaja-	2	11
avunantajamaalle	2	16
suhteellisuuteen	2	16
luetelluille	2	12
edunsaajamaita	2	14
toteuttama	2	10
yhteisrahoitettava	2	18
hätäapuun	2	9
käytettäviin	2	12
kelpoisuusehtoihin	2	18
kanavoitavan	2	12
toteutettavista	2	15
suoritettavasta	2	15
siviiliväestön	2	14
maasta	2	6
seuraavalla	2	11
keskeisimpien	2	13
asianmukaiseksi	2	15
kilpailla	2	9
järjestettävien	2	15
tarjouskilpailujen	2	18
rahoitettaviin	2	14
kehitysapuohjelmiin	2	19
monterreyn	2	10
konsensuksen	2	12
kahdenvälisen	2	13
sidottua	2	8
heinäkuu	2	8
pitemmälle	2	10
dac:n	2	5
hyödyttävät	2	11
vahvistamiseen	2	14
täyden	2	6
avaa	2	4
kehitysprosessissa	2	18
pätee	2	5
joihinkin	2	9
paikallisyhteisöt	2	17
liitteestä	2	10
tarjouskilpailuihin	2	19
välineellä	2	10
kilpailuetu	2	11
laidan	2	6
sitoutuminen	2	12
yleissopimukset	2	15
annettaisiin	2	12
täsmennystä	2	11
mitata	2	6
eu:sta	2	6
saavutettuihin	2	14
valmiudet	2	9
päätöslauselmassaan	2	19
todennäköisimmin	2	16
saavuteta	2	9
varmasti	2	8
kappaleella	2	11
poikkeuksen	2	11
purkaa	2	6
saavuttamalla	2	13
kohderyhmiä	2	11
kehitysapua	2	11
pohjoinen	2	9
eteläkumppanuutta	2	17
päteviä	2	7
tietämättömiä	2	13
suurelle	2	8
suunnatun	2	9
todistettavasti	2	15
pätevyytensä	2	12
kokemuksensa	2	12
asianomaiselta	2	14
rahoitukselle	2	13
päätoimipaikan	2	14
suurimman	2	9
kansalaisuutta	2	14
alkuperää	2	9
osoitti	2	7
kävi	2	4
myöntämästä	2	11
agnoletto	2	9
panagiotis	2	10
beglitis	2	8
cecilia	2	7
malmström	2	9
alojz	2	5
peterle	2	7
emil	2	4
saryuszwolski	2	13
marek	2	5
maciej	2	6
ursula	2	6
stenzel	2	7
istván	2	6
marinus	2	7
wiersma	2	7
laima	2	5
liucija	2	7
andrikienė	2	10
rihards	2	7
pīks	2	4
alexandra	2	9
dobolyi	2	7
glenys	2	6
kinnock	2	7
rajaseuduilla	2	13
välisellä	2	9
yhtenäisyyden	2	13
ulkopuolista	2	12
erityistoimista	2	15
sopusointuinen	2	14
tehostamista	2	12
rajaseutuyhteistyö	2	18
yhteisötason	2	12
yhteistyöväline	2	15
alueyhteistyöyhtymää	2	20
rakennerahastoja	2	16
osarahoittamia	2	14
lisäpöytäkirjan	2	15
esityksen	2	9
perussääntönsä	2	14
rahoitusvastuuta	2	16
piirre	2	6
perustuslaillista	2	17
yhteistoiminnallinen	2	20
yhtymä	2	6
säädetyin	2	9
lujittamiseksi	2	14
valvontatoimien	2	15
yhtymänä	2	8
alainen	2	7
jakamisen	2	9
yhteiskunnallisia	2	17
sotilaallisia	2	13
rauhaa	2	6
ery:yn	2	6
tavoittelemattomat	2	18
uskomista	2	9
oikeushenkilöllä	2	16
osarahoittamien	2	15
osallistuuko	2	12
takuita	2	7
tahdon	2	6
alueellisille	2	13
vastuullisuus	2	13
toimintaperiaatteet	2	19
asianosaisessa	2	14
välisissä	2	9
valittu	2	7
epätarkka	2	9
hoidettava	2	10
tunnustamisesta	2	15
lle	2	3
viranomaistehtäviin	2	19
valtuutuksien	2	13
harjoittamiseksi	2	16
lisäelimiä	2	10
harkintavaltaan	2	15
henkilöstä	2	10
kuka	2	4
jokaisella	2	10
yleiskokous	2	11
perussääntö	2	11
käyttöönottamista	2	17
perustalta	2	10
perusteettomasti	2	16
perustamissopimus	2	17
oikeuskelpoisuuden	2	18
julkaisuhetkestä	2	16
julkaisun	2	9
kotipaikan	2	10
osoitetiedot	2	12
perustavoitteisiin	2	18
yhteistyötoimien	2	16
tasapainoista	2	13
koheesiorahaston	2	16
ajanjaksolla	2	12
rajaalue-	2	9
menestyksen	2	11
erityistoimien	2	14
artiklat	2	8
versiosta	2	9
eakr	2	4
esr	2	3
päämääränä	2	10
eurooppalaisiksi	2	16
nimitettävä	2	11
eurooppalaiseksi	2	16
halutessaan	2	11
kokoonpano	2	10
puuttumista	2	11
delegoidut	2	10
oikeushenkilölle	2	16
katsomansa	2	10
paikalliselle	2	13
suorittamisen	2	13
valtiota	2	8
alempi	2	6
asianosaisen	2	12
rahoitusohjetta	2	15
mukauttamisesta	2	15
itsenäisiä	2	10
gps-	2	4
laajalla	2	8
galileosta	2	10
kehittämisvaiheesta	2	19
käyttövaiheesta	2	15
ylimääräiset	2	12
viivytykset	2	11
saatettaisiin	2	13
menestys	2	8
ajalliset	2	9
kolmasosa	2	9
mukaisesta	2	10
käyttöönottovaihetta	2	20
ollee	2	5
käypinä	2	7
kaupallistaminen	2	16
ensimmäisinä	2	12
poikkeusrahoitusta	2	18
hyväksymissä	2	12
budjettikohta	2	13
voitonjakoa	2	11
myöntämiä	2	9
tuottoisa	2	9
järjestelyitä	2	13
komponentteja	2	13
syntyneet	2	9
tehokkaimmalla	2	14
puuttuva	2	8
seitsemänteen	2	13
puiteohjelmaan	2	14
aukko	2	5
ohjeenaan	2	9
rahoittaminen	2	13
sopimusluonnoksesta	2	19
parafoimista	2	12
sisältämä	2	9
sisältämästä	2	12
jaeta	2	5
euroopalle	2	10
useilla	2	7
tarjoamalla	2	11
eurooppaan	2	10
kehittyneen	2	11
halunnut	2	8
kiinnostavia	2	12
sijoittaa	2	9
päivätty	2	8
kesäkuun	2	8
amerikkalaisen	2	14
galileoyhteisyritys	2	19
hakijat	2	7
varmistaisi	2	11
uskotaan	2	8
kilpaile	2	8
rahoittamiseksi	2	15
rahoitukseksi	2	13
pohjimmiltaan	2	13
kumppanuuteen	2	13
markkinariskien	2	15
jakamista	2	9
käyttöomaisuuden	2	16
tällaiseen	2	10
tehdyistä	2	9
epäsuoraan	2	10
tuotoista	2	9
tarkkailijan	2	12
tehtäviensä	2	11
ajoitus	2	7
käyttöönottovaihe	2	17
kaupallinen	2	11
laajempaa	2	9
toisena	2	7
infrastruktuurien	2	17
edunsaajia	2	10
kumppanuus	2	10
yksityiselle	2	12
kumppanille	2	11
hankkeeseen	2	11
riskeistä	2	9
suunnitella	2	11
suuntaaantava	2	13
määrärahaa	2	10
nina	2	4
škottová	2	8
työpaikkaa	2	10
amerikkalaisesta	2	16
seuraavina	2	10
kahdesta	2	8
käyttövaiheessa	2	15
kiinteä	2	7
synnyttää	2	9
välittömiä	2	10
hallitsee	2	9
tiukentaa	2	9
kunnioitetaan	2	13
sijoitusten	2	11
jäljitettävyyttä	2	16
näyttäisi	2	9
säästää	2	7
uudenaikaistamiseen	2	19
suunnattujen	2	12
alunperin	2	9
muutamaa	2	8
egnosohjelmia	2	13
rajoitu	2	7
gnssjärjestelmän	2	16
toimivaltuuksiin	2	16
käytävä	2	7
sektoria	2	8
maksamiseksi	2	12
kertyvät	2	8
osuuteen	2	8
varaus	2	6
ennakoitua	2	10
nils	2	4
lundgren	2	8
perintää	2	8
lisävaihtoehto	2	14
luotettava	2	10
toimisi	2	7
välittömän	2	10
soveltamisalansa	2	16
riitauttamattomat	2	17
vaateet	2	7
automaattinen	2	13
tietojenkäsittely	2	17
automaattisen	2	13
tietojenkäsittelyn	2	18
tietokoneen	2	11
automaattiseen	2	14
tietojenkäsittelyyn	2	19
tavallinen	2	10
yksi-	2	5
kaksivaiheinen	2	14
kuukaudessa	2	11
maksumääräyksen	2	15
yksityiset	2	10
asuinpaikka	2	11
kauppaoikeuden	2	14
ajankohta	2	9
rajatylittävä	2	13
täsmennys	2	9
osoitteet	2	9
joissain	2	8
tuomioistuimeen	2	15
koron	2	5
edustajansa	2	11
allekirjoituksia	2	16
kotijäsenvaltion	2	16
teknisin	2	8
allekirjoitus	2	13
hylättävä	2	9
vaade	2	5
hylkääminen	2	11
kantajaa	2	8
maksukehotuksen	2	15
maksukehotuksessa	2	17
kulut	2	5
tiedoksiantaminen	2	17
vastinetta	2	10
asetettuun	2	10
määräaikaan	2	11
kuormitusta	2	11
lomaketta	2	9
toimittanut	2	11
sähköistä	2	9
allekirjoittamalla	2	18
vastaanottopäivä	2	16
tuomioistuimelta	2	16
velallinen	2	10
tunnustamiseen	2	14
julistamisesta	2	14
ratkaistaan	2	11
yksityiskohtaisen	2	17
selonteossa	2	11
kustannustehokas	2	16
vapauteen	2	9
oikeuteen	2	9
eeo	2	3
lisääntynyt	2	11
todennäköisyyttä	2	16
riitaasioihin	2	13
ennakoimattomuus	2	16
esteenä	2	7
joustavasti	2	11
tuomiossa	2	9
kyseenalaistaa	2	14
halukkaita	2	10
niinpä	2	6
maksamisen	2	10
julkaisi	2	8
kohtaamaan	2	10
helpommin	2	9
vakiolomakkeita	2	15
automaattista	2	13
tietojenkäsittelyä	2	18
maksumääräyksiä	2	15
keskisuuret	2	11
välttävät	2	9
varsinaisen	2	11
täyttääkö	2	9
cashman	2	7
giusto	2	6
catania	2	7
kinga	2	5
gál	2	3
elly	2	4
groenkouwenhoven	2	16
klamt	2	5
magda	2	5
kósáné	2	6
kovács	2	6
kudrycka	2	8
panayiotis	2	10
demetriou	2	9
siiri	2	5
oviir	2	5
viktória	2	8
koulutusvaliokunta	2	18
kertomuksesta	2	13
suorituskykyä	2	13
luotettavammaksi	2	16
maanosien	2	9
opiskelijoille	2	14
tutkijoille	2	11
pääpiirteisiin	2	14
itsearviointi	2	13
tarkastelu	2	10
jaksoittaisen	2	13
berliinissä	2	11
laatujärjestelmissä	2	19
-elimissä	2	9
seurantaryhmän	2	14
ministereille	2	13
enqa:n	2	6
laadunvarmistuksen	2	18
rekisteristä	2	12
pyysivät	2	8
tehostettaisiin	2	15
riippumattomista	2	16
luotettavista	2	13
toimivista	2	10
tunnustamisessa	2	15
arvon	2	5
korkeakoululaitoksia	2	20
ohjeistojen	2	11
laadunarvioinnin	2	16
pääpiirteitä	2	12
toimintamenetelmiä	2	18
ohjeistoja	2	10
korkeakouluyhteisön	2	19
korkeakoululaitokset	2	20
profiilia	2	9
maassaan	2	8
säännöksillä	2	12
tehdyllä	2	8
kyseen	2	6
opintoohjelmien	2	15
perustaksi	2	10
korkeakoululaitosten	2	20
päätöksille	2	11
täydentävän	2	11
akkreditoinnin	2	14
tarpeettomaksi	2	14
korkeakoulujen	2	14
kasvattamiseksi	2	15
ammatteihin	2	11
tekemille	2	9
arvioinneille	2	13
julkistaminen	2	13
oppilaitoksia	2	13
korkeakoulualan	2	15
oppilaitokset	2	13
opiskelijat	2	11
opettajat	2	9
tutkijat	2	8
yhteistyönä	2	11
perustuminen	2	12
ohjeistoihin	2	12
kerralla	2	8
vaadittavat	2	11
parannukset	2	11
tehtyään	2	8
ministerit	2	10
ylläpitämään	2	12
ulkoiselle	2	10
laadunvarmistuselin	2	19
järjestelmällinen	2	17
päästötodistusten	2	17
korkeakouluopetusta	2	19
jatkuvalle	2	10
pyrkimyksissä	2	13
vapaaehtoisesti	2	15
tarpeelliset	2	12
prosessia	2	9
toimivaltaisena	2	15
toimiville	2	10
vaihtoehdon	2	11
kunnianhimoiset	2	15
descamps	2	8
herrerotejedor	2	14
doris	2	5
pack	2	4
prets	2	5
sifunakis	2	9
hannu	2	5
takkula	2	7
tomáš	2	5
zatloukal	2	9
yksinkertaistetaan	2	18
kynnysarvot	2	11
kynnysarvoa	2	11
keskushallinnon	2	15
tekemiin	2	8
palvelu-	2	8
podestà	2	7
fernanda	2	8
rudi	2	4
ubeda	2	5
dam	2	3
kristensen	2	10
rivera	2	6
jäsenyyttä	2	10
toimilupia	2	10
yleisluontoinen	2	15
tenenergiahankkeita	2	19
soveltamissääntöjen	2	19
sopimuspohjaisia	2	16
tehokkaiksi	2	11
levittämään	2	11
yhtymäkohdista	2	14
käytävään	2	9
kumppanuudesta	2	14
siirrettävän	2	12
vakio	2	5
vakiomuotoilua	2	14
tähänkin	2	8
vähäisiä	2	8
viedään	2	7
välisillä	2	9
osuuksilla'	2	11
suurempaan	2	10
suositeltavaa	2	13
tulkintakiistoilta	2	18
järjestäytyä	2	12
moneen	2	6
jälkeisillä	2	11
riskeillä	2	9
erityistekijöistä	2	17
rakennustöiden	2	14
lähimerenkulun	2	14
kehykseen	2	9
laajempi	2	8
painopisteitä	2	13
terminologian	2	13
meri-	2	5
sisävesillä	2	11
tiedotuspalvelut	2	16
tehostamiseen	2	13
pullonkaulojen	2	14
tietylle	2	8
hyötyneet	2	9
tent:n	2	6
valmisteltuja	2	13
tosiasiassa	2	11
huonommassa	2	11
valmistelleet	2	13
tenthankkeita	2	13
maksumäärät	2	11
komiteoille	2	11
saattamisen	2	11
vuosiohjelmasta	2	15
suunnattavat	2	12
määrärahasitoumukset	2	20
maksamisaikataulu	2	17
avoimempaa	2	10
aloiteoikeus	2	12
budjettivastuu	2	14
peruuttamisesta	2	15
väärinkäytöksiä	2	15
yksiselitteisen	2	15
jäämisen	2	8
keskeneräiseksi	2	15
pitkien	2	7
takaisinperimiseen	2	18
nimeää	2	6
komiteaan	2	9
äänestykseen	2	12
tilivelvollisuuden	2	18
rahoituslähteistä	2	17
tuensaajien	2	11
myönnetylle	2	11
tuelle	2	6
julkisuus	2	9
xv	2	2
antamien	2	8
liikenneverkkoja	2	16
liikennehankkeesta	2	18
yhteispäätöksellä	2	17
tapahtuneen	2	11
energiaverkot	2	13
heikkouksia	2	11
verkkoihin	2	10
energiaverkoille	2	16
liikenteelle	2	12
varattujen	2	10
varatuista	2	10
valmisteluasiakirja	2	19
nostettu	2	8
mahdolliseksi	2	13
noussut	2	7
investointikehyksen	2	19
puutteen	2	8
verkoille	2	9
lainavakuusväline	2	17
reimer	2	6
ilmaistaan	2	10
järjestelyjä	2	12
laajuisilla	2	11
energialle	2	10
energiamarkkinoilla	2	19
jälkeinen	2	9
avusti	2	6
sääntelykomitea	2	15
käytetyllä	2	10
sääntelymenettelyllä	2	20
takasi	2	6
sääntelymenettely	2	17
tukikauden	2	10
ajantasaistaa	2	13
budjettivaliokuntaa	2	19
rahoitussitoumus	2	16
valtioidenvälisiin	2	18
osuuksiin	2	9
yhteenliitäntöihin	2	18
kannustimena	2	12
liikennettä	2	11
työt	2	4
useammassa	2	10
muodoista	2	9
mobilisoiduilla	2	15
talousarviovaroilla	2	19
stimuloiva	2	10
tenenergiahankkeiden	2	20
rajoituttava	2	12
kumuloituvat	2	12
vuosiohjelma	2	12
ahoitusohje	2	11
määriteltiin	2	12
eurooppaneuvostossa	2	19
liikennealan	2	12
muutettiin	2	10
aikojen	2	7
hitaasti	2	8
hankkeista	2	10
päätellä	2	8
houkuttelemaan	2	14
tekemiseksi	2	11
korkeimman	2	10
kaavaillaan	2	11
tietyissä	2	9
riittävältä	2	11
tekijää	2	7
alkuperäisten	2	13
kolmanneksi	2	11
saaman	2	6
sitovan	2	7
yhteyksien	2	10
laajojen	2	8
määritelleet	2	12
tenliikenneverkot	2	17
edellyttävän	2	12
tuoneet	2	7
kauttakulkua	2	12
tenrahoitusta	2	13
edistysaskel	2	12
budjettikehyksestä	2	18
rajalliset	2	10
vipuvaikutusta	2	14
ensisijaisille	2	14
osoittautuneet	2	14
toteuttajat	2	11
sitovasti	2	9
tukihakemuksen	2	14
aloitettuja	2	11
päivämäärästä	2	13
kallista	2	8
vähennyksestä	2	13
jääminen	2	8
ns.	2	3
rodi	2	4
kratsatsagaropoulou	2	19
elles	2	5
salvador	2	8
garriga	2	7
polledo	2	7
krzysztof	2	9
kuźmiuk	2	7
ralf	2	4
walter	2	6
alaviite	2	8
laitetyyppien	2	13
aisaohjatut	2	11
täryjyrät	2	9
tärylevyt	2	9
täryjuntat	2	10
puskutraktorit	2	14
kuormaajat	2	10
vastapainotrukit	2	16
asfalttilevittimet	2	18
tiivistävällä	2	13
perälevyllä	2	11
käsinkannateltavat	2	18
betonimurskaimet	2	16
kivihakut	2	9
ruohonleikkurit	2	15
lopulliset	2	10
lukuja	2	6
alentaminen	2	11
tulivat	2	7
rajaarvojen	2	11
seuraavaan	2	10
sovellettiin	2	12
välttämättömiksi	2	16
saavutettavissa	2	15
loppua	2	6
evangelia	2	9
tzampazi	2	8
vaaleilla	2	9
jeancharles	2	11
marchianin	2	10
alamomenttia	2	12
nauttivat	2	9
oikeusministeri	2	15
pyydettiin	2	10
peruuttamista	2	13
primäärioikeutta	2	16
neuvostolla	2	11
näkemystä	2	9
lasketaan	2	9
kumota	2	6
tarkistavat	2	11
kaupantekoa	2	11
avoimuusvaatimusten	2	19
liiketoiminta	2	13
hyödykejohdannaisten	2	20
oikeasuhteisten	2	15
tarkoitettuina	2	14
valvomiseen	2	11
sijoituspalveluja	2	17
tarjoavien	2	10
sijoitustoimintaa	2	17
asiamiesten	2	11
valvontansa	2	11
kauppapaikkojen	2	15
kokoamista	2	10
välittäjiltä	2	12
edellytettyä	2	12
vastuuvakuutusta	2	16
sijoituspalvelujen	2	18
aloittamiseksi	2	14
säännellyllä	2	12
markkinalla	2	11
ylläpitäjällä	2	13
säännellyn	2	10
markkinan	2	9
osastossa	2	9
tarkoitetussa	2	13
toimitetuiksi	2	13
lupia	2	5
siirtämiselle	2	13
neuvostossa	2	11
tarvittavien	2	12
näkymin	2	7
aikatauluun	2	11
kuudella	2	8
kuukaudella	2	11
tyhjiön	2	7
garcíamargallo	2	14
marfil	2	6
letta	2	5
viideksi	2	8
tiedotusvälineissä	2	18
nimittämistään	2	14
ehdokas	2	7
päätöksensä	2	11
asetuksiksi	2	11
seurantaverkon	2	14
yhtenäistämään	2	14
uudelle	2	7
toimikaudelle	2	13
jatkamiseen	2	11
nimittävän	2	10
ongelmallisia	2	13
hallinnollisesti	2	16
nimittämiseksi	2	14
elimillä	2	8
edetään	2	7
arvioitua	2	9
jatkettua	2	9
yhtenäistettyä	2	14
virastoihin	2	11
porsaanreikien	2	14
tukkimista	2	10
hallintokäytäntöjen	2	19
toimikausia	2	11
henkilöstöhallinnon	2	19
järkeenkäypää	2	13
samankaltaisten	2	15
virkojen	2	8
‑edellytykset	2	13
monimutkaisempi	2	15
menettelytavasta	2	16
arvioisi	2	8
eea	2	3
efsa	2	4
ecdc	2	4
emea	2	4
suorituksia	2	11
ehdottaisi	2	10
nimittävälle	2	12
hallintoneuvostolle	2	19
johtokunnalle	2	13
tunnustaakin	2	12
viisivuotisen	2	13
epäilee	2	7
antaisiko	2	9
hoitavan	2	8
komissiosta	2	11
siirtäisivät	2	12
kohtalon	2	8
eturistiriitojen	2	16
vaarantamisen	2	13
toimitusjohtajien	2	17
osoitetun	2	9
hänet	2	5
hajautettua	2	11
yksikköä	2	8
ashley	2	6
mote	2	4
jas	2	3
gawronski	2	9
joost	2	5
lagendijk	2	9
jälkeiselle	2	11
yleissivistävän	2	15
johdanto‑osassa	2	15
siirrytään	2	10
yleisemmistä	2	12
toiminnassaan	2	13
perusoikeuskirja	2	16
täydentävällä	2	13
tukevalla	2	9
sosiaalipoliittisen	2	19
yhtäläisten	2	11
aikaisempaa	2	11
torjumisessa	2	12
elämässään	2	10
kohtelusta	2	10
saattaneet	2	10
syrjimättömyys	2	14
torjuakseen	2	11
vammaan	2	7
puitestrategian	2	15
sosiaalipalveluja	2	17
ovatkin	2	7
jälkeenkin	2	10
tahtoa	2	6
moniperusteiseen	2	16
lueteltujen	2	11
eta:n	2	5
eftavaltiot	2	11
eta:sta	2	7
länsibalkanin	2	13
naapuruuspolitiikan	2	19
strategiaasiakirjan	2	19
kaikkeen	2	8
stereotyyppisiä	2	15
käsityksiä	2	10
väkivaltaa	2	10
joustoa	2	7
kasvatuksellinen	2	16
teemavuotta	2	11
aloista	2	7
organisoi	2	9
täytäntöönpanoelin	2	18
toimivaltuutensa	2	16
epätasaarvoisen	2	15
toimivaltuuksien	2	16
yhteyselinten	2	13
yhteyselimen	2	12
siirrettyjä	2	11
valtakunnallisiin	2	17
täytäntöönpanoelimet	2	20
täsmentämään	2	12
nimeämistä	2	10
vapaakauppaliittoon	2	19
efta	2	4
etasopimuksen	2	13
puitesopimuksessa	2	17
alakohdasta	2	11
rahoituspuitteet	2	16
päivämäärän	2	11
alkavalla	2	9
syntyvän	2	8
teemavuodelle	2	13
tunnuslauseet	2	13
asiantuntijaapua	2	16
tilintarkastuselimen	2	20
perustanut	2	10
valvontajärjestelmän	2	20
hallinnoi	2	9
valittujen	2	10
päättämiseksi	2	13
pyydettäessä	2	12
olaf	2	4
yksityiskohtainen	2	17
kokonaiskustannukset	2	20
hoitamista	2	10
olafin	2	6
kampanjat	2	9
levitetään	2	10
arvoista	2	8
palkinnot	2	9
kilpailut	2	9
moraesin	2	8
amsterdamin	2	11
laajennettiin	2	13
rotujen	2	7
opetuksen	2	9
marraskuussa	2	12
edistääkseen	2	12
mielipiteitä	2	12
toi	2	3
teemavuodeksi	2	13
ensisijaiseen	2	13
suvaitsevaisuuden	2	17
toimintaohjeet	2	14
toimintasuunnitelmia	2	20
tasaarvoista	2	12
direktiivejä	2	12
käynnistänyt	2	12
yhtäläisesti	2	12
vähemmistöön	2	12
onnistutaan	2	11
liitetty	2	8
vihreää	2	7
pohdittava	2	10
arvioimassa	2	11
arvioimisessa	2	13
kansainvälisistä	2	16
täysimääräisiä	2	14
yhteistyökumppaneita	2	20
suunnattavassa	2	14
tiedotuksessa	2	13
hiltrud	2	7
breyer	2	6
lívia	2	5
járóka	2	6
agustín	2	7
díaz	2	4
mera	2	4
consuegra	2	9
sylviayvonne	2	12
kaufmann	2	8
dáil	2	4
energiaministerin	2	17
itsenäisen	2	10
historian	2	9
gaeltachtalueiden	2	17
iirinkielisten	2	14
opetusministeriön	2	17
puheenjohtajakauden	2	19
tärkeimmästä	2	12
isonbritannian	2	14
times	2	5
emotrmenojen	2	12
varmistus	2	9
hallintokomitean	2	16
cocobu	2	6
lainmukaisuudesta	2	17
kyseenalaiseksi	2	15
tileistä	2	8
lausunnoksi	2	11
korjaaviin	2	10
kielteisten	2	11
selkeään	2	8
esittämiseen	2	12
selkeyttämistä	2	14
varaumia	2	8
puhdas	2	6
todellisen	2	10
velvollisuutena	2	15
kohteen	2	7
kiinnittänyt	2	12
välttämättömät	2	14
antaakseen	2	10
oikeaa	2	6
kuvaa	2	5
tehtäväkseen	2	12
heikkojen	2	9
vaikeita	2	8
parannettu	2	10
havaintoja	2	10
tilintarkastajan	2	16
oikeaaikainen	2	13
tarjosi	2	7
avoimelle	2	9
asianmukaisuus	2	14
hyväksyttävälle	2	15
toteutamme	2	10
vaikeata	2	8
veronmaksajien	2	14
täsmällisesti	2	13
edistänyt	2	9
lyhyeen	2	7
osatekijät	2	10
kohteiden	2	9
alustavaa	2	9
vuosikertomukseen	2	17
laajasti	2	8
verkkosivuilla	2	14
lehdistön	2	9
kuuluvassa	2	10
velvoitteita	2	12
toimittamisen	2	13
kertomuksiin	2	12
ystävällistä	2	12
kaltainen	2	9
nimittänyt	2	10
tavasta	2	7
rahoitusasetus	2	14
sisällytettiin	2	14
rahoitusasetukseen	2	18
toteutettiin	2	12
rahoitusasetusta	2	16
tekisivät	2	9
uudistukset	2	11
vaarantaisivat	2	14
laajemmalle	2	11
alustavaan	2	10
toivon	2	6
instituutiot	2	12
tarkastusviraston	2	17
pääjohtaja	2	10
kulkee	2	6
monessa	2	7
toteuttamiin	2	12
tilintarkastuksiin	2	18
luonnokseen	2	11
muuttamalla	2	11
keskellä	2	8
aloitin	2	7
noudatan	2	8
teen	2	4
lähimenneisyydessä	2	18
valittiin	2	9
kansanedustajana	2	16
mainitusta	2	10
sai	2	3
osakseen	2	8
merkittäviin	2	12
tukijärjestelmää	2	16
ollaan	2	6
muuttamassa	2	11
tammikuussa	2	11
ceadryhmän	2	10
ryhmä	2	5
metodologiaa	2	12
tarkastusmallin	2	15
etuoikeus	2	9
tilintarkastustoimia	2	20
-standardeja	2	12
-metodeja	2	9
-tekniikoita	2	12
oikeaaikaisuuden	2	16
atkpohjaisen	2	12
assyst	2	6
laadunvalvontatoimet	2	20
ylläpitämisessä	2	15
tilintarkastajille	2	18
otin	2	4
dokumentoinnin	2	14
dokumentaatiota	2	15
sisältäisi	2	10
otamme	2	6
sopeutumaan	2	11
tarkastuksesta	2	14
tehtäviini	2	10
menettelytapoja	2	15
jatkotutkimuksia	2	16
tarkastusosastoille	2	19
ilmiantoja	2	10
konkreettiset	2	13
toimita	2	7
analysoidaan	2	12
niinkin	2	7
lähiaikoina	2	11
mainitsin	2	9
antamassani	2	11
yksityiskohtaisemmin	2	20
huolenaihe	2	10
totesin	2	7
hallitukselle	2	13
joutuisi	2	8
curriculum	2	10
vitae	2	5
kyselylomakkeen	2	15
vahvistetut	2	11
kriteerit	2	9
naimisissa	2	10
opinnot	2	7
katolinen	2	9
maisterin	2	9
british	2	7
cambridgen	2	10
opintomatka	2	11
assistentti	2	11
overpeltin	2	10
varapääministerin	2	17
rahaasioita	2	11
puolustusministeri	2	18
velvoitettiin	2	13
kirjanpidon	2	11
pitäviä	2	7
virheitä	2	8
selvittäminen	2	13
hankintaa	2	9
pyrkimyksiin	2	12
toteutuu	2	8
esittelee	2	9
yksiselitteisesti	2	17
moitteeton	2	10
varainhoitoon	2	13
ponnistusten	2	12
johdettu	2	8
mitattavissa	2	12
erillään	2	8
hallintokulttuurin	2	18
koituva	2	7
riipu	2	5
raportoimiseen	2	14
riittäviin	2	10
luotettaviin	2	12
laatinut	2	8
luottamukseen	2	13
joukkoon	2	8
johti	2	5
selkeytetty	2	11
tukijärjestelmistä	2	18
joustavia	2	9
laajentamalla	2	13
tarkastuselinten	2	16
silmällä	2	8
enimmäkseen	2	11
saatuihin	2	9
foorumi	2	7
hallinnointiin	2	14
kokonaisuutena	2	14
laajentumista	2	13
rakenteet	2	9
poikkeavat	2	10
general	2	7
tarkistettiin	2	13
rakenteita	2	10
uskoisin	2	8
tilintarkastuselin	2	18
vasten	2	6
vältän	2	6
tilanteita	2	10
ylläpitäminen	2	13
viimeaikaisia	2	13
vallitessa	2	10
julkistalouden	2	14
tukevaan	2	8
neuvonantajaksi	2	15
minusta	2	7
parhaat	2	7
ammattipätevyyttä	2	17
nimittämiseeni	2	14
complutense	2	11
yliopistoon	2	11
baleaarien	2	10
johdolla	2	8
oikeustieteellisen	2	18
tiedekunnan	2	11
julkaissut	2	10
hajauttaminen	2	13
sistema	2	7
financiero	2	10
española	2	8
materia	2	7
control	2	7
hacienda	2	8
estatal	2	7
tribunal	2	8
cuentas	2	7
tributarias	2	11
entre	2	5
los	2	3
haciendas	2	9
poder	2	5
estado	2	6
autonómica	2	10
presupuestos	2	12
tributarios	2	11
precios	2	7
régimen	2	7
europea	2	7
nuevas	2	6
reglas	2	6
determinación	2	13
base	2	4
impuesto	2	8
congress	2	8
senaatin	2	8
professorina	2	12
erilaisissa	2	11
verolainsäädännön	2	17
hallitustenvälisen	2	18
rahaston	2	8
estudios	2	8
informe	2	7
gestión	2	7
muistutuksen	2	12
virheet	2	7
menoja	2	6
emotr:n	2	7
tukiosasto	2	10
tarkastuslausumassa	2	19
kriteereitä	2	11
ponnisteltava	2	13
kokoukseen	2	10
ratkaisevalla	2	13
hyvänsä	2	7
totta	2	5
yleisellä	2	9
tasoon	2	6
terve	2	5
perimättä	2	9
hallinnoijan	2	12
toimivaltuuksia	2	15
toteuttamia	2	11
samanaikaisen	2	13
tulevaa	2	7
aste	2	4
minimoimalla	2	12
summia	2	6
loogista	2	8
suunnataan	2	10
normi	2	5
aloitettu	2	9
sanotaan	2	8
ristiriitaisia	2	14
mukaa	2	5
ulkoinen	2	8
yhdistetty	2	10
valvontaelimet	2	14
valvontamenettelyitä	2	20
olisiko	2	7
lähentämään	2	11
mitenkään	2	9
tarvitsematta	2	13
julkisissa	2	10
ammattimaisia	2	13
muunlaisiin	2	11
toimintaani	2	11
toiminnalla	2	11
talous	2	6
olennaisena	2	11
parissa	2	7
asetuksilla	2	11
johdin	2	6
pankin	2	6
keskusteluissa	2	14
vuotena	2	7
vastasi	2	7
työryhmää	2	9
vailla	2	6
pitkälti	2	8
etuun	2	5
vastaanottamatta	2	16
uudestaan	2	9
kyselyyn	2	8
eurooppaoikeuden	2	16
tarkastusvirastossa	2	19
toimittamien	2	12
tukirahaston	2	12
emotr	2	5
tukiosaston	2	11
indepd	2	6
indústrias	2	10
participações	2	13
defesa	2	6
sa	2	2
europolin	2	9
johtamistavan	2	13
tukiohjelmassa	2	14
sigma	2	5
petostentorjuntaa	2	17
käsitteleviin	2	13
työryhmiin	2	10
petostentorjunnan	2	17
neuvoaantavassa	2	15
cocolaf	2	7
koostuvaan	2	10
työryhmään	2	10
seuraavilla	2	11
hiili-	2	6
ehty	2	4
tarkastusmallista	2	17
laadunvarmentamis-	2	18
kehitystehtävistä	2	17
ceadtarkastusryhmän	2	19
horisontaaliset	2	15
tilintarkastustoimet	2	20
hallintoasioiden	2	16
rahoitustarkastusta	2	19
käsitteleviä	2	12
wynnin	2	6
tarkoin	2	7
korostettiin	2	12
oltiin	2	6
tietysti	2	8
laajassa	2	8
korjaamisessa	2	13
myöntävän	2	9
vahvoja	2	7
heikkoja	2	8
tarkastustensa	2	14
suunnittelu	2	11
saavutettujen	2	13
säännöllinen	2	12
erityiskertomukset	2	18
huomiot	2	7
erityistarkastuksia	2	19
yksinkertaistamaan	2	18
lausuntoon	2	10
perussopimusten	2	15
toimina	2	7
tärkeämpi	2	9
lähestymistapaan	2	16
nykytilanteessa	2	15
toimintatapaan	2	14
nopeuttamaan	2	12
päätösmenettely	2	15
laajempaan	2	10
päättänyt	2	9
hoitavat	2	8
nimitykseni	2	11
osallistuin	2	11
mukauttamisessa	2	15
esittelijänä	2	12
hyväksymiseen	2	13
luottaa	2	7
jaoston	2	7
ammatillinen	2	12
vastuualueenaan	2	15
maakuntien	2	10
paluu	2	5
luissyliopisto	2	14
kursseja	2	8
tutkimustoimintaa	2	17
helmikuussa	2	11
asettaman	2	9
järjestäytyneen	2	15
rikollisuuden	2	13
torjunnasta	2	11
asiantuntijaryhmän	2	18
kiinnostunut	2	12
amerikan	2	8
keskusteluihin	2	14
ranska	2	6
kielen	2	6
tra	2	3
fasc	2	4
globalizzazione	2	15
napoli	2	6
controllo	2	9
defence	2	7
corruption	2	10
public	2	6
delle	2	5
libertà	2	7
giudice	2	7
costituzionale	2	14
muuttujia	2	9
vaikuttavuus	2	12
kuvata	2	6
tyhjentävästi	2	13
moitteettomuutta	2	16
muutamiin	2	9
osiota	2	6
varsinaisia	2	11
mahdollisista	2	13
puutteita	2	9
kieltä	2	6
kansalaisilla	2	13
kuulemistilaisuuden	2	19
laadittiin	2	10
säädökset	2	9
säännöstö	2	9
tällaisilta	2	11
ammattiurani	2	12
vastapuolen	2	11
maine	2	5
perustuisivat	2	13
kytkökset	2	9
heinäkuuhun	2	11
rangaistaan	2	11
näkisi	2	6
suuntaisesti	2	12
toimintaohjelmassa	2	18
suunnitellut	2	12
tarvittavin	2	11
epäämisperusteita	2	17
ilmaisemiseen	2	13
liittyykö	2	9
ilmaus	2	6
ratifioinut	2	11
salassapidon	2	12
pankeille	2	9
pankkeja	2	8
valmistelemia	2	13
ehdotettuihin	2	13
vuosittaisiin	2	13
talousarvioihin	2	15
työohjelmia	2	11
pelastuspalvelua	2	16
hätäsuunnitelmia	2	16
ympäristöongelmien	2	18
tietoverkkojen	2	14
tarjottavan	2	11
kerättyjä	2	9
kokoamat	2	8
täsmällisiä	2	11
kohtuuton	2	9
luetelmakohdan	2	14
ilmaisemista	2	12
saatavuudelle	2	13
jolta	2	5
haluttua	2	8
toimielimelle	2	13
elimelle	2	8
tilanteet	2	9
lukuunottamatta	2	15
aiheutuvan	2	10
haitan	2	6
sanalla	2	7
aiheutuva	2	9
haitta	2	6
vaihtoehdot	2	11
tiedottavat	2	11
ilmoituksilla	2	13
määräajoista	2	12
huolehtivat	2	11
vastaanottamiselle	2	18
mielipiteet	2	11
ilmoittamisesta	2	15
hallintotoimi	2	13
pyynnössä	2	9
tehneelle	2	9
perusteluihin	2	13
ilmoitettuna	2	12
jättänyt	2	8
laajuuden	2	9
kohtuullisessa	2	14
ajassa	2	6
alkuperäisessä	2	14
työjärjestyksensä	2	17
mukautusten	2	11
elää	2	4
talouskomission	2	15
pilarista	2	9
velvoitteensa	2	13
jäsentä	2	7
pyrki	2	5
yleissopimukseen	2	16
suunnitelmiin	2	13
edellytykseksi	2	14
ympäristövaliokunnan	2	20
mene	2	4
määrällä	2	8
pnumero	2	7
lienemann	2	9
sonik	2	5
wijkman	2	7
satamapalveluiden	2	17
merisatamapalvelujen	2	20
avaintekijä	2	11
kumpikaan	2	9
satamapalveluja	2	15
korvaukset	2	10
enemmistön	2	10
luotsipalvelut	2	14
kohdista	2	8
työasiakirja	2	12
aluksi	2	6
kuulemistilaisuuteen	2	20
federation	2	10
private	2	7
port	2	4
operators	2	9
feport	2	6
eba	2	3
varustamoyhdistysten	2	20
etf	2	3
tunnustanut	2	11
oikeudenmukaisten	2	17
kilpailuedellytysten	2	20
tarpeellisuuden	2	15
tärkeämpinä	2	11
työpaikat	2	9
edellisessä	2	11
päätelmien	2	10
moni	2	4
epäsuoraa	2	9
itsenäisissä	2	12
satamaliikenteen	2	16
omahuolinnasta	2	14
päätäntävaltaan	2	15
käymissä	2	8
sovellettaisi	2	13
päässeet	2	8
pääsemässä	2	10
hankkimalla	2	11
maaalaan	2	8
hankkija	2	8
valtiontuki	2	11
syrjivät	2	8
maantieteellisillä	2	18
satamiin	2	8
äänestää	2	8
satamasta	2	9
satamaan	2	8
toimivaltaista	2	14
rajoittamisella'	2	16
palveluntarjoajien	2	18
kapasiteettiin	2	14
luokat	2	6
satamatilan	2	11
jaon	2	4
julkistetun	2	11
vakuutussuojaa	2	14
turvallisuus-	2	13
ympäristövaatimusten	2	20
hintaa	2	6
kiinteään	2	9
kohdistuvaan	2	12
ammattiin	2	9
maksua	2	6
valintansa	2	10
asianosaisille	2	14
rajoittamista	2	13
satamapalvelua	2	14
kutsu	2	5
käyttöönsä	2	10
valintaperusteet	2	16
aineellinen	2	11
palveluntarjoajaa	2	17
varata	2	6
kautena	2	7
haltuun	2	7
markkinaarvoa	2	13
kiinteän	2	8
aiheutuviin	2	11
voimaantulopäivänä	2	18
toimiluvista	2	12
merkittäviksi	2	13
investointi	2	11
parantavat	2	10
aloille	2	7
meritekniset	2	12
meriteknisten	2	13
tasapuoliset	2	12
vapautus	2	8
luotsauksesta	2	13
erityisolosuhteet	2	17
millainen	2	9
matkailuvaliokuntaa	2	19
syitä	2	5
tuloksen	2	8
ehdotamme	2	9
päätavoitteen	2	13
kilpailuun	2	10
mantovani	2	9
lancker	2	7
direktiiviehdotus	2	17
vetää	2	5
vastustusta	2	11
idc:hen	2	7
council	2	7
liitto	2	6
huomionarvoista	2	15
demokraattinen	2	14
kehystä	2	7
työlainsäädäntö	2	15
kilpailevat	2	11
kilpailuasemansa	2	16
olisikaan	2	9
käsitys	2	7
laajamittaista	2	14
investoinnin	2	12
direktiivistä	2	13
asemasta	2	8
toteuttanut	2	11
etsiä	2	5
suorastaan	2	10
nykymuodossaan	2	14
ratkaista	2	9
toivomisen	2	10
purkamiseen	2	11
sekin	2	5
mittakaavassa	2	13
ammattiliiton	2	13
työoloja	2	8
uimavesien	2	10
käsittelynsä	2	12
kutsuttava	2	10
sovittelu	2	9
perustavan	2	10
kokouksensa	2	11
trakatellisin	2	13
epävirallisesti	2	15
laatunormien	2	12
yksimielisyyteen	2	16
kokoontui	2	9
komissaari	2	10
neuvottelutulos	2	15
selkeillä	2	9
puheenjohtajavaltio	2	19
puheenjohtajat	2	14
totesivat	2	9
hyväksytyksi	2	12
toimittivat	2	11
lupakirjojen	2	12
ilmaliikenteen	2	14
tasapainoon	2	11
toiminnallisten	2	15
neuvoteltu	2	10
vähäiset	2	8
hyväksyttäviä	2	13
ehdottamat	2	10
ongelmakohtien	2	14
taidon	2	6
turvallisuussyistä	2	18
lupakirjat	2	10
kelpuutukset	2	12
vapautetaan	2	11
ikä-	2	4
tarpeettomien	2	13
jeanlouis	2	9
bourlanges	2	10
nigel	2	5
farage	2	6
johan	2	5
hecke	2	5
yritysneuvoston	2	15
tiedottamis-	2	12
kuulemismenettelyn	2	18
yhteisönlaajuisissa	2	19
yritysryhmissä	2	14
joukkovähentämistä	2	18
kolmatta	2	8
kilpailupolitiikan	2	18
koheesiopolitiikka	2	18
liity	2	5
lähtee	2	6
siirtämisestä	2	13
menetyksiin	2	11
tarjoa	2	6
kokonaisvaltaisia	2	17
ilmenevien	2	10
hätätoimenpiteenä	2	17
vakavuutta	2	10
perustuslaista	2	14
perusteltuja	2	12
elinvoimaisuuden	2	16
koettelee	2	9
sanottuja	2	9
työvoimavaltaisia	2	17
vaatetus-	2	9
kenkäteollisuutta	2	17
kaapeli-	2	8
puualaa	2	7
pääomavaltaisia	2	15
kone-	2	5
telakka-	2	8
lentokone-	2	10
palveluammatteihin	2	18
logistiikkapalveluja	2	20
tunnontarkasti	2	14
sulkemis-	2	9
siirtymisprosesseja	2	19
noudattaneet	2	12
seuraamiseksi	2	13
luotaisiin	2	10
dublinin	2	8
koheesiopolitiikkaa	2	19
aluesuunnittelua	2	16
laadittavien	2	12
päätöslauselmalla	2	17
työmarkkinasuhteiden	2	20
seurantakeskusta	2	16
tutkimiseen	2	11
pyrittäisiin	2	12
menetetään	2	10
yhdenmukaista	2	13
yksityiskohtaisten	2	18
vastuuhenkilöjen	2	16
yrityksiltä	2	11
tuotantoyksiköiden	2	18
sosiaalilausekkeen	2	18
sisällyttämiseksi	2	17
kokoontumisoikeutta	2	19
ratifioidaan	2	12
sosiaalilausekkeiden	2	20
myönteisillä	2	12
valmistuspaikkojen	2	18
olipa	2	5
valmistuksesta	2	14
työehtoja	2	9
vaikuttamaan	2	12
ostajien	2	8
valintoihin	2	11
kaltaisen	2	9
koodeksin	2	9
koodeksia	2	9
ohjeena	2	7
vähimmäisvaatimukset	2	20
henkilöstöedustuksen	2	20
rohkaistaan	2	11
aluekehitykseen	2	15
työpaikan	2	9
entisen	2	7
luovien	2	7
haittavaikutusten	2	17
teollisuuteen	2	13
lukuisien	2	9
alueesta	2	8
talouskehitykseen	2	17
huolen	2	6
kasvattaa	2	9
tuotantokustannusten	2	20
viimeaikaiset	2	13
tarkoittavat	2	12
palkan	2	6
helppoa	2	7
tilastointivälinettä	2	20
tuoreessa	2	9
sillard	2	7
matalapalkkaisiin	2	17
kaukana	2	7
perässä	2	7
kehitystyön	2	11
johtaisi	2	8
uudistaa	2	8
vahvistaisi	2	11
täystyöllisyys	2	14
tärkeiksi	2	9
edistäisivät	2	12
estettävä	2	9
valtiontukien	2	13
vaihtoehtona	2	12
seurantakeskuksen	2	17
tosiasialliset	2	14
tasoittaa	2	9
ennakoimiseksi	2	14
myöntäessään	2	12
yritysneuvostoja	2	16
ammattijärjestöjen	2	18
toimintatavat	2	13
ennakoimaan	2	11
alentamalla	2	11
palkkoja	2	8
siirtymään	2	10
laadukasta	2	10
hanna	2	5
foltynkubicka	2	13
yiannakis	2	9
matsis	2	6
lausuntoluonnoksen	2	18
monitoimisen	2	12
metsästrategiassa	2	17
ympäristöarvoihin	2	17
toteutumiseen	2	13
joiltakin	2	9
vaikuttavan	2	11
ympäristöhaasteiden	2	19
valtava	2	7
metsästrategiaa	2	15
koskemattomien	2	14
rio	2	3
huippukokous	2	12
korostettu	2	10
hydrologisen	2	12
elinkyvyn	2	9
suojelemalla	2	12
metsäpaloilta	2	13
nopeutuvaan	2	11
paikallishallintojen	2	20
yhteentoimivuuteen	2	18
kehottamaan	2	11
ominaiset	2	9
laajoista	2	9
metsäpaloista	2	13
metsäpaloongelmat	2	17
parhaan	2	7
luovutaan	2	9
eukalyptuksen	2	13
ympäristöalan	2	13
vahingoittavilta	2	16
tekijöiltä	2	10
puutavarakauppaa	2	16
metsäteollisuudelle	2	19
puulla	2	6
omistussuhteita	2	15
epäselvyyden	2	12
korruption	2	10
tuntuvien	2	9
rangaistusten	2	13
määräämistä	2	11
kauppaavat	2	10
laitonta	2	8
puutavaraa	2	10
tuodusta	2	8
jalostettuja	2	12
valmistettu	2	11
laittomasta	2	11
tullikoodeksin	2	14
luonnonvaraisesta	2	17
jalostamiseen	2	13
raakaaineen	2	11
hiili	2	5
maaperään	2	9
maapallon	2	9
uudistumisen	2	12
lämpenemistä	2	12
kasvihuoneilmiötä	2	17
lieventämään	2	12
saatavaa	2	8
puolin	2	6
tuloihin	2	8
x.	2	2
syvä	2	4
rinnakkaisista	2	14
päämääristä	2	11
y.	2	2
z.	2	2
puualan	2	7
toimeenpanossa	2	14
hyödyntämättömiä	2	16
markkinasovellusten	2	19
rakennusmateriaalina	2	20
pakkausmateriaalina	2	19
energianlähteenä	2	16
uusiutumattomien	2	16
sammuttamiseen	2	14
soveltuvia	2	10
satelliittipohjaisia	2	20
uudenaikaiseen	2	14
huippukokouksissa	2	17
vahvemman	2	9
luonut	2	6
metsäalalle	2	11
näkemyksen	2	10
metsänhoidosta	2	14
ekologisen	2	10
metsänhoito	2	11
arviointiperusteita	2	19
metsäkysymyksistä	2	17
metsäkomiteaa	2	13
vaarojen	2	8
myrskyjen	2	9
kehitysohjelmissa	2	17
hoitometsien	2	12
erottamisen	2	11
puutteellinen	2	13
vältettäisiin	2	13
-verkoston	2	10
yhdistämiseen	2	13
suunnattuja	2	11
uusiutuvana	2	11
metsäteollisuuden	2	17
lämmöntuotantoa	2	15
suosia	2	6
metsäyritysten	2	14
metsänomistajia	2	15
voittamiseksi	2	13
puu-	2	4
saatavat	2	8
verotuksellisia	2	15
tähtäävät	2	9
eroosion	2	8
suorittavat	2	11
kohdeltava	2	10
metsänomistajien	2	16
varmuuden	2	9
sopivina	2	8
korkealle	2	9
konkreettisten	2	14
suunniteltiin	2	13
vastauksena	2	11
esitellään	2	10
seuraavaksi	2	11
ekologinen	2	10
hoidetaan	2	9
alueista	2	8
hehtaarilla	2	11
metsätaloudella	2	15
suojelussa	2	10
muodostama	2	10
jalostusarvoketju	2	17
perustetun	2	10
talousyhteisön	2	14
puutavaran	2	10
yhteisellä	2	10
tavoitteellisen	2	15
suurimmalta	2	11
säädöksellä	2	11
tehdyillä	2	9
päätöksillä	2	11
maatilojen	2	10
kuudes	2	6
voimavarat	2	10
kilpailussa	2	11
työllisyydelle	2	14
osapuolilla	2	11
edistetä	2	8
metsätalouteen	2	14
politiikanaloja	2	15
ekosysteemien	2	13
sopeutetaan	2	11
eu:hun	2	6
muuttamisella	2	13
ottamiseen	2	10
yhteiskunnallisiin	2	18
riippuvaisten	2	13
kansanryhmien	2	13
seuranta-	2	9
golik	2	5
witold	2	6
tomczak	2	7
vesiluonnonvarojen	2	18
säilyttämisestä	2	15
velvoitteen	2	11
kieltoalueeseen	2	15
suojaalueeseen	2	14
laajamittainen	2	14
tärkeästä	2	9
pohjanmeren	2	11
nsrac:n	2	7
neuvontaa	2	9
yhteisöjä	2	9
suositteli	2	10
odotettaessa	2	12
huomautti	2	9
kannattivat	2	11
kyseisille	2	10
kieltoalueiden	2	14
määrällisten	2	12
kannattavat	2	11
kampelakalojen	2	14
nsrac:in	2	8
suojata	2	7
tarkoitetuilta	2	14
aluksilta	2	9
suosituksiin	2	12
tärkeämpiä	2	10
yleistila	2	9
eteläisen	2	9
kalastusjärjestö	2	16
tonnikalalaivastolle	2	20
valtamerellä	2	12
cookinsaarten	2	13
neljälle	2	8
nuottaalukselle	2	15
nuottaalusten	2	13
portugali	2	9
lisenssin	2	9
nuottaaluksen	2	13
alakohtaiselle	2	14
suunnitelmalle	2	14
alakohtaiseen	2	13
sekakomiteassa	2	14
merimies	2	8
tarkkailija	2	11
läsnäolon	2	9
kalastussuunnitelman	2	20
syntymistä	2	10
kommentit	2	9
summan	2	6
toisinaan	2	9
toisissa	2	8
luomisen	2	8
läsnäoloa	2	9
jäänyt	2	6
asenne	2	6
allekirjoittamisen	2	18
tonnikalalaivaston	2	18
tulevaisuudennäkymiä	2	20
sopimuspuolten	2	14
neuvotellut	2	11
pöytäkirjaan	2	12
rahoitusselvitys	2	16
tyypillisiä	2	11
välimuoto	2	9
kokonaiskorvauksesta	2	20
sekakomitea	2	11
myönteiseltä	2	12
muutaman	2	8
lauseketta	2	10
yhteisyrityksiin	2	16
hyötyisi	2	8
muutama	2	7
isosilmätonnikalan	2	18
saaliiksi	2	9
isosilmätonnikaloja	2	19
länsi-	2	6
tieteellisessä	2	14
keltaevätonnikalaa	2	18
kalastetaan	2	11
kalakantoja	2	11
verotetaan	2	10
jälkiarvioinnin	2	15
brigitte	2	8
douay	2	5
samuelsen	2	9
myötävaikuttavat	2	16
toimintasäännöt	2	15
läsnäolo	2	8
kaukaisilla	2	11
yhdennetystä	2	12
tekstien	2	8
parafoivat	2	10
kalastusalukset	2	15
käyttäville	2	11
käyttävän	2	9
aluevesillään	2	13
nykytilanne	2	11
ehdoista	2	8
reagoimaan	2	10
rannikkoyhteisöjen	2	18
kalasäilyke-	2	12
battilocchio	2	12
mariearlette	2	12
carlotti	2	8
nirj	2	4
deva	2	4
martín	2	6
kalastusmenetelmistä	2	20
kalastajien	2	11
elvyttämistoimien	2	17
suhtauduttava	2	13
elvyttämistä	2	12
kalastusmenetelmät	2	18
aineet	2	6
elintärkeitä	2	12
kalastajia	2	10
valikoivuuden	2	13
kokoisina	2	9
soveliaita	2	10
tasoille	2	8
aiheuttavia	2	11
silmäkoon	2	9
poisheitot	2	10
tarjottaisiin	2	13
luvattomien	2	11
havaitsemiseksi	2	15
elinympäristön	2	14
ykp:n	2	5
kalalajien	2	10
hallinnoinnissa	2	15
toimeentulo	2	11
toisille	2	8
pyyntiponnistus	2	15
monivuotisten	2	13
hoitosuunnitelmien	2	18
linjassa	2	8
kohdelajien	2	11
optimointi	2	10
minimointi	2	10
sivusaaliina	2	12
teknisillä	2	10
käynnistämällä	2	14
vapaaehtoinen	2	13
uudistetussa	2	12
alueelliselta	2	13
seitsemättä	2	11
suunnatut	2	9
käyttökelpoista	2	15
alimittaisten	2	13
korvaamiseksi	2	13
aktiivisempi	2	12
lähitulevaisuudessa	2	19
pysyy	2	5
terveellä	2	9
sallisi	2	7
osalliseksi	2	11
yksilöt	2	7
lähestymistavoissa	2	18
sovelias	2	8
kaloihin	2	8
markkinointia	2	13
pyyntiin	2	8
ollenkaan	2	9
sopimuksilla	2	12
laitteet	2	8
laillista	2	9
keskitetysti	2	12
lyhyellä	2	8
osoitettuja	2	11
lähteiden	2	9
tuotettavaan	2	12
lämpöön	2	7
jäähdytykseen	2	13
nostaminen	2	10
toimitusvarmuutta	2	17
riippuvuutta	2	12
öljystä	2	7
kaasusta	2	8
laskea	2	6
lähtökohdat	2	11
tukivälineille	2	14
hyödynnettyjä	2	13
osoittautuvat	2	13
kilpailukykyisten	2	17
myötävaikutettava	2	17
geotermisen	2	11
kaukolämmityksen	2	16
energiantarvetta	2	16
tukivälineet	2	12
vakaiden	2	8
tukiedellytysten	2	16
nykivää	2	7
markkinakehitystä	2	17
tukijärjestelmien	2	17
hyödyntäviä	2	11
koosta	2	6
kilpailukykyisin	2	16
seuraavanlaisia	2	15
liittyville	2	11
yhteistuotannon	2	15
myönnetyistä	2	12
tekniikat	2	9
perustuviin	2	11
tekniikkoihin	2	13
tehokkailla	2	11
tukijärjestelmiä	2	16
laajentamaan	2	12
rakennuksia	2	11
energiapolitiikan	2	17
rajallisia	2	10
hyödynnetä	2	10
vauhtia	2	7
biomassalla	2	11
kaikkiaan	2	9
itävallassa	2	11
liitteet	2	8
pitkäaikaista	2	13
teollisuudenalojen	2	18
vakaa	2	5
marraskuun	2	10
kokonaiskulutuksesta	2	20
kasvaneet	2	9
lisätoimia	2	10
eteen	2	5
tarpeellisuudesta	2	17
fossiilisiin	2	12
suurempia	2	9
toivotulla	2	10
loppuhuomautus	2	14
by	2	2
investment	2	10
policies	2	8
have	2	4
is	2	2
erec	2	4
diagram	2	7
strong	2	6
imbalance	2	9
cooling	2	7
as	2	2
capacity	2	8
th	2	2
more	2	4
fuels	2	5
average	2	7
countries	2	9
potential	2	9
only	2	4
cyprus	2	6
end	2	3
collectors	2	10
eu15	2	4
square	2	6
metres	2	6
increase	2	8
led	2	3
example	2	7
share	2	5
geothermal	2	10
favorable	2	9
included	2	8
directive	2	9
ec	2	2
promotion	2	9
correspond	2	10
roughly	2	7
can	2	3
come	2	4
heat	2	4
that	2	4
policy	2	6
arvoisa	2	7
pyysitte	2	8
päivätyllä	2	10
kirjeellä	2	9
itre	2	4
oikeusperustaksi	2	16
liitetyssä	2	10
julistaa	2	8
konferenssin	2	12
mahdollistamalla	2	16
energiamuodot	2	13
energiaksi	2	10
rakentamiseksi	2	14
kunnioittavasti	2	15
tarkoittavan	2	12
lisääntynyttä	2	13
kiinteästi	2	10
kytköksissä	2	11
palvelukauppaa	2	14
tilastotietojen	2	15
väliarvioinnissa	2	16
strategialle	2	12
lissabonohjelma	2	15
kasvavien	2	9
odottamattomiin	2	15
ympäristönormit	2	15
vaatimattomat	2	13
kilpailukyvylle	2	15
sosiaalimalliin	2	15
globaaleihin	2	12
edistyttävä	2	11
keskikorkean	2	12
heikkouksiinsa	2	14
bioteknologia	2	13
maailmanmarkkinoille	2	20
väliarvioinnin	2	14
ympäristöstandardien	2	20
virinnyttä	2	10
hampton	2	7
courtiin	2	8
epäviralliseen	2	14
huippukokoukseen	2	16
painottivat	2	11
globaalistuvassa	2	16
-tiedonannossaan	2	16
ilmaisemia	2	10
innovaatio-	2	11
suurille	2	8
jälkeistä	2	9
toimintalinjoja	2	15
myönteisten	2	11
mukautumista	2	12
globalisaatioon	2	15
helpottava	2	10
koulutusjärjestelmän	2	20
kehitys-	2	8
innovaatioista	2	14
väärentämistä	2	13
tehokkaalla	2	11
riitojen	2	8
sitoutumaan	2	11
haasteeseen	2	11
etiketöintisääntöjen	2	20
alkuperämerkinnän	2	17
ratifioineet	2	12
panneet	2	7
kansainväliset	2	14
etuuskohtelua	2	13
kunnioittavat	2	13
työmarkkinansa	2	14
liikkuvampia	2	12
kilpailukykyisempiä	2	19
vapaalta	2	8
liikkuvuudelta	2	14
avaamisen	2	9
tehdasteollisuudessa	2	20
sidosryhmille	2	13
neuvottelustrategian	2	20
kauppaneuvotteluihin	2	20
asemansa	2	8
brasilian	2	9
tarkoituksenmukaiset	2	20
laajentuneen	2	12
suunnittelussa	2	14
trategisissa	2	12
neuvotteluista	2	14
maatalouspolitiikka	2	19
aaseudun	2	8
laatutuotteet	2	13
avainalueeseen	2	14
elinkeinot	2	10
käsitettynä	2	11
kehittämisstrategiat	2	20
maankäyttöä	2	11
jalostus	2	8
teollista	2	9
yleiskuva	2	9
eristyneisyys	2	13
erikoistuminen	2	14
vaikeat	2	7
ilmastoolosuhteet	2	17
‑alueella	2	9
maaseutumaisissa	2	16
kunnissa	2	8
km²	2	3
sek	2	3
tiheämmin	2	9
asutettujen	2	11
väestöä	2	7
lähialueilla	2	12
tilastollisiin	2	14
kuvaileviin	2	11
toimintaaloihin	2	15
rakennusala	2	11
tekstiiliala	2	12
oppisopimusteitse	2	17
taitotietoa	2	11
käynnistäessään	2	15
kontekstissa	2	12
vaarantamatta	2	13
ohjelmakaudella	2	15
ainutkertainen	2	14
kehittämisrahastosta	2	20
pääperiaatteista	2	16
euroopasta	2	10
houkuttelevampi	2	15
paikka	2	6
sijoittajille	2	13
osaaminen	2	9
kaupunkialueita	2	15
asettumista	2	11
lisäämiseen	2	11
metsätalousalalla	2	17
tietotaitoon	2	12
kaukonäköisiin	2	14
hyödyttävien	2	12
toteuttamistapoihin	2	19
parempien	2	9
monipuolistamalla	2	17
potentiaaliaan	2	14
houkuttelevina	2	14
työskentely-	2	12
asuinpaikkoina	2	14
pääsemiseksi	2	12
supistaa	2	8
avaintoimet	2	11
kehittämisohjelmia	2	18
metsätaloudesta	2	15
elintarvikealasta	2	17
nykyaikaistamiseen	2	18
viljelyssä	2	10
erityistarpeiden	2	16
kilpailukykyään	2	15
innovaatio	2	10
tärkeämpää	2	10
elintarvikealoilla	2	18
suuntausten	2	11
etulinjassa	2	11
maatalousyritysten	2	18
yhteistyömuotojen	2	17
seitsemännessä	2	14
alalle	2	6
maataloustuotteille	2	19
erityistuotteita	2	16
laadukkaat	2	10
ympäristövaikutusten	2	20
kyvystä	2	7
ympäristötehokkuuden	2	20
moninkertainen	2	14
vanhat	2	6
tuotantomenetelmät	2	18
vaihtoehtoisten	2	15
modernisointia	2	14
hankintaohjelmien	2	17
jatkuvuudelle	2	13
kohtamaan	2	9
saamisessa	2	10
esityksessä	2	11
sukupolvenvaihdosta	2	19
vesi	2	4
epäsuotuisassa	2	14
eläinystävällisten	2	18
kunnioittavien	2	14
viljelykäytäntöihin	2	19
velvoitetaan	2	12
kumppanuusmenettely	2	19
tulvien	2	7
olevilla	2	8
huolehtiminen	2	13
vesioloja	2	9
saastuttavia	2	12
varastona	2	9
luonnonmullistuksia	2	19
tulipaloja	2	10
tukitoimissa	2	12
ennaltaehkäisy	2	14
aavikoitumista	2	14
tuotantokustannuksia	2	20
perinteisiin	2	12
polttoaineisiin	2	15
erityistukea	2	12
epäsuotuisilla	2	14
luonnonhaitoista	2	16
kärsivillä	2	10
työllisyysasteen	2	16
vammaisuus	2	10
säilyminen	2	10
identiteettiä	2	13
maanviljelijöitä	2	16
perheitään	2	10
vanhempi	2	8
vanhusten	2	9
pienyrityksiä	2	13
lähestymistavat	2	15
keskeisinä	2	10
perheet	2	7
mikro-	2	6
opastukseen	2	11
opettaminen	2	11
laatutoimien	2	12
peruskirjat	2	11
laatumerkit	2	11
levittämisen	2	12
monipuolistamiseksi	2	19
osallistamisen	2	14
mittakaavaetuja	2	15
itlaitteet	2	10
taidot	2	6
yhteisörakenteisiin	2	19
tällaisin	2	9
aloittein	2	9
tiloilla	2	8
maaseutuyrityksissä	2	19
epäedullisesta	2	14
näkymiä	2	7
eloperäisten	2	12
energiatehokkuus-	2	17
urheiluun	2	9
perinteet	2	9
maaseutuväestön	2	15
kaupunkialueille	2	16
kaupunkimaisille	2	16
jälkeenjääneinä	2	15
tarpeista	2	9
elämänlaatu	2	11
metsänomistajat	2	15
kulttuuriperintöä	2	17
matkailua	2	9
leaderin	2	8
ideoita	2	7
verkossa	2	8
vaihtoa	2	7
perinteisesti	2	13
vahvuuksiin	2	11
heikkouksiin	2	12
tukeutumalla	2	12
sisäsyntyisiä	2	13
kehityshankkeita	2	16
toimintaalueista	2	16
kattamilla	2	10
erityisominaisuudet	2	19
vuoristoisuus	2	13
saaristoluonne	2	14
ristiriitaisuudet	2	17
asiantuntemusta	2	15
suunnittelemisen	2	16
osioilla	2	8
julkisuustoimista	2	17
aikaisin	2	8
myöhäisempiä	2	12
asetettaessa	2	12
seitsemännestä	2	14
liikenneverkoista	2	17
sta	2	3
aluetta	2	7
alemman	2	7
-työohjelmalla	2	14
-tyyppeihin	2	11
perheisiinsä	2	12
rakennepolitiikan	2	17
aluekehityksessä	2	16
kokemuksiin	2	11
suunnitellaan	2	13
suuntaviivoilla	2	15
prioriteetit	2	12
prioriteetteja	2	14
vahvan	2	6
prioriteetteina	2	15
tärkeinä	2	8
maataloudella	2	13
menoihin	2	8
suuntauksen	2	11
alkutuotantoa	2	13
luonnonmaiseman	2	15
yleisemmin	2	10
alkutuottajat	2	13
olojen	2	6
toimintalinjassa	2	16
suuntaviivaa	2	12
luetelmakohtiin	2	15
suuntaviivassa	2	14
näytetään	2	9
suuresta	2	8
johtuvista	2	10
haittatekijöistä	2	16
loistavat	2	9
maailmanmarkkinoiden	2	20
monipuoliseen	2	13
elintarvike-	2	12
tuotantomenetelmiä	2	18
turvaavat	2	9
kuivuus-	2	8
virallisille	2	12
pysymään	2	8
strategioihin	2	13
korkealaatuisten	2	16
omaavien	2	8
lievittämään	2	12
‑työohjelmalla	2	14
‑tyyppeihin	2	11
joustavaa	2	9
vakiolomaketta	2	14
tiedoksiannettavaa	2	18
tiedoksiantopäivästä	2	20
virallisia	2	10
virallisista	2	12
mainituin	2	9
tiedoksiantopäivän	2	18
turvaamisesta	2	13
vastaanottajan	2	14
postitiedoksiannot	2	18
tiedoksiantoja	2	14
lähettämällä	2	12
asuville	2	8
postitse	2	8
kirjattuna	2	10
kirjeenä	2	8
oikeudenkäyntiin	2	16
oikeudenkäynti	2	14
toimituttamasta	2	15
toivat	2	6
vastaanottavalle	2	16
asiakirjoja	2	11
valtioissa	2	10
lyhentämällä	2	12
marcin	2	6
libicki	2	7
nuno	2	4
alvaro	2	6
altistumisesta	2	14
keinotekoisista	2	15
aiheutuvalta	2	12
sovittelumenettely	2	18
käynnistettiin	2	14
strasbourgissa	2	14
valtuutti	2	9
rajoittamisen	2	13
suojelemiseen	2	13
keinotekoista	2	13
ehdotetusta	2	11
terveydestä	2	11
seurannassa	2	11
saatiin	2	7
muutetut	2	8
hyväksyttäväksi	2	15
määrärahakattojen	2	17
kaikkialle	2	10
hätätilan	2	9
ydinonnettomuuksia	2	18
erillisessä	2	11
ympäristölle	2	12
avustustoimissa	2	15
muutoksesta	2	11
vuosikymmenen	2	13
ilmastonmuutokseen	2	18
katastrofiriskien	2	17
integroituja	2	12
keskeisyyden	2	12
korostamisesta	2	14
prioriteetti	2	12
koteihinsa	2	10
elinkeinoihinsa	2	15
eristyneillä	2	12
erityispiirteitä	2	16
perille	2	7
hätätilanteen	2	13
nopeita	2	7
hätätilanteista	2	15
kärsiviä	2	8
toimintaresurssit	2	17
aiheuttamista	2	13
suuronnettomuuksista	2	20
verkottamistoimia	2	17
matkustavat	2	11
sattuu	2	6
toteutettaviin	2	14
yhdistyneillä	2	13
kansakunnilla	2	13
kaksinkertaisen	2	15
vapauttaa	2	9
saastuttaja	2	11
tietokannan	2	11
itsesuojelun	2	12
astetta	2	7
opetussuunnitelmiin	2	19
valistuskampanjoihin	2	20
onnettomuuksien	2	15
reagoimisen	2	11
ehkäisy-	2	8
pelastuspalveluun	2	17
kyky	2	4
toipua	2	6
ulkoisiin	2	9
osoittaminen	2	12
kärsimään	2	9
parantaisi	2	10
aiheuttaen	2	10
vakautusvälineen	2	16
erityisohjelmasta	2	17
järjestyksen	2	12
turvaamiseen	2	12
erityisluonteesta	2	17
hätätilanteilla	2	15
katastrofista	2	13
selviytymiseksi	2	15
henkilöresursseja	2	17
seurantaa	2	9
kunnat	2	6
antamiselle	2	11
minimoimaan	2	11
aihekokonaisuuksia	2	18
vaiheena	2	8
vaaran	2	6
varastoista	2	11
keinoista	2	9
välittämistä	2	12
aiheuttamiin	2	12
reagoimalla	2	11
toimintatavassa	2	15
salliessa	2	9
määrittelyn	2	11
budjettivarat	2	13
rahoituspuitteiksi	2	18
päättyvälle	2	11
budjettivaroja	2	14
lisämääräraha	2	13
asianmukaiselta	2	15
vakavalla	2	9
hätätilanteella	2	15
aiheuttamat	2	11
valmiustoimilla	2	15
suunnan	2	7
oikeaaikaista	2	13
katastrofiriskin	2	16
tasosta	2	7
kartoitukset	2	12
mallintaminen	2	13
skenaarioiden	2	13
valmiussuunnitelmien	2	20
ylikansallisia	2	14
kehittämisapu	2	13
harjoitukset	2	12
työpajat	2	8
vaihto	2	6
valmiustoimiin	2	14
puitteisiin	2	11
turvallisten	2	12
ylläpito	2	8
yhteyshenkilöiden	2	17
vaihdon	2	7
vilkastuttaminen	2	16
vähentämisessä	2	14
laboratorioiden	2	15
täyttävien	2	10
laitteistojen	2	13
siirrettävät	2	12
suoritettavissa	2	15
reagointitoimintojen	2	20
hätäpalveluiden	2	15
päällekkäisyyden	2	16
argus	2	5
suojeluohjelmaa	2	15
epcip	2	5
edunsaajaa	2	10
avustuksen	2	10
loppuosan	2	9
erien	2	5
suorittaminen	2	13
saavutetuista	2	13
laadullisista	2	13
määrällisistä	2	13
tullaan	2	7
tarkistuksiksi	2	14
saksassa	2	8
tärkeimpiin	2	11
bulgaria	2	8
romania	2	7
kohde	2	5
rahoittamisen	2	13
selkeyttäminen	2	14
-periaatteeseen	2	15
antamiin	2	8
erillistä	2	9
pelastuspalvelut	2	16
näkemykseen	2	11
viitaten	2	8
käyttöönotolla	2	14
ympäristönsuojelusta	2	20
väestönsuojelualan	2	18
avunannon	2	9
tähänastisia	2	12
suurkatastrofien	2	16
yksinkertaistamista	2	19
avoimella	2	9
euroksi	2	7
ennaltaehkäisevien	2	18
kohdistetaan	2	12
sekoittaa	2	9
väliarvioinnista	2	16
santa	2	5
feiran	2	6
yhteisiksi	2	10
vertailuperusteiksi	2	19
vanhempien	2	10
väestörakenteen	2	15
innovointiin	2	12
sitoutuivat	2	11
merkittävään	2	12
järjestöön	2	10
ikääntymässä	2	12
työntekijästä	2	13
muuteta	2	7
siirtyvään	2	10
henkilöön	2	9
työntekijää	2	11
riittävyyden	2	12
uhkasi	2	6
ikääntyvien	2	11
työmarkkinoilta	2	15
heikkeneminen	2	13
tehokkaimpana	2	13
työnteon	2	8
houkuttelevuus	2	14
työntekoon	2	10
kannustavilla	2	13
ehdotettaville	2	14
työpaikoille	2	12
laadullisia	2	11
ihmiskaupan	2	11
kunnollinen	2	11
asunto	2	6
tähdentää	2	9
eriarvoisuuteen	2	15
panostamaan	2	11
lastensa	2	8
ominaisuuksien	2	14
koulusta	2	8
koulutettujen	2	13
pitämisensä	2	11
työelämästä	2	11
koulutettu	2	10
asianmukaisilla	2	15
kolmannes	2	9
avioliiton	2	10
suuntaus	2	8
todiste	2	7
toimimista	2	10
instituutiona	2	13
lapsiin	2	7
syrjäytyä	2	9
kannustamalla	2	13
ikääntyviä	2	10
palkkauksessa	2	13
uhkaavaa	2	8
köyhyysriskiä	2	13
tarvittavana	2	12
työssäkäyvien	2	13
vanheneminen	2	12
keskittymään	2	12
eroina	2	6
työllisyydessä	2	14
ohjelmissa	2	10
elin-	2	5
kärsivien	2	9
asuinoloja	2	10
ikäihmiset	2	10
kaikilta	2	8
köyhyydessä	2	11
ikääntymistä	2	12
laajaalaisten	2	13
syrjäytyneiden	2	14
lisävakuutusten	2	15
lakisääteisten	2	14
valikoimasta	2	12
oikeudenmukaisuus	2	17
eläkekysymyksissä	2	17
voimavaroihin	2	13
terveydenhuollon	2	16
vastedeskin	2	11
yhdenmukaiset	2	13
ulottuvuutta	2	12
eliniän	2	7
torjuvien	2	9
tanska	2	6
köyhyysloukkuun	2	15
sosiaaliselle	2	13
syrjäytymiselle	2	15
asuinolot	2	9
kehotettava	2	11
keskeiseen	2	10
nykyaikaistaminen	2	17
terveydenhoitoa	2	15
elinikäistä	2	11
oppimista	2	9
ratkaisevana	2	12
epäkohtien	2	10
suunniteltua	2	12
pitäminen	2	9
ikääntyneiden	2	13
siirtyisi	2	9
alankomaissa	2	12
baltian	2	7
puolassa	2	8
ominaispiirteitä	2	16
keskiarvon	2	10
kymmenessä	2	10
ponnistelujen	2	13
haavoittuvien	2	13
epätasaarvoisten	2	16
sosiaalipolitiikan	2	18
analysoida	2	10
syrjäytymisestä	2	15
monilapsisten	2	13
laatimalla	2	10
terveydenhuolto-	2	16
vaikeuksien	2	11
kulttuuriset	2	12
harlem	2	6
désir	2	5
mikko	2	5
työllisyydestä	2	14
cese	2	4
päätöslauselmat	2	15
pääomaosakkuus	2	14
valtioita	2	9
monialaiset	2	11
erityyppisiä	2	12
tuotantoprosessien	2	18
ryhmittymät	2	11
kansainväliselle	2	16
avautumisesta	2	13
täytäntöönpanemien	2	18
lainsäädännöllisistä	2	20
tuottavien	2	10
ennakoinnista	2	13
väärennösten	2	12
monialaisen	2	11
olosuhteisiin	2	13
sosiaalikomitea	2	15
onnistumisen	2	12
turvaaminen	2	11
yhteiskunnallinen	2	17
ennakointiin	2	12
kilpailupolitiikka	2	18
yrityspolitiikka	2	16
mukauttamiseen	2	14
ennakoimattomiin	2	16
maantieteellistä	2	16
turvallisempia	2	14
tuomitsee	2	9
viemään	2	7
toimintaohjelmia	2	16
tekemiseen	2	10
kauppakumppaneita	2	17
usealla	2	7
jokaiseen	2	9
äskettäinen	2	11
vaikuttaviin	2	12
polkumyyntiä	2	12
vaalittava	2	10
jeanluc	2	7
rekisteröimisestä	2	17
aidoiksi	2	8
perinteisiksi	2	13
tuotteiksi	2	10
alkuperänimitysten	2	18
tuotettujen	2	11
tunnistaminen	2	13
helpottuisi	2	11
mainintojen	2	11
velvoitteeseen	2	14
tunnuksen	2	9
tunnusta	2	8
perinteisenä	2	12
alkuperäpaikka	2	14
perinteisellä	2	13
tunnustetuista	2	14
aidoista	2	8
alkuperänimityksinä	2	19
maantieteellisinä	2	17
merkintöinä	2	11
vastaväitemenettelyn	2	20
sijoittautuneille	2	17
väitteensä	2	10
tarkastelee	2	11
asettaminen	2	11
hakijaryhmittymästä	2	19
tarkastuselimistä	2	17
perinteiseen	2	12
lyhenne	2	7
tunnuksia	2	9
tarkastuslaitoksilla	2	20
aidoksi	2	7
perinteiseksi	2	13
tuotteeksi	2	10
maataloustuote	2	14
rekisteröityä	2	13
jalostetun	2	10
rekisteröidyn	2	13
nimen	2	5
ryhmittymältä	2	13
maantieteellisiä	2	16
suojattujen	2	11
luomiselle	2	10
lutz	2	4
goepel	2	6
tonnikalan	2	10
kiribati	2	8
tonnikalaalusten	2	16
länsiosien	2	10
mikronesia	2	10
fishery	2	7
kalastusmaksu	2	13
kultakin	2	8
kalastussopimus	2	15
paperilla	2	9
alueellistyyppisen	2	18
viimeistä	2	9
kurenuottaalusten	2	17
kalastussopimusten	2	18
rohkaisemaan	2	12
tuomiin	2	7
nykytilannetta	2	14
viestintäverkkojen	2	18
puitedirektiivi	2	15
verkko-	2	7
tietoturvaviraston	2	18
verkko	2	6
jälleenmyynnistä	2	16
jäsenvaltioista	2	15
i2010aloitteen	2	14
umpeen	2	6
konkreettisiin	2	14
kaventaa	2	8
tvt:llä	2	7
panostamista	2	12
jäsenmaat	2	9
joustavaan	2	10
poistettua	2	10
tuottajina	2	10
aktiivisiksi	2	12
omaksumaan	2	10
tulevaisuuteen	2	14
viestimet	2	9
mediapalvelut	2	13
audiovisuaaliset	2	16
viestintää	2	10
analogisesta	2	12
suosii	2	6
lähetysvälineiden	2	17
yhteensovitettuja	2	17
lainsäädäntökehystä	2	19
yhdenmukaistumista	2	18
vivahteikkaampia	2	16
asiakaskohtaisesti	2	18
investoiminen	2	13
digitekniikoiden	2	16
kulttuurillista	2	15
käsitelleessä	2	13
tunisin	2	7
intensiivisesti	2	15
vakaus-	2	7
lähentymisohjelmia	2	18
emu:n	2	5
i2010tavoitteiden	2	17
rahoituskehyksissä	2	18
likvidit	2	8
pääomamarkkinat	2	15
alentavat	2	9
lainakustannuksia	2	17
mikroluottoja	2	13
riskipääomamuotoja	2	18
sitkeästi	2	9
ilmenevään	2	10
vakavaan	2	8
riskinottokulttuurin	2	20
puutteeseen	2	11
keventämään	2	11
käynnistysvaiheen	2	17
rahoitustilannetta	2	18
epätasapainoa	2	13
tukeva	2	6
i2010ohjelma	2	12
siirryttäessä	2	13
vuorovaikutteisuutta	2	20
yhteisöllisyyden	2	16
kriittinen	2	10
valinnoissaan	2	13
esiintulo	2	9
ammattilaisille	2	15
oikeuksiaan	2	11
yleistymisestä	2	14
moraalisia	2	10
kannustamista	2	13
syntyä	2	6
yksinkertaistamisen	2	19
verkkopalveluihin	2	17
tulkitessaan	2	12
omistuspohjan	2	13
keskittämistä	2	13
perusteellisten	2	15
käytävässä	2	10
internetiä	2	10
sisältöjen	2	10
kokevat	2	7
helpoksi	2	8
kehittymiselle	2	14
uudelleentarkastelun	2	20
olennaista	2	10
levittämistä	2	12
kielellistä	2	11
ammattien	2	9
yhdenmukaistetussa	2	18
sääntelykehyksessä	2	18
turvan	2	6
oikeussuojan	2	12
sääntelyyn	2	10
korjaamiseen	2	12
hinnat	2	6
järjestettävän	2	14
internetpalveluihin	2	19
luotettavuutta	2	14
petoksiin	2	9
haitallisiin	2	12
sisältöihin	2	11
alaikäisten	2	11
ihmisarvon	2	10
yksityiselämän	2	14
teknisiin	2	9
vikoihin	2	8
kilpailusääntöjä	2	16
noudattamalla	2	13
syrjimättä	2	10
syntyminen	2	10
vaatimuksiaan	2	13
sovellusrajapintojen	2	20
syyskuuhun	2	10
innovaatioille	2	14
seitsemännen	2	12
tukevista	2	9
yhdennettyihin	2	14
yksinkertaisempiin	2	18
verotusjärjestelmiin	2	20
yhtenäistetyn	2	13
yritysveropohjan	2	16
menestystä	2	10
kansalais-	2	10
opetusta	2	8
kuvamateriaalia	2	15
vuorovaikutteisen	2	17
uudenlainen	2	11
kulttuurinen	2	12
yleisradion	2	11
moniarvoisuuden	2	15
hallituksia	2	11
i2010aloitteet	2	14
vaivattomammin	2	14
investoidaan	2	12
henkiseen	2	9
myöntämällä	2	11
peruskoulutuksen	2	16
edistäen	2	8
tvttuotteiden	2	13
erityiskoulutuksella	2	20
opetuksessa	2	11
aikuiskoulutuksessa	2	19
uudenaikaisia	2	13
ammatillisella	2	14
kaikentasoisissa	2	16
opiskelupaikoissa	2	17
opiskelevista	2	13
päätöksentekijöille	2	19
tvtkoulutukseen	2	15
kasvaisi	2	8
työpaikoissa	2	12
paikasta	2	8
ajasta	2	6
kansalaisuus	2	12
hallintojen	2	11
peruskirja	2	10
noista	2	6
muunnetaan	2	10
syrjimätön	2	10
korkealaatuiset	2	15
turvallisessa	2	13
-alustoja	2	9
internetistä	2	12
matkapuhelimiin	2	15
aikakautena	2	11
peruskirjaan	2	12
järkeistäminen	2	14
uudelleensuunnittelu	2	20
perusedellytyksiä	2	17
tiedotusvälineillä	2	18
muuttaneen	2	10
ajattelutapaan	2	14
erottamattomasti	2	16
demokraattiseen	2	15
ihmisoikeuksiin	2	15
i2010aloitteessaan	2	18
audiovisuaalisen	2	16
audiovisuaalisilla	2	18
viestimillä	2	11
kulttuurisina	2	13
yksityisyyden	2	13
viestintään	2	11
väärinkäyttöön	2	14
teknologiaaloitteita	2	20
ratkaisemiseen	2	14
yksityisyyttä	2	13
toteutumisesta	2	14
viestimiin	2	10
ohjauksen	2	9
omaksi	2	6
hyödykseen	2	10
kasvavaa	2	8
vakuuttaa	2	9
oppimisprosessin	2	16
saamiaan	2	8
viestintäänsä	2	13
vapauttaan	2	10
tutkimusvarojaan	2	16
kilpailulainsäädäntö	2	20
lähentymisen	2	12
vuorovaikutuksen	2	16
peruskirjaa	2	11
moninaisuuden	2	13
unescon	2	7
suojelu-	2	8
audiovisuaalisten	2	17
kaksitahoisesta	2	15
kulttuurillisina	2	16
monikielisyyden	2	15
vahvistamisen	2	13
toimielinmallia	2	15
harkintaajan	2	12
säätäessään	2	11
toimintalinjoissaan	2	19
korostaminen	2	12
vallankumous	2	12
heikennä	2	8
vakiinnu	2	8
yhtäläisin	2	10
aliedustettuja	2	14
tietotekniikkaan	2	16
kyvyttömyys	2	11
lukutaidottomuus	2	16
kohtuuttomassa	2	14
säännöstöstä	2	12
mediamarkkinoiden	2	17
tiedotusvälineille	2	18
kampanjoidessa	2	14
muotoutumassa	2	13
lupaavat	2	8
työmahdollisuudet	2	17
tvtalalle	2	9
aseta	2	5
joustavat	2	9
seuduilla	2	9
vähemmistöihin	2	14
pahoinpideltyjen	2	16
naisvankien	2	11
ylennetään	2	10
päätöksentekotasolle	2	20
naisyrittäjät	2	13
varsinaiset	2	11
melkoisen	2	9
viestintäala	2	12
viestintäyritysten	2	18
ubiquitous	2	10
teknologiaa	2	11
esineiden	2	9
ilmoittavat	2	11
digitaalisilla	2	14
ekotehokkuuden	2	14
lakipaketin	2	11
kohtuullisella	2	14
taajuushallinnon	2	16
giulietto	2	9
chiesa	2	6
edistävästä	2	11
attardmontalto	2	14
suosimisesta	2	12
-tarkoituksiin	2	14
‑tarkoituksiin	2	14
älykäs	2	6
energiahuolto	2	13
dieselpolttoaineiden	2	20
elinkaaren	2	10
maanviljelylle	2	14
kannattava	2	10
kasvihuoneilmiön	2	16
toimitusvarmuus	2	15
kehittyvien	2	11
polttoaineista	2	14
tapahtuneiden	2	13
kulutuksesta	2	12
hiilidioksidia	2	14
tullien	2	7
kestävästi	2	10
ympäristöehtoja	2	15
sivutuotteita	2	13
biomassaenergia	2	15
viljasta	2	8
puujätteiden	2	12
jätetuotteiden	2	14
tulevasta	2	9
mukautuisivat	2	13
varmuutta	2	9
jäte	2	4
valintaan	2	9
biodieselin	2	11
bioetanolin	2	11
kauppapolitiikka	2	16
tuotetut	2	8
korottamaan	2	11
bioetanolille	2	13
viljelylle	2	10
energiakasveille	2	16
ilmaa	2	5
strategioissa	2	13
autoja	2	6
puoltaa	2	7
säästäviä	2	9
tuotetaan	2	9
tuomien	2	7
tullit	2	6
edistämisen	2	11
polttoaineet	2	12
globalisoituminen	2	17
vapautuminen	2	12
kilpailukykyiset	2	16
uudistuksessa	2	13
viljelykasveja	2	14
tulotuen	2	8
kesantomaalla	2	13
taattu	2	6
polttoaineen	2	12
uusiutuva	2	9
uusiutuvasta	2	12
valmistelemassa	2	15
korvike	2	7
johtava	2	7
brasilia	2	8
näkökulmaa	2	10
pesuaineet	2	10
maalit	2	6
polymeerit	2	10
tuontituotteiden	2	16
palmuöljyn	2	10
aiheuttanut	2	11
hajoavat	2	8
tärkeintä	2	9
suhteellinen	2	12
keskittämään	2	12
bur	2	3
säästämällä	2	11
tase	2	4
positiiviseen	2	13
tehneen	2	7
ylijäämä	2	8
määrärahasta	2	12
varaukseen	2	10
varainhoitovuoden	2	17
vähimmäisturvaa	2	15
tavaran-	2	8
palveluntoimittajiin	2	20
sopimuskumppaneihin	2	19
sitoumustensa	2	13
myönnettävät	2	12
hakeneiden	2	10
lukumäärästä	2	12
lukumäärässä	2	12
puoluetta	2	9
haki	2	4
määrärahahakemuksen	2	19
nostaen	2	7
kymmeneen	2	9
parlamentista	2	13
rohkaise	2	8
taloudenhoitoa	2	14
budjettirakennetta	2	18
standardisopimuksen	2	19
budjettiluokkien	2	16
muuttamasta	2	11
tavoitteitaan	2	13
päätoimipaikka	2	14
belgialaisen	2	12
verotuksessa	2	12
vaalien	2	7
puolueohjesääntöön	2	18
järjestettyjen	2	14
lainsäädäntökauden	2	18
suuruisen	2	9
vastaanottajien	2	15
määrittämiseksi	2	15
kokonaisbudjetista	2	18
suuremmat	2	9
asialle	2	7
omistajaohjauksen	2	17
corporate	2	9
governance	2	10
etenemissuunnitelma	2	19
osakeyhtiön	2	11
osakkeidensa	2	12
jakokelpoisiin	2	14
rahastoihin	2	11
perustuvaan	2	11
enimmäismäärään	2	15
osakepääomansa	2	14
omistusrakenteissa	2	18
elinkelpoisuuden	2	16
osakkeenomistajilla	2	19
kyseisillä	2	10
sisäpiirikaupoista	2	18
manipuloinnista	2	15
arvopaperikaupoista	2	19
paremmasta	2	10
vastaisuudessa	2	14
nimensä	2	7
arvopaperit	2	11
arvostetaan	2	11
painotetulla	2	12
keskihinnalla	2	13
poikkeukselliset	2	16
tapahtumat	2	10
muuttuu	2	7
arvosta	2	7
kaltaiseen	2	10
arvostusnormien	2	15
‑periaatteiden	2	14
uudelleenarvostusta	2	19
korottamisesta	2	14
osakkeenomistajan	2	17
omaisuuseriä	2	12
tilikauden	2	10
lakisääteiseen	2	14
tilinpäätökseen	2	15
tilinpäätökset	2	14
raha	2	4
vastikkeesta	2	12
rahasta	2	7
vastaavatko	2	11
nimellisarvon	2	13
kirjanpidollista	2	16
vastaarvoa	2	10
suoritettavaa	2	13
ylikurssia	2	10
säädetyllä	2	10
yhtiökokous	2	11
yksityiskohtaisemmat	2	20
vastikkeellisessa	2	17
hankinnassa	2	11
hankittavat	2	11
maksettuja	2	10
ilmoitusvaatimukset	2	19
lainaa	2	6
vakuutta	2	8
käytettäväksi	2	13
viidennessä	2	11
päätösvaltaisuutta	2	18
maksuvalmiudelle	2	16
vakavaraisuudelle	2	17
kokonaisrahoitus	2	16
yhtiöltä	2	8
laskettuja	2	10
selvitysten	2	11
enemmistöosakas	2	15
alaraja	2	7
vähemmistöosakasta	2	18
osakkeensa	2	10
nimittämä	2	9
oikeushenkilöitä	2	16
lunastusoikeuksia	2	17
vähemmistöosakkaille	2	20
slimhankkeen	2	12
legislation	2	11
internal	2	8
aloitti	2	7
eräät	2	5
sovittamalla	2	12
act	2	3
kehittymiseen	2	13
osakkeista	2	10
omistusrakenteen	2	16
kielteisesti	2	12
kehitysohjelmaa	2	15
seattlessa	2	10
pidetystä	2	9
ministerikokouksesta	2	20
sutherlandin	2	12
millennium	2	10
monenvälinen	2	12
onnistuneesti	2	13
edesauttaa	2	10
kierrokselle	2	12
kehitystavoitteita	2	18
kauppajärjestelmän	2	18
epätasapaino	2	12
päästy	2	6
kotimaista	2	10
jäsenmaiden	2	11
protektionismia	2	15
vastuuvelvollisuutta	2	20
halunsa	2	7
wto:lle	2	7
monenvälisissä	2	14
merkittävimpien	2	15
onnistuneen	2	11
vaikeiden	2	9
kauppasuhteiden	2	15
yhtenäissitoumuksen	2	19
neuvotteluvaltuuksia	2	20
kumppanimaat	2	12
vääristäviä	2	11
laatikossa	2	10
vientiluottojen	2	15
täytäntöönpanokauden	2	20
kurinpitotoimia	2	15
vientiluotot	2	12
valtionyritykset	2	16
elintarvikeapu	2	14
alentamisen	2	11
vientikilpailua	2	15
tuontitavaroihin	2	16
kotimaisiin	2	11
tariffileikkausten	2	18
elinkeinojen	2	12
tuista	2	6
tulleja	2	7
valuuttarahaston	2	16
elintarviketurvaan	2	18
suhteitaan	2	10
käsitykset	2	10
g10maihin	2	9
valtioihin	2	10
avautuminen	2	11
aktvaltioille	2	13
etuusmarginaalien	2	17
kolmikantakauppaa	2	17
viineille	2	9
väkeville	2	9
alkoholeille	2	12
taksoihin	2	9
osittaisen	2	10
tariffileikkauksissa	2	20
tariffeihin	2	11
eikaupallisten	2	14
vapauttamaan	2	12
vaatimuksensa	2	13
tärkeimmillä	2	12
osaalueilla	2	11
velan	2	5
tutkimisessa	2	12
osoittamiinsa	2	13
paranneltuja	2	12
gatssitoumuksia	2	15
rahoituspalveluissa	2	19
konkreettiseen	2	14
huomioiden	2	10
pääsisivät	2	10
kiintiövapaa	2	12
tullietuuksien	2	14
julkistettu	2	11
tripssopimuksen	2	15
väärennettyjen	2	14
patenttioikeuksien	2	18
verotuloihin	2	12
polkumyynnin	2	12
kauppasuhteille	2	15
vakaasti	2	8
hallintotavan	2	13
katettaisiin	2	12
kaksinkertainen	2	15
hinnoittelu	2	11
muunlaisten	2	11
uhkaavien	2	9
vientirajoitusten	2	17
selkäranka	2	10
kauppajärjestelmään	2	19
yksityisomaisuutta	2	18
kauppapolitiikassaan	2	20
poistaen	2	8
kaupallisen	2	11
sijoittautumiseen	2	17
kauppaoikeuksiin	2	16
lujittamalla	2	12
välitysmekanismeja	2	18
tariffiesteisiin	2	16
monenväliselle	2	14
kauppajärjestelmälle	2	20
ipu	2	3
ipu:n	2	5
jäsenillä	2	9
sellaisissa	2	11
edustajakokouksen	2	17
loppuasiakirjaan	2	16
puheenjohtajalle	2	16
και	2	3
kauppaneuvottelujen	2	19
osapuolien	2	10
vaatimattomiksi	2	15
keskittyen	2	10
asettivat	2	9
vääristävien	2	12
markkinoillepääsyyn	2	19
suojamekanismin	2	15
tariffivähennysten	2	18
kertoimien	2	10
palvelukaupan	2	13
tullinimikettä	2	14
tuotantoaan	2	11
merkittävämpää	2	14
markkinoitaan	2	13
markkinoillepääsyn	2	18
kokousta	2	8
kierroksesta	2	12
mailla	2	6
tie	2	3
suhteissa	2	9
heikossa	2	8
jäsenmaita	2	10
pohjoisen	2	9
valmiita	2	8
murenemisen	2	11
syvästi	2	7
dohassa	2	7
köyhimmät	2	9
säännöspuitteiden	2	17
pääomamarkkinoihin	2	18
testejä	2	7
syrjitä	2	7
rahoitusalan	2	12
avata	2	5
useammankeskisellä	2	18
palvelualaa	2	11
neuvottelukierroksen	2	20
syksyllä	2	8
eteläisten	2	10
halukkuutta	2	11
ministereiden	2	13
maatalousosiota	2	15
myönnytykset	2	12
julkilausumaan	2	14
ministerineuvoston	2	18
ilmaistut	2	9
päätetty	2	8
lontoossa	2	9
g8maiden	2	8
lomén	2	5
laajempien	2	10
sijoittajia	2	11
kauppasuhteet	2	13
everything	2	10
but	2	3
arms	2	4
aktmaihin	2	9
aktalueita	2	10
toimintatilaa	2	13
asteittaista	2	12
pyytääkin	2	9
talouksiin	2	10
tariffitulojen	2	14
solmittavan	2	11
tuonnin	2	7
tarjontapuolen	2	14
allekirjoittaa	2	14
verkkoonpääsymaksut	1	19
todelliset	1	10
käyttämättömän	1	14
lyhytaikainen	1	13
vastaavasta	1	11
järjestössä	1	11
streamlining	1	12
exchange	1	8
gas	1	3
easeegas	1	8
erityiselle	1	11
teollisuusryhmälle	1	18
easeegasjärjestöön	1	18
rasite	1	6
easeegasjärjestössä	1	19
aikaviive	1	9
jäädyttää	1	9
äänestystä	1	10
renato	1	6
brunetta	1	8
hannes	1	6
swoboda	1	7
tasoja	1	6
alueyksikköjen	1	14
nimikkeistöä	1	12
tarvittiin	1	10
tapahtuivat	1	11
kulmakiveksi	1	12
tilastoperustana	1	16
osalla	1	6
tukikelpoisiksi	1	15
jälkimmäisessä	1	14
nuts‑luokan	1	11
pienimpiä	1	9
alueyksikköjä	1	13
väestökriteerejä	1	16
nutsluokasta	1	12
perusti	1	7
tarkoituksenaan	1	15
jouduttiin	1	10
valmisteltu	1	11
hallintorakenteiden	1	19
muutosprosessia	1	15
minimoida	1	9
tämäntyyppisillä	1	16
käyttö-	1	7
äskettäisen	1	11
kehittyi	1	8
jakoja	1	6
aluepolitiikan	1	14
virallisiin	1	11
jakoihin	1	8
normatiiviset	1	13
kolmitasoinen	1	13
hierarkkinen	1	12
aluetasolla	1	11
kuntia	1	6
hallintorakenne	1	15
pääasialliseen	1	14
aluetasoon	1	10
ryhmittely	1	10
nutstasolle	1	11
päätason	1	8
merkitykseltään	1	15
olematonta	1	10
luokittelutaso	1	14
nutstason	1	9
nutsasetuksessa	1	15
nutsalueiden	1	12
kokoa	1	5
enimmäiskynnysarvot	1	19
kommentteja	1	11
ehdottamassa	1	12
muunnettu	1	9
tilastonimikkeistä	1	18
tämäkin	1	7
tarpeellisten	1	13
liitettä	1	8
syntyi	1	6
laajentuessa	1	12
tasavaltaan	1	11
viroon	1	6
kyprokseen	1	10
latviaan	1	8
liettuaan	1	9
unkariin	1	8
maltaan	1	7
puolaan	1	7
sloveniaan	1	10
slovakiaan	1	10
määrittelytaulukko	1	18
epäyhtenäisyys	1	14
ruotsin	1	7
brysselin	1	9
toimitettavissa	1	15
yksiköihin	1	10
jaetuissa	1	9
tilastoissa	1	11
nutsluokitusta	1	14
tilastoyksiköiden	1	17
artiklaosaan	1	12
kappaleita	1	10
liittyneiden	1	12
liittymissopimuksia	1	19
laadinta	1	8
nutstaso	1	8
eroavuuksilta	1	13
väestömäärältään	1	16
kokonaisuuksien	1	15
kuulumiselta	1	12
nutstasoon	1	10
bielan	1	6
marques	1	7
käyttökelpoisuuden	1	18
valvontastrategiaa	1	18
kansallisena	1	12
keskuksena	1	10
valvontastrategian	1	18
johtamisesta	1	12
yhteentoimiviksi	1	16
rekisteröintimaasta	1	19
tieliikenteeseen	1	16
aetrsopimus	1	11
matkaan	1	7
valtuutetuille	1	14
tarkastajille	1	13
tarpeellinen	1	12
tarkastustehtävät	1	17
ohitettu	1	8
kiristämistä	1	12
kytkeminen	1	10
yleistymiseen	1	13
mielekästä	1	10
nojautuen	1	9
aientaa	1	7
tyyppi	1	6
kuljetettiinko	1	14
matkustajia	1	11
tarkkojen	1	9
luokiteltuina	1	13
matkustajien	1	12
tarkastetun	1	11
rekisteröintivaltio	1	19
omistajayrityksen	1	17
tarkastetut	1	11
sijaitsevia	1	11
huoltoasemia	1	12
levähdys-	1	9
pysäköintipaikkoja	1	18
paikkoja	1	8
autoilijoille	1	13
palvelualueita	1	14
tarkastuspaikkoina	1	18
huoltoasemat	1	12
tarkastuspaikoissa	1	18
lähdössä	1	8
ilmeisen	1	8
pysäköity	1	9
vaaratilanne	1	12
esitetystä	1	10
esitykseen	1	10
tehtäväluetteloa	1	16
poistamat	1	9
seuraamuksista	1	14
toistuvia	1	9
raskaampia	1	10
vakavina	1	8
rikoksina	1	9
kuutta	1	6
ajoaikarajoitusten	1	18
päivittäisen	1	12
vähimmäislepoajan	1	17
tauon	1	5
rikkomistavoista	1	16
määrättävien	1	12
enimmäisseuraamusten	1	20
vaikuttaisi	1	11
työskentelyyn	1	13
voimaantultua	1	13
artiklalla	1	10
kuljetuksia	1	11
viiteajanjakson	1	15
prosenttiosuuteen	1	17
porrastusta	1	11
ehdottamasta	1	12
prosentuaalista	1	15
prosenttiluvut	1	14
muitakaan	1	9
päässyt	1	7
erilaisin	1	9
hylätty	1	7
säädöksiin	1	10
sisältyvistä	1	12
vahvistama	1	10
pettymys	1	8
poikkeuksetta	1	13
ydinkohtia	1	10
puuttunut	1	9
outona	1	6
tulkintoja	1	10
paljastaa	1	9
rajoitetumpi	1	12
haluama	1	7
suurpiirteisempi	1	16
tarkastuksien	1	13
tarkastettavia	1	14
vesittämä	1	9
itsekin	1	7
kilpailuedellytykset	1	20
lieviä	1	6
lepoaikaasetuksen	1	17
turhaa	1	6
palataan	1	8
sanamuotoon	1	11
normista	1	8
työaikadirektiiviin	1	19
tapahtuvissa	1	12
valvottaisiin	1	13
viikottaista	1	12
enimmäistyöaikaa	1	16
toteutettavassa	1	15
ongelmitta	1	10
portaittainen	1	13
järkevältä	1	10
kunnianhimoton	1	14
portaittaisen	1	13
nopeuttaisi	1	11
lisäykset	1	9
jakautumisessa	1	14
vähimmäisluvuistaan	1	19
joustovaraa	1	11
vesittäisi	1	10
päätyi	1	6
poliisin	1	8
saavuttaessa	1	12
lähdettäessä	1	12
huom	1	4
numerointi	1	10
numerointia	1	11
selventäviä	1	11
paikoissa	1	9
tasapainosta	1	12
paikkojen	1	9
mainitseminen	1	13
koordinoivan	1	12
supistettu	1	10
kaksoisrakenne	1	14
koordinointielimen	1	18
vakuuttavaa	1	11
luetellut	1	9
elimestä	1	8
tahon	1	5
tuntee	1	6
sanelee	1	7
paraikaa	1	8
luomassa	1	8
koordinointielintä	1	18
lähtevät	1	8
tarkastelkaamme	1	15
poistanut	1	9
salliva	1	7
tyhjäksi	1	8
tarkoitetulla	1	13
kertomuksella	1	13
tarkistettuun	1	13
tiekuljetusten	1	14
rikkomusluokkaa	1	15
kummallista	1	11
yksinkertaista	1	14
haluamat	1	8
sanamuodossa	1	12
vahvistetussa	1	13
suostu	1	6
lähennytty	1	10
muutettavat	1	11
tulkitsevat	1	11
tieliikennealan	1	15
tekijöihin	1	10
kohdistu	1	8
kilpailupaineita	1	16
myöntämät	1	9
organisaatiot	1	13
tiukan	1	6
alaikärajoista	1	14
apulaisten	1	10
siirtymäsäännökset	1	18
perustason	1	10
ammattipätevyydestä	1	19
jatkokoulutuksesta	1	18
kuljettajakortilleen	1	20
tallennuslaite	1	14
varustettava	1	12
laitteistolla	1	13
määräpäivään	1	12
jaksoa	1	6
enimmäisajoaikojen	1	18
tapahtuvin	1	10
tarkastuksin	1	12
yhdenmukaisista	1	15
ajoaikoja	1	9
tallennuslaitteiston	1	20
valvontapäivää	1	14
ajoaikojen	1	10
lyhennettyjen	1	13
korvauslepoaikojen	1	18
todistuksen	1	11
jollaista	1	9
syöttämisestä	1	13
manuaalisesti	1	13
tallennuslaitteeseen	1	20
viikoittaista	1	13
työaikaa	1	8
vertailuaikajakson	1	18
nostettava	1	10
työskentelyn	1	12
tarkastettaisiin	1	16
ajopiirturia	1	12
optimaalisella	1	14
tehokkuudella	1	13
tavaraliikenteeseen	1	19
lähetti-	1	8
enimmäispaino	1	13
toimintasäde	1	12
matkasta	1	8
koneiden	1	8
nopeuksia	1	9
noudatettavaa	1	13
traktorit	1	9
traktoreihin	1	12
sotatilan	1	9
hätä	1	4
maidon	1	6
keräämiseen	1	11
maitovalmisteiden	1	17
palauttamiseen	1	14
maatiloille	1	11
taprov	1	6
sähkö-	1	6
kaasulaitoksen	1	14
lennätin-	1	9
puhelinlaitoksen	1	16
televisiotoiminnassa	1	20
televisiolähetinten	1	19
-vastaanotinten	1	15
paikantamisessa	1	15
vetoajoneuvon	1	13
työkoneiden	1	11
ammattinsa	1	10
harjoittamisessa	1	16
sadan	1	5
säteellä	1	8
kuljetusyrityksen	1	17
kuljetus	1	8
päätoimi	1	8
asennettava	1	11
rakennusalalla	1	14
työkoneita	1	10
toimiakseen	1	11
kuljettajana	1	12
kuljettaakseen	1	14
jälkimmäisen	1	12
neljässä	1	8
pisimmän	1	8
sijoittaminen	1	13
ilmenneet	1	9
tarpeistaan	1	11
organisoida	1	11
työpäivänsä	1	11
viivästymät	1	11
peräkkäiseksi	1	13
tunniksi	1	8
paikkakunnilla	1	14
ajoajalla'	1	10
liikenteessä	1	12
ajaakseen	1	9
työskentelypaikalle	1	19
ajoneuvolle	1	11
ajo	1	3
ohjaamalla	1	10
ajomatka	1	8
skills	1	6
-tuomion	1	8
päivittäiseen	1	13
viikoittaiseen	1	14
ajoaikaan	1	9
täydennyksellä	1	14
henkilöautolla	1	14
paikkaan	1	8
bussi	1	5
ajamaan	1	7
bussilla	1	8
lepotaukoja	1	11
kierretään	1	10
alaikärajat	1	11
henkilöllä	1	10
tavaraliikenteen	1	16
ulottuvan	1	9
reitin	1	6
reiteillä	1	9
henkilöliikenteestä	1	19
hankkineen	1	10
-1a	1	3
ammattia	1	8
säännellyt	1	10
vähimmäistauot	1	14
ajoajoille	1	10
kestävillä	1	10
tauoilla	1	8
väliin	1	6
minuutin	1	8
yhtäjaksoisen	1	13
vähimmäistauko	1	14
taukoja	1	7
käsittämätön	1	12
lyhennetyt	1	10
palkkio	1	7
palkkioiden	1	11
kertakorvaukset	1	15
sanktioimisen	1	13
polkemista	1	10
painostamista	1	13
enimmäistuntimäärien	1	20
ylityksiä	1	9
kuljetusyritysten	1	17
täysvastuu	1	10
sivuuttaa	1	9
todistusaineisto	1	16
hyötyy	1	6
työajoista	1	10
selville	1	8
palveluksessa	1	13
määräaikaisesti	1	15
kokonaistyöajan	1	15
työehtosopimusten	1	17
yksittäisesti	1	13
luvanvaraisiksi	1	15
toissijaista	1	12
ajosäde	1	7
kilometriin	1	11
vesilaitoksen	1	13
esittäjän	1	9
markkinoilta	1	12
teurastamoihin	1	14
lukumääräksi	1	12
prosentissa	1	11
valvontalaitteisto	1	18
valvontadirektiiviä	1	19
valvontalaitteiden	1	18
pakolliseen	1	11
laajuudessa	1	11
poikkeussääntöjä	1	16
pantavissa	1	10
rajallinen	1	10
kannassaan	1	10
poikkeussääntöihin	1	18
erinäisiä	1	9
nykyisiäkään	1	12
rikkomiseen	1	11
rikkomukset	1	11
luokiteltava	1	12
rikkomuksiin	1	12
luokittelulla	1	13
luokittelun	1	11
puututa	1	7
rikottu	1	7
korjattu	1	8
määräämiin	1	10
seuraamuksiin	1	13
tilapäinen	1	10
estäminen	1	9
liikennöintiluvan	1	17
ajokortin	1	9
kumoaminen	1	10
yksiselitteiset	1	15
tällaisilla	1	11
ennaltaehkäisevä	1	16
yhtenäisemmän	1	13
tulkinnasta	1	11
käymää	1	6
valvontaelimiä	1	14
tulkinta-	1	9
soveltamisohjeet	1	16
viitatut	1	8
ajanjaksot	1	10
valmistetuissa	1	14
käyttöönottopäivät	1	18
realistisia	1	11
elinkeinoelämä	1	14
valmistettujen	1	14
lisävarustelun	1	14
siirtymäaikaa	1	13
varustaminen	1	12
tullessa	1	8
paneuduttiin	1	12
yritti	1	6
yksiselitteisemmin	1	18
kattavammin	1	11
aetrsopimusta	1	13
kuorma-	1	7
tonnin	1	6
painoiset	1	9
kuormaautot	1	11
henkilöajoneuvot	1	16
karsi	1	5
ottaakseen	1	10
autokuljetusalalla	1	18
kiistoihin	1	10
tulkinnat	1	9
työntekijäpuolen	1	16
paranisi	1	8
elementtinä	1	11
muuallakin	1	10
syyllistyä	1	10
merkittävimmät	1	14
olleiden	1	8
usea	1	4
määrittelemättä	1	15
vahvistettavien	1	15
edellytettiin	1	13
postipalvelut	1	13
ammatinharjoittajien	1	20
maidontuottajat	1	15
erityistilanteesta	1	18
-käsitteen	1	10
-ilmaus	1	7
korvattiin	1	10
kalenteriviikko	1	15
-ilmauksella	1	12
palauttaminen	1	13
vakavuuteen	1	11
luokittelu	1	10
kuljetuksista	1	13
liittymättömissä	1	16
rekisteröidyillä	1	16
häiriöitä	1	9
pakollista	1	10
analyysista	1	11
pääteltävissä	1	13
keskeisiltä	1	11
vähimmäislepoaika	1	17
tunnista	1	8
yhdeksään	1	9
tuntiin	1	7
viikossa	1	8
yhtäjaksoisesta	1	15
lepoajasta	1	10
ajamisen	1	8
rahdinottajat	1	13
matkanjärjestäjät	1	17
kohtien	1	7
kuluvaa	1	7
vuorokaudelta	1	13
vuorokauteen	1	12
digitaaliset	1	12
ajopiirturit	1	12
vertailtaessa	1	13
tekstiinsä	1	10
viitteellisesti	1	15
valiokuntamme	1	13
työviikon	1	9
kalenteriviikolla	1	17
sijoittuvan	1	11
noteeraaminen	1	13
viikoista	1	9
kuljetusketjun	1	14
postilähetysten	1	15
eläinperäisen	1	13
tallentamaan	1	12
havaittu	1	8
sikälikin	1	9
jaksossa	1	8
muistutettava	1	13
edellytti	1	9
maitokuljetukset	1	16
erityisajoneuvot	1	16
vähimmäisikä	1	12
seuraamusvalikoimaan	1	20
pitäytyä	1	8
näkemyseroista	1	14
voitaneen	1	9
sovittelulta	1	12
työskentelevien	1	15
valmistelijat	1	13
kokonaisruokavalioon	1	20
muistutus	1	9
viestinnässä	1	12
käytettyihin	1	12
yksinkertaisiin	1	15
ilmoituksiin	1	12
kampanjoihin	1	12
syömään	1	7
annosmääristä	1	13
terveyskampajoissa	1	18
syömistä	1	8
kampanjoita	1	11
‑osan	1	5
ravintosisällöille	1	18
lisäkielloille	1	14
oletettua	1	9
täyskiellolle	1	13
juomia	1	6
ennakkoehto	1	11
standardoinnille	1	16
vaadittavaa	1	11
riskianalyysia	1	14
lähestymistavalle	1	17
operaatio	1	9
ravintosisällöt	1	15
ravintosisällöissä	1	18
rasvapitoisuuteen	1	17
unohtamatta	1	11
rakenteellisia	1	14
esiintyviä	1	10
kääntämään	1	10
ravitsemusväittämää	1	19
kielille	1	8
tietämys	1	8
vertailukohtana	1	15
todisteeseen	1	12
arviointimenettelyä	1	19
efsa:n	1	6
pientä	1	6
esiintyvät	1	10
ruokailutottumukset	1	19
yksittäisellä	1	13
tuotteella	1	10
kiistämätön	1	11
tuomaan	1	7
tullen	1	6
ylipainoisuus	1	13
muodostusmassa	1	14
ongelmaksi	1	10
tiedostaisivat	1	14
myydään	1	7
vihanneksiin	1	12
tuoretuotteet	1	13
pienyritykset	1	13
leipomot	1	8
myyntitiloissaan	1	16
luontaisten	1	11
kivennäisvesien	1	15
katetaan	1	8
kuluttajansuojelun	1	18
maustetuista	1	12
tislatuista	1	11
alkoholijuomista	1	16
yhteisösäännöksiä	1	17
myynninedistämistä	1	18
epäselvyyttä	1	12
sisältyvätkö	1	12
tavaramerkistä	1	14
tavaramerkkeihin	1	16
tavaramerkkien	1	14
haittaisi	1	9
merkkien	1	8
merkkiensä	1	10
tunnistamisesta	1	15
ravintolisä'	1	12
ravintoarvomerkintä'	1	20
proteiini'	1	10
hiilihydraatti'	1	15
sokeri'	1	7
rasva'	1	6
ravintokuitu'	1	13
merkintä'	1	9
väärinkäsitysten	1	16
englanninkielisestä	1	19
ilmauksesta	1	11
nutritional	1	11
physiological	1	13
effect	1	6
ravitsemuksellisesta	1	20
fysiologisesta	1	14
8a)'terveydellä'	1	16
psyykkisen	1	10
ravintosisältö	1	14
käyttötarkoitukset	1	18
elintarvikeryhmiin	1	18
määrittämätön	1	13
sokeripitoisuus	1	15
pitoisuudet	1	11
nollasta	1	8
korkeaan	1	8
selkeyden	1	9
moniselitteistä	1	15
liialliseen	1	11
kulutukseen	1	11
suvaita	1	7
vähätellä	1	9
asiantuntemuksella	1	18
näyttö'	1	7
ravintoaineitta	1	15
keskivertokuluttajan	1	20
ymmärtävän	1	10
merkityksettömät	1	16
harhaanjohtavia	1	15
kieltävä	1	8
erityissäännös	1	14
monitulkintainen	1	16
osoittamisessa	1	14
punnittava	1	10
todennäköisyyksien	1	18
terveyshyödyn	1	13
yhteyteen	1	9
ehdotuksissa	1	12
innovointiprosessin	1	19
alkuvaiheessa	1	13
tutkimusaloitteet	1	17
hidastua	1	8
sanamuotoja	1	11
modaaliverbejä	1	14
wcrf:n	1	6
vakuuttava	1	10
todennäköinen	1	13
muotoa	1	6
verhota	1	7
päivittäisessä	1	14
ruokavaliossaan	1	15
ravintolisistä	1	14
energiaarvo	1	11
esitettäviksi	1	13
ilmoittamalla	1	13
varustetun	1	10
päivittäisiin	1	13
saantisuosituksiin	1	18
kuluttajapaneelien	1	18
havainnoidaan	1	13
kuulla	1	6
kuluttajaryhmiä	1	15
kaikenlaisista	1	14
kuvaavia	1	8
kalsiumpitoisuudesta	1	20
maitoon	1	7
vastalauseita	1	13
vastalauseen	1	12
kielteistä	1	10
tavoittelema	1	12
lievempi	1	8
epäillessään	1	12
todenmukaisuutta	1	16
näkyvällä	1	9
toteennäytetty	1	14
ammattilaisten	1	14
elintarvikealaa	1	15
edustavia	1	9
varmennettuun	1	13
lupaasiakirjoista	1	17
byrokraattista	1	14
pieniin	1	7
keskisuuriin	1	12
tavallisen	1	10
postin	1	6
nykyaikaisia	1	12
sähköpostia	1	11
ilmoituksesta	1	13
raskaalla	1	9
tarvitsemansa	1	13
raskasta	1	8
näytöstä	1	8
ilmoitusmenettelyssä	1	20
yksinkertaisuuden	1	17
ilmoitukseen	1	12
esimerkein	1	10
valaistuista	1	12
aiottu	1	6
ostokäyttäytymiseen	1	19
maahantuojille	1	14
ilmoitustaan	1	12
säännökseen	1	11
saatuaan	1	8
keskeytettävä	1	13
käyttäminen	1	11
perusteltua	1	11
maahantuojalta	1	14
avoimesta	1	9
luetteloinnista	1	15
ilmoitusmenettelyn	1	18
harkintaan	1	10
perustuvilta	1	12
päätöksiltä	1	11
paikkansapitävä	1	15
terveyspoliittisilla	1	20
seikoilla	1	9
esittäjät	1	9
17a	1	3
maksuista	1	9
jättäjällä	1	10
tuotemerkkejä	1	13
kohdatuista	1	11
aikaisempi	1	10
tuotemerkkeihin	1	15
ristiriitoja	1	12
kelpoisuuspäivään	1	17
elintarvikeryhmästä	1	19
myynti	1	6
esteettä	1	8
kelpoisuusaika	1	14
umpeutuu	1	8
pakkauksia	1	10
pakattu	1	7
terveellinen	1	12
selittää	1	8
tarkempia	1	9
tieoja	1	6
nauttimasta	1	11
korkealaatuisiin	1	16
takaamiseen	1	11
ulotettava	1	10
suotuisia	1	9
kuluttajansuoja	1	15
korkealaatuinen	1	15
asianmukaiseen	1	14
erityisehtoja	1	13
ravintoryhmiä	1	13
osallistuessa	1	13
menettelyihin	1	13
elintarvikeryhmiä	1	17
kokonaiskoostumuksen	1	20
pyrkimyksenä	1	12
nauttimaan	1	10
rasvoihin	1	9
tyydyttyneisiin	1	15
rasvahappoihin	1	14
transrasvahappoihin	1	19
sokereihin	1	10
natriumiin	1	10
pidempää	1	8
ravitsemuskriteerien	1	20
määrittämiselle	1	15
ravitsemuskriteerit	1	19
tieteelliselle	1	14
pohjalle	1	8
kuulemismenettelyyn	1	19
tietoisina	1	10
tosiasioista	1	12
luokittelemiseen	1	16
jaottelua	1	9
ruokavalioita	1	13
hyväksyttyihin	1	14
parasta	1	7
kognitiivisiin	1	14
havainnoida	1	11
erilaista	1	9
pelätä	1	6
toivoisimme	1	11
vaarallisiin	1	12
tilanteisiin	1	12
järkyttävät	1	11
tarkkailuun	1	11
viittaavien	1	11
anottava	1	8
todistettujen	1	13
tunteeseen	1	10
lausuntoihin	1	12
rajoitetusti	1	12
varauksellisesti	1	16
asettamat	1	9
ohjeelliset	1	11
määrärajat	1	10
tietosuojan	1	11
lyhyitä	1	7
velvoittavia	1	12
solmia	1	6
keventää	1	8
välittävät	1	10
nopeamman	1	9
omega	1	5
-rasvahappoja	1	13
sopivaan	1	8
toivottuun	1	10
kiivasta	1	8
aloita	1	6
nobilian	1	8
loistavaan	1	10
edistynyt	1	9
keskusteluissaan	1	16
mitätöi	1	7
vahvaa	1	6
sokeriton	1	9
itsellään	1	9
luvalla	1	7
käyttäjänsä	1	11
hyväkuntoisena	1	14
hyväntuulisena	1	14
kyseenalaisena	1	14
päivittäin	1	10
ostopäätökseen	1	14
oikeudettomalla	1	15
ravintoarvon	1	12
mitattava	1	9
mainostaa	1	9
ravitsemuksen	1	13
ratkaisevampaa	1	14
toteaminen	1	10
ravintokoostumusta	1	18
selvitetty	1	10
keskusteltava	1	13
muotoillusta	1	12
hyvään	1	6
oloon	1	5
puhtia	1	6
ilmentävät	1	10
yksilöllistä	1	12
tuntemuksia	1	11
osaavat	1	7
harhauttaminen	1	14
estetty	1	7
ilmeneekö	1	9
oikeuskäytännössä	1	17
kykenemättömiksi	1	16
mielikuviin	1	11
kyseenalaistamaan	1	17
taistella	1	9
vääriä	1	6
ruokailutottumuksia	1	19
ylipainoisten	1	13
nykyyhteiskunnassa	1	18
vääristä	1	8
juomis-	1	7
muutkin	1	7
liikunta	1	8
ympäristökuormitus	1	18
yritettävä	1	10
estetä	1	6
sääntelemällä	1	13
vapaassa	1	8
yhteiskunnallisissa	1	19
tekijöissä	1	10
ravintotottumuksia	1	18
pysyvästi	1	9
kieltoihin	1	10
tunnustamien	1	12
ravintotottumusten	1	18
valistuskampanjat	1	17
valtiollisen	1	12
itseensä	1	8
käytettäviksi	1	13
korkeimpien	1	11
sanottujen	1	10
kiellolla	1	9
vakiintuneita	1	13
tunnustettuja	1	13
terveysväittämissä	1	18
vakiintuneisiin	1	15
innovoijat	1	10
kerätessään	1	11
hakemuksensa	1	12
kokeiden	1	8
toistuminen	1	11
keskitetyn	1	10
mukautumiseen	1	13
kehittymässä	1	12
kiinnittäisivät	1	15
moniselitteinen	1	15
menekinedistämisen	1	18
epäselvyys	1	10
kuuluvatko	1	10
ravintolisä	1	11
ravintolisän	1	12
fysiologista	1	12
lääkkeeksi	1	10
lääkelainsäädäntö	1	17
yrityksellä	1	11
varmuus	1	7
tavoitteina	1	11
toteudu	1	7
seurantamenetelmiin	1	19
liikalihavuuden	1	15
yleistyessä	1	11
vastuutonta	1	11
painonvartijoiden	1	17
kaltaiset	1	9
seurantamenetelmät	1	18
saavuttaneet	1	12
vankan	1	6
pudottamiseen	1	13
edistämättä	1	11
tyyppisten	1	10
sääntelee	1	9
perusteluosassa	1	15
säätämiselle	1	12
vaikuttaisikin	1	14
viiniä	1	6
erityislainsäädäntö	1	19
päällysmerkinnöissä	1	19
viinien	1	7
päällysmerkintää	1	16
tiedottamiselle	1	15
markkinoinnille	1	15
elintarvikeluokan	1	17
sairauden	1	9
kehittymisriski	1	15
käyttötarkoitus	1	15
järkeviä	1	8
kohderyhmänä	1	12
hyväksytyillä	1	13
tieteellisillä	1	14
tuloksilla	1	10
elintarvikeluokkia	1	18
tuoteryhmän	1	11
oikeuttaessa	1	12
pohjautuvaan	1	12
julkaisemispäivää	1	17
todentamisessa	1	14
kasviperäisiin	1	14
kliinisestä	1	11
tehokkuudesta	1	13
agence	1	6
sanitaire	1	9
uutteiden	1	9
pohjaan	1	7
kalliit	1	7
ulottumattomissa	1	16
vaatiman	1	8
arviointimenetelmien	1	20
démarche	1	8
d'évaluation	1	12
l'intérêt	1	9
l'allégation	1	12
denrées	1	7
alimentaires	1	12
contenant	1	9
plantes	1	7
destinées	1	9
l'alimentation	1	14
humaine	1	7
paikkansapitävyys	1	17
terveysvaikutukseen	1	19
groupe	1	6
travail	1	7
conseil	1	7
scientifique	1	12
l'agence	1	8
médicament	1	10
produits	1	8
frontières	1	10
porteurs	1	8
d'allégations	1	13
santé	1	5
chanutrdiét	1	11
säännöksestä	1	12
turhan	1	6
arvoihin	1	8
vertailua	1	9
vertailut	1	9
maitolasin	1	10
appelsiinimehulasin	1	19
vertaaminen	1	11
lissabonin‑strategia	1	20
kieltoja	1	8
perusteltujen	1	13
perinpohjainen	1	14
epäsuorista	1	11
mainosten	1	9
harhauttamiselta	1	16
väitteet	1	8
suoritetut	1	10
puolueettomat	1	13
vertailututkimukset	1	19
osoittamiseksi	1	14
väite	1	5
jäljennös	1	9
puolletaan	1	10
nauttimisen	1	11
lisämaininta	1	12
osoittamiseen	1	13
perustelemiseen	1	15
joustavuus	1	10
esittäessään	1	12
suuntaaantavan	1	14
päätösluonnoksessa	1	18
hyväksynnästä	1	13
rikosoikeudellista	1	18
terveysväitteistä	1	17
rekisteri'	1	10
myöhemmällä	1	11
alaiseksi	1	9
päätä	1	5
vedota	1	6
liitettävien	1	12
väliaikaista	1	12
epävarmalta	1	11
liikkumisen	1	11
toteutettavissa	1	15
mielekkäältä	1	12
terveysriskin	1	13
mainoskampanjoilla	1	18
logoilla	1	8
mainonnalla	1	11
kilpailuviranomainen	1	20
federal	1	7
asianmukaisuutta	1	16
eu:ssakin	1	9
energiankulutukseen	1	19
rasitukseen	1	11
tuleviin	1	8
sopeutumiseksi	1	14
soveltamis	1	10
soveltamispäivää	1	16
ajanjaksoista	1	13
julkaisemista	1	13
esillepanoon	1	12
elintarvikeluokista	1	19
ainesosista	1	11
aikarajoja	1	10
siirtymämenettelyjä	1	19
jatkaminen	1	10
hakenut	1	7
voimaantulopäivästä	1	19
väliaikaisten	1	13
lupahakemus	1	11
hyväksyntämenettelyn	1	20
väliaikaismääräys	1	17
vähennetyn	1	10
suositellusta	1	13
päivittäisannoksesta	1	20
nestemäiset	1	11
kilokaloria	1	11
megajoulea	1	10
luonnollinen'	1	13
alimentariuksessa	1	17
nestemäisten	1	12
kynnysarvoihin	1	14
pitkäketjuisoista	1	17
yksinkertaisista	1	16
sokereista	1	10
luonnollisessa	1	14
viljassa	1	8
hedelmissä	1	10
vihanneksissa	1	13
herneet	1	7
pavut	1	5
kaikentyyppisiä	1	15
sulavia	1	7
mono-	1	5
disakkarideja	1	13
proteiinit	1	10
ravintosuositukset	1	18
rasvoista	1	9
proteiineista	1	13
hiilihydraateista	1	17
terveellisemmän	1	15
valkoisesta	1	11
elintoimintoihin	1	16
rajaamaan	1	9
elämäntyylin	1	12
voimmeko	1	8
hyvistä	1	7
huonoista	1	9
ennemminkin	1	11
hyvästä	1	7
kuluttajilla	1	12
ravitsemustietoon	1	17
vähärasvaiseen	1	14
rasvaisesta	1	11
juustosta	1	9
limuviinaa	1	10
punaviinin	1	10
käyttämästä	1	11
punaviiniä	1	10
sydämelle	1	9
säädellä	1	8
valheellisten	1	13
menestyksekkäissä	1	17
mainoskampanjoissa	1	18
ihmisestä	1	9
jollain	1	7
onnellisemman	1	13
terveemmän	1	10
rikkaamman	1	10
viehättävämmän	1	14
vastakkaisen	1	12
silmissä	1	8
todellisina	1	11
väittäminä	1	10
mainospuheena	1	13
käytetäänkö	1	11
naurettavaa	1	11
makeisten	1	9
mainoksissaan	1	13
pakkauksissaan	1	14
onnellisista	1	12
aamiaismurojen	1	14
murojen	1	7
voimin	1	6
kouluun	1	7
miks	1	4
sallittaisi	1	11
pakkauksissa	1	12
harkinneen	1	10
tuotemerkeille	1	14
myönnetä	1	8
vaaraan	1	7
samanlaisista	1	13
kokisivat	1	9
epäoikeudenmukaisena	1	20
rajoittaisivat	1	14
ankarimmin	1	10
tuotemerkkien	1	13
epäsuoria	1	9
kohdeltaisiin	1	13
aiheutettaisi	1	13
ravintoaineilla	1	15
täydentäminen	1	13
rasittaisi	1	10
kuluttajajärjestöt	1	18
sallituiksi	1	11
rasitetta	1	9
välittämien	1	11
käytävälle	1	10
elintarvikekaupalle	1	19
sijoitettavia	1	13
tutkivat	1	8
vapaaehtoisille	1	15
merkinnöille	1	12
kokonaisilta	1	12
elintarvikeluokilta	1	19
ymmärtävät	1	10
ohjeiden	1	8
sisällytettävät	1	15
saantiarvojen	1	13
viitemäärät	1	11
ravintoaineet	1	13
soveltuvat	1	10
elämäntavan	1	11
säätämisen	1	10
mainostamista	1	13
suojakeinojen	1	13
kulttuurilliset	1	15
kielelliset	1	11
hyväksikäyttö	1	13
heistä	1	6
harhaanjohtaville	1	17
hyödyllisiin	1	12
perusteleminen	1	14
määräytyä	1	9
todennäköisen	1	13
aukottoman	1	10
kappaleuusi	1	11
rasvapitoisuutta	1	16
lisärajoituksia	1	15
pakkausmerkintöjä	1	17
itävalta	1	8
tietämystä	1	10
puolueettomien	1	14
kuluttajapaneelia	1	17
käsittämistä	1	12
ymmärtämistä	1	12
lupamenettelyyn	1	15
kuluttajapaneeli	1	16
semantiikka	1	11
kaupallisissa	1	13
tiedotteissa	1	12
tiedotteet	1	10
esiintyvää	1	10
merkinnän	1	9
esillepanon	1	11
ravintoaineisiin	1	16
merkit	1	6
kuvitteelliset	1	14
kuvitteellisia	1	14
ravintolisillä'	1	15
tiivistettyjä	1	13
annosmuodossa	1	13
kapseleina	1	10
pastilleina	1	11
tabletteina	1	11
pillereinä	1	10
jauhepusseina	1	13
nesteampulleina	1	15
tippapulloina	1	13
nestemäisinä	1	12
jauhemaisina	1	12
valmisteina	1	11
pieninä	1	7
mittaannoksina	1	14
sääntelykehystä	1	15
kuluttajansuojaan	1	17
merkityksellistä	1	16
ymmärrettävää	1	13
tarkkuuteen	1	11
vaakalaudalle	1	13
valheellinen	1	12
kaksijakoisuus	1	14
jakamaan	1	8
ravintokoostumus	1	16
syötyjen	1	8
päätöksentekijöiden	1	19
vaihtelevaan	1	12
valistuksen	1	11
elintarvikeluokalla	1	19
positiivisina	1	13
vertailukohtina	1	15
terveysvaikutteisten	1	20
määriteltynä	1	12
osoitettaessa	1	13
käyttöhistoriaa	1	15
kätkeä	1	6
ravintolisiin	1	13
merkintäsäännökset	1	18
yhdenmukaisuuden	1	16
uloteta	1	7
mainontaan	1	10
kertaan	1	7
-aineiden	1	9
vertailussa	1	11
yksilöitävissä	1	14
mahdollistamista	1	16
maitolasillisen	1	15
kalsiumsisällön	1	15
aamiaismuroannoksen	1	19
suosittujen	1	11
kuitulähteiden	1	14
täysjyväleivän	1	14
kuitumäärän	1	11
pakkausmerkintöihin	1	19
pakkausmerkinnästä	1	18
mainosaineistosta	1	17
ilmoitusasiakirjat	1	18
pohjaksi	1	8
pakkausmerkinnöistä	1	19
nauttimista	1	11
liiallisesta	1	12
nauttimisesta	1	13
aiheutua	1	8
terveysriski	1	12
johonkin	1	8
valmistajien	1	12
laihtumiseen	1	12
kiellot	1	7
kääntyä	1	7
kansanterveysalan	1	17
haittaamalla	1	12
terveysvaikutteisia	1	19
epäsuoran	1	9
itsessään	1	9
tervettä	1	8
otettavaksi	1	11
mainospuhetta	1	13
makeispakkauksissa	1	18
kuvat	1	5
hymyilevistä	1	12
väittämiksi	1	11
makeiset	1	8
onnellisiksi	1	12
kohderyhmään	1	12
kuuluva	1	7
vakiintuneiden	1	14
edellytetyt	1	11
laajat	1	6
pienissä	1	8
keskisuurissa	1	13
vähentävän	1	10
riskiä	1	6
syöpäsairauksien	1	16
vähentäjinä	1	11
erityisryhmille	1	15
ravintoaineesta	1	15
aineesta	1	8
kuluttajajärjestöjen	1	20
lupahakemuksia	1	14
määritelmästä	1	13
hakemusasiakirjat	1	17
lopulliseksi	1	12
mainostajilla	1	13
luovuutta	1	9
tuotteitaan	1	11
väittämissä	1	11
hakijoilla	1	10
hakemuksiaan	1	12
arvioon	1	7
lupamenettelyssä	1	16
hylättyjen	1	10
innovatiivisuudelle	1	19
hakijoita	1	9
hyväksyttäisiin	1	15
alaisiin	1	8
järjestyksessä	1	14
luottamuksellisuus	1	18
toimittamistaan	1	15
ilmaiseminen	1	12
vahingoittaa	1	12
kilpailuasemaansa	1	17
vitro	1	5
-malleilla	1	10
eläimillä	1	9
pääominaisuuksien	1	17
havaitsemiseen	1	14
määrälliseen	1	12
luokitteluun	1	12
estämättä	1	9
käsitellessään	1	14
kehitystiedot	1	13
kliiniset	1	9
yliopistoille	1	13
opetustarkoitukseen	1	19
jatkotutkimuksiin	1	17
viitattaessa	1	12
tarkennus	1	9
pitkäkestoisista	1	16
suhteettomalta	1	14
intoa	1	5
ylittävään	1	10
tavarakauppaan	1	14
pitkäkestoisten	1	15
kuukauteen	1	10
ilmenneistä	1	11
siirtymäkaudesta	1	16
tutkimustietoon	1	15
laillisten	1	10
urheilijoille	1	13
ety¹.	1	5
lihasponnistukseen	1	18
ajankohdista	1	12
myöhäisempi	1	11
täyttäviä	1	9
energiasisältö	1	14
nykyisellään	1	12
kieltäisi	1	9
tosiseikkojen	1	13
mainitsemisen	1	13
kaloria	1	7
tämänkaltaiset	1	14
kuvailevat	1	10
maininnat	1	9
tosiseikkoja	1	12
riko	1	4
kertova	1	7
runsaskalorisuudesta	1	20
ravitsemusväittämä'	1	19
energiamäärä	1	12
lämpöarvo	1	9
lisättynä	1	9
vähennettynä	1	12
määränä	1	7
vähennettyä	1	11
lisättäväksi	1	12
maininnan	1	9
erilliset	1	9
kevyempi'	1	9
light'	1	6
kevyt'	1	6
tuskin	1	6
mukautettua	1	11
yleisluonteiseen	1	16
rasvapitoisuudesta	1	18
meijeriliiton	1	13
idf:n	1	5
juustoihin	1	10
suomen	1	6
juustoa	1	7
rasvattomana	1	12
pitoisuudesta	1	13
omegarasvahappoja'	1	18
sovittava	1	9
edellytyksillä	1	14
väittää	1	7
rasvaa'	1	7
rasvojen	1	8
laadussa	1	8
ravintoarvossa	1	14
rasvoilla	1	9
tunnustetusti	1	13
korvatessa	1	10
tyydyttyneen	1	12
kovan	1	5
käytännesääntöissä	1	18
haluttu	1	7
äskettäisessä	1	13
rasvahapoilla	1	13
välimeren	1	9
hedelmiä	1	8
vihanneksia	1	11
kalaa	1	5
asukkailla	1	10
sairastua	1	9
sepelvaltimotautiin	1	19
rasvalähde	1	10
erotus	1	6
sisältävään	1	11
liitettävässä	1	13
piirtein	1	8
pitkäketjuista	1	14
omegarasvahappoa	1	16
nostettaisiin	1	13
energiansaannista	1	17
margariini	1	10
levitettävät	1	12
ravintorasvat	1	13
kakut	1	5
keksit	1	6
uppopaistetut	1	13
merkitsevät	1	11
päiväannoksesta	1	15
grammasta	1	9
margariinia	1	11
levitettä	1	9
energiantarpeesta	1	17
suositusta	1	10
epa+dha	1	7
kalaöljyssä	1	11
ravintoasiantuntijat	1	20
neuvonantajat	1	13
suosittelevat	1	13
pitkäketjuisten	1	15
omegarasvahappojen	1	18
epa	1	3
dha	1	3
saantilähteet	1	13
rasvaiset	1	9
kalarasvoja	1	11
tyydyttyneistä	1	14
codexissa	1	9
kasviöljyjen	1	12
-rasvojen	1	9
kolesterolipitoisuus	1	20
eläinrasvoilla	1	14
eläinrasvaa	1	11
g:lla	1	5
kasvirasvaa	1	11
plasmassa	1	9
vähäkolesterolinen	1	18
vähäkolesterolinen'	1	19
sokeria	1	7
vähälaktoosisuudesta	1	20
eumaissa	1	8
rajaarvoa	1	9
laktoosin	1	9
vähälaktoosisessa	1	17
maitotuotteessa	1	15
laktoosittomuudesta	1	19
suomessa	1	8
gluteenittomuudesta	1	19
proteiinia	1	10
energiasisällöstä	1	17
proteiinista	1	12
lehmänmaidosta	1	14
valmistettua	1	12
pikkulapsista	1	13
luonnollisesta	1	14
osasta	1	6
kuluttajalla	1	12
annos	1	5
g:sta	1	5
ml:sta	1	6
annoksesta	1	10
kuituja'	1	8
proteiinia'	1	11
sisältää'	1	9
-sääntöjen	1	10
täydentävänä	1	12
synonyyminä	1	11
natriumiin'	1	11
suolaan'	1	8
béatrice	1	8
patrie	1	6
coveney	1	7
ouzký	1	5
masiel	1	6
yhtenäisvaluutta	1	16
koordinoivat	1	12
korjaamiselle	1	13
kotitaloudet	1	12
osuuksille	1	10
reagoi	1	6
rahoitusyritysten	1	17
mielipide	1	9
rahaunionin	1	11
rahapolitiikkojen	1	17
tilastovälineitä	1	16
reaktiot	1	8
mukautettaessa	1	14
yhtenäisvaluutan	1	16
lyhyemmältä	1	11
aikaväliltä	1	11
kerättyjen	1	10
kokoamisen	1	10
transaktiot	1	11
ehdottamani	1	11
pyydän	1	6
lars	1	4
wohlin	1	6
charles	1	7
tannock	1	7
peruuttamaan	1	12
fausto	1	6
correia	1	7
vastaanottavien	1	15
suosimaan	1	9
naapurikehitysmaista	1	20
erityisluokkaan	1	15
palkkaamiensa	1	13
ilo	1	3
biologisesta	1	12
cartagenan	1	10
puitesopimuksen	1	15
palkkaamat	1	10
laadullisten	1	12
asianosaiselle	1	14
edunsaajamaalle	1	15
vastaanottajamaata	1	18
vastaanottajamaan	1	17
lueteltu	1	8
ämän	1	4
kriisinhallinnassa	1	18
luodussa	1	8
kumppanit	1	9
päämajansa	1	10
kitkemisen	1	10
jouduttamiseksi	1	15
ostoja	1	6
kiinnittämällä	1	14
kumppanimaista	1	14
ilon	1	4
perusnormeja	1	12
dumppauksen	1	11
hankintamarkkinoiden	1	20
kaikella	1	8
katsotulla	1	10
teknisellä	1	10
vastaanottajamaiden	1	19
avunantajamaiden	1	16
laajaalaisessa	1	14
osallistumiselle	1	16
arviointiperusteet	1	18
vauhdittunut	1	12
aloitteella	1	11
painoarvo	1	9
suurimpana	1	10
avunantajayhteisönä	1	19
kahdenvälisestä	1	15
miljardilla	1	11
dollarilla	1	10
martínin	1	8
laatima	1	7
vaatineet	1	9
mentävä	1	7
tarkastelleessa	1	15
peerin	1	6
katsauksessa	1	12
erottelematta	1	13
politiikastaan	1	14
päämääriä	1	9
purkamiskeinoista	1	17
saavutettavien	1	14
kuhunkin	1	8
lähestyttävä	1	12
vapautettavista	1	15
purkamisehdoista	1	16
päämäärien	1	10
paikallisyhteisöjen	1	19
vaikutusvallan	1	14
kehitysprosessistaan	1	20
yhdentymiseen	1	13
kelpoisuussäännöt	1	17
kaikenlaisille	1	14
kehityksellinen	1	15
ryhmät	1	6
rahoitusosuuttaan	1	17
säilymiseen	1	11
yhteisrahoituksesta	1	19
poikkeuslauseketta	1	18
humanitääriseen	1	15
itsenäisyyttä	1	13
roolinsa	1	8
tutkimuskeskukset	1	17
aspekteihin	1	11
epävakaus	1	9
järkkynyt	1	9
luonnonkatastrofin	1	18
joutuessa	1	9
kriisitilanteeseen	1	18
kehityspoliittista	1	18
avunantajat	1	11
hakumenettelyihin	1	17
pelkkien	1	8
ikäviin	1	7
polkumyyntiin	1	13
heittäisi	1	9
vaalii	1	6
kytkettävä	1	10
tarjouskilpailuun	1	17
muodollinen	1	11
vähimmäisnormeihin	1	18
kriteerejä	1	10
sijoittautuneet	1	15
yleissopimuksiin	1	16
suljettaisiin	1	13
vastavuoroisesti	1	16
edunsaajamaille	1	15
vastavuoroisuudesta	1	19
suhteellisuutta	1	15
komiteoita	1	10
kuuluisi	1	8
avunantajamaista	1	16
minkälaista	1	11
päätelmää	1	9
edunsaajamaat	1	13
toistanut	1	9
täsmentänyt	1	11
naapureina	1	10
sisällytetä	1	11
kilpailuasemassa	1	16
toimintaympäristönsä	1	20
institutionaalisten	1	19
rajoitteiden	1	12
muodostaisivat	1	14
saumattomasti	1	13
edunsaajamaan	1	13
kehityspolitiikkaan	1	19
tärkeysjärjestystä	1	18
edellinen	1	9
täyttämistä	1	11
toimintakustannuksia	1	20
kiinnitetä	1	10
erityisluonteeseen	1	18
riippumattomille	1	16
järjestöille	1	12
asianomaisella	1	14
sovellettavista	1	15
koordinoinnissa	1	15
tiedotuskampanjan	1	17
kehitysyhteistyöstä	1	19
ulkoasiainvaliokunta	1	20
sijaittava	1	10
yhteisrahoitettavien	1	20
päätöksentekopaikka	1	19
alkuperä	1	8
tiedotustoimia	1	14
suhtautumisesta	1	15
kehitysapuun	1	12
marraskuuta–.	1	13
haluavan	1	8
kehitysyhteistyössä	1	19
haastatelluista	1	15
myönsi	1	6
kuulleet	1	8
emanuele	1	8
beer	1	4
andré	1	5
brie	1	4
keyser	1	6
elzbieta	1	8
fotyga	1	6
howitt	1	6
karatzaferis	1	12
klich	1	5
helmut	1	6
kuhne	1	5
armin	1	5
laschet	1	7
francisco	1	9
millán	1	6
mon	1	3
baroness	1	8
winterbourne	1	12
cem	1	3
özdemir	1	7
justas	1	6
vincas	1	6
paleckis	1	8
paweł	1	5
bartłomiej	1	10
piskorski	1	9
libor	1	5
rouček	1	6
ignacio	1	7
salafranca	1	10
sánchezneyra	1	12
györgy	1	6
schöpflin	1	9
gitte	1	5
seeberg	1	7
siwiec	1	6
szentiványi	1	11
szymański	1	9
geoffrey	1	8
orden	1	5
ari	1	3
vatanen	1	7
karl	1	4
von	1	3
wogau	1	5
árpád	1	5
dukazólyomi	1	11
horáček	1	7
sándor	1	6
tabajdi	1	7
danutė	1	6
budreikaitė	1	11
hybášková	1	9
pinior	1	6
schapira	1	8
puiteasetuksessa	1	16
uudeksi	1	7
käsitteellisen	1	14
alueyhteistyöyhtymät	1	20
hallitustenvälisiin	1	19
karlsruhen	1	10
oivat	1	5
yhdensuuntainen	1	15
euroregionsalueiden	1	19
yhteistyöyhtymien	1	17
luonnosvaiheessa	1	16
eryasetus	1	9
ylittävä	1	8
ylikansallisen	1	14
kumppaneihin	1	12
ehdokasvaltioita	1	16
julkisena	1	9
poliisitoimeen	1	14
sääntelyvaltuudet	1	17
vakiintunut	1	11
julkisoikeudellisten	1	20
perussäännöissä	1	15
päätöksentekotavasta	1	20
umpikujat	1	9
alueyhteistyöyhtymä	1	19
ery'	1	4
alueyhteistyöyhtymän	1	20
eay'	1	4
toimivaltaisella	1	16
harjoittamaa	1	12
yksiköistä	1	10
oikeusjärjestelmän	1	18
perustalla	1	10
rajaseudut	1	10
kokeneet	1	8
pitkällisiä	1	11
sovinnon	1	8
avustaminen	1	11
lisäesteitä	1	11
yleisissä	1	9
yhtymälle	1	9
delegoitujen	1	12
uskottujen	1	10
uskotut	1	7
oletuksena	1	10
sidettä	1	7
ominaispiirteistä	1	17
uskottu	1	7
jäsenistään	1	11
lankea	1	6
parhaissa	1	9
interregohjelmissa	1	18
rajaseutuhankkeita	1	18
läpäisevyyttä	1	13
yhdistämään	1	11
organisaatioille	1	16
etukäteissuostumusta	1	20
ery:stä	1	7
soveltamissäännöt	1	17
riitaasioissa	1	13
sovellettavaksi	1	15
nimetyn	1	7
rekisteröintipaikka	1	19
ka	1	2
ikille	1	6
eay:ssä	1	7
eaysopimusten	1	13
tarkennettava	1	13
mille	1	5
perusteltuna	1	12
tietokanta	1	10
eay:istä	1	8
muodostetaan	1	12
jäsensuhteet	1	12
sihteeristö	1	11
oikeushenkilöillä	1	17
viisasta	1	8
organisatorisen	1	15
yhtymää	1	7
edustuksen	1	10
koostuttava	1	11
yleiskokoukselle	1	16
ery:ä	1	5
kutsua	1	6
antaen	1	6
organisatorinen	1	15
sopusointuista	1	14
ylittävälle	1	11
ajanjaksosta	1	12
puolustanut	1	11
yhdentymisessä	1	14
miller	1	6
cushnahan	1	9
rajaalueyhteistyöstä	1	20
sisärajoilla	1	12
poetschki	1	9
interregaloitteen	1	17
väliraportista	1	14
perustuslaiksi	1	14
useasti	1	7
puhuta	1	6
jaettuun	1	8
kuuluvaksi	1	10
alaksi	1	6
uusimmasta	1	10
cig	1	3
bryssel	1	7
rajaseutualueisiin	1	18
päämäärä	1	8
yleisasetuksen	1	14
pakettiin	1	9
sisäpuolella	1	12
valisteleva	1	11
naapuruussuhteet	1	16
naapuruutta	1	11
kumppanuutta	1	12
johdannosta	1	11
ratkaisemaan	1	12
kohdattu	1	8
hallinnoitaessa	1	15
yhteistyötoimia	1	15
piirteistä	1	10
eayasetuksen	1	12
voimassaoloon	1	13
ery:yyn	1	7
luonteensa	1	10
tahtoisi	1	8
valvontavalta	1	13
eay:ta	1	6
delegoitu	1	9
juridisena	1	10
yksikkönä	1	9
velvoittavien	1	13
yhdistymisoikeuden	1	18
oikeussubjektin	1	15
alueelliselle	1	13
jäsenelle	1	9
haluamiensa	1	11
eay:tä	1	6
esitetyillä	1	11
sijaitseva	1	10
määräyksissä	1	12
sääntönsä	1	9
muodostaminen	1	13
perussääntöön	1	13
edustuksesta	1	12
toimeenpanevasta	1	16
komiteasta	1	10
perussääntöä	1	12
noudatettavan	1	13
pálfi	1	5
poignant	1	8
alfredo	1	7
antoniozzi	1	10
rakentuu	1	8
luotettavuudeltaan	1	18
tarkkuudeltaan	1	14
korkeatasoinen	1	14
täyttä	1	6
egnosohjelmat	1	13
sopivin	1	7
resurssinsa	1	11
amerikkalaista	1	14
venäläistä	1	10
glonasssignaalia	1	16
menestymisen	1	12
markkinointi-	1	13
rahoitusetuja	1	13
galileoohjelmaa	1	15
päättyä	1	7
toimintakuntoinen	1	17
gnss:n	1	6
virastoksi	1	10
valvontatehtävät	1	16
omana	1	5
sisältyvänä	1	11
budjettikohtana	1	15
luonnoksessa	1	12
galileoohjelmalle	1	17
luvusta	1	7
ten	1	3
budjettimenettelyn	1	18
eroteta	1	7
valvovalla	1	10
uskonut	1	7
ttk:n	1	5
perustavassa	1	12
mahdollistettaisiin	1	19
sovellutukset	1	13
tuilla	1	6
lisärahoitusta	1	14
väliarviointi	1	13
informoimiseksi	1	15
ajankohtaan	1	11
satelliittipaikannus	1	20
siviilitarkoituksiin	1	20
tehostettuja	1	12
kaupalliselle	1	13
maanviljelys	1	12
ympäristöpolitiikka	1	19
rajavalvonta	1	12
jokapäiväiseen	1	14
navigointiin	1	12
tietoliikenteeseen	1	18
pankkitoimintaan	1	16
tietotaidon	1	11
teollisuudenaloilla	1	19
luotettavaa	1	11
edistyneen	1	10
kypsyysasteen	1	13
tutkimushankkeen	1	16
erityiseen	1	10
tyydyttämään	1	12
mahdollistettava	1	16
budjettikehys	1	13
ensiksi	1	7
hallintorakenteet	1	17
cfsp	1	4
vaikuttavista	1	13
yhteensopivuus	1	14
tarjottavien	1	12
yksityissektorin	1	16
rahoitusosuutta	1	15
ehdokkaista	1	11
kiinteässä	1	10
myöntävänä	1	10
suosivat	1	8
aikainen	1	8
kustannussäästöt	1	16
yksiin	1	6
konsortiosta	1	12
kolmasosaa	1	10
rahoitustueksi	1	14
ulottuvien	1	10
korvamerkitty	1	13
innokkaita	1	10
yhteistyösopimus	1	16
israelin	1	8
osallistuva	1	11
laajentamiseen	1	14
tulosvelvoitteet	1	16
aineellisen	1	11
aineettoman	1	11
omistaja	1	8
kerta	1	5
rahoitussitoumukseen	1	20
olevana	1	7
toimielimenä	1	12
rahoitustaustasta	1	17
budjettivaltaa	1	14
käyttävinä	1	10
viranomaisina	1	13
läpäistävä	1	10
voitonjakomekanismi	1	19
parhaassa	1	9
tuottava	1	8
takaisinmaksusta	1	16
omistajuus	1	10
saaduista	1	9
toimiluvanhaltijat	1	18
toimiluvanhaltijan	1	18
hoitamiseksi	1	12
ajoituksen	1	10
lisäviivytykset	1	15
satelliitin	1	11
maalaitteiston	1	14
toimintakunnossa	1	16
osittaisia	1	10
täysimääräinen	1	14
aikataululla	1	12
aikaisesta	1	10
tulemisesta	1	11
kilpailtaessa	1	13
gpsjärjestelmän	1	15
markkinarakenteen	1	17
egnosohjelman	1	13
tapahtuvalla	1	12
sisällyttämisellä	1	17
tulemiselle	1	11
pilarina	1	8
suuruisella	1	11
määrärahalla	1	12
yhdenmukaisuuteen	1	17
väliaikainen	1	12
avaruusohjelmalla	1	17
oikeusperustansa	1	16
alana	1	5
rahoitusvälineet	1	16
avaruustutkimusta	1	17
gmes:n	1	6
avaruusohjelmaa	1	15
galileohanke	1	12
kumppanuutena	1	13
ppp	1	3
työskentelevät	1	14
alaisuudessa	1	12
suunnattomien	1	13
huomattavien	1	12
laatimassaan	1	12
ppp:lle	1	7
luonteenomaista	1	15
jako	1	4
kumppanin	1	9
kannettavina	1	12
epävarmuustekijöistä	1	20
yhteistyösopimukset	1	19
sälytettäisiin	1	14
toisinpäin	1	10
kantavat	1	8
menestymisestä	1	14
osapuolta	1	9
vaihtoehtoinen	1	14
rahoitusmekanismi	1	17
toimeksisaajan	1	14
ohje	1	4
normaalia	1	9
informoidaan	1	12
oheistuotteiden	1	15
maailmanmarkkinat	1	17
vuosivauhdilla	1	14
kohota	1	6
miljardiin	1	10
synnyttäisi	1	11
ammattitaitoisille	1	18
galileoohjelmalla	1	17
riippumattomaksi	1	16
gps‑järjestelmästä	1	18
käsillä	1	7
siirrytty	1	9
kehittämis-	1	11
validointivaiheeseen	1	20
satelliitteja	1	13
validoidaan	1	11
kiertoradalla	1	13
toteutuva	1	9
huolto	1	6
viimeisestä	1	11
vaiheesta	1	9
tarjouskilpailu	1	15
valitsemiseksi	1	14
inafsat	1	7
eads	1	4
thales	1	6
euresa	1	6
alcatel	1	7
finmeccanica	1	12
satelliittiverkon	1	17
yksityisin	1	10
korvamerkittyjen	1	16
lisäkustannusten	1	16
määritelläänkin	1	15
osuudeksi	1	9
suurimittainen	1	14
investoinnista	1	14
tuottoa	1	7
kertyy	1	6
gpsmonopolista	1	14
palvelutakuu	1	12
avaruusjärjestöön	1	17
esaan	1	5
avaruusteollisuus	1	17
innovoinnista	1	13
dynaamisempaa	1	13
pääosa	1	6
lisäarvoista	1	12
avaruusteollisuuteen	1	20
etiikassa	1	9
kilpailuttaminen	1	16
ammattietiikkaan	1	16
henkilötietojen	1	15
suojaan	1	7
luotettavuuteen	1	15
hankkeessa	1	10
yritysryhmittymä	1	16
tuomia	1	6
astuu	1	5
kansainvälisyys	1	15
kumppaneina	1	11
viidestä	1	8
palvelutyypistä	1	15
autonomiaan	1	11
yhdistymiseen	1	13
ratkaisematta	1	13
galileo‑ohjelman	1	16
piirteitä	1	9
toimilupamenettelyä	1	19
nopeutettava	1	12
heiltä	1	6
vaadittuja	1	10
tarpeettomasti	1	14
pitkittää	1	9
pitemmän	1	8
vetäytymään	1	11
kisasta	1	7
vähitellen	1	10
välttämättömältä	1	16
ohjelmasuunnittelua	1	19
tietoliikenne	1	13
välittäjänä	1	11
liikennevaliokunnan	1	19
vastuualueeseen	1	15
tietohallinto	1	13
virtoja	1	7
järjestely	1	10
lähestyessä	1	11
tarjouskilpailun	1	16
tyydyttävissä	1	13
siirsi	1	6
yhteisyritykselle	1	17
takaisinmaksamiseksi	1	20
saatavista	1	10
galileoon	1	9
mielekkäintä	1	12
amerikkalaisia	1	14
venäläisiä	1	10
glonasssignaaleja	1	17
säilytettäisiin	1	15
sopusointu	1	10
nimellä	1	7
väärinkäsityksiin	1	17
rajoitetusta	1	12
rahoitusosuudesta	1	17
vapauta	1	7
rahoitusvastuusta	1	17
jott	1	4
toimilupasopimusta	1	18
oikeusprosessiin	1	16
kiistoissa	1	10
rajatylittäville	1	16
liiketoimille	1	13
oikeusjärjestykselle	1	20
esikuvaa	1	8
ottaisivat	1	10
lainsäädännössään	1	17
välitysmenettelyjä	1	18
vaihtoehtoon	1	12
sopineet	1	8
rajatylittävät	1	14
rajatylittävällä	1	16
tapauksella	1	11
tapausta	1	8
velkojalla	1	10
velallisella	1	12
vakituinen	1	10
maksusuorituspyyntö	1	19
toimivallasta	1	13
tuomioiden	1	10
tuomioistuimelle	1	16
täydennys	1	9
virkkeeseen	1	11
täsmennyksestä	1	14
summaltaan	1	10
rahavaateiden	1	13
perimistä	1	9
erääntyneet	1	11
edustajiensa	1	12
verrattava	1	10
todisteista	1	11
velallisen	1	10
allekirjoituksen	1	16
hyväksytyin	1	11
tuomion	1	7
olevin	1	6
sähköisenä	1	10
lisävaatimuksia	1	15
harkitsee	1	9
hylkäämisestä	1	13
kantaja	1	7
varmuudella	1	11
tiedossa	1	8
tiedoksiantamista	1	17
todistetta	1	10
vaaditut	1	8
korot	1	5
vaadetta	1	8
perillä	1	7
tutkinut	1	8
oikeutusta	1	10
kulumisen	1	9
reagoimatta	1	11
ilmoiteta	1	9
telekopioitse	1	13
sähköpostitse	1	13
postitiedoksiantoa	1	18
postitiedoksiannon	1	18
käyttömahdollisuus	1	18
antaneelta	1	10
alkuperäiseltä	1	14
toimivaltaisessa	1	16
yksivaiheinen	1	13
yksinkertaisempi	1	16
muutoksenhaulla	1	15
yksivaiheisen	1	13
heikentäisivät	1	14
selonteko	1	9
selonteon	1	9
toteutetun	1	10
jäsenvaltiokohtainen	1	20
muutoksenhakukeinot	1	19
riitaasioita	1	12
lähentämiseksi	1	14
oikeussuojakeinojen	1	19
riitauttamattomia	1	17
oikeusviranomaiset	1	18
prosessioikeudessa	1	18
epo	1	3
laajeneva	1	9
volyymi	1	7
nostavat	1	8
kykenisi	1	8
oikeusjärjestelmä	1	17
esteeksi	1	8
oudot	1	5
kannustavana	1	12
yksityishenkilöt	1	16
oikeussuojakeinoihin	1	20
riitauttamatonta	1	16
epo:a	1	5
siviilioikeuden	1	15
hankalampaa	1	11
mielivaltaisiin	1	15
syrjiviin	1	9
päätelmiin	1	10
asuinpaikkavaltiosta	1	20
maansisäisten	1	13
erottamisesta	1	13
koituvat	1	8
rajatylittäviiin	1	16
rajoittuminen	1	13
vääristäisi	1	11
luotonantajat	1	13
rajatylittävässä	1	16
epäjohdonmukaista	1	17
joutunut	1	8
hankaluuksiin	1	13
muutoin	1	7
turvautumatta	1	13
erillisratkaisuun	1	17
valiokunnalta	1	13
tampereella	1	11
kokoontuneessa	1	14
perustella	1	10
nopeutettu	1	10
perimisessä	1	11
yksinkertaisemmasta	1	19
nopeammin	1	9
rahamääräisistä	1	15
vaateista	1	9
perustumaan	1	11
kohtiin	1	7
sisällössä	1	10
ylittäviin	1	10
kopiot	1	6
merkityksellisistä	1	18
yksivaiheiseen	1	14
jäsenvaliossa	1	13
eurooppalaisella	1	16
oikeushenkilöille	1	17
varmat	1	6
avustamiseksi	1	13
oikeusjärjestelmille	1	20
menetelmää	1	10
oikeusjärjestelmiä	1	18
valmiuksistaan	1	14
vaateidensa	1	11
oikeusjärjestelmiin	1	19
liiketoiminnalle	1	16
turvattomuutta	1	14
menettelyissä	1	13
rinnakkaisen	1	12
sisäisille	1	10
riitaasioille	1	13
tehottomuutta	1	13
menettelyille	1	13
turvatusti	1	10
riitauttamattomissa	1	19
vaateissa	1	9
tutki	1	5
tuossa	1	6
nähdään	1	7
valtiossa	1	9
sisäisissä	1	10
roberta	1	7
angelilli	1	9
carlshamre	1	10
jeanmarie	1	9
cavada	1	6
mohácsi	1	7
szejna	1	6
ulkoisesta	1	10
laadunarvioinnista	1	18
laatukulttuuria	1	15
panivat	1	7
enqa	1	4
kehittäisi	1	10
akkreditointien	1	15
tavoittelevia	1	13
tavoittelemattomia	1	18
omaavasta	1	9
monipuolisuutta	1	15
tunnustamalla	1	13
innovatiivisempia	1	17
standardiohjelmat	1	17
arviointikierroksen	1	19
hallinnoimiseksi	1	16
sijoittautuneen	1	15
ulkomaisen	1	10
akkreditointielimen	1	19
kaksinkertaisten	1	16
opintotukien	1	12
-lainojen	1	9
yhtenäistetään	1	14
imagon	1	6
tunnustuksen	1	12
säänneltyihin	1	13
julkisuutta	1	11
toimintamenetelmiin	1	19
suositukseen	1	12
keskustelivat	1	13
tapaamisessa	1	12
korkeakoulualueen	1	17
yhdistämällä	1	12
hyväksyisivät	1	13
menetelmillä	1	12
laatujärjestelmän	1	17
arvioinnille	1	12
vertailtavuuden	1	15
suorituskyvyn	1	13
-menetelmiä	1	11
-ohjeistoja	1	11
tunnistetaan	1	12
yhtäläisyydet	1	13
yhdenmukaistamatta	1	18
akkreditointielimet	1	19
oppilaitoksilla	1	15
korkeakoululaitoksen	1	20
houkuttelevammaksi	1	18
sovittujen	1	10
vastavuoroiselle	1	16
tunnustamiselle	1	15
järjestelmällisellä	1	19
akateeminen	1	11
korkeatasoista	1	14
vertailtavuutta	1	15
pohjana	1	7
järjestelmälliselle	1	19
parantamiselle	1	14
laatukulttuurin	1	15
berliinin	1	9
mandaattia	1	10
syyskuu	1	7
mandaatin	1	9
laatujärjestelmien	1	18
-elinten	1	8
akkreditoimiseksi	1	17
korkeakouluja	1	13
nykyyhteiskunnan	1	16
korkeakouluyhteisö	1	18
samastua	1	8
-arviointien	1	12
ottamisen	1	9
akkreditointi-	1	14
oikeuttaa	1	9
myötämaan	1	9
akateemisia	1	11
arvonimiä	1	9
arvonimet	1	9
vähimmäisvaatimusten	1	20
tunnetun	1	8
prosesseja	1	10
instanssina	1	11
myöntämisessä	1	13
parempana	1	9
oppilaitoksille	1	15
sikäli	1	6
erotetaan	1	9
suorituttamaan	1	14
laadunvarmistuksesta	1	20
akkreditoinnista	1	16
laadunvarmistuksessa	1	20
akkreditoinnissa	1	16
limitettävä	1	11
luotua	1	6
kaksoistutkinnoista	1	19
badía	1	5
cutchet	1	7
ruth	1	4
hieronymi	1	9
säädellään	1	10
rakennusurakoiden	1	17
palveluhankintojen	1	18
sopimusmenettelyjen	1	19
konsolidoidaan	1	14
aiemmat	1	7
oikeuskehystä	1	13
euromääräiset	1	13
alittaa	1	7
määräaikainen	1	13
vaihtokurssien	1	14
vaihtelun	1	9
samantasoisina	1	14
rahoittavat	1	11
osuudella	1	9
tavaranhankinta-	1	16
palvelusopimuksista	1	19
sisältövirheen	1	14
alemmalle	1	9
sovellettavaa	1	13
virhe	1	5
sovellusalaa	1	12
säätelevässä	1	12
tarkistusmenettelyn	1	19
kiireellistä	1	12
marraskuulle	1	12
ilmoitetut	1	10
rahoitusohjeen	1	14
ehdokasmaihin	1	13
hakeneisiin	1	11
ystävyysmaihin	1	14
lainatakuita	1	12
korkotukirahastoa	1	17
tenhankkeiden	1	13
ristiinrahoituksen	1	18
korotettujen	1	12
tietullien	1	10
vahvistamien	1	12
vuotuisten	1	10
pyrkimällä	1	10
sisämaahan	1	10
hankintaviranomaiset	1	20
ennakoidusta	1	12
arvaamattomista	1	15
ennakoimista	1	12
arvaamattomiin	1	14
yhdistämistä	1	12
tasapainoisemman	1	16
kuljetustavan	1	13
pääsemiseen	1	11
vastinerahoituksen	1	18
liikennepolitiikka	1	18
valintojen	1	10
liikennepolitiikasta	1	20
intermodaalisuutta	1	18
rautatieyhteydet	1	16
hallintajärjestelmä	1	19
rannikkoliikenteen	1	18
yhdenmukaistetuista	1	19
tiedotuspalveluista	1	19
tiedotuspalvelujen	1	18
kehittyneisiin	1	14
vesireittien	1	12
liikennetilanteesta	1	19
välittömässä	1	12
läheisyydessä	1	13
matkojen	1	8
liikennetietoa	1	14
kanavasulkujen	1	14
terminaalien	1	12
liikennekannan	1	14
hallintapalveluilla	1	19
turvajärjestelmien	1	18
ylittävässä	1	11
rautatieliikenteessä	1	20
rautatieyhteyksien	1	18
tukisuunnitelmissa	1	18
toteutus	1	8
luetellaan	1	10
työskentelystä	1	14
lähetetään	1	10
toimitetut	1	10
ylittäisivät	1	12
tällaisesta	1	11
päätöslauselmasta	1	17
osille	1	6
tenvaroista	1	11
ohjelmoinnista	1	14
vuosiohjelman	1	13
suurimmalle	1	11
osalle	1	6
prosentille	1	11
prosenttiosuuksien	1	18
yleisluontoiset	1	15
vuosiohjelmat	1	13
noudattama	1	10
vähentämisestä	1	14
summat	1	6
nimeävät	1	8
yleiskäsitys	1	12
ympäristöarviointeja	1	20
toimiensa	1	9
seitsemäs	1	9
teletoiminnan	1	13
ensisijaisesta	1	14
äskeinen	1	8
kestävämmän	1	11
keskittämällä	1	13
raide-	1	6
vesiliikenteeseen	1	17
stä	1	3
hyväksytystä	1	12
huolestuttavaa	1	14
tiheys	1	6
alhaisempi	1	10
muodostamassa	1	13
päävastuussa	1	12
valmisteluasiakirjat	1	20
vahvuuksia	1	10
koordinaattorit	1	15
liikennehankkeiden	1	18
koordinaattorin	1	15
esittäisi	1	9
energiaalalle	1	13
liikenneverkoille	1	17
maksusitoumus-	1	14
jakautuminen	1	12
esitys	1	6
hallinnolliseen	1	15
pe355	1	5
rahoitusosuuksien	1	17
enimmäismääriä	1	14
edelliseen	1	10
ennallaan	1	9
prosentiksi	1	11
rakentamisvaiheelle	1	19
toteuttamisasteen	1	17
rahoitustarpeen	1	15
aiheellinen	1	11
enimmäisosuudet	1	15
suuriksi	1	8
kestämättömiksi	1	15
monivuotisessa	1	14
rahoituskehyksessä	1	18
pienempinä	1	10
bögen	1	5
laatimassa	1	10
tyytyväisyys	1	12
edellyttämiä	1	12
verkoilla	1	9
tene	1	4
vapautumisessa	1	14
ten‑energiaverkot	1	17
sijaitseviin	1	12
toimittajiin	1	12
perussäännöt	1	12
sanottuna	1	9
liikenneverkoilla	1	17
energiaverkoilla	1	16
pitääkin	1	8
oikeudenmukaisena	1	17
energiaverkon	1	13
kuluihin	1	8
yksityisiin	1	11
hyödylliseksi	1	13
korkotukeen	1	11
lainatakauksiin	1	15
rahoitusosuuksiin	1	17
riskirahastoissa	1	16
tenenergiaverkoille	1	19
hakeville	1	9
investointipäätöksen	1	20
hukkaan	1	7
heitettyjä	1	10
tenenergiatuet	1	14
järkevämpää	1	11
tarvittavia	1	11
verkkoyhteyksiä	1	15
kasvattamista	1	13
rakennushankkeita	1	17
tukikaudenkin	1	13
rahoitettiin	1	12
rakennushanketta	1	16
tukimuotoa	1	10
varattua	1	8
kasvateta	1	9
suuremmaksi	1	11
maksettu	1	8
yhteisötukia	1	12
muodollisia	1	11
oikeusasemaa	1	12
oikeusperustoja	1	15
asetuksesta	1	11
päällekkäisyydet	1	16
rakennushankkeiden	1	18
voittaa	1	7
rakennusvaihetta	1	16
rahoitusvaikeudet	1	17
alkuosassa	1	10
saannissa	1	9
terveysnäkökohtia	1	17
tukimuotoja	1	11
lausuntoonsa	1	12
vuosiohjelmaa	1	13
koskettava	1	10
matkailuvaliokunna	1	18
valmistua	1	9
köyhemmät	1	9
kaukaisemmatkin	1	15
seudut	1	6
tentverkon	1	10
vauhditettiin	1	13
yhdennetyt	1	10
kulmakiven	1	10
sisältyivät	1	11
hahmoteltiin	1	12
kaavailujen	1	11
valmistuvaa	1	11
verkkoa	1	7
perusrakenteisiin	1	17
korkeasta	1	9
käyttöasteesta	1	14
alkuperäisistä	1	14
tahoja	1	6
tenthankkeisiin	1	15
enimmäismäärää	1	14
komitologiamenettely	1	20
verkkoja	1	8
monivuotiselle	1	14
ohjelmoinnille	1	14
osahankkeille	1	13
voineet	1	7
kaavailtu	1	9
rahoitusjakso	1	13
selvänä	1	7
tentrahoitusta	1	14
kirjoitettaessa	1	15
pääsevätkö	1	10
jälkimmäisellä	1	14
tent:lle	1	8
budjettimenoille	1	16
suuruuden	1	9
osoitettavan	1	12
rahoitusnäkymissä	1	17
vuosikeskiarvo	1	14
osahankkeiden	1	13
vipuvaikutuksen	1	15
maksettavien	1	12
enimmäisosuutta	1	15
kasvatetaan	1	11
enimmäisosuus	1	13
poikkeuksellisissa	1	18
rakennuskustannuksia	1	20
rahoitusosuudella	1	17
riittävyys	1	10
vuosikeskiarvon	1	15
korotus	1	7
nykytaso	1	8
hitaus	1	6
kasvamiseen	1	11
kolmekymmentä	1	13
neljätoista	1	11
nykyisiin	1	9
tentverkko	1	10
suuruinen	1	9
oletettuun	1	10
keskimääräiseen	1	15
euosuuteen	1	10
ehdotusasetuksessa	1	18
kerrotuista	1	11
pienimpänä	1	10
mahdollisena	1	12
lujasti	1	7
ylittävistä	1	11
allekirjoittaman	1	16
ehdottamissa	1	12
ten‑t‑hankkeiden	1	16
tarkastustehtävää	1	17
vaadittua	1	9
rinnakkaista	1	12
järjestettyä	1	12
todetut	1	7
kokonaisuuden	1	13
tentbudjettikohdan	1	18
vahvistetuista	1	14
enimmäisosuuksista	1	18
kaavailtujen	1	12
alenneta	1	8
ensijaiset	1	10
päätetyt	1	8
levittämisestä	1	14
luonnollisiin	1	13
rajoihin	1	8
takamaahan	1	10
rautatiealan	1	12
liikennepolitiikkaa	1	19
suhde	1	5
säilyisi	1	8
tasapainoisena	1	14
lupautuu	1	8
järjestykseen	1	13
rannikkoliikenne	1	16
tietojärjestelmää	1	17
käynnistysprosessi	1	18
näkyvämpää	1	10
sellaisesta	1	11
sitovaa	1	7
kahdenvälistä	1	13
yhteenliittyvien	1	16
tenthankkeet	1	12
valmistelua	1	11
mittavien	1	9
lopettamisesta	1	14
selvillä	1	8
tenthankeille	1	13
osoitettavia	1	12
tentmäärärahoja	1	15
liikennepolitiikan	1	18
lisätulojen	1	11
kerosiiniveron	1	14
ottamisesta	1	11
eurovinjettiä	1	13
atkins	1	6
barsi	1	5
pataky	1	6
moraes	1	6
böge	1	4
hynek	1	5
fajmon	1	6
ville	1	5
itälä	1	5
yksimoottoriset	1	15
ajoneuvonosturit	1	16
melutasoa	1	9
alennetut	1	9
nyttemmin	1	9
yksimielisiä	1	12
täryjyriä	1	9
tärylevyjä	1	10
täryjunttia	1	11
puskutraktoreita	1	16
kuormaajia	1	10
vastapainotrukkeja	1	18
asfalttilevittimiä	1	18
betonimurskaimia	1	16
kivihakkuja	1	11
ruohonleikkureita	1	17
rajaarvoista	1	12
toteuttamiskelpoista	1	20
muutosehdotuksella	1	18
mietinnönlaadinnan	1	18
sopeuttamisen	1	13
sujui	1	5
sopuisasti	1	10
mietintöä	1	9
kuvaillun	1	9
asiaintilan	1	11
käyneet	1	7
kiistattomia	1	12
hyväksyäkään	1	12
seikasta	1	8
vallinneen	1	10
päätettyjä	1	10
tuolloin	1	8
kuvailtujen	1	11
häiriöt	1	7
horst	1	5
schnellhardt	1	12
valitsemisesta	1	14
välittömillä	1	12
tuomiot	1	7
wagner	1	6
fohrmann	1	8
krier	1	5
wybot	1	5
faure	1	5
viii	1	4
koskemattomuutensa	1	18
puolustamiseksi	1	15
ranskalaisissa	1	14
tuomioistuimissa	1	16
koskemattomuutta	1	16
väittäessään	1	12
lainsäädäntötekstin	1	19
perustuslaillisen	1	17
korkein	1	7
evännyt	1	7
eräältä	1	7
ranskalaiselta	1	14
jäseneltä	1	9
alamomentista	1	13
aineelliset	1	11
tiedonantojen	1	13
lainvoimaiseksi	1	15
oikeussuojakeino	1	16
ranskalainen	1	12
kieltäytyessään	1	15
soveltamasta	1	12
jäseneen	1	8
oikeuskäytännön	1	15
köbler	1	6
i–.	1	3
valvojana	1	9
tasavaltaa	1	10
primäärioikeuden	1	16
c6‑-	1	4
samana	1	6
juhlallisessa	1	13
säilyttävän	1	11
tarkastelua	1	11
perustelluissa	1	14
sijoitusyritysten	1	17
pankkien	1	8
aleta	1	5
hyväksytyistä	1	13
annettuja	1	9
monenkeskisiin	1	14
luetaan	1	7
ylläpitämät	1	11
monenkeskisten	1	14
normaali	1	8
pidentämistä	1	12
valmistellaan	1	13
toimenpidepaketti	1	17
säännökselle	1	12
alkuvuodesta	1	12
painetta	1	8
lamfalussymenettelyn	1	20
edetä	1	5
samanaikaiset	1	13
täytäntöönpanotoimet	1	20
viive	1	5
hidastaa	1	8
edellyttäviin	1	13
lykättävä	1	9
siirrettävä	1	11
lainsäädäntöönsä	1	16
ylimääräinen	1	12
tehokkaaksi	1	11
järjestelmänsä	1	14
menettelynsä	1	12
päättyisi	1	9
lainsäädännöllisen	1	18
lykätään	1	8
kumoamispäivämäärää	1	19
tämänhetkinen	1	13
sääntelynsä	1	11
kumoamisen	1	10
jonathan	1	8
säätiön	1	7
kerrallaan	1	10
ehdokasluettelon	1	16
virkkeestä	1	10
virke	1	5
uusiasetus	1	10
ansioiden	1	9
todistuksin	1	11
siviiliilmailun	1	15
neljäsosan	1	10
luonnehtia	1	10
erillisvirastoiksi	1	18
pääjohtajat	1	11
nimittävä	1	9
aikoihin	1	8
käytäntöön	1	10
kätkeytyy	1	9
lainopillinen	1	13
nimityksissä	1	12
sovellettujen	1	13
nimittämisprosessi	1	18
kallis	1	6
vaihtoehdoksi	1	13
tapaa	1	5
suorittaman	1	11
säädösehdotuksessa	1	18
asiana	1	6
perusoikeuskirjaan	1	18
yhdenvertainen	1	14
ohjenuora	1	9
puolustamista	1	13
viitattu	1	8
tuomioissa	1	10
yksilöllinen	1	12
jäsenensä	1	9
nykyaikaisen	1	12
perusarvo	1	9
syrjittyjen	1	11
luonnollisemmalla	1	17
vietetään	1	9
rasisminvastaisen	1	17
vuotispäivää	1	12
huimasti	1	8
syrjinnästä	1	11
epätasaarvoisesta	1	17
olemassaolevasta	1	16
eroavaisuudet	1	13
esiintyvä	1	9
järjesti	1	8
hyväksymänsä	1	12
ilmeni	1	6
haastatellut	1	12
katsoivat	1	9
kantava	1	7
voima	1	5
nosti	1	5
mustalaisvastaisuus	1	19
huonoimmassa	1	12
vähemmistöryhmän	1	16
kansalaisista	1	13
romaneja	1	8
romanit	1	7
etnisistä	1	9
vähemmistöistä	1	14
ehdokasvaltioissakin	1	20
tahto	1	5
ratkaisevat	1	11
yhteisöillä	1	11
lueteltuun	1	10
syyhyn	1	6
syrjintäperusteiden	1	19
moniperusteisen	1	15
tuotava	1	7
hajautettava	1	12
valmistelevat	1	13
kulttuurien	1	11
nuorisoa	1	8
maahanmuuttoa	1	13
turvapaikkaa	1	12
tietoisiksi	1	11
vastaisesta	1	11
tasapuolista	1	12
vastaisiin	1	10
sektoreilla	1	11
ennakkoluuloja	1	14
erilaisuuden	1	12
taistellaan	1	11
ennakkokäsityksiä	1	17
johdantoosa	1	11
edistämiskampanjat	1	18
edistämis-	1	10
koulutuskampanjat	1	17
tiedotusvälineisiin	1	19
liikeyrityksiin	1	15
järjestettäessä	1	15
tavat	1	5
syrjityiksi	1	11
rodun	1	5
uskonnon	1	8
vakaumuksen	1	11
sukupuolisen	1	12
suuntautumisen	1	14
koordinointielin	1	16
elimessä	1	8
edustavasti	1	11
syrjinnälle	1	11
eriarvoiselle	1	13
kohtelulle	1	10
alttiina	1	8
toimeenpanoelin	1	15
tehtäviään	1	10
puolustavat	1	11
kohteiksi	1	9
läheistä	1	8
noudatettu	1	10
budjettivaltuudet	1	17
siirrettyjen	1	12
valtakunnallisten	1	17
perustamille	1	12
yhteyselimet	1	12
valitsevat	1	10
koordinointielinten	1	19
valituille	1	10
hakijoille	1	10
perustamat	1	10
liittymissopimuksen	1	19
rahoituspuitteita	1	17
tottuneiden	1	11
osallistuville	1	14
yhteyselintä	1	12
julkisoikeudellinen	1	19
suorittava	1	10
yhteyselimeen	1	13
analyysillä	1	11
ryhtymistä	1	10
yhteyselimellä	1	14
vankka	1	6
yhteyselimeltä	1	14
mielellään	1	10
rahoitustakuut	1	14
perittyä	1	8
saatavansa	1	10
puolueettomasti	1	15
yhteyselimelle	1	14
siirretty	1	9
rajoitetun	1	10
osoittamille	1	12
valtakunnalliset	1	16
tukisopimuksia	1	14
tukimenettelyn	1	14
takaisinperintä	1	15
tarjottavat	1	11
moitteettomasti	1	15
menettelyihinsä	1	15
järjestelmiinsä	1	15
estääkseen	1	10
petokset	1	8
oikeustoimiin	1	13
periäkseen	1	10
menetetyt	1	9
epäiltyyn	1	9
todettuun	1	9
petos-	1	6
lahjontatapaukseen	1	18
laittomaan	1	10
tukihakemuksessa	1	16
kuvailtava	1	10
rahoitettavaksi	1	15
tukihakemukseen	1	15
selviää	1	7
hyväksyttäviin	1	14
henkilöstömenot	1	15
täytäntöönpanoelimen	1	20
olafilla	1	8
pääsyoikeuksien	1	15
myönnetyt	1	9
toimintavaltuudet	1	17
toimimisesta	1	12
toimintavaltuuksien	1	19
mukaisissa	1	10
tukisopimuksissa	1	16
valtuuttaman	1	12
suorittamasta	1	13
rahoitusvalvonnasta	1	19
tilintarkastuksista	1	19
toimittamiin	1	12
hyväksymässä	1	12
vähemmistön	1	11
vastaisista	1	11
muistutti	1	9
erivapaus	1	9
muodoissaan	1	11
torjuttava	1	10
yhtäläisellä	1	12
tarmokkuudella	1	14
syrjimättömyyden	1	16
oikeuskäytäntöä	1	15
lisätyn	1	7
uskotun	1	7
ainutlaatuinen	1	14
kulmakivinä	1	11
direktiiveistä	1	14
työhönoton	1	10
asumisen	1	8
opiskelupaikkaan	1	16
alkunsa	1	7
toimintaohjelmasta	1	18
progressohjelma	1	15
kerätäkseen	1	11
laajan	1	6
syntyikin	1	9
taustat	1	7
arvioinnissaan	1	14
syntyneestä	1	11
tasaarvoelinten	1	15
keskustelusta	1	13
puitestrategia	1	14
vastaisen	1	9
tutkiminen	1	10
aikomuksestaan	1	14
nimeämällä	1	10
käynnistäminen	1	14
tavoista	1	8
kunnioittamisen	1	15
ohjenuorana	1	11
nimetyille	1	10
julkisuustapahtuman	1	19
järjestämiseen	1	14
erinomainen	1	11
pyytäessään	1	11
tiedotuskampanjoiden	1	20
direktiiveissä	1	14
aiheellisin	1	11
lainsäädäntöään	1	15
rikkomusmenettelyt	1	18
aktivoi	1	7
painostusta	1	11
vetkuttelevia	1	13
pääperiaatteeseen	1	17
kirjattuihin	1	12
muistutettakoon	1	15
ii‑	1	3
ihonväriin	1	10
geneettisiin	1	12
kieleen	1	7
mielipiteisiin	1	14
kuulumiseen	1	11
varallisuuteen	1	14
syntyperään	1	11
sellaiseen	1	10
omakseen	1	8
siirtämän	1	9
tapahtuma	1	9
toiveiden	1	9
vastakaikua	1	11
muistakin	1	9
ryhmistä	1	8
tasaarvokeskustelu	1	18
hajautettu	1	10
lähestymään	1	11
tasaarvokysymyksiin	1	19
erikoistuneiden	1	15
pienessä	1	8
teemavuonna	1	11
syrjitään	1	9
kuulumisen	1	10
sopivampaa	1	10
taistelua	1	9
tasaarvossa	1	11
eriarvoisesta	1	13
kärsivästä	1	10
vähemmistöryhmästä	1	18
eriarvoinen	1	11
suurinta	1	8
ikää	1	4
vammaisuutta	1	12
uskontoa	1	8
vakaumusta	1	10
rotua	1	5
seksuaalista	1	12
suuntautumista	1	14
valtavirtaistamista	1	19
päätöksentekoaloilla	1	20
kaikenikäisten	1	14
romaninaisten	1	13
aliarvostettua	1	14
ennakkoluuloa	1	13
viitatuissa	1	11
horisontaalisena	1	16
eriarvoisuuden	1	14
liikeelämän	1	11
asianmukaisista	1	15
yhteyselimessä	1	14
kathalijne	1	10
buitenweg	1	9
díez	1	4
sarah	1	5
ludford	1	7
carnassa	1	8
galwayn	1	7
piirikunnassa	1	13
irlannissa	1	10
avioliitossa	1	12
korkeakoulututkinto	1	19
carysfort	1	9
teacher	1	7
training	1	8
college	1	7
blackrock	1	9
co	1	2
dublin	1	6
éireannin	1	9
parlamentaariseksi	1	18
sihteeriksi	1	11
ensimmäiseksi	1	13
naisministeriksi	1	16
hallitukseen	1	12
ministeriksi	1	12
valtiosihteeriksi	1	17
avioerovaliokunnan	1	18
eurooppaministeriön	1	19
puheenjohtajakautta	1	19
koordinoineen	1	13
eukomitean	1	10
viestintäneuvostojen	1	20
viestintäministerinä	1	20
seitsemästä	1	11
valtionyhtiöstä	1	15
oikeusministerinä	1	17
neuvotteli	1	10
sovintoa	1	8
julistuksesta	1	13
helmikuuhun	1	11
yksityisellä	1	12
yrityskonsulttina	1	17
irlantilaisen	1	13
irish	1	5
-sanomalehden	1	13
kolumnisti	1	10
tg4televisiokanavan	1	19
iirinkielisen	1	13
televisiokanavan	1	16
toimittajana	1	12
joulukuuhun	1	11
eläin-	1	6
kasvituotteiden	1	15
maataloustoimien	1	16
metodologia	1	11
laadunvarmistus	1	15
laadintamenettelyn	1	18
avustavat	1	9
ceadosaston	1	11
esimies	1	7
maaliskuuhun	1	12
tyytymätön	1	10
antamastaan	1	11
koskeneessa	1	11
valiokuntanne	1	13
kutsutte	1	8
puhtaaksi	1	9
selvyyden	1	9
pystynyt	1	8
kielteisestä	1	12
mielipiteeseen	1	14
tarkastuslausumat	1	17
pyrkimyksiään	1	13
esittämisen	1	11
tärkeämpien	1	11
tilejä	1	6
täydellisinä	1	12
tarkistetun	1	11
rahoituksellisten	1	17
täsmällisen	1	11
tileissä	1	8
mainitsemiani	1	13
huomauttaminen	1	14
edellyttämän	1	12
alkupuolella	1	12
tilinpidosta	1	12
testauksen	1	10
te	1	2
tunnette	1	8
keskittymistä	1	13
työhönsä	1	8
omistautumisen	1	14
määrätietoisuuden	1	17
komissaarien	1	12
avustavien	1	10
vuosikertomuksessaan	1	20
yhdennetty	1	10
iacs	1	4
objektiivisen	1	13
järjestämä	1	10
valvontaseminaari	1	17
keskustelulle	1	13
valvontakehystä	1	15
velvollisuuteen	1	15
tähtäävällä	1	11
tiekartalla	1	11
seminaari	1	9
käännekohdaksi	1	14
tarkentaneet	1	12
tapaamme	1	8
edellyttämää	1	12
tilintarkastustyötä	1	19
lähestymistapaansa	1	18
vakuutus	1	8
veronmaksajat	1	13
tietävät	1	8
valvontavirasto	1	15
suosittu	1	8
pettäisi	1	8
raportoisi	1	10
vuosikertomuksillaan	1	20
lausunnoillaan	1	14
rauhoittaa	1	10
analyysiä	1	9
selittämistä	1	12
ulkoisille	1	10
haluaisin	1	9
kuvaavaa	1	8
tta	1	3
yksittäistä	1	11
virhettä	1	8
keskusteltiin	1	13
tämäntasoista	1	13
yksityiskohtaisuutta	1	20
muuttamatta	1	11
sulatettavaksi	1	14
myönnän	1	7
kertomustemme	1	13
vaikuttamiseen	1	14
varotoimenpiteisiin	1	19
vääristetä	1	10
paljastamasta	1	13
havaitsemiensa	1	14
lehdistö	1	8
varoihin	1	8
petosten	1	8
indikaattoreina	1	15
vuosikertomuksiin	1	17
lehdistöjulkaisujen	1	19
suhdetoimintayksikkö	1	20
vierailijat	1	11
tervetulleita	1	13
vierailijaa	1	11
ulkoasun	1	8
yhdenmukaisuutta	1	16
selväkielisiä	1	13
otsikoita	1	9
taulukoita	1	10
diagrammeja	1	11
lisäparannuksiin	1	16
toivottavasti	1	13
läpinäkyvyys	1	12
perustekijöitä	1	14
jaettava	1	8
läpinäkyvästi	1	13
vastamaan	1	9
toimivasta	1	10
organisaatiossa	1	15
osatekijöitä	1	12
varmistua	1	9
saavuttavat	1	11
halutun	1	7
vähimmillä	1	10
kustannuksilla	1	14
avustettava	1	11
meille	1	6
ynnä	1	4
cocobu:lla	1	10
käytäntönä	1	10
osastoltani	1	11
yhteysvirkamiehen	1	17
henkilökohtainen	1	16
roolini	1	7
tapaamaan	1	9
apuani	1	6
käytäntönäni	1	12
käyttämänä	1	10
kriteerinä	1	10
näkökannat	1	10
valitsemia	1	10
huolenaiheensa	1	14
osaltani	1	8
vakuutan	1	8
toimialallani	1	13
tulen	1	5
pyyntöjen	1	9
asianomaisesta	1	14
vilpitön	1	8
lainsäädäntöväline	1	18
muuttamisten	1	12
rohkaistu	1	9
perustavaa	1	10
artiklojen	1	10
todistettu	1	10
konseptien	1	10
ottaneensa	1	10
etsittävä	1	9
tyhjiksi	1	8
ehdotettava	1	11
perusteellisuus	1	15
moniulotteinen	1	14
analyysiin	1	10
cocobu:lle	1	10
myöhemmässä	1	11
grässlen	1	8
todellisuus	1	11
toisenlainen	1	12
erityisessä	1	11
jäsenvaltionsa	1	14
jäsenvaltiossaan	1	16
seminaarissa	1	12
hyväksyisi	1	10
alankomaiden	1	12
ytimekkäästi	1	12
todetessaan	1	11
tulisivat	1	9
vastustamaan	1	12
alistetussa	1	11
tosiasiat	1	9
vastuualueen	1	12
kumpaankin	1	10
kentällä	1	8
päälliköiden	1	12
yhteysvirkamiesten	1	18
tukeutumaan	1	11
tuhlaavaa	1	9
maksuosuutta	1	12
maksuosuus	1	10
veronmaksajilta	1	15
sopivana	1	8
toimielimeni	1	12
tehokkuutensa	1	13
-kohdat	1	7
muuttuvaa	1	9
kehittymisestä	1	14
toimintapohjaisesta	1	19
ohjauksesta	1	11
budjetoinnista	1	14
informatiikasta	1	15
tiekartasta	1	11
osallistun	1	10
hoitamisessa	1	12
kauteni	1	7
annoin	1	6
juhlallisen	1	11
vakuutuksen	1	11
täyttämisestä	1	13
sitoumustani	1	12
työjärjestystä	1	14
kunnioittaen	1	12
yritystoimintaan	1	16
eireanniin	1	10
mainittuna	1	10
parlamentaarinen	1	16
sihteeri	1	8
energiaministeriön	1	18
ecofin-	1	7
neuvostojen	1	11
eurooppaministeri	1	17
viestintäministeri	1	18
vastaukseeni	1	12
ansioluetteloni	1	15
hoitamistani	1	12
työni	1	5
vastuualakseni	1	14
maatalousryhmään	1	16
vastuualani	1	11
tupakka-	1	8
banaani-	1	8
kuivarehu-	1	10
vihannesmenojen	1	15
hyväksyimme	1	11
julkaisimme	1	11
sokerimarkkinoita	1	17
kiinnitimme	1	11
suosittelimme	1	13
uudellenarviointia	1	18
ilokseni	1	8
voinkin	1	7
sokerimarkkinoiden	1	18
lopetin	1	7
hoitamisen	1	10
erityiskertomukseen	1	19
johtanutta	1	10
tupakkaa	1	8
banaanijärjestelyä	1	18
kuivarehun	1	10
tilitarkastusten	1	16
päälliköksi	1	11
esimieheksi	1	11
vastaavista	1	11
horisontaalisia	1	15
laadunvarmistusta	1	17
päätösluonnoksia	1	16
kaltaisista	1	11
tehtävänäni	1	11
toimiminen	1	10
erimielisyyden	1	14
esimiehenä	1	10
koskeneet	1	9
laadunvalvontaa	1	15
suunnittelu-	1	12
dokumentaatio-	1	14
kertomusjärjestelmän	1	20
kommentoi	1	9
suunnittelumuistiota	1	20
alustavia	1	9
lausuntoluonnoksia	1	18
assystjärjestelmän	1	18
adarosastolla	1	13
hankkimani	1	10
laadunvalvontatyön	1	18
vakuuttuneeksi	1	14
tarkastustyön	1	13
johto	1	5
vaivattomasti	1	13
tarkoituksenani	1	15
tilintarkastustyön	1	18
vaadittujen	1	11
vaatinut	1	8
kutsumme	1	8
assystjärjestelmäksi	1	20
tukijärjestelmäksi	1	18
assystjärjestemän	1	17
dokumentaatiossa	1	16
metodologian	1	12
osastooni	1	9
helpdeskin	1	10
seuraamme	1	9
parannamme	1	10
tarkastuskäsikirja	1	18
laadunvalvonnan	1	15
laadunvalvonnasta	1	17
varainkäytön	1	12
tunnetaan	1	9
tarkastamisena	1	14
ryhdytty	1	8
tarkastamisen	1	13
moduulin	1	8
osastoa	1	7
yksityiskohtaisilla	1	19
moduuleilla	1	11
ajantasaistamisen	1	17
vastavana	1	9
rutiinitarkastuksen	1	19
havaitsee	1	9
oletettuja	1	10
menettelytavat	1	14
epäillään	1	9
havaitaan	1	9
epäiltyä	1	8
rikollista	1	10
korruptiota	1	11
tarkastusosaston	1	16
epäillyistä	1	11
tapauksista	1	11
vakaviksi	1	9
osapuolilta	1	11
huoleen	1	7
kirjeenvaihdossa	1	16
syytöksistä	1	11
vastaanottamiaan	1	16
aiheettomat	1	11
syytökset	1	9
valitukset	1	10
petoksellista	1	13
petoksellisesta	1	15
syytteet	1	8
pienintäkään	1	12
ehdotukseni	1	11
esittelen	1	9
tarkistamisehdotusta	1	20
sopimatonta	1	11
odotan	1	6
tehtävissäni	1	12
jäsenyyteeni	1	12
näkemykseni	1	11
nauti	1	5
edistäneeni	1	11
joutuisin	1	9
tilannettani	1	12
huoleni	1	7
kunnioittanut	1	13
nimittämällä	1	12
tarkasteli	1	10
henkilötiedot	1	13
etunimet	1	8
pinxten	1	7
alfons	1	6
hugo	1	4
arnold	1	6
syntymäpaikka	1	13
-aika	1	5
overpelt	1	8
siviilisääty	1	12
klassinen	1	9
lyseo	1	5
sinthubertuscollege	1	19
neerpelt	1	8
perusopinnot	1	12
antwerpenin	1	11
kandidaatin	1	11
erikoisalana	1	12
julkistalous	1	12
rahapolitiikka	1	14
phil	1	4
councilin	1	9
stipendiaattina	1	15
opiskeluun	1	10
matkat	1	6
japaniin	1	8
tunnustuspalkinnon	1	18
saajana	1	7
yhdysvaltoihin	1	14
naton	1	5
poliitikot	1	10
ammattiura	1	10
katolisen	1	9
laitoksen	1	9
tilintarkastaja	1	15
ura	1	3
pormestari	1	10
hamontachelin	1	13
neerpeltin	1	10
poliisipiirin	1	13
poliisineuvoston	1	16
poliisitoimikunnan	1	18
maatalousasioista	1	17
pkyrityksistä	1	13
luottamustoimet	1	15
monikunnallisen	1	15
noordlimburg	1	12
nolimpark	1	9
-teollisuusalueen	1	17
nv	1	2
tessenderlo	1	11
chemie	1	6
-yhtymän	1	8
palkkakomitean	1	14
nimityskomitean	1	15
julkaisut	1	9
taloudesta	1	10
rahapolitiikasta	1	16
vahvistanut	1	11
valvontaelimenä	1	15
laatimisessa	1	12
päättäessä	1	10
tukisi	1	6
valvontamenetelmästä	1	20
ehkäiseviä	1	10
pienennetään	1	12
huomauttaessaan	1	15
heikkouksien	1	12
ensiarvoisen	1	12
hoitaneet	1	9
julkaisemalla	1	13
rahat	1	5
tietolähteen	1	12
kattavuudesta	1	13
ajantasaisuudesta	1	17
verkkosivuston	1	14
tiedotuspolitiikkaa	1	19
toiminnastaan	1	13
valvontahavaintonsa	1	19
päätelmänsä	1	11
suosituksensa	1	13
lehdistösuhteisiin	1	18
takuut	1	6
optimaalisesta	1	14
pienin	1	6
kustannuksin	1	12
kohdallaan	1	10
tunnusmerkit	1	12
määritetyt	1	10
tulostavoitteet	1	15
rajaaminen	1	10
johtamismenettelyt	1	18
varainkäytöstä	1	14
saavuttamisesta	1	15
tiedotusjärjestelmät	1	20
havaita	1	7
poikkeamiset	1	12
vaarat	1	6
johtamisjärjestelmät	1	20
-menettelyt	1	11
optimaalisen	1	12
tärkeyden	1	9
teroittamiseen	1	14
valmiuteen	1	10
tarttua	1	7
leviämisestä	1	12
ohjesäännön	1	11
viestintäkulttuurin	1	19
aktiiviseen	1	11
henkilöstöhallintoon	1	20
hallinnoimiseen	1	15
jatkotoimenpiteistä	1	19
tehtävääni	1	10
määrittävät	1	11
sisällöllisesti	1	15
relevantteihin	1	14
huolehdin	1	9
realistiset	1	11
kytkeytyvät	1	11
kertomuksissa	1	13
havaintoihin	1	12
laatijana	1	9
keskustelisin	1	13
suosituksista	1	13
raportointia	1	12
vuoropuheluna	1	13
esittelemään	1	12
kirjallisiin	1	12
suullisiin	1	10
suunnitellessa	1	14
toiveet	1	7
joku	1	4
valiokunnista	1	13
tarkastukseen	1	13
esittelijään	1	12
kannatan	1	8
lämpimästi	1	10
tiiviin	1	7
molemminpuoliseen	1	17
tutustunut	1	10
ehdotuksellaan	1	14
avoimempia	1	10
järkiperäistämään	1	17
johtamismenettelyitä	1	20
käsitteiden	1	11
vakaus	1	6
hankaloittaneet	1	15
päähuomio	1	9
kiinnittyy	1	10
sisältökysymykset	1	17
takaalalle	1	10
hankintamenettelyt	1	18
byrokraattiset	1	14
osoittautui	1	11
hankintaehtojen	1	15
monimutkaisuus	1	14
organisaatioilla	1	16
kokoon	1	6
lievennetty	1	11
vastattu	1	8
tilintarkastukset	1	17
hengessä	1	8
säilyttäessä	1	12
suunnittelua	1	12
raportoimista	1	13
sovellettua	1	11
perustuslainsa	1	14
lainsäädäntönsä	1	15
tarkastavat	1	11
meneviä	1	7
menoista	1	8
meneviin	1	8
maksuihin	1	9
tavallista	1	10
tarkastustuloksia	1	17
tarkastusvirastot	1	17
kokea	1	5
toimielinkehystä	1	16
hahmottaa	1	9
laajentumisia	1	13
panen	1	5
virastojärjestelmät	1	19
auditor	1	7
rakenteesta	1	11
organisaatiosta	1	15
jakaantumisesta	1	15
muuttuneita	1	11
ymmärtänyt	1	10
siirtänyt	1	9
toiminnoistaan	1	14
tarkastusryhmille	1	17
virastojärjestelmää	1	19
työmenetelmiä	1	13
säännönmukaisesti	1	17
suoriutua	1	9
annetuista	1	10
asetetuista	1	11
vastuista	1	9
tarkastettaviin	1	15
kohteisiin	1	10
toiminnallisesti	1	16
poliittisesti	1	13
luonnehdin	1	10
virkatehtävääni	1	15
eturistiriitaan	1	15
suhteissani	1	11
riippumattomuuteni	1	18
mielessäni	1	10
hallituksilta	1	13
tahoilta	1	8
suorittaessani	1	14
asenteeni	1	9
kulloinenkin	1	12
tarkastus	1	9
pidättäydyn	1	11
ammatillisista	1	14
ammattikuvassa	1	14
puolueettomuus	1	14
objektiivisuus	1	14
ammattisalaisuuden	1	18
-standardien	1	12
liiketaloudellisia	1	18
rahoituksellisia	1	16
muunlaisia	1	10
aion	1	4
luopua	1	6
velvoitteistani	1	15
edustajana	1	10
pormestarina	1	12
lähtökohtanani	1	14
voidakseni	1	10
mukaudun	1	8
käytännesääntöjä	1	16
velvollisuuksia	1	15
cv:stäni	1	8
voitte	1	6
lukea	1	5
opiskellut	1	10
taloustiedettä	1	14
yliopistoissa	1	13
erikoistunut	1	12
julkistalouteen	1	15
rahapolitiikkaan	1	16
valmistuttuani	1	14
leuvenissä	1	10
assistenttina	1	13
kohdistuvassa	1	13
tasokokeen	1	10
läpäistyäni	1	11
siirryin	1	8
tilintarkastajaksi	1	18
kuului	1	6
vastuullani	1	11
sain	1	4
seurasi	1	7
puolivälistä	1	12
pksektorista	1	12
varajäsenenä	1	12
voivani	1	7
johtotähteä	1	11
yhtäällä	1	8
toisaalla	1	9
eurooppa-	1	9
valvoessa	1	9
sujuu	1	5
kunnossa	1	8
tehtävieni	1	10
ilmenevistä	1	11
nimittämää	1	10
palma	1	5
mallorcassa	1	11
tohtori	1	7
tutkija	1	7
rahoitusoikeuden	1	16
-yliopistossa	1	13
valladolidin	1	12
täydentänyt	1	11
opintojaan	1	10
wienin	1	6
klaus	1	5
vogelin	1	7
heidelbergin	1	12
dekaani	1	7
vararehtori	1	11
asessorina	1	10
itsehallintoalueen	1	18
ylioikeudessa	1	13
yliopistollisen	1	15
erikoisalaansa	1	14
teoksia	1	7
verotuksen	1	10
corporaciones	1	13
alemán	1	6
incidencia	1	10
fuentes	1	7
normativas	1	10
reparto	1	7
competencias	1	12
distintos	1	9
ámbitos	1	7
gobierno	1	8
autonomía	1	9
suficiencia	1	11
asimetría	1	9
estructura	1	10
ley	1	3
modelos	1	7
necesaria	1	9
reforma	1	7
autonomías	1	10
contenido	1	9
instrumentos	1	12
límites	1	7
corresponsabilidad	1	18
relaciones	1	10
interadministrativas	1	20
aplicación	1	10
tributos	1	8
elementos	1	9
jurídicos	1	9
principios	1	10
puntos	1	6
conexión	1	8
verovarat	1	9
condicionamientos	1	17
constitucionales	1	16
codificación	1	12
tasas	1	5
públicos	1	8
privados	1	8
hacia	1	5
un	1	2
concepto	1	8
tributo	1	7
bloque	1	6
presupuestario	1	14
presupuesto	1	11
acompañamiento	1	14
estabilidad	1	11
decretoley	1	10
hecho	1	5
cuantificación	1	14
prestación	1	10
unidad	1	6
familiar	1	8
como	1	4
sujeto	1	6
ordenamiento	1	12
español	1	7
determinados	1	12
activos	1	7
financieros	1	11
tributación	1	11
entidades	1	9
previsión	1	9
tipo	1	4
gravamen	1	8
aspectos	1	8
fiscales	1	8
libre	1	5
circulación	1	11
capitales	1	9
comunidad	1	9
incrementos	1	11
patrimoniales	1	13
operaciones	1	11
residentes	1	10
eficacia	1	8
voluntad	1	8
partes	1	6
obligaciones	1	12
directiva	1	9
ce	1	2
relativa	1	8
al	1	2
común	1	5
aplicable	1	9
matrices	1	8
filiales	1	8
experiencia	1	11
revisión	1	8
actos	1	5
vía	1	3
administrativa	1	14
yliopistotoimintaan	1	19
kääntänyt	1	9
espanjaksi	1	10
klassikot	1	9
hnawiasky	1	9
grundlegende	1	12
fragen	1	6
steuerrechts	1	12
ltrotabas	1	9
ensayo	1	6
fgeny	1	5
particularismo	1	14
esitelmät	1	9
xiii	1	4
jornadas	1	8
latinoamericano	1	15
xlv	1	3
kongressissa	1	12
cortes	1	6
vaalikauden	1	11
liitossa	1	8
autónoma	1	8
finanssi-	1	9
verooikeuden	1	12
neuvonantotehtävissä	1	20
valmistelu	1	10
nicaraguan	1	10
kansalliskokouksessa	1	20
managuassa	1	10
hajauttamista	1	13
venezuelan	1	10
hajauttamisesta	1	15
ministeriössä	1	13
caracasissa	1	11
paraguayn	1	9
institutionaalista	1	18
asunciónissa	1	12
alaisuuteen	1	11
fiscalesissa	1	12
económicofinanciera	1	19
yleistalousarvioon	1	18
talousarviot	1	12
valmistelusta	1	13
kaltaiselle	1	11
lähestyy	1	8
asiakirjoissa	1	13
yhdeltä	1	7
riidanalaisimmista	1	18
puolestani	1	10
uskaliasta	1	10
lausua	1	6
vuosikertomuksen	1	16
toteutettaessa	1	14
rakennetoimet	1	13
tutkimusohjelmat	1	16
kritiikki	1	9
kriittiset	1	10
näkemältä	1	9
oikeastaan	1	10
komissioon	1	10
moittii	1	7
säännönmukaisuuden	1	18
menon	1	5
toimineet	1	9
yksinomaisiin	1	13
varainhoitovuotta	1	17
johtopäätökseen	1	15
heijastelevan	1	13
työasiakirjoihin	1	16
seminaaria	1	10
oletan	1	6
tutustuessani	1	13
tuntemattomat	1	13
muodostumista	1	13
instituutioon	1	13
tarkkuus	1	8
takeena	1	7
kansalaiselle	1	13
vastustettava	1	13
kiusausta	1	9
tuleekin	1	8
kuulumattomien	1	14
vieraiden	1	9
petoksen	1	8
laiton	1	6
positiivinen	1	12
negatiivinen	1	12
mutkikkaasta	1	12
mutkikkaita	1	11
liika	1	5
kertomuksiaan	1	13
viitoittaa	1	10
mainitsemani	1	12
tietojeni	1	9
tämänhetkiseen	1	14
rohkenisin	1	10
julki	1	5
internet	1	8
lähelle	1	7
kunnille	1	8
yhteisrahoitettujen	1	19
perushuomio	1	11
olemassaolo	1	11
mielivaltaisen	1	14
vastakohtaa	1	11
tunteminen	1	10
toteuduttua	1	11
vastakkaista	1	12
ristiriitainen	1	14
sovi	1	4
ehdottomana	1	11
valta	1	5
alv	1	3
tullimaksut	1	11
hallintoviranomaiset	1	20
veronmaksajalla	1	15
periminen	1	9
kannattavaa	1	11
verotusmenettelyitä	1	19
kerättäessä	1	11
ennakkovaatimus	1	15
budjetointi	1	11
erittelyperiaatteen	1	19
perusteta	1	9
alamomentteja	1	13
kokonaismääriä	1	14
maksusitoumus	1	13
vastuut	1	7
tavoiteltavia	1	13
tarkoitusperiä	1	14
muuttumattomat	1	14
ponnisteluita	1	13
hallinnolta	1	11
lopulliselta	1	12
edunsaajalta	1	12
ruokittava	1	10
takautuvasti	1	12
taloudellisuuden	1	16
käytettyjä	1	10
käytettyjen	1	11
maksimoimalla	1	13
avustavan	1	9
oikaisun	1	8
varainhoitokauden	1	17
ennakoitujen	1	12
valtuus	1	7
demokraattisesta	1	16
valtuuksien	1	11
hoitaisin	1	9
ammattimaisin	1	13
työmääräysten	1	13
olennaiseen	1	11
erityiskertomuksiin	1	19
lausumiin	1	9
huomautuksiin	1	13
ilmeistä	1	8
kertomuspyyntöjen	1	17
luotettavalle	1	13
valvonnalle	1	11
vapauttamiseen	1	14
käsittelen	1	10
harkitsevasti	1	13
parlamentaariset	1	16
kanavoitaisiin	1	14
varainhoitoasetus	1	17
ihme	1	4
jatkuvien	1	9
perinpohjaisesta	1	16
pelkkinä	1	8
pohdintoina	1	11
arvioina	1	8
teoreettisina	1	13
sellaisina	1	10
vastaamatta	1	11
sisällytettävien	1	16
järkiperäistää	1	14
hallintomenettelyitä	1	20
sääteleviä	1	10
normin	1	6
muodollisuuksia	1	15
yksinkertaistamalla	1	19
korvaamalla	1	11
esitettävät	1	11
valaehtoisilla	1	14
vakuutuksilla	1	13
positiivista	1	12
saaville	1	8
byrokraattisten	1	15
hallintoelimille	1	16
liikkumavapautta	1	16
ponnistelua	1	11
liikkumavapaus	1	14
rakennerahastot	1	15
valvontamenettelyt	1	18
meno	1	4
euro	1	4
saapuu	1	6
loppukäyttäjälle	1	16
valvontatehtävässä	1	18
valvontatyypin	1	14
koordinaatio	1	12
väistämättömältä	1	16
samanaikainen	1	13
-ohjelmaa	1	9
toteuttaman	1	11
käypiä	1	6
samanluontoisille	1	17
valvontaelimille	1	16
verovarojen	1	11
harkitsematonta	1	15
tuntematta	1	10
pyrin	1	5
pohditaan	1	9
osastoja	1	8
ceadryhmään	1	11
noudattavan	1	11
harkintaa	1	9
osastojen	1	9
muodostamiseksi	1	15
osastoista	1	10
käytännesääntöihin	1	18
subjektiiviselta	1	16
aio	1	3
vaikutteita	1	11
mielipiteestä	1	13
päätökseni	1	10
kollegiaalisesti	1	16
tekemäni	1	8
yksityisissä	1	12
edunvalvontaryhmissä	1	20
objektiiviselta	1	15
ymmärrän	1	8
älylliseltä	1	11
rehellisesti	1	12
budjettivalvonnan	1	17
omistautumiseen	1	15
tosiaankin	1	10
omistautuminen	1	14
tae	1	3
tilanteeni	1	10
liiketoimiin	1	12
aikaisemminkin	1	14
liikeyrityksiä	1	14
pohjimmainen	1	12
täydentynyt	1	11
neuvonantotehtävillä	1	20
pääsin	1	6
olematta	1	8
puolueessa	1	10
listoilla	1	9
baleaareilla	1	12
vuodet	1	6
merkitsivät	1	11
mielenkiintoista	1	16
lojaalisuuden	1	13
sitoutumisen	1	12
vuona	1	5
asettunut	1	9
tahdostani	1	10
ehdolle	1	7
parlamenttivaaleihin	1	20
väitöskirjani	1	13
akateemisessa	1	13
toiminnassani	1	13
akateemisesta	1	13
merkinnyt	1	9
selitettävä	1	11
perusopintojen	1	14
tohtoriopintojen	1	16
kursseilla	1	10
tulopuolen	1	10
verotulot	1	9
menopuolen	1	10
budjettivaiheet	1	15
komponentit	1	11
akateemisen	1	11
rakentuneen	1	11
hajautetun	1	10
säänneltyjen	1	12
tilinpitonormien	1	16
valtiovarain	1	12
noiden	1	6
budjettijärjestelmä	1	19
uudistettiin	1	12
liittyi	1	7
eec:hen	1	7
kausiluontoisia	1	15
ylimääräisiä	1	12
keskusteluita	1	13
hoidin	1	6
niinä	1	5
kahdeksana	1	10
kuuluin	1	7
sekavaliokunnassa	1	17
tilinpidon	1	10
analysoinnista	1	14
neuvonantajan	1	13
näkökulmaan	1	11
ollessani	1	9
riippuvan	1	9
fiscalesin	1	10
económico	1	9
financiera	1	10
sosialistiryhmä	1	15
vastaisuutta	1	12
kyseisiltä	1	10
vuosilta	1	8
neuvonantotoimeni	1	17
verokysymykset	1	14
kansainvälisenä	1	15
hajasijoittamista	1	17
tarkoittamassa	1	14
voisin	1	6
esitettäisiin	1	13
olisin	1	6
maastricht	1	10
toimielimiä	1	11
tehtävää	1	8
valvontatehtäväänsä	1	19
käyttämän	1	9
nimittäminen	1	12
toimintatapani	1	14
edellyttämässä	1	14
toivo	1	5
ehdokkuutta	1	11
ilmaisisin	1	10
maani	1	5
aikomukseni	1	11
campo	1	5
maiorissa	1	9
jatkotutkinto	1	13
instituutista	1	13
opettaja	1	8
oikeustieteellisessä	1	20
tiedekunnassa	1	13
superior	1	8
novas	1	5
profissões	1	10
-korkeakoulussa	1	15
ylitarkastaja	1	13
apulaispäällikkö	1	16
-yhtiön	1	7
konsultti	1	9
vastuualueena	1	13
pankkitoiminta	1	14
keskuspankki	1	12
teräsyhteisö	1	12
eurooppakoulut	1	14
hajautetut	1	10
erillisvirastot	1	15
hankintakeskus	1	14
single	1	6
audit	1	5
kutsuttu	1	8
puhujaksi	1	9
useisiin	1	8
konferensseihin	1	15
seminaareihin	1	13
artikkeleita	1	12
saatoin	1	7
esitellä	1	8
intensiivisemmin	1	16
tarkastuslausumiin	1	18
järjestämässä	1	13
analysoi	1	8
kysymyksenasettelua	1	19
antavatko	1	9
seurattavien	1	12
laatimissa	1	10
samoilla	1	8
linjoilla	1	9
laadullisen	1	11
tuottaman	1	9
tunnustamisena	1	14
arvosteluna	1	11
luontaisesti	1	12
ammattimainen	1	13
myöntävälle	1	11
monimutkaisessa	1	15
toimintaympäristössä	1	20
luotettavuudesta	1	16
lausumaa	1	8
erityisarvioilla	1	16
sanonut	1	7
tarkempaa	1	9
yksilöimistä	1	12
kohtuulliseen	1	13
varmuuteen	1	10
tarkastusmenetelmien	1	20
väärinkäytösten	1	15
riskinhallinnan	1	15
sanoin	1	6
aineellisten	1	12
estämisessä	1	11
paljastamisessa	1	15
lähestymistavalla	1	17
tiedonsaanti	1	12
perustetta	1	10
ymmärtämisen	1	12
täydellisemmän	1	14
paljastaneet	1	12
korjanneet	1	10
linja	1	5
tarkastuslausumia	1	17
lähestymistavassa	1	17
viitatuista	1	11
tarkastusalaa	1	13
tarkastusnormien	1	16
tarkemman	1	9
helppokäyttöisiä	1	16
tasapainoisesti	1	15
havaittuja	1	10
rahoitustoimien	1	15
vartijana	1	9
asetettuihin	1	12
sanomaa	1	7
vastaanoteta	1	12
kenen	1	5
kiinnostuneen	1	13
kansalaisen	1	11
viestintätapoja	1	15
tiedotusmenetelmiä	1	18
verkkosivulla	1	13
suunnitellusti	1	14
hallintomalliin	1	15
varainhoidossa	1	14
määritys	1	8
henkilöstö-	1	11
tuotettava	1	10
myönnettyjä	1	11
kirjanpito	1	10
tarkan	1	6
luotettavan	1	11
ajantasaisen	1	12
toimittaminen	1	13
rahoitusvirtojen	1	16
esittäminen	1	11
tarkasteltavaksi	1	16
presidentti	1	11
merkeissä	1	9
järjestäneet	1	12
vuosittaisia	1	12
henkilökohtaisena	1	17
yhteistyöhengestä	1	17
tehtävässäni	1	12
rakentavaa	1	10
esittelijöiden	1	14
sysäyksen	1	9
painopistealueiden	1	18
monivuotisohjelma	1	17
riskianalyysi	1	13
käsittelevät	1	12
tehtävästä	1	10
entisestäänkin	1	14
yhteisönlaajuisesti	1	19
ohjelmakautta	1	13
sääntöehdotuksissa	1	18
selkeyttämisestä	1	16
ohjesääntöjensä	1	15
säännöllisiä	1	12
vuosikertomuksensa	1	18
luottamuksellisessa	1	19
konkreettisina	1	14
toimielimessä	1	13
tehokkaimpaan	1	13
rinnakkaisten	1	13
yhteyskomitean	1	14
painopistettä	1	13
tilintarkastukseen	1	18
koordinoituihin	1	15
eu‑varojen	1	10
toimivatko	1	10
euvarojen	1	9
viitoittavat	1	12
tahoilla	1	8
panoksensa	1	10
saralle	1	7
organisaatioon	1	14
joustavoittamaan	1	16
varojensa	1	9
uudistuksista	1	13
tilintarkastusryhmät	1	20
merkittävämmän	1	14
mahdolliselle	1	13
kamarijärjestelmälle	1	20
toiminnalliseen	1	15
erikoistumiseen	1	15
itsearvioinnin	1	14
vertaisarvionnin	1	16
tehostumiseen	1	13
247artiklan	1	11
hyväksyin	1	9
juhlallisella	1	13
vakuutuksella	1	13
peruslupaukseen	1	15
puolueettomana	1	14
käyttäytymiseni	1	15
hallittua	1	9
hienotunteista	1	14
päättynyt	1	9
annan	1	5
mielelläni	1	10
lisään	1	6
presidentille	1	13
nimittämiseni	1	13
varallisuuttani	1	15
puolisoni	1	9
työskentelin	1	12
ylitarkastajana	1	15
apulaispäällikkönä	1	18
päätehtäväni	1	12
emotrtukiosaston	1	16
varainhallinnon	1	15
tilintarkastusalalla	1	20
‑yhtiön	1	7
keskuspankin	1	12
teräsyhteisön	1	13
eurooppakoulujen	1	16
hajautettujen	1	13
hankintaviraston	1	16
puheenjohtajaksi	1	16
tapahtuneeseen	1	14
uudistuksesta	1	13
johtuviin	1	9
parannuksiin	1	12
uudenaikaistaminen	1	18
vastauksessani	1	14
soveltama	1	9
laadullinen	1	11
runsaammin	1	10
kunnia	1	6
lausunnolla	1	11
vaikutti	1	8
minuun	1	6
panokseni	1	9
yhtälailla	1	10
hoitamiselle	1	12
vari	1	4
frosinonessa	1	12
emeritus	1	8
maaliskuu	1	9
sapienza	1	8
arvosanalla	1	11
cum	1	3
laude	1	5
liiketaloustieteen	1	18
instituutissa	1	13
asianajajan	1	11
pätevyys	1	8
vakinaista	1	10
virkaa	1	6
valintakokeessa	1	15
perugian	1	8
julkisoikeudelliseen	1	20
tiedekuntaan	1	12
ammattiyhdistyksen	1	18
virkamies	1	9
asianajaja	1	10
kaupungin	1	9
atac	1	4
syyttäjänä	1	10
aluehallinnon	1	13
osastot	1	7
tuomari	1	7
opetustoiminta	1	14
osakurssi	1	9
lukuvuosi	1	9
korkeakoulu	1	11
virkamiehille	1	13
tor	1	3
vergata	1	7
-yliopisto	1	10
lumsayliopisto	1	14
hallintooikeuden	1	16
käsityöyrityksille	1	18
myönnettävistä	1	14
luotoista	1	9
asuntorakentamista	1	18
unicefkomitean	1	14
perustaman	1	10
yhteiskunnallisista	1	19
yleiskokouksen	1	14
xvii	1	4
erityisistunnossa	1	17
yorkissa	1	8
kulttuuriesineiden	1	18
ulkoministeriön	1	15
sisäministeriön	1	15
asiantuntijaryhmä	1	17
lakiin	1	6
pääasiallisten	1	14
määrittämistä	1	13
chilessä	1	8
brasiliassa	1	11
kolumbiassa	1	11
uruguayssa	1	10
egyptissä	1	9
latinalaisen	1	12
puhuu	1	5
kirjoittaa	1	10
vieraita	1	8
englanti	1	8
julkaisuja	1	10
valori	1	6
tecniche	1	8
giudizio	1	8
costituzionalità	1	16
spanish	1	7
constitution	1	12
context	1	7
dykinson	1	8
diritto	1	7
romano	1	6
ius	1	3
commune	1	7
europeo	1	7
index	1	5
processo	1	8
integrazione	1	12
ed	1	2
ecumene	1	7
esi	1	3
tribunali	1	9
amministrazione	1	15
politica	1	8
giudiziario	1	11
limiti	1	6
discendenti	1	11
dalla	1	5
separazione	1	11
poteri	1	6
archivio	1	8
giuridico	1	9
serafini	1	8
protection	1	10
administration	1	14
independence	1	12
judicial	1	8
power	1	5
measures	1	8
responding	1	10
updated	1	7
documents	1	9
xiiith	1	6
città	1	5
sole	1	4
lecce	1	5
articolazioni	1	13
dello	1	5
stato	1	5
sociale	1	7
iustitia	1	8
accesso	1	7
sociali	1	7
comune	1	6
jovene	1	6
revista	1	7
católica	1	8
valparaíso	1	10
legalità	1	8
nelle	1	5
esperienze	1	10
giuridiche	1	10
contemporanee	1	13
ruolo	1	5
corti	1	5
nazionali	1	9
sopranazionali	1	14
congreso	1	8
internacional	1	13
filosofía	1	9
sociología	1	10
jurídicas	1	9
perspectivas	1	12
para	1	4
próximo	1	7
milenio	1	7
externado	1	9
colombia	1	8
bogotá	1	6
nuova	1	5
corte	1	5
conti	1	5
ordinamento	1	11
comunitario	1	11
sulla	1	5
spesa	1	5
pubblica	1	8
atti	1	4
convegno	1	8
studi	1	5
tenutosi	1	8
bari	1	4
marzo	1	5
giuffrè	1	7
milano	1	6
esittämässä	1	11
arvostelussa	1	12
julkaise	1	8
virhekiintiöitä	1	15
esiintyneitä	1	12
epätäydellinen	1	14
vääristyneen	1	12
luvuin	1	6
harvoihin	1	9
muuttujiin	1	10
moitteettomuudesta	1	18
vuosikertomuksessa	1	18
alakohtaisissa	1	14
erityiskertomuksissa	1	20
havaintonsa	1	11
ryhmittämällä	1	13
homogeenisiin	1	13
luokkiin	1	8
esimerkkitapauksia	1	18
tyhjentävä	1	10
havaituista	1	11
puutteista	1	10
vertailuja	1	10
tarvitsevansa	1	13
pidin	1	5
mielenkiintoisena	1	17
moitteettomasta	1	15
vastuunottoa	1	12
tiiviimmin	1	10
totuudenmukaisia	1	16
peittelemättä	1	13
uskottavuutta	1	13
onnistuneita	1	12
ammattikieli	1	12
helppotajuisempaa	1	17
tarkasteluun	1	12
tiiviimmässä	1	12
laadukkuuden	1	12
objektiivista	1	13
valitsemien	1	11
tarvitsemaansa	1	14
kulmakivistä	1	12
asiakastyytyväisyys	1	19
esiintyviin	1	11
puutteisiin	1	11
epäkohdat	1	9
säännöllisinä	1	13
virallisina	1	11
kontakteina	1	11
kuulemisina	1	11
valiokunnissa	1	13
erään	1	5
edustajainhuone	1	15
johdannaisten	1	13
leviämiseen	1	11
hyödytettävä	1	12
valvontatehtävää	1	16
itselläni	1	9
hajautettiin	1	12
mieleeni	1	8
monimutkaisina	1	14
lisääntyvää	1	11
tunnettua	1	9
valtiolliset	1	12
hallintoelimet	1	14
kääntyy	1	7
puoleen	1	7
roolien	1	7
työskentelyä	1	12
mahdollisessa	1	13
työnjaossa	1	10
ainoaa	1	6
näinkin	1	7
kulutettu	1	9
ajankohtaisia	1	13
tilanteilta	1	11
jouduttamaan	1	12
valvontamenettelyjä	1	19
täsmälleen	1	10
tarkastusryhmien	1	16
jaostoja	1	8
alistettava	1	11
täysistunnon	1	12
velvollisuuteni	1	15
kiistaton	1	9
ammattieettisten	1	16
kodifiointia	1	12
rooleista	1	9
joutuvien	1	9
uskottavuudesta	1	15
tarkoituksetonta	1	16
intresseihin	1	12
liike-	1	6
talouselämässä	1	14
ainoat	1	6
tutkimustyöhön	1	14
kulttuurielämään	1	16
hoitanut	1	8
legitiimiyden	1	13
varapuheenjohtajana	1	19
työskennellessäni	1	17
hallintohenkilöstöön	1	20
tuomarikomitean	1	15
vastasin	1	8
henkilökunnalle	1	15
ylimpiin	1	8
tuomioistuimiin	1	15
säännöllisten	1	13
tekevien	1	8
alueosastojen	1	13
kuuluun	1	7
jaostokollegioon	1	16
hallintoalueiden	1	16
-maakuntien	1	11
luopuisin	1	9
käsitteellä	1	11
määritelmällä	1	13
painopisteiden	1	14
painopisteinä	1	13
suorittamiseen	1	14
globaalia	1	9
ekosysteemejä	1	13
alaohjelmia	1	11
läheisesti	1	10
puheenjohtajavaltion	1	20
painopisteisiin	1	15
edut'	1	5
pankkitoimintaa	1	15
ympäristötietojen	1	17
toimielimillä	1	13
ympäristöasioita	1	16
103e	1	4
laiminlyöntiä	1	13
rahoittamilla	1	13
ohjelmilla	1	10
käsitttelyn	1	11
pankkitoiminta-	1	15
harkitun	1	8
järkevän	1	8
korkeammilla	1	12
alueellisesti	1	13
löytyvät	1	8
opastaa	1	7
paeta	1	5
kootuista	1	9
ulkoistamisen	1	13
ylivoimaisen	1	12
ylivoimainen	1	12
levittämättä	1	12
sovelletava	1	11
asiaankuuluvia	1	14
sovellu	1	7
tarpeettomana	1	13
työpäivän	1	9
kuulumattomat	1	13
esittäjien	1	10
perittävien	1	11
elimille	1	8
toimielintä	1	11
maksuttomia	1	11
ympäristötietoja	1	16
henkeen	1	7
henki	1	5
uhattuna	1	8
ihmishenkiä	1	11
pienenä	1	7
muin	1	4
toimenpitein	1	12
tarkistamiseen	1	14
avoinna	1	7
liittyväksi	1	11
suunnitelmaksi	1	14
ohjelmaksi	1	10
valmisteluvaiheessa	1	19
valmistellessaan	1	16
muuttaessaan	1	12
tarkistaessaan	1	14
ehdotusluonnos	1	14
valmisteltavaan	1	15
ympäristötiedot	1	15
‑arvioinnit	1	11
tarkoitetunlainen	1	17
muuttava	1	8
tarkistava	1	10
jonne	1	5
lähettämisen	1	12
päättämistä	1	11
järjestelyiden	1	14
kohtuulliset	1	12
pääsääntöisesti	1	15
ehdotusluonnoksesta	1	19
ympäristötiedosta	1	17
kuulemisten	1	11
perustelunsa	1	12
toimenpiteestä	1	14
aiotaan	1	7
epäämisestä	1	11
perusteluineen	1	14
tietyille	1	9
korvattu	1	8
hallintotoimet	1	14
laiminlyönnit	1	13
ammattiliittoihin	1	17
toimimatta	1	10
asiasisältö	1	11
sanottiin	1	9
selvemmin	1	9
voimaantulopäivä	1	16
terveyttään	1	11
hyvinvointiaan	1	14
täyttävässä	1	11
unece	1	5
viisitoista	1	11
allekirjoittivat	1	16
paremmat	1	8
ympäristöasioiden	1	17
astui	1	5
osallistumisoikeus	1	18
vireillepanooikeus	1	18
täyttääkseen	1	12
vireillepanooikeuden	1	20
ratifioimista	1	13
ratifioi	1	8
almatissa	1	9
kazakstanissa	1	13
mop	1	3
almatin	1	7
toimitettiin	1	12
lisättiin	1	9
päätavoitteeksi	1	15
oikeudelle	1	10
tasapainotettava	1	16
vastauksille	1	12
lyhenivät	1	9
pyynnöille	1	10
pitenivät	1	9
yleisöön	1	8
oikeuskäsittelyyn	1	17
säädettiin	1	10
kaksien	1	7
tiedonsaantiin	1	14
poikkeuksiin	1	12
täsmällisempi	1	13
oikeusväline	1	12
pidempien	1	9
tosiasiallinen	1	14
sanoihin	1	8
rahoittamat	1	11
kapeaalaisesti	1	14
laajemmalla	1	11
vastauksen	1	10
ympäristövaliokunta	1	19
vireillepanooikeutta	1	20
soveltamiselle	1	14
taatut	1	6
perusvapaudet	1	13
kilpailumääräykset	1	18
toteutuisivat	1	13
merisatamassa	1	13
solmukohtia	1	11
valtiollisten	1	13
suorituskyky	1	12
ulkomaankauppa	1	14
edelsi	1	6
satamapaketti	1	13
lopull	1	6
silloisessa	1	11
pantiin	1	7
puivat	1	6
silloista	1	9
direktiiviehdotusta	1	19
seuranneessa	1	12
kiistellen	1	10
hartaasti	1	9
kiistänyt	1	9
tarpeellisuutta	1	15
erimielisyydet	1	14
sovellettavuus	1	14
luotsipalveluihin	1	17
siirtymätoimet	1	14
niukan	1	6
kompromissien	1	13
asettavatko	1	11
lupaehtoja	1	10
linjavarustamot	1	15
luotsaaminen	1	12
erityismerkitystä	1	17
ympäristönsuojelun	1	18
taloussuhteita	1	14
siirtymätoimien	1	15
laji	1	4
näistäkin	1	9
kompromissin	1	12
niukalla	1	8
merkitsi	1	8
tuloksettomana	1	14
olennaisilta	1	12
identtiset	1	10
kompromissitekstin	1	18
argumenteista	1	13
pätevät	1	7
nykyäänkin	1	10
eräissä	1	7
merkittävissä	1	13
sovittelutekstistä	1	18
satamapalveluille	1	17
maksettavia	1	11
alkutekijöissä	1	14
tunnusmerkistöä	1	15
siirtymäsäännöksistä	1	20
luovuttu	1	8
juurta	1	6
jaksain	1	7
työasiakirjan	1	13
perinpohjaisessa	1	16
kiistanalaisista	1	16
järjestettiin	1	13
kutsuttiin	1	10
työasiakirjassa	1	15
käsiteltyihin	1	13
saapui	1	6
merisatamaliitto	1	16
yleiseurooppalainen	1	19
liikennejärjestö	1	16
clecat	1	6
luotsijärjestöjen	1	17
yhteistyöjärjestö	1	17
empa	1	4
edunvalvontajärjestö	1	20
tugowners'	1	10
esc	1	3
keskusjärjestö	1	14
ecsa	1	4
federaatio	1	10
käytyjen	1	8
huomattavin	1	11
rakenteellisin	1	14
tukisuuntaviivoista	1	19
tarpeellisiksi	1	14
merkittävyyden	1	14
mainittaisiin	1	13
merisatamista	1	13
ahtaajat	1	8
etunäkökohtiensa	1	16
siirtokuormausta	1	16
kiistävät	1	9
merisatamaliittokin	1	19
päätettäisiin	1	13
punnittuaan	1	11
ammattiliittojen	1	16
pidettävien	1	11
omaksuivat	1	10
periaatteellisen	1	16
valtion-	1	8
vahvistivat	1	11
sovitteluvaiheessa	1	18
lupaehdoista	1	12
täyttävä	1	8
rajataan	1	8
pidemmän	1	8
suostui	1	7
viittauksen	1	11
kiinnitys-	1	10
luotsipalvelujen	1	16
luotsit	1	7
luotsipalvelun	1	14
osallistuneet	1	13
merisatamaliiton	1	16
keskusjärjestön	1	15
selvennystä	1	11
erityistarkoituksia	1	19
maihinlaskua	1	12
hylättiin	1	9
tyhjä	1	5
äänestystulosten	1	16
ta	1	2
yksittäin	1	9
vastuulle	1	9
hallintoelimellä'	1	17
hallintoelin'	1	13
infrastruktuureja	1	17
satamajärjestelmässä	1	20
koostua	1	7
erillisistä	1	11
elimistä	1	8
nimitä	1	6
toimiluvalla'	1	13
sopimuksella'	1	13
vuokrasopimuksia	1	16
satamapalveluihin	1	17
meriturvallisuuden	1	18
tarkoiteta	1	10
satamapalvelun	1	14
suhteutettuja	1	13
meriturvallisuutta	1	18
tuloväylien	1	11
työehto-	1	8
sosiaalisäännöstöjen	1	20
työehtosopimukset	1	17
toimilupaan	1	11
säännöllisyyttä	1	15
toimiluvassa	1	12
investointiin	1	13
tutkinnoilla	1	12
hankittavista	1	13
vaadittuun	1	10
ammattipätevyyteen	1	18
paikallistuntemus	1	17
hakijoina	1	9
avoimin	1	7
syrjimättömin	1	13
tarjoajalla	1	11
palvelukseensa	1	14
peruttava	1	9
myöntämismenettely	1	18
turvatoimiin	1	12
valintamenettelyä	1	17
suhteutettuihin	1	15
syrjimättömiin	1	14
perusteisiin	1	12
luokkaa	1	7
luokkia	1	7
useampaa	1	8
samanlaisen	1	11
tarjoaja	1	8
vetoomuksista	1	13
valituksista	1	12
valintamenettelyyn	1	18
kiinnostuneet	1	13
pyytäville	1	10
annettavaan	1	11
aineistoon	1	10
ratkaisuperusteet	1	17
täyttävistä	1	11
organisatoriset	1	15
palveluntarjonnan	1	17
kattamat	1	8
yksilöity	1	9
aineeton	1	8
omaisuus	1	8
vastaanottopäivän	1	17
valintamenettelyssä	1	19
valintamenettelyllä	1	19
löydetty	1	8
asetetuin	1	9
viittä	1	6
valitulta	1	9
uudelta	1	7
palveluntarjoajalta	1	19
tekemistään	1	11
kuoletettu	1	10
tarjotun	1	8
kokonaistase	1	12
edeltävänä	1	10
edellisille	1	11
satamayrityksen	1	15
kohtuullista	1	12
käynnistymistä	1	14
edeltäneenä	1	11
irtaimen	1	8
korkeampi	1	9
markkinaarvo	1	12
toimilupiin	1	11
rajoitus	1	8
toimivaltaalueensa	1	18
kuuluvissa	1	10
kulkureiteillä	1	14
sovelletuista	1	13
säädettyihin	1	12
meriteknisiin	1	13
sovitaan	1	8
uusittavissa	1	12
olevaksi	1	8
enimmäispituuksia	1	17
katsoisi	1	8
katsomat	1	8
käyttöomaisuutta	1	16
konttinostureita	1	16
irtolastipurkaimia	1	18
palautuuko	1	10
omistus	1	7
hallintoelimelle	1	16
enimmäisaika	1	12
pisin	1	5
tulevista	1	9
voimassaoloajoista	1	18
peruuttamattomia	1	16
kykenee	1	7
umpeutuvista	1	12
umpeutumista	1	12
järjestämiselle	1	15
asianmukaisiksi	1	15
palveluntarjoajalle	1	19
syrjimättömät	1	13
vapautuskirjalla	1	16
alusluokkien	1	12
erityislupaa	1	12
lupaehtojen	1	11
vallitsevat	1	11
-tarpeet	1	8
luvat	1	5
pyritty	1	7
myöntämää	1	9
soveltuu	1	8
soveltuvuutta	1	13
aiheelliseksi	1	13
omahuolinnalle	1	14
madaltaa	1	8
turvallisuusnormeja	1	19
koulutustasoaan	1	15
suosittamaan	1	12
avoimuudesta	1	12
yhtäläisistä	1	12
markkinaoloista	1	15
esitä	1	5
aiheutetaan	1	11
tasaarvoisempia	1	15
kilpailuoloja	1	13
aikaisemmasta	1	13
ympäristöllisistä	1	17
järjestänyt	1	11
kunnolliset	1	11
ilmoittaman	1	11
kehotukselle	1	12
tarkoitustaan	1	13
vastustuksen	1	12
päädytty	1	8
epätavalliseen	1	14
herännyt	1	8
kentän	1	6
esposta	1	7
feportiin	1	9
merisatamajärjestö	1	18
idc	1	3
dockworkers	1	11
yhtyä	1	5
hughesin	1	8
pettymykseen	1	12
hylättyyn	1	9
sovittelutekstiin	1	17
hylätyksi	1	9
tahriintua	1	10
hylätyt	1	7
kosmeettisesti	1	14
muutettuina	1	11
havainneensa	1	12
pääsylle	1	8
esittäneensä	1	12
näkemykset	1	10
keskeisistä	1	11
hyödyttämiseksi	1	15
tehokkaimpien	1	13
federaation	1	11
jalan	1	5
kontin	1	6
lastaamisen	1	11
normihinta	1	10
pohjoisamerikan	1	15
satamayritykset	1	15
laivoja	1	7
pureta	1	6
lastata	1	7
pitkät	1	6
odotusajat	1	10
sääntö	1	6
kyllin	1	6
rahalle	1	7
säännöstöä	1	10
moninaisuus	1	11
hyödyllisyytensä	1	16
satamayrittäjät	1	15
siirtymäkaudet	1	14
lyhyet	1	6
yhdenkään	1	9
satamayrittäjän	1	15
sijoittajan	1	11
liiketoimintaansa	1	17
leasingsopimuksille	1	19
liiketoimintaalalla	1	19
sijoittamista	1	13
riskialttius	1	12
loisi	1	5
epäsuotuisan	1	12
sijoitusilmapiirin	1	18
tuhoisaa	1	8
määritettäessä	1	14
monialaisena	1	12
kuljetuskeskuksena	1	18
muokkaa	1	7
satama	1	6
minkätyyppisiä	1	14
tavaravirrat	1	12
määräytyvät	1	11
maantieteellisen	1	16
sijainnin	1	9
rautatie-	1	9
sisäisellä	1	10
infrastruktuurilla	1	18
alus	1	4
määräävässä	1	11
suinkaan	1	8
kiistanalaisissa	1	16
artikloissa	1	11
lentokentillä	1	13
lentokentät	1	11
lentokentille	1	13
räätälöityä	1	11
omahuolinnassa	1	14
satamaa	1	7
asiakkaiden	1	11
huolitsemaan	1	12
tavaransa	1	9
sallittaisiin	1	13
rajoituksitta	1	13
syntyisi	1	8
toiminnallinen	1	14
kaaos	1	5
kenellä	1	7
nostureita	1	10
laitureita	1	10
lastauslinjoja	1	14
luotsauksen	1	11
luotsin	1	7
vesialuetuntemus	1	16
monenlaisten	1	12
ohjaamisesta	1	12
edesauttavat	1	12
neuvotellessa	1	13
sisävesi	1	8
ulkovesireittien	1	16
palveluna	1	9
vakuuttavat	1	11
puuttuvat	1	9
perustelleet	1	12
toteamalla	1	10
satamapalveluissa	1	17
ainoista	1	8
purettu	1	7
vakuuta	1	7
dogmaattisesti	1	14
itseisarvona	1	12
tosiasiallisia	1	14
vieläkään	1	9
vaikutusanalyysia	1	17
peränneet	1	9
erityistarpeita	1	15
-ongelmia	1	9
analyysia	1	9
koon	1	4
neuvottelemalla	1	15
tulkittavissa	1	13
hämäriä	1	7
käsitteitä	1	10
tulkintavaikeuksia	1	18
kiistoja	1	8
juridisia	1	9
työehtosopimuksia	1	17
syrjäyttää	1	10
merkittävämmässä	1	16
työlainsäädännön	1	16
kiistanalainen	1	14
työntekijöitään	1	15
lastaamiseen	1	12
työnantajankaan	1	15
tultu	1	5
ainutlaatuiseen	1	15
työntekijäosapuoli	1	18
omaksuneet	1	10
toivoneet	1	9
neuvostoon	1	10
tuottajilla	1	11
otettavat	1	9
herää	1	5
kirjataan	1	9
takaajatuksena	1	14
pelkäävät	1	9
nykyisiltä	1	10
työntekijöiltä	1	14
yhteenvetona	1	12
hinnoilla	1	9
laadulla	1	8
kysymykseenkään	1	15
purkamiselle	1	12
hylkäämään	1	10
nykyaikaiset	1	12
hallintatoimenpiteet	1	20
mikrobiologisia	1	15
seurantajärjestelyjä	1	20
mitattavien	1	11
muuttujien	1	10
valtuuttivat	1	12
florenzin	1	9
maatenin	1	8
lienemannin	1	11
hätätilasuunnittelu	1	19
reagointivalmius	1	16
komitologia	1	11
epävirallisessa	1	15
tiedottamisesta	1	15
komitologiasta	1	14
aamulla	1	7
ilmastonmuutoksesta	1	19
elliot	1	6
morley	1	6
dimasin	1	7
keskityttiin	1	12
tiukentamiseen	1	14
luokitusrajojen	1	15
uimavesiluokan	1	14
tiukennetaan	1	12
suolistoperäisten	1	17
enterokokkien	1	13
rannikkovesillä	1	15
laskee	1	6
terveysriskiä	1	13
parannuksen	1	11
kantaansa	1	9
uimarantojen	1	12
vedenlaatua	1	11
päivitetyt	1	10
uimarannoilla	1	13
merkeillä	1	9
symboleilla	1	11
tiedostavat	1	11
painostavat	1	11
epidemiologiset	1	15
ep	1	2
epidemiologisten	1	16
virusten	1	8
saavutettuun	1	12
terveysriskejä	1	14
parannuksia	1	11
isoabritanniaa	1	14
rakentavasta	1	12
p6	1	2
ilmatila	1	8
muuttavat	1	9
toimintaympäristöä	1	18
ilmatilan	1	9
lohkojen	1	8
koulutuspalveluille	1	19
lentoliikenteen	1	15
valvontapalveluiden	1	19
icao:n	1	6
kielitaitoa	1	11
eurocontrolin	1	13
avaavat	1	7
käyttöönotolle	1	14
täysitunnossa	1	13
epävirallisia	1	13
tunnusteluja	1	12
sovun	1	5
onnistuivat	1	11
aikaansaamaan	1	13
kompromissiratkaisun	1	20
lähetti	1	7
sitoutui	1	8
suosittelemaan	1	14
samantapainen	1	13
juristilingvistit	1	17
muotoseikkoja	1	13
aikaansaatua	1	12
lennonjohdosta	1	14
sotilasliikenteestä	1	19
omaksuttua	1	10
sosiaalikysymykset	1	18
ottamien	1	8
huomioimiseksi	1	14
selvennettiin	1	13
työsuhdetta	1	11
toiminnallisella	1	16
säilytetty	1	10
englannin	1	9
asiantuntijatasoa	1	17
pakottavat	1	10
turvallisuussyyt	1	16
kelpuutusmerkinnät	1	18
kielitaitomerkinnät	1	19
lääketieteelliset	1	17
lupakirjansa	1	12
lupakirjaan	1	11
merkinnät	1	9
myöntävällä	1	11
peruuttamiseen	1	14
lennonjohtaja	1	13
kelpuutusten	1	12
pitämisestä	1	11
siirtymäjärjestelyt	1	19
haltijat	1	8
vaatimuksesta	1	13
pohjakoulutus	1	13
pitivät	1	7
kohtuuttomina	1	13
tarpeettomina	1	13
selkeämmän	1	10
neuvottelumenettelyn	1	20
puoltavasta	1	11
puoltavan	1	9
puoltavaa	1	9
työllisyystukeen	1	16
väliraporttia	1	13
jälkeenjääneisyyttä	1	19
sijoittautua	1	12
tuottavuuteen	1	13
elinkelpoisuuteen	1	17
työmahdollisuuksia	1	18
sääntelykehys	1	13
seurantajärjestelmiä	1	20
määrällistämiseksi	1	18
siirrä	1	6
määritetyn	1	10
yhteisrahoittaminen	1	19
huomattaviin	1	12
toimipaikoissa	1	14
sijaitsevien	1	12
sulkemiseen	1	11
suorasta	1	8
valtiontuesta	1	13
globalisoituneessa	1	18
tilastointi	1	11
alkuperämaassa	1	14
kohdemaassa	1	11
määrällistämisestä	1	18
tilastointia	1	12
uudelleenjärjestelyt	1	20
huomattavaan	1	12
paikkakunnalla	1	14
edistyksen	1	10
kunnioitettaisiin	1	17
tuettaisi	1	9
varoilla	1	8
koheesiorahastoilla	1	19
ponnistukset	1	12
talouskehitystä	1	15
haittaavia	1	10
suorina	1	7
välillisinä	1	11
menetyksinä	1	11
ilmeneviä	1	9
aluepolitiikka	1	14
siirtoon	1	8
toimenpiteenä	1	13
erottaneet	1	10
toimipaikassaan	1	15
myönnettäisi	1	12
toimintapaikassa	1	16
seitsemänä	1	10
käänteisten	1	11
huononemiseen	1	13
riittämättömän	1	14
sarja	1	5
hallitsemiseksi	1	15
koordinoitaisiin	1	16
seurantakeskukselle	1	19
luotujen	1	8
menetettyjen	1	12
laadulliset	1	11
aluekehitystä	1	13
takaisinmaksu	1	13
myönnettäviä	1	12
paikkakunta	1	11
kelvollinen	1	11
pyyntönsä	1	9
liiallisia	1	10
naapurialueiden	1	15
alueellisesta	1	13
kasvusta	1	8
perimisestä	1	11
rikkovat	1	8
rahastoja	1	9
jatkamalla	1	10
kohdennettua	1	12
menettämisestä	1	14
työnantajansa	1	13
uudelleenkoulutusta	1	19
rahastolle	1	10
määrättävät	1	11
rakentava	1	9
todellisesta	1	12
ankarammin	1	10
yritystukea	1	11
rajaseutujen	1	12
tukitarve	1	9
seuraisivat	1	11
jatkotoimiin	1	12
herättänyt	1	10
voimakkaita	1	11
tunteita	1	8
kansalaisissa	1	13
voimakkaat	1	10
varmistettujen	1	14
rahaliiton	1	10
vilkastuminen	1	13
herättävät	1	10
euroalueen	1	10
vähemmässä	1	10
valuuttakurssien	1	16
mukauttamisella	1	15
kilpailukyvyssä	1	15
tuottavuudessa	1	14
erojen	1	6
sijoittautumis-	1	15
siirtopäätöksissä	1	17
esimerkit	1	9
palkkoihin	1	10
työaikaan	1	9
kohdistetuista	1	14
paineista	1	9
tuohduttaneet	1	13
jälkimmäisille	1	14
huononemista	1	12
lakkauttamiset	1	14
sosiaalimenoja	1	14
työttömyyskorvausten	1	20
oikeutetusti	1	12
miettiä	1	7
rakennerahastoilla	1	18
siirtopäätöksiin	1	16
makrotaloudellisella	1	20
siirrolla	1	9
yleisessä	1	9
merkityksessä	1	13
toteutuvat	1	10
tuotantolaitoksen	1	17
tuotantolaitokseen	1	18
talousalueella	1	14
tilastoinnin	1	12
lakkauttamistoimiin	1	19
laitokseen	1	10
todellakaan	1	11
käytössämme	1	11
plasman	1	7
alakohtaisista	1	14
teollisuustoiminnan	1	19
laskeneet	1	9
délocalisations	1	15
réductions	1	10
effectifs	1	9
dans	1	4
industrie	1	9
insee	1	5
ranskasta	1	9
katosi	1	6
ulkomaille	1	10
työpaikoista	1	12
kiina	1	5
itäeurooppa	1	11
pohjoisafrikka	1	14
eteläamerikka	1	13
tutkimuksista	1	13
pätevyydestä	1	12
ongelmissa	1	10
siirtyykö	1	9
valitsemasta	1	12
paikkaa	1	7
pysähtyneisyyteen	1	17
tavoitteiksi	1	12
tapahtuisi	1	10
painopistealueena	1	17
yhteisvastuullinen	1	18
hitaamman	1	9
vauhdittaminen	1	14
suosimalla	1	10
toisilla	1	8
mainion	1	7
lainsäädännölliset	1	18
koheesiorahastojen	1	18
yhteisrahoittamat	1	17
suoriin	1	7
käänteisiin	1	11
peritty	1	7
tuotantotoimintaa	1	17
ulkopuoliseen	1	13
valtioon	1	8
lisäkorvausta	1	13
saavuttaakseen	1	14
säästöjä	1	8
palkkamenoissa	1	14
pääkonttori	1	11
rahastoilta	1	11
samankaltainen	1	14
palkat	1	6
sosiaalimenot	1	13
verotus	1	7
odoteltaessa	1	12
korjattava	1	10
seurantakeskus	1	14
ensimmäisistä	1	13
siirtymisten	1	12
laajuutta	1	9
voimakkain	1	10
takeista	1	8
pitkäaikaissopimus	1	18
allekirjoittavat	1	16
vastuuhenkilöt	1	14
saava	1	5
arviointilomakkeen	1	18
mielensä	1	8
lähteä	1	6
lohduttoman	1	11
työmarkkinoista	1	15
toimintapaikallaan	1	18
toimintaohje	1	12
toimintaohjeeseen	1	17
käytäviin	1	9
riittäisi	1	9
muuttuminen	1	11
työkustannuksia	1	15
hyväksyisimme	1	13
joutuisimme	1	11
malliin	1	7
haluamme	1	8
mallimme	1	8
keinoilla	1	9
kilpailukykyisen	1	16
työikäisille	1	12
kehitystyöhön	1	13
uskallettava	1	12
aluekehityksestä	1	16
tuensaajayrityksiä	1	18
aluekehitys	1	11
raymond	1	7
langendries	1	11
lou	1	3
mcdonald	1	8
ymp:stä	1	7
metsätalousasioita	1	18
metsäohjelmasta	1	15
tilaaman	1	8
metsähallituksen	1	16
office	1	6
national	1	8
forêts	1	6
asiakirjasta	1	12
kyseenalaisteta	1	15
perusperiaatteita	1	17
dynaamisesta	1	12
prosessista	1	11
elementeille	1	12
lisävälineenä	1	13
toimintaalueilla	1	16
yhteiselle	1	10
metsäpolitiikalle	1	17
metsäekosysteemien	1	18
maisemasuunnittelun	1	19
metsäohjelmat	1	13
yhdenmukaisuudesta	1	18
yhtenäisyydestä	1	15
perustavalaatuinen	1	18
politiikanaloilla	1	17
täytäntöönpanoväline	1	20
maanviljelyalueilla	1	19
metsänistutuksiin	1	17
kulttuurisesti	1	14
metsävaurioiden	1	15
vaurioituneiden	1	15
metsikköjen	1	11
tervehdyttäminen	1	16
ympäristötoimien	1	16
kierron	1	7
sääteleminen	1	12
vesistöjen	1	10
kuormitukselta	1	14
aiheuttamilta	1	13
vaurioilta	1	10
eroosiolta	1	10
metsäalueilla	1	13
metsissä	1	8
elävän	1	6
luonnonvaraisen	1	15
eläimistön	1	10
riistaeläinten	1	14
osoittautumassa	1	15
riittämättömiksi	1	16
vastassa	1	8
vahingoittava	1	13
osasyynä	1	8
aavikoitumiseen	1	15
linjaukset	1	10
varautumisstrategian	1	20
ratkaisevia	1	11
kytkeytyminen	1	13
paloherkkien	1	12
monokulttuurisesta	1	18
seurantatoimien	1	15
ekologisia	1	10
vahinkoja	1	9
leveysasteilla	1	14
puutuotemarkkinoilla	1	20
metsälainsäädännön	1	18
metsähallinnosta	1	16
puukaupasta	1	11
hakatulla	1	9
varastoituu	1	11
biomassaan	1	10
hiilinieluina	1	13
hiilikierrossa	1	14
hiilineutraalien	1	16
metsätuotteiden	1	15
hiilikierron	1	12
hiilineutraalia	1	15
yhdistelmään	1	12
metsätuotteet	1	13
hidastavat	1	10
metsätuotteisiin	1	16
energiavajetta	1	14
energiaviljelystä	1	17
korvaavana	1	10
ylituotantoalueilla	1	19
metsätilataloutta	1	17
sivualana	1	9
liikevaihdon	1	12
elinkykyyn	1	10
ensiarvoisia	1	12
ympäristöpalveluja	1	18
heijastu	1	8
konsepteja	1	10
toimintakykyä	1	13
heikentäviltä	1	13
suhteettomilta	1	14
ehdoilta	1	8
puuraakaaineella	1	16
kemiallisia	1	11
ab	1	2
ac	1	2
tähänastisessa	1	14
sitomisen	1	9
aloitetta	1	9
metsästrategia	1	14
politiikoille	1	13
toimenpiteille	1	14
kuvatut	1	7
johdonmukaisempaa	1	17
metsävarojen	1	12
hoidossa	1	8
monipuolisten	1	13
teettää	1	7
objektiivinen	1	13
käsitteestä	1	11
käydyssä	1	8
dynaamisessa	1	12
seikan	1	6
painotettiin	1	12
pidettävän	1	10
metsäfoorumin	1	13
ottava	1	6
tiedotuspolitiikka	1	18
kehitetyn	1	9
yhteisenä	1	9
liittämään	1	10
interservice	1	12
forestry	1	8
pääosastojen	1	12
pääsihteeristöä	1	15
tähänastisen	1	12
integroitumisen	1	15
monialaista	1	11
pääsihteeristö	1	14
kytketään	1	9
pääsihteeristössä	1	17
rakenteellinen	1	14
konkretisoimalla	1	16
toimeenpantaville	1	17
yhteisrahoittamille	1	19
kehitysohjelmien	1	16
monitoimisuuteen	1	16
tähtäävässä	1	11
metsämaisemien	1	14
metsässä	1	8
eroosiovahinkoja	1	16
tulipaloilta	1	12
sellaisin	1	9
keräämällä	1	10
jätebiomassaa	1	13
kieltämällä	1	11
poltetun	1	8
keinottelu	1	10
ympäristörikoksia	1	17
syyttäjänvirastoja	1	18
voimassaolevat	1	14
dynaamisiksi	1	12
flegtaloitteita	1	15
lieventämiselle	1	15
käsitysten	1	10
tiedonvaihtoa	1	13
optimoidaan	1	11
taistelussa	1	11
luonnonvarana	1	13
yhteistuotanto	1	14
suunnattaviin	1	13
puuhun	1	6
verotuksellisesti	1	17
kilpailukyvystä	1	15
yhteenliittymiä	1	15
vahvistamalla	1	13
organisaatioita	1	15
puuvarojen	1	10
mobilisoimiseksi	1	16
kohtaamien	1	10
markkinoimaan	1	13
metsätuotteitaan	1	16
puutuoteomavaraisuus	1	20
puunkäyttötapojen	1	17
kehitystoimintaa	1	16
pätevyystason	1	13
tulonlähteenä	1	13
valmistettavia	1	14
korkki	1	6
sienet	1	6
marjat	1	6
luontomatkailun	1	15
metsästyksen	1	12
metsästystalous	1	15
luetelmakohdassa	1	16
tavoilla	1	8
elintärkeänä	1	12
tuotantoketju	1	13
kotoperäisten	1	13
metsittämiselle	1	15
luonnonmukaiset	1	15
ympäristöpalvelut	1	17
estämiseen	1	10
luonnonmukaisten	1	16
säilyttävien	1	12
riippuvaista	1	12
omistusmuodosta	1	15
monitoimisuuden	1	15
sisällyttämällä	1	15
tutkimusprojektit	1	17
käynnistynyttä	1	14
metsä	1	5
leonardo	1	8
vinci	1	5
erasmus	1	7
tiedotustoiminnan	1	17
neuvontapalvelujen	1	18
monitoiminen	1	12
tuottamalla	1	11
sertifioituja	1	13
puutuotteita	1	12
fsc-	1	4
noudatti	1	8
kehotusta	1	9
mietinnöllä	1	11
aloittamansa	1	12
syventämistä	1	12
vaihteesta	1	10
kansantalouden	1	14
metsäteollisuus	1	15
dynaamiseen	1	11
ollutkaan	1	9
kuluneiden	1	10
vuosikymmenten	1	14
erilaisimmissa	1	14
tyyppistä	1	9
oikeutettuihin	1	14
historiallista	1	14
pyritäänkin	1	11
kuvailemaan	1	11
virstanpylväitä	1	15
jaottelu	1	8
muodostaakin	1	12
johtopäätöksille	1	16
trooppisista	1	12
pintaala	1	8
metsille	1	8
harjoitettu	1	11
brundtlandin	1	12
tuotu	1	5
metsänhoidoista	1	15
sijaitsevista	1	13
omistajan	1	9
omistamansa	1	11
yksityisessä	1	12
kokoisia	1	8
valtionmetsien	1	14
alkutuotannon	1	13
teollisuusalan	1	14
historiallinen	1	14
perustat	1	8
kiihkeitä	1	9
keskusteluja	1	12
sisällyttämisestä	1	17
senaikainen	1	11
varautunut	1	10
puutavarasta	1	12
markkinajärjestelyn	1	19
metsäpolitiikalla	1	17
nykyäänkään	1	11
oikeusperustoihin	1	17
virstanpylväät	1	14
suunnitelmaton	1	14
toteutti	1	8
asiakirjassa	1	12
eron	1	4
ministerineuvostossa	1	20
puutavaraalaa	1	13
lainsäädäntötoimet	1	18
rajoittuivat	1	12
tuohon	1	6
raakapuuta	1	10
kasviensuojelun	1	15
voimien	1	7
varovainen	1	10
esitelty	1	8
muistio	1	7
järjestelmällisen	1	17
käännekohdan	1	12
esitteli	1	8
rajoitti	1	8
askelen	1	7
vahvempaan	1	10
sitoutumiseen	1	13
metsäpolitiikkaan	1	17
muodosti	1	8
sisälsi	1	7
maanviljelysalueilla	1	20
metsänistutusten	1	16
korkkia	1	7
täydennettiin	1	13
geneettisistä	1	13
voimavaroista	1	13
synty	1	5
metsänhoitotoimien	1	18
syventämiseksi	1	14
käsikirjan	1	10
metsäpolitiikasta	1	17
teetti	1	6
eurofornimisen	1	14
johtivat	1	8
arvioivaan	1	10
metsästrategiaan	1	16
kuvastaa	1	8
tapahtumia	1	10
luonteisia	1	10
muodostamatta	1	13
löytämisestä	1	12
rakentavan	1	10
sitäkin	1	7
osastrategiat	1	13
maatalousneuvosto	1	17
puolivälissä	1	12
uudelleensuuntaus	1	17
göteborgissa	1	12
metsäpolitiikkojen	1	18
jaotellut	1	9
tälläkin	1	8
vuotuisesta	1	11
tuotosta	1	8
puuteollisuus	1	13
menestyy	1	8
muistavat	1	9
edistysaskeleita	1	16
pelko	1	5
harjoittaisi	1	12
perusteettomalta	1	16
rakentaa	1	8
rajoitettuna	1	12
muotoiltava	1	11
häviämistä	1	10
pirstoutumista	1	14
vaaranneta	1	10
häviämisen	1	10
monikäyttöisyyttä	1	17
yhteensovittaa	1	14
haitanneen	1	10
ennakkoarviointeja	1	18
maisemansuunnittelu	1	19
laajamittaisesti	1	16
biologisten	1	11
mukaisiksi	1	10
ainutlaatuisia	1	14
uudistuva	1	9
kierrätettävä	1	13
luonnonvara	1	11
hiilikiertoa	1	12
puitesopimuksesta	1	17
pöytäkirjasta	1	13
puuraakaaineen	1	14
kemikaaleja	1	11
paikallisuudella	1	16
paloherkästä	1	12
lajin	1	5
tehokkaalle	1	11
ehkäisemiselle	1	14
torjumiselle	1	12
valtaosa	1	8
eutuesta	1	8
linjausten	1	10
luomisella	1	10
valvovan	1	8
verkoston	1	9
metsiensä	1	9
säilyttämistarpeiden	1	20
ympäristöllisten	1	16
huono	1	5
johtanut	1	8
konflikteihin	1	13
saamelaisten	1	12
pikaisiin	1	9
maanomistusoikeuden	1	19
elintavan	1	9
puuvarannon	1	11
suojelemisessa	1	14
grabowski	1	9
martinez	1	8
elollisten	1	10
kalastuspolitiikassa	1	20
hoito-	1	6
kalastus-	1	9
eliöiden	1	8
meripeninkulman	1	15
vyöhykkeen	1	10
monestakin	1	10
kestäneet	1	9
ajateltiin	1	10
toimikunnan	1	11
toimivuuteen	1	12
arvioidessaan	1	13
kieltoalueita	1	13
tarkempi	1	8
takaavan	1	8
kalastuskomitea	1	15
lisäarviointia	1	14
lisäarvioinnit	1	14
stecf:n	1	7
jonkinasteiseen	1	15
johtaisivat	1	11
tarpeellisia	1	12
toivottavia	1	11
koljalle	1	8
valkoturskalle	1	14
merikrotille	1	12
kasvaneen	1	9
ajoista	1	7
huolestuneena	1	13
havainnon	1	9
kaupallisesti	1	13
kiinnostavat	1	12
pysy	1	4
turvallisissa	1	13
koljaa	1	6
seitiä	1	6
vesillepääsyn	1	13
hoitosuunnitelmaa	1	17
hoitosuunnitelman	1	17
elvytysohjelma	1	14
asiantuntijatyöryhmä	1	20
sosioekonomista	1	15
pohjoisskotlannin	1	17
kalastuspolitiikkaa	1	19
puiteasetuksen	1	14
avustavaa	1	9
kalastuskomiteaa	1	16
johtamaa	1	8
neuvoaantavaa	1	13
toimikuntaa	1	11
yhdistynyttä	1	12
kuningaskuntaa	1	14
saksaa	1	6
perustetulla	1	12
kieltoalueella	1	14
metrisille	1	10
pohjakalojen	1	12
kalastamiseen	1	13
rajatulla	1	9
historiallisia	1	14
kalastusoikeuksia	1	17
belgia	1	6
lupajärjestelmän	1	16
pääsyoikeus	1	11
kieltoalueille	1	14
stecf:lta	1	9
tällaiseksi	1	11
punakampeloiden	1	15
poisheitettäviä	1	15
kiellettiin	1	11
kalastustoiminta	1	16
hevosvoiman	1	11
puomitroolareilta	1	17
kalastaminen	1	12
suositti	1	8
tutkittaisiin	1	13
järjestelyihin	1	14
kokeiluluontoisia	1	17
konetehoa	1	9
ylittäisi	1	9
tehon	1	5
päätelmä	1	8
tarkistamisessa	1	15
kalastuksenhoidossa	1	19
suunnattua	1	10
tiedottamisella	1	15
toteen	1	6
uusimiseen	1	10
valtiolta	1	9
soveltamistavoista	1	18
taloudelliselta	1	15
sosiaaliselta	1	13
kannaltakin	1	11
välitettävä	1	11
salonmonsaarten	1	15
mielipidettään	1	14
ääni	1	4
yritystensä	1	11
länsityynenmerta	1	16
runsaimmista	1	12
tonnikalaalueista	1	17
boniitin	1	8
keltaevätonnikalan	1	18
innoittanut	1	11
toisiin	1	7
huolehtisivat	1	13
kalastuksenhoidosta	1	19
aluevetensä	1	11
aikoja	1	6
laivastoille	1	12
pyyntiä	1	7
purjehtivat	1	11
japanin	1	7
korean	1	6
taiwanin	1	8
vanuatun	1	8
lipun	1	5
nuottaaluksia	1	13
sopimusverkoston	1	16
papuauusiguinean	1	16
kolmivuotisessa	1	15
saalis	1	6
lisensseistä	1	12
espanjalle	1	10
ranskalle	1	9
hyvänä	1	6
lisälisenssin	1	13
päättäneet	1	10
laivanvarustajat	1	16
tonnilta	1	8
nuottaalusta	1	12
pintasiimaalusta	1	16
kokoonnuttava	1	13
salomonsaarelainen	1	18
palkkaa	1	7
lisenssiä	1	9
anottaessa	1	10
varustajan	1	10
tarkkailijaohjelmaa	1	19
aluksiin	1	8
toimitettavien	1	14
tonnikalojen	1	12
ylenkatsoa	1	10
tiukkojen	1	9
oivaa	1	5
sysäystä	1	8
kalastusbudjetille	1	18
ylenkatsottava	1	14
luvulta	1	7
ehdoilla	1	8
toivoa	1	6
pahoiteltava	1	12
toistamista	1	11
nollapisteestä	1	14
lähtevästä	1	10
kaksin	1	6
verroin	1	7
käsittämätöntä	1	14
ohjetta	1	7
tarjottavista	1	13
nousua	1	6
sopi	1	4
selitystä	1	9
komorit	1	7
seychellit	1	10
marokko	1	7
muutamat	1	8
pyytäneet	1	9
nostamatta	1	10
nousu	1	5
maksajien	1	9
selän	1	5
närkästystä	1	11
kysyttävä	1	9
aikomuksena	1	11
motivoimatta	1	12
carte	1	5
-korotuksilla	1	13
lisämaksuilla	1	13
yhteisyritykset	1	15
kiinnostusta	1	12
yhteistyövälineen	1	17
pahoillaan	1	10
sijoituksista	1	13
kolmansiin	1	10
yhteisyrityksen	1	15
korkeita	1	8
tonnikalayrityksissä	1	20
sijoituksen	1	11
kannattavuudesta	1	16
vakaudesta	1	10
päätyvät	1	8
sanoutumaan	1	11
irti	1	4
suunnattoman	1	12
innostamisessa	1	14
rangaistukset	1	13
valitettavasta	1	14
uutuudesta	1	10
merimatkalla	1	12
puolitoista	1	11
sakotetaan	1	10
merimiehen	1	10
tuplapalkan	1	11
puolustamaan	1	12
laivastoaan	1	11
petollisilta	1	12
lausekkeilta	1	12
tarkkailijat	1	12
laivasto	1	8
kontaktia	1	9
tiedemiesten	1	12
vastustanut	1	11
laivastot	1	9
majoituksen	1	11
ylläpidon	1	9
ruokaa	1	6
laivastossa	1	11
luottamuspulaan	1	15
puristamisesta	1	14
tyhjiin	1	7
anovat	1	6
lisenssinsä	1	11
välittäjää	1	10
kustannus	1	9
taito	1	5
tarpeellisuus	1	13
epäilyttävä	1	11
allekirjoitettavan	1	18
kiinnostuksensa	1	15
kehitysyhteistyöhön	1	19
eritelty	1	8
varustamoille	1	13
yrityksiään	1	11
selvittämään	1	12
osallistuisi	1	12
tarkkailijana	1	13
allekirjoittamista	1	18
ilmoittaneet	1	12
kalastussopimusta	1	17
saarivaltioiden	1	15
hyväksyttävänä	1	14
siimaalukselle	1	14
hyväksymismenettelyt	1	20
kalakanta	1	9
nuottaaluksien	1	14
rahamäärällä	1	12
suuntaaantavat	1	14
miljoona	1	8
desimaalin	1	10
tarkkuudella	1	12
msm	1	3
mm	1	2
vanhoista	1	9
rahallisesta	1	12
monivuotiset	1	12
kehitykseltä	1	12
poissulkevaa	1	12
lippujen	1	8
purjehtivia	1	11
toimimasta	1	10
nähtävästi	1	10
rakennerahastosta	1	17
ihmetellä	1	9
jonkinlaista	1	12
ennakkoarviointiin	1	18
ennakkoarvioinnin	1	17
vaikutustutkimuksen	1	19
merinisäkkäät	1	13
kilpikonnat	1	11
merilinnut	1	10
hait	1	4
tietynlaisten	1	13
kalatalouskomitean	1	18
vaikkakaan	1	10
kalakannan	1	10
rahallisesti	1	12
muutenkin	1	9
korvauksista	1	12
tiliä	1	5
lamassoure	1	10
asianomaisissa	1	14
elvyttämällä	1	12
maksimituoton	1	13
kalavesillä	1	11
legitiimi	1	9
unohtaa	1	7
kalatalouden	1	12
rinnalla	1	8
allekirjoitettu	1	15
hyväksymisessä	1	14
länsityynellämerellä	1	20
allekirjoitettuja	1	17
pöytäkirjalla	1	13
espanjasta	1	10
portugalista	1	12
sadusta	1	7
lisälisenssistä	1	15
kuullaan	1	8
parafoinnin	1	11
farssi	1	6
tiedotettu	1	10
kulusta	1	7
selityksiä	1	10
viivästymiselle	1	15
kuulemiselle	1	12
status	1	6
quo	1	3
‑tilanteeseen	1	13
harkittavaksi	1	13
jätettyjä	1	9
suojelutoimien	1	14
sosioekonomisia	1	15
hoitomenetelmien	1	16
laajaalaisemmin	1	15
harkitsemalla	1	13
tutkimalla	1	10
rannikon	1	8
avomeren	1	8
saastumista	1	11
maatalouspäästöjä	1	17
ruoppausta	1	10
elvyttämiseen	1	13
kalavaroja	1	10
kalastuksella	1	13
väistämätön	1	11
kohtuullisissa	1	14
liikakalastus	1	13
kestämättömät	1	13
kalavaroihin	1	12
pilaavat	1	8
haittoja	1	8
ravintoketjun	1	13
kaupallisille	1	13
huolestuttavia	1	14
kalastustoimintoja	1	18
aktivoimiseen	1	13
kehittyneillä	1	13
maksettaisiin	1	13
ylläpitämiseksi	1	15
kutevat	1	7
biologiseen	1	11
sulkemalla	1	10
tasapainotettuja	1	16
hoitotoimia	1	11
palanneet	1	9
turvallisille	1	13
biologisille	1	12
haamukalastuksesta	1	18
tiivis	1	6
seuraaminen	1	11
suljettujen	1	11
kausien	1	7
merialueella	1	12
säilyttämistoimia	1	17
pilottihankkeiksi	1	17
harkittaisiin	1	13
painottamaan	1	12
hoitoyhdistelmää	1	16
liiallista	1	10
sääntelyjärjestelmää	1	20
täydennyksenä	1	13
nykyisille	1	10
rajoituksille	1	13
suljetuilla	1	11
merisuojelualueilla	1	19
uhanalaisen	1	11
hajautetumpaa	1	13
erityisvaatimuksia	1	18
neuvoaantaville	1	15
kalastusnormit	1	14
hoitotoimiin	1	12
päätavoitteista	1	15
ympäristölliset	1	15
uudistuvien	1	11
pyyntiosuuden	1	13
aikuisten	1	9
kutevien	1	8
luhistumisen	1	12
partaalla	1	9
kannoille	1	9
kestämätöntä	1	12
järkevänä	1	9
lähestymistapana	1	16
valikoivuus	1	11
epätoivottuna	1	13
kuolleina	1	9
vuosittaisista	1	14
saaliista	1	9
neliösilmäpaneelien	1	19
sovellusten	1	11
kohdelajit	1	10
pyydyksestä	1	11
kalastuskieltoalueet	1	20
-ajat	1	5
lisääntymisen	1	13
otti	1	4
poisheiton	1	10
pyynnölle	1	9
pilottihankkeita	1	16
pyydyskokeilut	1	14
poistuminen	1	11
kalastusalueilta	1	16
reaaliaikaiset	1	14
kalastuskiellot	1	15
poisheittämiskiellot	1	20
sivusaaliskiintiöt	1	18
kiintiöjousto	1	13
vähempiarvoisen	1	15
kalastusalalla	1	14
seuraamisessa	1	13
elinympäristöille	1	17
eläimistöltään	1	14
kasvistoltaan	1	13
monipuoliset	1	12
kylmän	1	6
koralliriutat	1	13
kallioriutat	1	12
riskialttiita	1	13
pyydyksille	1	11
fyysistä	1	8
herkät	1	6
erityissuojelua	1	15
koralliriuttojen	1	16
skotlannin	1	10
luoteispuolella	1	15
yksilöidyissä	1	13
ollakseen	1	9
kattavaan	1	9
ympäristöllisen	1	15
toteuttamisella	1	15
tulojenmenetysten	1	17
tuottojen	1	9
sisältävässä	1	12
ykp:ssä	1	7
hajautetumpi	1	12
pyyntirajoitusten	1	17
esiintymisalueella	1	18
joillekin	1	9
sääntelyprosessissa	1	19
keskustelufoorumina	1	19
pannut	1	6
tutkimushankkeita	1	17
kalastusvälineiden	1	18
rajatylittävää	1	14
löytämiseksi	1	12
testaamiseksi	1	13
kalastussääntöjen	1	17
hoitosuunnitelmiin	1	18
hoitojärjestelmää	1	17
irrallisina	1	11
saaliistaan	1	11
kiintiöt	1	8
aluksesta	1	9
menetysten	1	10
skaala	1	6
kohtuulliselle	1	14
vihdoinkin	1	10
virallisesta	1	12
liikapyynnistä	1	14
tuhlauksesta	1	12
kalatalousrahaston	1	18
tiedonantoon	1	12
kalakantoihin	1	13
kohdistuva	1	10
paine	1	5
ympäristöjärjestöt	1	18
liikakalastuksen	1	16
välitöntä	1	9
tuottavuus	1	10
korkeana	1	8
maksimoitava	1	12
sallimalla	1	10
sukukypsiä	1	10
kutee	1	5
toteuttamiskelpoinen	1	20
kalastuskapasiteetin	1	20
elpymisen	1	9
oikeankokoisia	1	14
pyydettäväksi	1	13
elinympäristö	1	13
kalastusmenetelmillä	1	20
elinympäristöön	1	15
pohjatroolit	1	12
herkän	1	6
ekosysteemin	1	12
kylmänmeren	1	11
korallin	1	8
peittämillä	1	11
merenalaisilla	1	14
vuorilla	1	8
rikas	1	5
kasvi-	1	6
eläinkunta	1	10
riskialtis	1	10
vastuuttomalle	1	14
kalastustoiminnalle	1	19
merellisten	1	11
avain	1	5
elinympäristöihin	1	17
vähentymisen	1	12
vastakkaiseksi	1	14
merelliset	1	10
viereisen	1	9
aikuiset	1	8
leviävät	1	8
suojelualueen	1	13
munat	1	5
toukat	1	6
kannat	1	6
kooltaan	1	8
suuremmiksi	1	11
vakautettu	1	10
pyyntikieltokausia	1	18
välinetyyppien	1	14
vuorovaikutus	1	13
tasapano	1	8
options	1	7
utilisation	1	11
bycatch	1	7
discards	1	8
marine	1	6
capture	1	7
fisheries	1	9
merestä	1	7
pyydettyjen	1	11
poisheittokäytäntö	1	18
luokitella	1	10
poisheittoihin	1	14
sattumanvaraisesti	1	18
toisia	1	6
kohdelajeja	1	11
poisheitettyihin	1	16
valittuihin	1	11
poisheitolla	1	12
kalastukseen	1	12
kalastusmuodolle	1	16
poisheitto	1	10
kuolleisuutta	1	13
eisukukypsiin	1	13
yksilöihin	1	10
sukupuoliin	1	11
epätoivottujen	1	14
aikasulkujen	1	12
perinteisillä	1	13
määräyskeinoilla	1	16
täydentämällä	1	13
veroaloitteilla	1	15
aluesuunnittelulla	1	18
vapaaehtoisilla	1	15
karkottimet	1	11
lähettävät	1	10
delfiinejä	1	10
karkottavat	1	11
kiinnitetty	1	11
kalaverkkoihin	1	14
pakoaukot	1	9
laajaaukkoisesta	1	16
metalliristikosta	1	17
valaat	1	6
ylös	1	4
ulos	1	4
koukkukoon	1	10
kasvattaminen	1	13
kalastusvälineen	1	16
heittäminen	1	11
syvemmälle	1	10
erityiskoukkujen	1	16
jkoukkujen	1	10
kilpikonnien	1	12
vahingossa	1	10
suljetut	1	8
kaudet	1	6
kielletyt	1	9
suurimmilla	1	11
sallituilla	1	11
saalismäärillä	1	14
kalakuolleisuutta	1	17
maihinpurkuja	1	13
saaliita	1	8
kalakuolleisuuden	1	17
valvontatoimia	1	14
kiintiön	1	8
heittää	1	7
-välineiden	1	11
uudelleenarviointia	1	19
suurimpien	1	10
realistisempia	1	14
hoitoon	1	7
aluksilla	1	9
seisovaa	1	8
pyydystä	1	8
silmäkoko	1	9
naapurialueella	1	15
suojelualueilla	1	15
kalastustoimia	1	14
kirjaamisesta	1	13
toimittamisesta	1	15
toivottaa	1	9
tervetulleeksi	1	14
terveet	1	7
kalastusala	1	11
osallisena	1	10
tietoonsa	1	9
tuki-	1	5
korvausjärjestelmän	1	19
aktivoimista	1	12
toimeentulonsa	1	14
relevantti	1	10
ympäristönsuojelulle	1	20
valmisteltavana	1	15
vahvistaneet	1	12
kehityssuuntaukset	1	18
riittämättömiin	1	15
lähtökohtiin	1	12
hukkalämmön	1	11
vapaajäähdytyksen	1	17
identifioitava	1	14
tutkimustoimien	1	15
määräytymisperuste	1	18
kuudetta	1	8
nostamisesta	1	12
pyydetyllä	1	10
rahoitusvaikutuksia	1	19
kaksinkertaiseksi	1	17
kunnianhimoista	1	15
kokonaiskulutusta	1	17
kotitalous-	1	11
teollisuuskäyttöön	1	18
ympäristöaloja	1	14
ympäristövaikutukset	1	20
myönteisiksi	1	12
yhteensopiviksi	1	15
pyrkimättä	1	10
taloudeksi	1	10
menettelytapojen	1	16
kaksinkertaistaa	1	16
sitovilla	1	9
tavoitteilla	1	12
lämmöntuotannosta	1	17
jäähdytystekniikan	1	18
analyysit	1	9
eutavoitteen	1	12
aurinkoenergian	1	15
passiivinen	1	11
kaukojäähdytyksen	1	17
luonnonvoimasta	1	15
uudistettava	1	12
valtuutusta	1	11
lupajärjestelmää	1	16
jäähdytysverkkojen	1	18
nopeuttamisesta	1	15
hallintotasolla	1	15
todistustaakka	1	14
kieltämisessä	1	13
oikeudenmukaisia	1	16
liittyä	1	7
resursseihin	1	12
piiloverotusta	1	14
tukivälineiden	1	14
ajalla	1	6
massatuotantoa	1	14
huomioitava	1	11
kustannustehokkaita	1	19
hinnoin	1	7
verohelpotukset	1	15
-vapaudet	1	9
hyödyntäville	1	13
järjestelmille	1	14
jäähdytysverkoille	1	18
investointituet	1	15
sääntelytoimet	1	14
hyödyntävän	1	11
kaukotuotannon	1	14
-jäähdytyksen	1	13
uudisrakentamisessa	1	19
tuettujen	1	9
yhteensopivan	1	13
kiintiöjärjestelyn	1	18
tehokkaissa	1	11
kaukolämmitys-	1	14
kuormittaa	1	10
valtiontuista	1	13
aiheudu	1	7
kohtuutonta	1	11
ammattiryhmät	1	13
hallitsevat	1	11
perus-	1	6
täydennyskoulutuksen	1	20
ostomenettelyjen	1	16
kustannustehokkuus	1	18
korjattavien	1	12
järjestämään	1	12
valistuskampanjoita	1	19
koheesiorahastoja	1	17
tutkimustoimia	1	14
jäähdytysalan	1	13
ympäristömerkkejä	1	17
lämmityksen	1	11
hyötylämmön	1	11
chpdirektiivi	1	13
energiatehokkuudesta	1	20
neliömetrin	1	11
suuruisia	1	9
laadittua	1	9
passiivista	1	11
m2	1	2
tarvitsemme	1	11
valinnoista	1	11
kykeneekö	1	9
tehostamalla	1	12
nousut	1	6
heilahtelut	1	11
öljy	1	4
kaasu	1	5
uraani	1	6
ilmastonmuutokset	1	17
energiahuoltoa	1	14
läheskään	1	9
kulutetusta	1	11
lämmittämiseen	1	14
kovaa	1	5
sähkönkulutuksen	1	16
huippu	1	6
ajoitu	1	6
talveen	1	7
kesään	1	6
sähkönkulutus	1	13
nousisi	1	7
nykyisestään	1	12
geotermisellä	1	13
energialla	1	10
aurinkoenergialla	1	17
päästöjä	1	8
käsiteollisuudelle	1	18
metsätaloudelle	1	15
maatalousvaltaiset	1	18
tukipilarin	1	11
kokonaisliikevaihto	1	19
ennustavat	1	10
vuotuinen	1	9
puitelainsäädännön	1	18
menestyksellisiä	1	16
barcelonassa	1	12
käyttövelvoitteet	1	17
oberösterreichin	1	16
osavaltiossa	1	12
laitoksista	1	11
muutamaan	1	9
peräti	1	6
muutamalle	1	10
tukiohjelmia	1	12
budjettisidonnaisia	1	19
energiainvestointien	1	20
suunnitteluvarmuutta	1	20
nykivä	1	6
markkinakehitys	1	15
markkinaosuutta	1	15
eudirektiivillä	1	15
hyväksyessään	1	13
sähköntuotantoa	1	15
eusäädöksissä	1	13
lainsäädäntötoimia	1	18
innovatiiviset	1	14
vaativia	1	8
auringonpaisteen	1	16
tuulen	1	6
voimakkuus	1	10
toistettava	1	11
lämmöntuotantoon	1	16
jäähdytysalalle	1	15
sopivassa	1	9
menestyksellisesti	1	18
osaalueen	1	9
nostamisen	1	10
vanhassa	1	8
verkkaisesti	1	12
päätelmänä	1	10
osaalueella	1	11
ponnistelevansa	1	15
turmesin	1	8
vaatimukseen	1	12
lämmitysala	1	11
toimiikin	1	9
rakenteellisesti	1	16
sähkömarkkinat	1	14
tukivälineitä	1	13
sitovia	1	7
ehdota	1	6
suunnitteluvarmuus	1	18
kohdistuttava	1	13
alkuvaiheen	1	11
puupelletit	1	11
aurinko-	1	8
maalämpö	1	8
öljyä	1	5
kaasua	1	6
edullisempia	1	12
ilmaisia	1	8
toimisivat	1	10
vaikuttaisivat	1	14
selvyys	1	7
lupamenettelyjen	1	16
välittämiseksi	1	14
vastaaville	1	11
ammattiryhmille	1	15
sähkön-	1	7
kaasunkulutukseen	1	17
mutt	1	4
pyytänyt	1	8
pyyntöön	1	8
antavalla	1	9
valkoisella	1	11
kirjalla	1	8
syntyivät	1	9
tuotettua	1	9
sähköä	1	6
jäähdytysalaa	1	13
kiotossa	1	8
elaboration	1	11
based	1	5
data	1	4
forecasted	1	10
technologies	1	12
implementation	1	14
promote	1	7
will	1	4
considerable	1	12
impact	1	6
amount	1	6
investments	1	11
made	1	4
order	1	5
least	1	5
billion	1	7
needed	1	6
over	1	4
period	1	6
if	1	2
whole	1	5
same	1	4
level	1	5
today	1	5
we	1	2
would	1	5
operation	1	9
mw	1	2
providing	1	9
twh	1	3
replacing	1	9
substantial	1	11
amounts	1	7
precious	1	8
fossil	1	6
instead	1	7
current	1	7
less	1	4
inhabitants	1	11
many	1	4
high	1	4
much	1	4
below	1	5
taken	1	5
off	1	3
greece	1	6
surface	1	7
nearly	1	6
million	1	7
compared	1	8
around	1	6
german	1	6
three	1	5
spain	1	5
among	1	5
member	1	6
states	1	6
stands	1	6
out	1	3
about	1	5
communication	1	13
parliament	1	10
enlarged	1	8
country	1	7
update	1	6
reports	1	7
wgc	1	3
introduction	1	12
renewables	1	10
significant	1	11
employment	1	10
main	1	4
effects	1	7
were	1	4
during	1	6
last	1	4
four	1	4
years	1	5
ministry	1	8
environment	1	11
allocation	1	10
estif	1	5
targets	1	7
ie	1	2
half	1	4
set	1	3
book	1	4
biofuels	1	8
other	1	5
transport	1	9
missing	1	7
projection	1	10
sees	1	4
production	1	10
which	1	5
means	1	5
quarter	1	7
generation	1	10
provided	1	8
frameworks	1	10
introduced	1	10
graph	1	5
price	1	5
oil	1	3
purposes	1	8
wood	1	4
pellets	1	7
iwo	1	3
österreich	1	10
tecson	1	6
gmbh	1	4
ökowärme	1	8
lämmittämistä	1	13
jäähdyttämistä	1	14
sosiaalikomiteaa	1	16
pelastuspalvelusta	1	18
matkailusta	1	11
perustamissopimusten	1	20
otsikot	1	7
lenaerts	1	8
nuffel	1	6
sweet	1	5
maxwell	1	7
london	1	6
luonnoksen	1	10
nostamaan	1	9
geotermiseksi	1	13
aurinkoenergiaksi	1	17
biomassaksi	1	11
sopima	1	6
energiantarpeen	1	15
tukivälineissä	1	14
kannustinmekanismeja	1	20
verohelpotuksia	1	15
investointitukia	1	16
asianmukaisena	1	14
lechnerin	1	9
zingarettin	1	11
suositella	1	10
lämmittäminen	1	13
jäähdyttäminen	1	14
vallankumouksen	1	15
voimistamaa	1	11
katsottu	1	8
asettavan	1	9
perustavia	1	10
perinteisille	1	13
malleille	1	9
talousjärjestelmälle	1	20
maailmantalouden	1	16
johtoasemansa	1	13
toimintakyvyn	1	13
innovatiivisuuden	1	17
kaltaisilla	1	11
keskeisillä	1	11
eurooppaneuvostolle	1	19
dynaamisin	1	10
talousalue	1	10
ympäristötavoitteita	1	20
aasiassa	1	8
enenevässä	1	10
kilpailevien	1	12
uhata	1	5
globalisaatiota	1	15
pirstaleisuuteen	1	16
johtavana	1	9
kielteisenä	1	11
kehyksenä	1	9
maailmanlaajuisille	1	19
riippuvaiseksi	1	14
vankkaa	1	7
yhteisöstä	1	10
yhteisöksi	1	10
kohdataan	1	9
sisämarkkinoista	1	16
joustavammat	1	12
löydetään	1	9
oikeudenmukaisuutta	1	19
arvomme	1	7
yhteiskuntamallimme	1	19
rakentamisesta	1	14
saamiemme	1	9
loppuunsaattamiseksi	1	20
maksimoida	1	10
sääntelytaakan	1	14
keventämiseen	1	13
tähtäävissä	1	11
tiedonannoissa	1	14
erityishaasteisiinsa	1	20
historialliset	1	14
arvonsa	1	7
luopumatta	1	10
elämäntapaa	1	11
muovaavista	1	11
kaltaisissa	1	11
näkökohdissa	1	12
maailmanlaajuisina	1	18
vaatimuksina	1	12
sisämarkkinat	1	13
määrättyjen	1	11
-vapauksien	1	11
teollisuuspolitiikan	1	20
tarkastusprosessin	1	18
protektionismista	1	17
merkeistä	1	9
kannustava	1	10
houkuttelevat	1	13
arviointikertomusten	1	20
taloudellisena	1	14
suunnitelmana	1	13
kehitetty	1	9
hyödyntämisessä	1	15
kilpailuympäristössä	1	20
osaamisen	1	9
perinteen	1	9
korkeatasoisen	1	14
vakiintumisen	1	13
vastaavanlainen	1	15
rahoituspohja	1	13
yhdennetyillä	1	13
sääntelyllä	1	11
valvonnalla	1	11
ratkaisemista	1	13
säännöllisen	1	12
tilannekatsauksia	1	17
ulkopuolisista	1	14
osatekijöistä	1	13
väestönkehitystä	1	16
vastuullisella	1	14
toteuttaakseen	1	14
huolenaiheista	1	14
säilyttänyt	1	11
globaalissa	1	11
kaupankäynnissä	1	15
investoivat	1	11
voimakkaasta	1	12
kansalaistensa	1	14
osallistumisensa	1	16
työntekijöinä	1	13
globaalistuvan	1	14
tuotantoaloille	1	15
mukautukset	1	11
epätasaarvoisuuksien	1	20
maailmanlaajuisista	1	19
aloitteista	1	11
yksipuolisia	1	12
kansallisvaltioiden	1	19
valtioliittojen	1	15
yhtenäistämisessä	1	17
saattamisessa	1	13
hartmut	1	7
nassauer	1	8
monitoimintainen	1	16
läpäisevänä	1	11
odotukset	1	9
laatukysymyksissä	1	17
käynnistyvien	1	13
tukijärjestelmästä	1	18
tukijärjestelmään	1	17
tarvittavaan	1	12
jatkuvuuteen	1	12
vaihtoehtoiset	1	14
tehomaatalouden	1	15
elintarviketalous	1	17
käsityöläisten	1	14
vuoristoalueet	1	14
epäsuotuisat	1	12
eritytettyjä	1	12
alaviitteessä	1	13
kuvaillut	1	9
huutava	1	7
tulotasoissa	1	12
valtavat	1	8
tuloerot	1	8
koheesioperiaatetta	1	19
lisäämisellä	1	12
taakaa	1	6
maatalustoiminnan	1	17
tulotasoa	1	9
maanviljelysalueet	1	18
nykyisn	1	7
köyhimpiä	1	9
käsiteollisuuden	1	16
palvelutaso	1	11
varustuksessa	1	13
tieverkosto	1	11
tietotekniikka	1	14
jarruttavat	1	11
halukkaiden	1	11
asumaan	1	7
strategisempaa	1	14
kykyjään	1	8
viranomaistason	1	15
vahvempaa	1	9
erityisrahoitusta	1	17
kuilua	1	6
koheesiotavoite	1	15
mainta	1	6
havainnollisuuden	1	17
painopistealueita	1	17
vallitseviin	1	12
erityisolosuhteisiin	1	20
perustellaan	1	12
huomioonottamisen	1	17
osatekijää	1	10
modernisointitoimien	1	20
tilojensa	1	9
roolistaan	1	10
maanviljelijäväestön	1	20
ikääntymisongelman	1	18
helpottamisessa	1	15
viljelytoiminnan	1	16
turvaamisessa	1	13
tyydyttäminen	1	13
informaatio-	1	12
maatalousväestön	1	16
eläintauteja	1	12
kohdistetut	1	11
liialliset	1	10
tulomenetykset	1	14
vahingot	1	8
tarjoten	1	8
ulkopuolisiin	1	13
laboratorioihin	1	15
tutkimiseksi	1	12
laadunvalvonta-	1	15
malleja	1	7
tiedottamalla	1	13
panostamalla	1	12
tunnistettavuuteen	1	18
kiristyneellä	1	13
kilpailulla	1	11
heiden	1	6
perheidensä	1	11
irrotetut	1	9
mukautuvan	1	10
markkinoihin	1	12
kilpailukykyisellä	1	18
metsätalousalalle	1	17
kotimaisilla	1	12
vientiin	1	8
jätteet	1	7
eloperäisiä	1	11
materiaaleja	1	12
alkuperämerkinnällä	1	19
erikoisuuksiin	1	14
fyysisiin	1	9
ilmastollisiin	1	14
erikoispiirteisiin	1	18
vanhaan	1	7
perintöön	1	9
pohjautuvien	1	12
erikoistuotteiden	1	17
kulmakivenä	1	11
ostavat	1	7
luonnonmukaisesti	1	17
viljeltyjä	1	10
tulolähteen	1	11
luonnonmukaisen	1	15
modernisointi	1	13
modernisoinnin	1	14
tiloihin	1	8
muuttuneet	1	10
mieltymykset	1	12
muuttaneet	1	10
osittaiseen	1	11
omavaraisviljelyyn	1	18
tuottajaryhmiin	1	15
modernisointiin	1	15
tulonlähteiden	1	14
menoilla	1	8
osittaista	1	10
omavaraisviljelyä	1	17
tuottajaryhmiä	1	14
rakennemuutokseen	1	17
sukupolvenvaidoksen	1	19
luovutusta	1	10
neljällä	1	8
perinnemaisemien	1	16
kiinnittäen	1	11
maaseutualeuisiin	1	17
maaperä	1	7
ympäristöresurssi	1	17
jarruttamiseksi	1	15
ympäristörillisistä	1	19
tuotannollisista	1	16
matkakohteena	1	13
käyttävää	1	9
maataloustuotantoa	1	18
katovuosien	1	11
vaaroja	1	7
maaltapakoon	1	12
metsäpaloihin	1	13
etupäässä	1	9
heikomassa	1	10
aluiella	1	8
kuivuudella	1	11
ikäviä	1	6
säilymistä	1	10
ravitsemustilanne	1	17
elintarviketuotannon	1	20
mennä	1	5
valtaavat	1	9
imuvaikutus	1	11
elintarvikepula	1	15
köyhimmissä	1	11
tuhojen	1	7
korjaaminen	1	11
torjumalla	1	10
tulvia	1	6
energiaviljelyä	1	15
voittomarginaalia	1	17
kilpailukykyisempää	1	19
tilankäytön	1	11
vakauttaminen	1	13
keskittymällä	1	13
suosivien	1	9
paikallisväestön	1	16
pysymisen	1	9
rohkaistaisiin	1	14
tarpeensa	1	9
mahdollisuuksiaan	1	17
pitämiseksi	1	11
sosioekonomisten	1	16
lähikaupat	1	10
hoitopalvelut	1	13
vuokraasuntotuotanto	1	20
kulttuurikeskukset	1	18
liikennepalvelut	1	16
yleishyödylliset	1	16
terveyspavelut	1	14
kohtuuhintaisen	1	15
mikroluotot	1	11
talouselämään	1	13
palauttamisessa	1	15
sukupuoleensa	1	13
lastenhoitoa	1	12
ulottaa	1	7
lastenhoidossa	1	14
koulutukseensa	1	14
integroidut	1	11
monipuolistamisessa	1	19
infrastruktuuriin	1	17
tärkeytensä	1	11
uusiutumiseen	1	13
kylässä	1	7
elinvoimaisena	1	14
asumassa	1	8
käsityöyritysten	1	16
käsityö-	1	8
vanhemmalle	1	11
sukupolvelle	1	12
taitonsa	1	8
nuoremmille	1	11
elämälle	1	8
opettaa	1	7
etätyömahdollisuus	1	18
tietoverkkoihin	1	15
‑alalla	1	7
energiatuotannon	1	16
materiaalit	1	11
luonnonperintöön	1	16
turismin	1	8
käsityöt	1	8
ruoka	1	5
juoma	1	5
erikoistuotteet	1	15
folklore	1	8
arkkitehtuuri	1	13
suojeltavia	1	11
tarjoamastaan	1	13
hävitä	1	6
vähäisen	1	8
kiinnostuksen	1	13
taantuneilla	1	12
maaseutuperinnettä	1	18
vuosatojen	1	10
maaseutukulttuuri	1	17
vahvistava	1	10
alueellisetn	1	12
erikostuotteiden	1	16
leaderhankkeiden	1	16
aiheisiin	1	9
välittämiseen	1	13
muutakin	1	8
asuneiden	1	9
asuinpaikkoja	1	13
seutuja	1	7
kaupunkilais-	1	13
luetelmakoha	1	12
-aloitteiden	1	12
strategiseen	1	12
kattavampia	1	11
näystä	1	6
ympäristönäkökulman	1	19
valtavirtaistamisen	1	19
menetelmistä	1	12
järjestäydyttävä	1	16
tulevaisuuttaan	1	15
näyn	1	4
ympäristönäkökulma	1	18
valtavirtaistettava	1	19
yhtieksuntaelämän	1	17
-prosessia	1	10
haavoittuvuus	1	13
riippuvuus	1	10
strategien	1	10
alaadun	1	7
mukauttamista	1	13
maailmanmarkkinoihin	1	20
laajaan	1	7
osallistumiseen	1	15
vaihtamisesta	1	13
varataan	1	8
vapaaehtoisuuden	1	16
periaatteella	1	13
life	1	4
rajaehtoja	1	10
hallintotason	1	13
investointityyppi	1	17
edunsaajatyyppi	1	15
perheensä	1	9
kehittämistoimiin	1	17
annettaessa	1	11
maaseutua	1	9
markkinapolitiikan	1	18
perinpohjaisella	1	16
uudistamisella	1	14
voimakkaamman	1	13
orientoitumisen	1	15
rahoituskaudella	1	16
neljäs	1	6
leaderohjelmasta	1	16
suuntautuvan	1	12
pääpiirteet	1	11
sovitussa	1	9
voimakkaampi	1	12
painotus	1	8
perustavoitteen	1	15
vähimmäismenot	1	14
rooleja	1	7
työnjakoa	1	9
vahvistetusti	1	13
jäsenvaltiolla	1	14
toimivilla	1	10
ryhmillä	1	8
sananvaltaa	1	11
ohjelmasuunnittelu	1	18
tukeutuen	1	9
ohjelmakaudelle	1	15
prioriteeteissa	1	15
ehdotetuissa	1	12
määritetty	1	10
aluekehitysasetuksen	1	20
määrittämään	1	12
muuntamaan	1	10
päätavoitteet	1	13
lissabon	1	8
göteborg	1	8
kehitykseksi	1	12
takamaan	1	8
rakennemuutosta	1	15
kuudet	1	6
valmistellessa	1	14
laatiessa	1	9
etusijalla	1	10
välittäminen	1	12
monipuolistumisen	1	17
priorisointi	1	12
monipuolistumista	1	17
muuntaminen	1	11
yhteensopivuuden	1	16
ristiriitojen	1	13
välttäminen	1	11
kehittämisohjelmassa	1	20
prioriteettina	1	14
suuntaviivalla	1	14
sulje	1	5
perusindikaattoreita	1	20
kehyksessä	1	10
kehittämisverkoston	1	19
tietojenvaihdon	1	15
foorumina	1	9
kylliksi	1	8
perinnön	1	8
wto:sta	1	7
epävarmoja	1	10
merkillepantavaa	1	16
horjuttaa	1	9
vakautta	1	8
maaseutuun	1	10
voitaisi	1	8
lieventää	1	9
nopeutetulla	1	12
elävä	1	5
tiivistettynä	1	13
fischerboel	1	11
epävarma	1	8
irrotettujen	1	12
ryöstetään	1	10
strategisiin	1	12
muotoiltu	1	9
aiheutunee	1	10
ensinnäkään	1	11
mahdollistaisi	1	14
synergian	1	9
mittaamisen	1	11
yksityiskohtaisissa	1	19
todettavissa	1	12
tietynasteista	1	14
epäselvää	1	9
selvennyksiä	1	12
keiden	1	6
alkutuotannossa	1	15
monimuotoistamista	1	18
alkutuotantoon	1	14
toimintalinjalla	1	16
maatalousyhteisöjä	1	18
liittyvällä	1	11
taloudellisessa	1	15
kehityksessä	1	12
soveltuvaa	1	10
jalostusta	1	10
käsityöläis-	1	12
molemmissa	1	10
toimijoina	1	10
aikaisemmalle	1	13
leaderohjelmalle	1	16
koota	1	5
kumppanuuksia	1	13
oloihin	1	7
kokonaisvaltainen	1	17
kehitysstrategia	1	16
pääasiallista	1	13
polttoaineketjuun	1	17
integroivien	1	12
lausuntoluonnoksessa	1	20
havainnollistaa	1	15
suunniteltuja	1	13
pääsuuntaviivaan	1	16
tuotetuksi	1	10
arvoksi	1	7
haittatekijöitä	1	15
pääpaino	1	8
kulttuurimaiseman	1	17
olennaisimpaan	1	14
unohtavan	1	9
käyttövoima	1	11
luetelmakohtia	1	14
maatalousyrityksissä	1	20
palkattoman	1	11
naisista	1	8
myöhempinä	1	10
sanan	1	5
englanninkielisessä	1	19
versiossa	1	9
suositellaan	1	12
suuntaviivasta	1	14
täydentävyyttä	1	14
suuntaviivan	1	12
tarpeelliselta	1	14
liikenneverkko	1	14
‑ohjelma	1	8
täydentävyys	1	12
korvaava	1	8
ympuudistusten	1	14
pienestä	1	8
etäisyydestä	1	12
mantereeseen	1	12
hajanaisuudesta	1	15
eriytettyjä	1	11
tyydyttävät	1	11
jäljitettävissä	1	15
maatilalta	1	10
ymp:hen	1	7
heikentäneiden	1	14
viimeaikaisten	1	14
bse-	1	4
lampaiden	1	9
suu-	1	4
toimintalinjaa	1	14
varatuilla	1	10
lievittämiseen	1	14
tuotettavien	1	12
jäsenmaissa	1	11
saatettavien	1	12
polttoaineketjussa	1	18
sopeuttaminen	1	13
osallistuttamalla	1	17
vähittäiskauppaa	1	16
markkinarakoja	1	14
aiomme	1	6
vireää	1	6
pystytetään	1	11
pienyritysten	1	13
maaseutuyhteisöjä	1	17
liiketoiminta-	1	14
energiaan	1	9
säästöön	1	8
tekniikoiden	1	12
liittyvään	1	10
tuella	1	6
kierrätystä	1	11
suurilla	1	8
investoinneilla	1	15
tuotantomalleja	1	15
erityisominaisuuksia	1	20
aloitustueksi	1	13
metsätalousmaiden	1	17
vesivarat	1	9
asuin	1	5
maataloustoiminta	1	17
ylläpitämiseen	1	14
riittävyyteen	1	13
hallitaan	1	9
tulvariskejä	1	12
maataloustoimintaan	1	19
jäsenneltävä	1	12
erityistoimiksi	1	15
uhkaaviin	1	9
tulvariskeihin	1	14
metsänistutustoimet	1	19
korkealaatuisen	1	15
jakautumisen	1	12
metsäpaloja	1	11
tuhoava	1	7
koordinoimalla	1	14
saattamalla	1	11
kärsitään	1	9
maatalousrahastossa	1	19
väestössä	1	9
väestökato	1	10
integroidun	1	11
lähellä	1	7
täydentäen	1	10
pääsyltä	1	8
huonot	1	6
vammaisuuden	1	12
kannustamisensa	1	15
lasten-	1	7
perheystävällisten	1	18
työtilanteiden	1	14
liikeyrityksen	1	14
mikrolainojen	1	13
mahdollistaminen	1	16
naisverkostojen	1	15
poismuuton	1	10
oloja	1	5
energiapalveluiden	1	18
matkailijoiden	1	14
houkuttajana	1	12
maatalousalueiden	1	17
säilyttämisessä	1	15
luontaisen	1	10
toimintaryhmien	1	15
kärsivistä	1	10
aluesuunnittelu	1	15
osallistuttamaan	1	16
myönnettävästä	1	14
rohkaistava	1	11
toimielinrakenteensa	1	20
-ohjelmasta	1	11
sopivalla	1	9
-periaatetta	1	12
huolehtien	1	10
moottori	1	8
kahlita	1	7
atlaksessa	1	10
lähettäviä	1	10
vastaanottavia	1	14
täydelliset	1	11
yhteystietojen	1	14
käännöstä	1	9
tai"-sana	1	9
epäselvän	1	9
kieltäytymiseen	1	15
ottamasta	1	9
ymmärrä	1	7
ymmärtämällään	1	14
oikaistava	1	10
merkityksettömäksi	1	18
pakko	1	5
luovuttamisen	1	13
käyttänyt	1	9
oikeuttaan	1	10
ymmärtämällä	1	12
haagissa	1	8
liiketoimien	1	12
juridisen	1	9
lyhentämään	1	11
kauppaoikeudellisten	1	20
oikeusalan	1	10
toteuttamilla	1	13
tutkimuksilla	1	13
kuulemisilla	1	12
oikeudellisessa	1	15
verkostossa	1	11
koskenut	1	8
koollekutsuminen	1	16
toukokuu	1	8
tilattu	1	7
soveltavien	1	11
ongelmakohtia	1	13
tuodut	1	6
ajat	1	4
lyhentyneet	1	11
aikaisempaan	1	12
tiedottamisessa	1	15
muutosehdotuksen	1	16
todettuja	1	9
saapunut	1	8
monikielinen	1	12
lomake	1	6
lähettäjälle	1	12
välivaihe	1	9
oikeusalueen	1	12
tiedoksiantoon	1	14
nopeuttavat	1	11
kulujen	1	7
postipalveluita	1	15
vastaanottaville	1	16
käsikirja	1	9
asiakirjaluettelo	1	17
ilmoittamat	1	11
ratkaistu	1	9
monikielistä	1	12
lomakkeessa	1	11
tarkennetaan	1	12
kieltäytymisen	1	14
määriteltyihin	1	14
poikkeustapauksiin	1	18
fysikaalisille	1	14
tekijöille	1	10
melulle	1	7
mekaaniselle	1	12
tärinälle	1	9
sähkömagneettisille	1	19
kentille	1	8
aalloille	1	9
altistuvien	1	11
fysikaalista	1	12
tärinästä	1	9
melusta	1	7
sähkömagneettisista	1	19
kentistä	1	8
riskeiltä	1	9
vaikeimmaksi	1	12
erotti	1	6
auringosta	1	10
tulenliekeistä	1	14
pääasiallisena	1	14
hyväksyvänsä	1	12
anderssonin	1	11
őryn	1	4
oikeudelliselta	1	15
yksiköltä	1	9
altistumista	1	12
kolmikantakokous	1	16
kompromissia	1	12
torjui	1	6
keinotekoisten	1	14
optiselta	1	9
kolmikantakokouksen	1	19
luonnonsäteilyltä	1	17
luonnolliseen	1	13
säteilyyn	1	9
kompromissipaketista	1	20
akohtana	1	8
yksikköjen	1	10
yksimielisten	1	13
työnantajat	1	11
huolehtiakseen	1	14
päättivät	1	9
luonnonsäteilyyn	1	16
oikeaaikaiseen	1	14
toteamiseen	1	11
ylittämisen	1	11
toteamisen	1	10
työntekijälle	1	13
terveystarkastus	1	16
työntekijöillä	1	14
määritettävissä	1	15
sairaus	1	7
kielteisistä	1	12
terveysvaikutuksista	1	20
keinotekoiselle	1	15
ylivoimaisesti	1	14
muutoksitta	1	11
sovittelumenettelyn	1	19
menestyksellisenä	1	17
jiří	1	4
maštálka	1	8
kutsumisen	1	10
sovittelukomitealle	1	19
päätöslauselmaa	1	15
kantana	1	7
mukaisessa	1	10
yhdistetyt	1	10
hallintatoimet	1	14
ympäristöllisiä	1	15
katastrofaalisia	1	16
säähän	1	6
tappiot	1	7
kuusinkertaiset	1	15
vaaratekijöihin	1	15
altistumisen	1	12
ennakkoehtoja	1	13
maailmankokouksen	1	17
yhdistettyjä	1	12
vaaratekijät	1	12
huomioonottavaa	1	15
katastrofiriskiä	1	16
valmistautuminen	1	16
kunnostus	1	9
ehkäisyä	1	8
lieventämistä	1	13
suunnitelmissa	1	14
kosteikkojen	1	12
herkkien	1	8
kaupunkialueilla	1	16
maantieteellisestä	1	18
maastosta	1	9
piirteillä	1	10
haitallinen	1	11
pelastusresurssien	1	18
toimittamista	1	13
avustustarpeita	1	15
eristyneet	1	10
tiedotuskeskuksen	1	17
terrorismi	1	10
kehittämisestä¹	1	15
varoitusjärjestelmiä	1	20
solidaarisuussyistä	1	19
hädässä	1	7
auttamiseksi	1	12
‑periaatteen	1	12
aiheuttamistaan	1	15
vahingoista	1	11
‑periaate	1	9
vastuunalaisena	1	15
seuranneen	1	10
vahingon	1	8
aiheuttaja	1	10
lisäyhteistyötä	1	15
vaatimien	1	9
operaatioiden	1	13
tiedostamisen	1	13
varotoimenpiteitä	1	17
sattuessa	1	9
välttämättömyydestä	1	19
arvokas	1	7
voimavara	1	9
esitettävänä	1	12
toiminnoissa	1	12
reagoimiseen	1	12
yksilöinä	1	9
tuhoisista	1	10
suunnittelevat	1	14
saapuminen	1	10
viivästyä	1	9
kuulunut	1	8
katastrofeista	1	14
hädästä	1	7
ulottaminen	1	11
esiintyminen	1	12
yleistynyt	1	10
mittakaava	1	10
ihmishenkien	1	12
samasta	1	7
nopeata	1	7
vakausvälinettä	1	15
siinäkään	1	9
rauhan	1	6
valmistautumiseen	1	17
naapurivaltioissa	1	17
sattuvilla	1	10
merkittävillä	1	13
inventaario	1	11
rahoitusavun	1	12
rutiininomaiseen	1	16
häiriöön	1	8
reagoidaan	1	10
ylikansallisella	1	16
valmisteltava	1	13
vaikuttamatta	1	13
määritettyihin	1	14
valtuuksia	1	10
päätöslauselmia	1	15
yksiköille	1	10
varhaisvaroitukseen	1	19
logistiikkaan	1	13
lisävaroja	1	10
suuronnettomuuksissa	1	20
ehkäisemiseen	1	13
korotettava	1	11
avunpyyntö	1	10
terroriteot	1	11
tapahtumaa	1	10
kulttuuriperintöön	1	18
ehkäisytoimilla	1	15
vaaratilanteiden	1	16
kielteiset	1	10
minimoidaan	1	11
ympäristötuhojen	1	16
oikeaaikaiset	1	13
varhaisvaroitukset	1	18
varhaisvaroituksella	1	20
antamiseen	1	10
inventaariolla'	1	15
henkilöresurssien	1	17
luettelointia	1	13
yhtäläistä	1	10
avustusta	1	9
saaristoalueilla	1	16
helppo	1	6
samanlaisesta	1	13
toimintaryhmiä	1	14
eristyneisiin	1	13
syrjäisiin	1	10
piirteet	1	8
koordinointiapu	1	15
onnistumisessa	1	14
hätätilannevalmiuden	1	20
erikoiskoulutus	1	15
ehkäisytoimiin	1	14
tunnettava	1	10
vammaisryhmien	1	14
kommunikointitarpeet	1	20
liikkumistapaan	1	15
tehtävistään	1	12
erityistilannetta	1	17
teknologiansiirrot	1	18
opittujen	1	9
keskinäinen	1	11
valppauden	1	10
tulipaloihin	1	12
inhimillisistä	1	14
valppaus	1	8
rangaistuksista	1	15
verkottaminen	1	13
edelliset	1	9
asianmukaisine	1	14
varoineen	1	9
tarvikkeineen	1	13
kouluissa	1	9
koulutuslaitoksissa	1	19
opetusohjelmiin	1	15
ehkäiseviin	1	11
lähestymistapojen	1	17
keinojen	1	8
katastrofiriskit	1	16
vaihtamiseksi	1	13
tunnistamisen	1	13
suuronnettomuuksien	1	19
kohdennettu	1	11
ennaltaehkäisytoimia	1	20
-laitteiden	1	11
laboratoriot	1	12
laitteistot	1	11
varmistamisesta	1	15
kytketty	1	8
hälytysjärjestelmien	1	20
liittäminen	1	11
luonnonkatastrofeja	1	19
varautumis-	1	11
sääntömääräisen	1	15
ohjauksessa	1	11
erityiskoulutusta	1	17
kykyään	1	7
katastrofitilanteet	1	19
verottaa	1	8
raskaasti	1	9
tällaisina	1	10
aikoina	1	7
korvaamattomana	1	15
työskenneltävä	1	14
helpotettaisiin	1	15
yhteensovitettujen	1	18
omatoimisesti	1	13
lähetetyt	1	9
hankaloittaa	1	12
pelastustyötä	1	13
toimimiseen	1	11
keskinäisesti	1	13
jaettuihin	1	10
pelastustoimien	1	15
organisoimiseksi	1	16
tiiviimpiä	1	10
tehostettua	1	11
jäsennettyä	1	11
yhteisvaikutuksen	1	17
toimitetuista	1	13
myönnettäessä	1	13
rahoituslähteet	1	15
toimea	1	6
echon	1	5
optimaalinen	1	12
sisältävälle	1	12
pilottihankkeelle	1	17
toiminnat	1	9
sekaannuksen	1	12
harmonisen	1	10
integroimisen	1	13
toimivaltuuksiensa	1	18
kehittääkseen	1	13
laajimman	1	9
panevat	1	7
täsmennyspyynnön	1	16
jälkeenkään	1	11
peruutettava	1	12
karhuttava	1	10
erät	1	4
ehkäisemisessä	1	14
toimitettuihin	1	14
tehtyihin	1	9
tukipäätöksiin	1	14
lopettamiseen	1	13
katsaus	1	7
päivitetään	1	11
rahoitussitoumusten	1	19
sidottujen	1	10
viimetalvinen	1	13
tsunamikatastrofi	1	17
hurrikaanit	1	11
louisianan	1	10
mississipin	1	11
osavaltioissa	1	13
tulvat	1	6
sveitsissä	1	10
tuhoisa	1	7
kuivuus	1	7
tuhonneet	1	9
muistuttaneet	1	13
meitä	1	5
uhkana	1	6
riskitekijät	1	12
ympäristötuhot	1	14
lämpeneminen	1	12
välittömäksi	1	12
jäämättä	1	8
katastrofia	1	11
elintärkeän	1	11
pelastuspalveluavun	1	19
mobilisointia	1	13
välittömiin	1	11
vastaamiseksi	1	13
eyeuratom	1	9
ydinonnettomuudet	1	17
liechtenstein	1	13
norja	1	5
islanti	1	7
solidaarisuusväline	1	19
vahinkojen	1	10
korvaamisen	1	11
toteutettavia	1	13
vakautusväline	1	14
erityisohjelma	1	14
torjuntavalmiuden	1	17
tiedustelutoimien	1	17
välittömät	1	10
kriiseissä	1	10
valmius-	1	8
ratkaisuun	1	10
perustelee	1	10
perustamissopimukset	1	20
tarkoituksen	1	12
huomioonottaen	1	14
valmiudesta	1	11
välittömästä	1	12
määräämiseen	1	12
tulvariskin	1	11
hallintatoimille	1	16
pelastuspalveluapua	1	19
sisältyykin	1	11
vakautusvälineeseen	1	19
pilaantumisesta	1	15
pilaantumisen	1	13
hallita	1	7
onnettomuuksista	1	16
säteilyonnettomuudet	1	20
ympäristökatastrofit	1	20
mainittuina	1	11
pelastuspalvelu	1	15
selkeytetään	1	12
termien	1	7
bottom	1	6
up	1	2
päävastuu	1	9
oikeudelliseksi	1	15
luonteeksi	1	10
sovellettavalla	1	15
oikeudellisella	1	15
budjettivarojen	1	15
rahoitusselvitykseen	1	20
arvioidut	1	9
indikatiiviset	1	14
osittaneet	1	10
menomuotoja	1	11
päivätyssä	1	10
kirjeessä	1	9
asianmukaisuuden	1	16
katsotte	1	8
pani	1	4
lainataan	1	9
toimintalohkosta	1	16
huomioi	1	7
pelastuspalveluja	1	17
huomata	1	7
valtuuksista	1	12
yksittäiseen	1	12
tutkittavissa	1	13
objektiivisiin	1	14
säädösosan	1	10
tutkimisen	1	10
pelastuspalveluihin	1	19
toimessa	1	8
käyttämiselle	1	13
lópezinstúriz	1	13
whiten	1	6
pidättäytyi	1	11
äänestyksestä	1	13
aleksander	1	10
czarnecki	1	9
kamallin	1	8
wallisin	1	8
lévain	1	6
lipietzin	1	9
mohácsin	1	8
kaupin	1	6
ainoana	1	7
budjettivaliokunna	1	18
kokeiluhankkeen	1	15
rajatylittävästä	1	16
lähempää	1	8
logistiikkavälineitä	1	20
hyväksymässään	1	14
valmiusväline	1	13
suurkatastrofeja	1	16
edistettäisiin	1	14
rahoitustuella	1	14
väestön-	1	8
ympäristön-	1	11
omaisuudensuojelun	1	18
suurkatastrofin	1	15
hyväksymisensä	1	14
täydentäisi	1	11
väestönsuojelutuen	1	18
yhdistämisen	1	12
ennakkotehokkuuden	1	18
lähetettävät	1	12
keskitettäisiin	1	15
kohteeseen	1	10
katastrofivalmiuteen	1	20
rahoitusasetuksesta	1	19
julkisina	1	9
hankintasopimuksina	1	19
huolehtinut	1	11
kiireellisten	1	13
johdonmukaisella	1	16
rahoitusselvityksen	1	19
ohjeellisena	1	12
talousarviona	1	13
annettavia	1	10
kolmantena	1	10
pyydettäisiin	1	13
ohjeelliselta	1	13
kurinalaisuutta	1	15
miljoonaksi	1	11
alkavaksi	1	9
jaksoksi	1	8
kattoa	1	6
edellyttämään	1	13
hallintoresurssien	1	18
puutteelliseen	1	14
harhautumiseen	1	14
halutusta	1	9
suunnasta	1	9
šťastný	1	7
ennaltaehkäisevät	1	17
rahoituskelpoisten	1	18
perimmäisensä	1	13
maantieteen	1	11
maaston	1	7
-tarpeita	1	9
epäsuotuisien	1	13
mekanismeissa	1	13
välineissä	1	10
tiedotusaloitteita	1	18
itsesuojeluvalmiutta	1	20
turvaamistoimia	1	15
integroitava	1	12
tiedotuskampanjoihin	1	20
suuronnettomuuksia	1	18
ennaltaehkäiseviin	1	18
katastrofi-	1	11
monta	1	5
solidaarisen	1	12
kantamisen	1	10
tehostaisi	1	10
solidaarisuuttaan	1	17
kohtaavissa	1	11
aiheuttaneet	1	12
kuolemantapauksia	1	17
ympäristöseurauksia	1	19
ennaltaehkäisyyn	1	16
espanjankieliseen	1	17
kääntäjän	1	9
talousarviovarat	1	16
päättyvällä	1	11
varatuiksi	1	10
sisällytetty	1	12
kasvatettava	1	12
lisämäärärahat	1	14
jaksolle	1	8
selviytyminen	1	13
velvollisuuksista	1	17
pilottihankkeen	1	15
rahoittamisesta	1	15
rahastoon	1	9
esiintyä	1	8
päällekkäisyyksiä	1	17
antoine	1	7
duquesne	1	8
timothy	1	7
kirkhope	1	8
lax	1	3
henri	1	5
liam	1	4
aylward	1	7
callanan	1	8
marios	1	6
matsakis	1	8
kartika	1	7
tamara	1	6
liotard	1	7
muistiot	1	8
ruumiillisen	1	12
hengellisen	1	11
moraalisen	1	10
kehityksensä	1	12
elintasoon	1	10
tarpeellisiin	1	13
vanhempia	1	9
aineellista	1	11
ravintoon	1	9
vaatetukseen	1	12
asumiseen	1	9
261e	1	4
eläkkeitä	1	9
77e	1	3
laajaalaisen	1	12
tietämykseen	1	12
lähimainkaan	1	12
nizzassa	1	8
perusoikeutena	1	14
ihmisarvoon	1	11
integraatio	1	11
perusarvoista	1	13
inhimillisten	1	13
haaskaamisen	1	12
demografisten	1	13
een	1	3
kestokyvyn	1	10
kestäviksi	1	10
yleisyyteen	1	11
oikeudenmukaisuuteen	1	20
raporttiin	1	10
numerotiedot	1	12
puolilta	1	8
varteenotettavia	1	16
rakenteellisista	1	16
parannuksista	1	13
alhaisia	1	8
ihmisryhmien	1	12
viimeaikainen	1	13
hidastuminen	1	12
altistavat	1	10
heikentävät	1	11
joutumista	1	10
satunnaistyössä	1	15
työttömiä	1	9
yksinhuoltajia	1	14
asuvia	1	6
ikäihmisiä	1	10
perheitä	1	8
huollettavia	1	12
lapsia	1	6
etnisiä	1	7
vähemmistöjä	1	12
sairaita	1	8
vammaisia	1	9
kodittomia	1	10
huumausaine-	1	12
alkoholiriippuvuuden	1	20
työllistämistä	1	14
tasaveroisia	1	12
vertailukelpoisuutta	1	20
haittatekijöiden	1	16
miehillä	1	8
etnisissä	1	9
vähemmistöissä	1	14
ikäryhmissä	1	11
työttömyyden	1	12
asettamien	1	10
romanivähemmistön	1	17
jatkokoulutukseen	1	17
esittelemiseen	1	14
menestyneiden	1	13
kuuluminen	1	10
vaihtamaan	1	10
parhaiksi	1	9
koulutustasoa	1	13
kielissä	1	8
tekniikassa	1	11
mahdollisuuksille	1	17
työnantajille	1	13
koulutustaso	1	12
toistuva	1	8
tähänastista	1	12
tuottamattomien	1	15
neljässätoista	1	14
seitsemästätoista	1	17
unicefin	1	8
rikkaissa	1	9
lisääntyi	1	9
suurperheisiin	1	14
maahanmuuttajiin	1	16
edustajiin	1	10
työttömiin	1	10
alityöllistettyihin	1	19
vanhempiin	1	10
taloudellisilla	1	15
resursseilla	1	12
suuremmalla	1	11
indikaattoreita	1	15
lähdettävä	1	10
vähentämättä	1	12
lastenhoitoon	1	13
tuottajana	1	10
aiheelliset	1	11
edistyttäisiin	1	14
kunnioittamisessa	1	17
ulkopolitiikassa	1	16
integrointi	1	11
nuorisotyöttömyyteen	1	20
itsenäisenä	1	11
osaalueena	1	10
aloitteellisuuden	1	17
yrittäjähengen	1	14
syrjäisten	1	10
alikehittyneiden	1	16
pääsemästä	1	10
välisinä	1	8
työttömyydessä	1	14
epätyypillisissä	1	16
työsuhteissa	1	12
perustuvana	1	11
eriytymisenä	1	12
perustuvina	1	11
puutteellisena	1	14
osallistumisena	1	15
yksilöllisiä	1	12
yhteensovittamisessa	1	20
kohtuuhintaisia	1	15
hoitopalveluja	1	14
huollettaville	1	14
rangaistaisi	1	12
äitiyslomista	1	13
vanhempainlomista	1	17
työuran	1	7
keskeytyksistä	1	14
eläkeoikeuksia	1	14
valistus-	1	9
kohderyhmien	1	12
harjoittajiin	1	13
koulutusohjelmia	1	16
erityismääräyksien	1	18
kokonaisvaltaisten	1	18
vammaisiin	1	10
käsittelemättä	1	14
jääneitä	1	8
esteettömyyden	1	14
kodittomiin	1	11
huolenpitoa	1	11
perusvalmiuksia	1	15
puolella	1	8
asunto-	1	7
koulutuspolitiikassa	1	20
perusvalmiuksien	1	16
tähtää	1	6
huolehtimisen	1	13
juurruttamiseen	1	15
kyvyttömämpiä	1	13
perusasteen	1	11
opetuksesta	1	11
tähdentämään	1	12
merkittävyyttä	1	14
jatkotoimenpiteille	1	19
syrjinnänvastaista	1	18
puuttumalla	1	11
huonoosaisimmille	1	17
lankeavat	1	9
surkeimmat	1	10
ympäristöolot	1	13
sovella	1	7
syrjinnänvastaisia	1	18
yhdenmukaistettua	1	17
keruuta	1	7
sukupuolierot	1	13
järjestelmällisiä	1	17
etu-	1	4
edistämisprosessiin	1	19
edistävistä	1	11
syrjäytyneinä	1	13
järjestämisellä	1	15
alttiutta	1	9
sosiaalisille	1	13
etuusjärjestelmät	1	17
hitaita	1	7
joustavampiin	1	13
työllistymistä	1	14
ikääntyvä	1	9
työikäisen	1	10
kestävyydelle	1	13
työnantajia	1	11
palkkaamaan	1	11
palveluksessaan	1	15
sosiaalirahasto	1	15
heikompiosaisten	1	16
turvallisen	1	11
työympäristön	1	13
uudistuksissa	1	13
kokonaisverotaakan	1	18
neuvonnan	1	9
käsittävien	1	11
sosiaalipalvelujen	1	18
kuljetus-	1	9
liikkuvuuspalvelujen	1	20
ammatillisten	1	13
koulutuspalvelujen	1	18
vähimmäistuloa	1	14
panoksena	1	9
tukevansa	1	9
perustavoitetta	1	15
laadukkuutta	1	12
vakuutusperiaatteen	1	19
sosiaalipalveluita	1	18
riippuvaisista	1	14
henkilöistä	1	11
ihmisistä	1	9
suoriutumaan	1	12
normaalielämään	1	15
perustehtävistä	1	15
eläkkeensaajien	1	15
tulonlähteitä	1	13
ammatillisiin	1	13
henkilökohtaisiin	1	17
järjestelmiin	1	13
eläkejärjestelyt	1	16
täydentävinä	1	12
tulonlähteinä	1	13
lisäeläkeetuuksia	1	17
laajaalaisia	1	12
yksilöiden	1	10
tulo-	1	5
elintasoihin	1	12
eurooppaneuvostoa	1	17
sopimaan	1	8
yhdenmukaisten	1	14
työllisyyspolitiikan	1	20
yhteensovittamiseen	1	19
painottaen	1	10
toimeentuloa	1	12
äitien	1	6
työllisyysastetta	1	17
avoimeen	1	8
eläkejärjestelmiään	1	19
matalamman	1	10
palkkaerot	1	10
heijastuvat	1	11
leskeksi	1	8
jääneiden	1	9
eläkeläisten	1	12
suuruudessa	1	11
köyhyysrajan	1	12
alapuolelle	1	11
kohentumista	1	12
edustavan	1	9
legitimiteetti	1	14
rajoittamatonta	1	15
tasaveroista	1	12
määrittämiseen	1	14
kertomuksista	1	13
parhaista	1	9
käytänteistä	1	12
menetelmäksi	1	12
yleiskatsaus	1	12
kokoontunut	1	11
kaksivuotisten	1	14
eläkkeet	1	8
käsittävän	1	10
selkeytetyn	1	11
toimintaohjelmalla	1	18
vaikuttavuutta	1	14
julkaistiin	1	11
eläkejärjestelmät	1	17
tulon	1	5
eläkkeensaajille	1	16
keskittyvät	1	11
heikosti	1	8
koulutustason	1	13
köyhyysriskillä	1	15
mediaanitulosta	1	15
työttömät	1	9
kodittomat	1	10
yksinhuoltajat	1	14
asuvat	1	6
haavoittuvimpia	1	15
köyhyysriskin	1	13
prosentuaalinen	1	15
tšekki	1	6
ruotsi	1	6
unkari	1	6
slovenia	1	8
slovakia	1	8
kreikka	1	7
riskitekijöitä	1	14
heikkolaatuiset	1	15
ammattitaito	1	12
varttuminen	1	11
alttiissa	1	9
perheessä	1	9
terveydentila	1	13
alkoholismi	1	11
asuminen	1	8
moniongelmaisella	1	17
kodittomuus	1	11
epävarmat	1	9
maahanmuutto	1	12
etninen	1	7
rotusyrjinnän	1	13
joutuminen	1	10
johdu	1	5
epäonnistumisesta	1	17
eläkejärjestelmiä	1	17
seitsemään	1	10
aktiivisiin	1	11
työmarkkinatoimiin	1	18
haavoittuvimmille	1	17
suurimmassa	1	11
syrjäytymisvaarassa	1	19
keskitettyjen	1	13
sujuvan	1	7
siirtyvän	1	9
ehkäisevän	1	10
kehityssuunnan	1	14
kohottaminen	1	12
tekijöinä	1	9
nykyaikaistamisessa	1	19
ulottamista	1	11
terveydenhuoltoon	1	17
monitahoiset	1	12
ensisijaisina	1	13
ehkäisy	1	7
hoitokapasiteetin	1	17
integroitumisväylien	1	20
etnisille	1	9
vähemmistöille	1	14
maahanmuuttajille	1	17
arvioiminen	1	11
strategioista	1	13
sitoutumisessa	1	14
ponnistelevat	1	13
monin	1	5
yleisintä	1	9
belgiassa	1	9
yhdistyneessä	1	13
kuningaskunnassa	1	16
tasavallassa	1	12
työssäkäyvää	1	12
etuuksista	1	10
käyvät	1	6
asuntokanta	1	11
vanhentunutta	1	13
puutteellista	1	13
puolilla	1	8
maltassa	1	8
hyvällä	1	7
elinikäisessä	1	13
oppimisessa	1	11
ammatillisessa	1	14
täsmällisempiä	1	14
nykyaikaistamista	1	17
laajaalaisempiin	1	16
omavaraistalous	1	15
pienemmistä	1	11
keskituloista	1	13
slovakiassa	1	11
suurena	1	7
luonnollisen	1	12
väestönkasvun	1	13
negatiivisuus	1	13
kehnot	1	6
sloveniaa	1	9
bkt:hen	1	7
raportissaan	1	12
laatimien	1	9
kattavia	1	8
vähimmäistulon	1	14
arvokkaasti	1	11
asuntojen	1	9
liikennepalvelujen	1	18
katsomme	1	8
investoimisen	1	13
oppinen	1	7
voimakas	1	8
syrjimättömällä	1	15
pienipalkkaisten	1	16
levenee	1	7
siirtotyöläiset	1	15
pienipalkkaista	1	15
kehitetä	1	8
mahdollisuuksissa	1	17
haitat	1	6
köyhissä	1	8
kotitalouksissa	1	15
koulut	1	6
heikompilaatuisia	1	17
tehotonta	1	9
harjoittamilla	1	14
politiikoilla	1	13
väestörahaston	1	14
vuosiraportista	1	15
seksuaalisen	1	12
väkivallan	1	10
banalisoitumisen	1	16
väkivaltaan	1	11
syyllistyneiden	1	15
rankaisemattomuuden	1	19
kohtelussa	1	10
eroavuuksien	1	12
riskiryhmien	1	12
huonommat	1	9
aliedustettuina	1	15
poliittisissa	1	13
naispuolisten	1	13
tasaarvokysymysten	1	18
kerätä	1	6
jaoteltuja	1	10
vähäosaisia	1	11
koskettavasta	1	13
työttöminä	1	10
johtavia	1	8
työttömien	1	10
huoltajana	1	10
nainen	1	6
kasvavilla	1	10
menestyä	1	8
huonommin	1	9
koulussa	1	8
työttömäksi	1	11
uralla	1	6
etenemisessä	1	12
talouspolitiikkansa	1	19
erityistoimiin	1	14
yksinhuoltajaperheet	1	20
suurperheet	1	11
vammaiset	1	9
etniset	1	7
vähemmistöt	1	11
siirtolaiset	1	12
eteneminen	1	10
tasaveroiset	1	12
annetulle	1	9
suositukselle	1	13
taatusta	1	8
vähimmäistulosta	1	16
pidentyminen	1	12
ilmetä	1	6
työrytmin	1	9
muuttumisena	1	12
tasaveroisina	1	13
mahdollisuuksina	1	16
hallituksista	1	13
hyvinvointivaltion	1	18
luonnehtivat	1	12
voimavaransa	1	12
turvajärjestelyjen	1	18
käyttöönottamiseksi	1	19
hädänalaisille	1	14
vastaanottopalveluja	1	20
majoitusratkaisuja	1	18
käsiteltäisiin	1	14
syvällisemmin	1	13
erilaisilta	1	11
alueilta	1	8
maahanmuuttajista	1	17
asenteita	1	9
kitkaa	1	6
väärinkäsityksiä	1	16
näkyy	1	5
äskettäisistä	1	13
tapahtumista	1	12
rakennemuutosten	1	16
myötäily	1	8
teollisuuspolitiikka	1	20
omaaloitteisen	1	14
avaintekijät	1	12
vuosí	1	5
tiedonannot	1	11
rahoitusnäkymät	1	15
rahoituskehyksistä	1	18
ajatukselle	1	11
hyvinvointivaltiota	1	19
varauduta	1	9
omanarvontuntoa	1	15
lannistaa	1	9
työnantajiin	1	12
muuttuvat	1	9
markkinataloudelle	1	18
tyypillisessä	1	13
kilpailutilanteessa	1	19
väistämättömiä	1	14
ennustettavissa	1	15
odottamattomien	1	15
vallankumousten	1	15
vastuullisten	1	13
kohdalle	1	8
osuneiden	1	9
kohtaamat	1	9
tuotantovälineistä	1	18
tutkimusvalinnoista	1	19
laajemmalti	1	11
viimeaikaisesta	1	15
historiasta	1	11
äkillisesti	1	11
pakotetusti	1	11
asettamiin	1	10
kilpailukykynsä	1	15
lakkaamatta	1	11
eritasoisia	1	11
yrityskohtaiset	1	15
työntekijätasolla	1	17
ulkoistaminen	1	13
sulautumiset	1	12
eritasoiset	1	11
erityyppiset	1	12
yhtymien	1	8
muodostuminen	1	13
tärkeillä	1	9
henkilökuntaansa	1	16
modernisointi-	1	14
teollisuussektorien	1	19
kansainvälisille	1	16
työnlaatua	1	10
taloudellisella	1	15
uudistumisella	1	14
varakkuuden	1	11
elintason	1	9
nostamisessa	1	12
yksilötasolla	1	13
koulutustoimien	1	15
etsinnässä	1	10
heikkoa	1	7
haluaisivat	1	11
ammattiaan	1	10
kielellisistä	1	13
esteistä	1	8
ammattikoulutuksen	1	18
vähyydestä	1	10
kehitystyötä	1	12
asianmukaisesta	1	15
kantamansa	1	10
työntekijöilleen	1	16
peruskoulutukseen	1	17
harjoittelujaksot	1	17
jatkokoulutus	1	13
työkokemuksen	1	13
kelpuutus	1	9
saamastaan	1	10
toden	1	5
teolla	1	6
tietojaan	1	9
taitojaan	1	9
samantien	1	9
pätevyyksien	1	12
neuvoteltaisiin	1	15
ammattipätevyyksiä	1	18
myöntävien	1	10
tiedonlähde	1	11
kehittämissäätiö	1	16
erm:ää	1	6
restructuring	1	13
monitor	1	7
tiedonlähteen	1	13
optimoida	1	9
riittävien	1	10
tehokkaaseen	1	12
valinnut	1	8
aiheen	1	6
ympäristönsä	1	12
työympäristönsä	1	15
taantumista	1	11
ennakoitu	1	9
hallinnoimaan	1	13
ammattiyhdistysten	1	18
ennakoivilla	1	12
vakaissa	1	8
ennakoivat	1	10
pelastaminen	1	12
kasvattamiseen	1	14
irtisanomisten	1	14
spekulatiivisista	1	17
eläke-	1	6
osakerahastojen	1	15
arvonnousu	1	10
moraalittomien	1	14
riistotoimien	1	13
sovittelijoiden	1	15
edustajilleen	1	13
muutostarve	1	11
asiakirjassaan	1	14
orientations	1	12
reference	1	9
managing	1	8
change	1	6
its	1	3
consequences	1	12
edellämainitussa	1	16
muutosprosessin	1	15
mittarina	1	9
innovointikyky	1	14
avautumista	1	11
työolosuhteiden	1	15
kaltaisiin	1	10
koordinoidummin	1	15
olemassaolevaa	1	14
valtionapu	1	10
eurooppayhtiö-	1	14
aluekehitysrahaston	1	19
suuntaaminen	1	12
esr:llä	1	7
vähäisemmässä	1	13
eakr:llä	1	8
suunnitteilla	1	13
rahoitusohjelmissa	1	18
keskityttäisiin	1	15
korkeaa	1	7
rahastoille	1	11
rahastoa	1	8
läpikäyneen	1	11
maantieteellinen	1	16
ainoita	1	7
valintaperusteita	1	17
pk-	1	3
sisällyttääkö	1	13
mukauttamisprosessia	1	20
yrityssuunnitteluaan	1	20
investoiko	1	10
jatkuvaan	1	9
kumppani	1	8
läpikäyneiden	1	13
uudistumisessa	1	14
työvoimaa	1	9
työvoimaluokissa	1	16
kielellisten	1	12
tarjottavassa	1	13
tuessa	1	6
ympäristönäkökohdat	1	19
maataloustuotannossa	1	20
saastuttaviin	1	13
käytäntöihin	1	12
seudun	1	6
ensimmäisiä	1	11
irtisanotut	1	11
palkansaajat	1	12
yrityksestä	1	11
riippuvaiseen	1	13
aliurakoitsijoina	1	17
piilovaikutukset	1	16
irtisanomisuhan	1	15
alaisilla	1	9
henkilöillä	1	11
sairauksia	1	10
henkisiä	1	8
kuolleisuus	1	11
eiirtisanottuihin	1	17
irtisanomista	1	13
rahallista	1	10
rakenteelliseen	1	15
aspektiin	1	9
osattava	1	8
haasteiden	1	10
inhimillinen	1	12
piilovaikutusten	1	16
palkansaajien	1	13
varhaiseläkkeelle	1	17
ikänsä	1	6
vaikeimmin	1	10
työllistettävissä	1	17
työvoimapulan	1	13
absurdia	1	8
spekulatiivisiin	1	16
tuotantonsa	1	11
toimipaikkojen	1	14
toivossa	1	8
sosiaalialalla	1	14
yritysneuvostojen	1	17
joukkovähentämisistä	1	20
yritysneuvostoa	1	15
kuulemisvaihe	1	13
kuulemisvaiheen	1	15
avoimuusperiaatteen	1	19
yksilöimät	1	10
perusteettomien	1	15
rahoittamiseen	1	14
epävakaisille	1	13
siirtymäsäännöksiä	1	18
yhteismarkkinoilla	1	18
seutujen	1	8
väestönosien	1	12
takaavien	1	9
pysyviä	1	7
tasapuolisen	1	12
kansallisuudesta	1	16
ammattikoulutusta	1	17
todistusten	1	11
hyväksymistoimia	1	16
epätyypillisen	1	14
irtisanottuja	1	13
koulutukselle	1	13
britannian	1	10
esityslistalle	1	14
pyrkiessään	1	11
solmiessaan	1	11
kauppasopimuksia	1	16
politiikkojensa	1	15
kohtaamisen	1	11
analyysien	1	10
toimialojen	1	11
paneekin	1	8
halun	1	5
emcc	1	4
emcc:n	1	6
palvelupistettä	1	15
ennakointi-	1	11
velvollisuuksistaan	1	19
yritysmaailmassa	1	16
työoloihin	1	10
paikallistalouteen	1	18
tosiaankaan	1	11
samanlaisia	1	11
soveltuvalla	1	12
näkyneet	1	8
länsieuroopan	1	13
itäeuroopassa	1	13
kehityssuunnat	1	14
kolmannella	1	11
ulkoistamista	1	13
sulkemista	1	10
sulautumisia	1	12
alkuunpanijoita	1	15
kahdenlaisia	1	12
alkuunpanijaa	1	13
toimialan	1	9
sulautumien	1	11
kielteisiin	1	11
terästeollisuuden	1	17
telakkateollisuuden	1	19
kriisi	1	6
alakohtaisia	1	12
työllisyyspolitiikka	1	20
ennakoiva	1	9
sopeutumisesta	1	14
pohjauduttava	1	13
lainsäädännöllisten	1	19
yhteydestä	1	10
kansallisellakin	1	16
epämääräisesti	1	14
konkreettisempia	1	16
rakennerahastoille	1	18
vastuunsa	1	9
varautua	1	8
häiriöihin	1	10
alakohtaisiin	1	13
eurooppalaisista	1	16
yritysneuvostoista	1	18
keskipisteeseen	1	15
saajia	1	6
analysointivälineitä	1	20
alakohtaisella	1	14
oikeilla	1	8
johtaminen	1	10
taantumiseen	1	12
tappioihin	1	10
rohkeus	1	7
päätöksissämme	1	14
bennahmias	1	10
spautz	1	6
suojasta	1	8
tunnusten	1	9
uusie	1	5
laajennetaan	1	12
sekoittamasta	1	13
aitona	1	6
tuotteena	1	9
kaupattavan	1	11
käytetyn	1	8
erottavat	1	9
samankaltaisista	1	16
maailmansotaa	1	13
täytynyt	1	8
maailmansodasta	1	15
yleismaailmallisesti	1	20
viitejaksona	1	12
tuotenimiin	1	11
pitämät	1	7
aiheuteta	1	9
viivästystä	1	11
oikeusturvaa	1	12
viivästymisen	1	13
käsittelyaika	1	13
julkaisemiseen	1	14
markkinatoimijoiden	1	19
lyhennettä	1	10
alkuperänimitystä	1	17
tunnukset	1	9
velvoittamisesta	1	16
sekaannusten	1	12
vaaralta	1	8
kaupattavaan	1	12
maataloustuotteeseen	1	20
erityisluonnetta	1	16
näkyvästi	1	9
lyhenteitä	1	10
alkuperä-	1	9
sekaannus	1	9
tarkastuslaitosten	1	18
yksityisillä	1	12
tarkastuslaitoksia	1	18
rekisteröidylle	1	15
tuotteelle	1	10
laitoksille	1	11
valittaa	1	8
nimitykseen	1	11
jalostetuissa	1	13
kuukaudeksi	1	11
monimutkaistaa	1	14
kaksia	1	6
komiteasääntöjä	1	15
viittauksella	1	13
erityissuojan	1	13
rekisteröitymisen	1	17
alkuperänimityksen	1	18
sitovaksi	1	9
alkuperänimitys	1	15
jalostuksen	1	11
tunnustettua	1	12
suojatussa	1	10
maantieteellisessä	1	18
tuotantovaihe	1	13
valmistus	1	9
kytkeytyy	1	9
alkuperäalueeseen	1	17
koostumusta	1	11
valmistus-	1	10
jalostusmenetelmää	1	18
nimitystä	1	9
suojattuja	1	10
alkuperänimityksiä	1	18
heikompi	1	8
nauttima	1	8
korkeampihintaisille	1	20
säilyttämiselle	1	15
muistuttavat	1	12
tiukassa	1	8
aikataulussa	1	12
käsiteltävästä	1	14
tiedonsaantia	1	13
minkäänlaisen	1	13
viranomaisilta	1	14
neuvotteluvaltuudet	1	19
velvollisuutensa	1	16
rahoituksellisesta	1	18
länsityynimeri	1	14
parhaimmista	1	12
kalastusalueista	1	16
pääasiallisimmista	1	18
etelä-	1	6
tyynellämerellä	1	15
kalastuksenhoidon	1	17
marshallinsaaret	1	16
papuauusiguinea	1	15
palau	1	5
nauru	1	5
tuvalu	1	6
nuotalla	1	8
pyyntitapaa	1	11
toimintalisenssin	1	17
saaneiden	1	9
kahteensataan	1	13
kalastussopimukset	1	18
sopimusverkosto	1	15
papuauudenguinean	1	17
kalavesille	1	11
teollisen	1	9
parafoitiin	1	11
pohnpeissa	1	10
vesille	1	7
korvauksille	1	12
mikronesialle	1	13
hoitopäätösten	1	14
talousvyöhykkeellä	1	18
tonnikalakantoja	1	16
tieteellisille	1	14
arviointiperusteille	1	20
sihteeristön	1	12
katsausten	1	10
nuottaaluksella	1	15
pintasiimaaluksella	1	19
hoitopäätöksistä	1	16
hallintoelinten	1	15
‑laitosten	1	10
kokonaismääräksi	1	16
myönnettyä	1	10
lisälisenssiä	1	13
määrittelemiin	1	14
satelliittiseurantaa	1	20
vms	1	3
agencyn	1	7
ffa	1	3
nuottaalukselta	1	15
pitkäsiimaalukselta	1	19
mikronesialainen	1	16
tarkkailijaohjelmaan	1	20
kummatkin	1	9
mainitsematta	1	13
vahingoittavat	1	14
laivanvarustajia	1	16
uusitaan	1	8
pitkäsiimaalusten	1	17
lisenssimaksut	1	14
laivanvarustajille	1	18
suunnatonta	1	11
maksutaulukoita	1	15
seychellien	1	11
pätevinä	1	8
aluksella	1	9
laivanvarustajalle	1	18
toimintakustannusten	1	20
loppumaan	1	9
merimiehiä	1	10
laivanvarustajalla	1	18
merimiehistä	1	12
toimeen	1	7
agency	1	6
saarivaltion	1	12
kumppanuussopimuksia	1	20
pääpiirteiltään	1	15
mikronesiaa	1	11
kurenuottaaluksen	1	17
pitkäsiimaaluksen	1	17
päättämisestä	1	13
summaa	1	6
maksusitoumukset	1	16
a+c+d+e	1	7
maksumäärärahat	1	15
b+c+d+e	1	7
vanhanaikaisten	1	15
uudentyyppisten	1	15
alakohtaista	1	12
salomonsaaria	1	13
vuotuisia	1	9
suunnittelee	1	12
rajoittava	1	10
epäselvä	1	8
pystytä	1	7
ennakkoarvio	1	12
saama	1	5
luvannut	1	8
internetsivustolta	1	18
löytynyt	1	8
pari	1	4
sanaa	1	5
thunnus	1	7
obesus	1	6
uhanalaisia	1	11
lajeja	1	6
merinisäkkäitä	1	14
kilpikonnia	1	11
merilintuja	1	11
haita	1	5
kurenuottaalukset	1	17
saaliikseen	1	11
kalastuskomission	1	17
paha	1	4
ilmeisiä	1	8
maksama	1	7
tilitetty	1	9
edistääkö	1	9
käynnistämistä	1	14
mahdolliseen	1	12
yksimielinen	1	12
asianosaisissa	1	14
maatalousjärjestön	1	18
fao	1	3
kalastusalueilla	1	16
muistettava	1	11
toimitettujen	1	13
allekirjoitettujen	1	18
hyväksyntämenettelyt	1	20
kalastusaluksille	1	17
espanjalaisia	1	13
portugalilaisia	1	15
määräksi	1	8
pyytämän	1	8
tonnikalasaaliin	1	16
kokonaismäärää	1	14
ylimääräistä	1	12
pyydettyä	1	9
tonnikalatonnia	1	15
kolminkertainen	1	15
vuotuiseen	1	10
korvaukseen	1	11
liittovaltiossa	1	15
saavan	1	6
kuultiin	1	8
parafoimisen	1	12
huonosti	1	8
ajoitettu	1	9
alaiselle	1	9
kerrottu	1	8
tarvittavasta	1	13
viivästymistä	1	13
selitetty	1	9
vallitsevaan	1	12
hylkäisi	1	8
äänestämisestä	1	14
i2010	1	5
laajennetusta	1	13
esteetön	1	8
eaccessibility	1	14
digital	1	7
divide	1	6
markkinalähtöinen	1	17
luotaava	1	8
käyttöoikeuksien	1	16
osaalueisiin	1	12
cardiffin	1	9
televiestintä-	1	14
energianeuvoston	1	16
i2010aloitteesta	1	16
uudistusohjelmaa	1	16
kehotuksesta	1	12
sääntelystä	1	11
ryhdy	1	5
päättäväisiin	1	13
i2010strategian	1	15
yleistarkastelun	1	16
ohjelmaansa	1	11
ehallinnon	1	10
onnistumisesta	1	14
viestintäpalvelujen	1	19
japanissa	1	9
tvttutkimuksen	1	14
etumatkan	1	9
kuromiseksi	1	11
omaksuttava	1	11
hyödynnettyä	1	12
tilaajien	1	9
kaksinkertaistunut	1	18
kahtena	1	7
edellisvuonna	1	13
tiheään	1	7
asuttuihin	1	10
koulutustaustasta	1	17
yhteiskunta-	1	12
sukupuoli-	1	10
ikäryhmästä	1	11
monipuolista	1	12
korkealaatuista	1	15
tarjontaan	1	10
sukupuolinäkökulma	1	18
sääntelyvälineitä	1	17
naisopiskelijoiden	1	18
kirjon	1	6
rikasta	1	7
suosiollinen	1	12
turvallinen	1	11
stimuloi	1	8
yhteistoimivien	1	15
välillisiä	1	10
radiotaajuus	1	12
avainresurssi	1	13
taajuudet	1	9
häiriöiltä	1	10
varmistettu	1	11
panostavat	1	10
kansalaisoikeuksia	1	18
tuomiseksi	1	10
innovaatiot	1	11
edesauteta	1	10
rappeutumista	1	13
suhtautumaan	1	12
passiivisina	1	12
kuluttajina	1	11
suuntaantuvan	1	13
linjan	1	6
uudistamisessa	1	14
laajempana	1	10
sitouduta	1	9
tekniikoihin	1	12
helpon	1	6
terveydenhoidossa	1	17
vastaamista	1	11
yleiseurooppalaisten	1	20
kaventaakseen	1	13
suorituskyvyssä	1	15
kilpailijoihin	1	14
maailmanlaajuisiksi	1	19
voimatekijöiksi	1	15
politiikkansa	1	13
vähäisten	1	9
yleiskasvu	1	10
jatkuu	1	6
samanlaista	1	11
pistettä	1	8
perusteellisen	1	14
tilastollisen	1	13
työmarkkinoihin	1	15
tietoalue	1	9
laajaalainen	1	12
toimialoilla	1	12
julkishallinnossa	1	17
elämässä	1	8
synnyttäminen	1	13
i2010hanketta	1	13
strategisena	1	12
horisontaalisen	1	15
vertikaalisten	1	14
ylläpitämistä	1	13
vertikaaliset	1	13
hyötymästä	1	10
kilpailusta	1	11
mukauttamisen	1	13
sisällöntuotantoon	1	18
laitteisiin	1	11
tietotekniikan	1	14
tietoturvaa	1	11
tähdätään	1	9
korkeatasoisten	1	15
pariin	1	6
valitsemalla	1	12
teknologialla	1	13
johtuvin	1	8
rajoituksin	1	11
valmiit	1	7
mielekkääksi	1	12
laajakaistan	1	12
langattomuuden	1	14
yhteistoimivuuden	1	17
digitalisoinnin	1	15
laajakaistaa	1	12
ennakkoehtona	1	13
lähentymistavoite	1	17
aineettomia	1	11
tiedostettava	1	13
laittoman	1	9
lisääntyneistä	1	14
pyrkimyksistä	1	13
patentti-	1	9
protektionistisena	1	18
turvatoimia	1	11
haitallista	1	11
enisa	1	5
terveysjärjestön	1	16
laatuvaatimuksia	1	16
televisiotoimintaa	1	18
nykyaikaistaa	1	13
televisio	1	9
‑direktiivi	1	11
tietoyhteiskunnaksi	1	19
lähentyvässä	1	12
soveltamisalassa	1	16
ulottuvaa	1	9
arvokkaiksi	1	11
tukiohjelmien	1	13
välttämättömyys	1	15
yleiseurooppalaisia	1	19
levitysjärjestelmiä	1	19
euronews	1	8
taajuuksia	1	10
markkinalähtöisen	1	17
vaatisi	1	7
sääntelijöiden	1	14
operaattoreiden	1	15
jättämästä	1	10
varaan	1	6
muuttuvien	1	10
tahdissa	1	8
huolelliseen	1	12
analysointiin	1	13
säilymisestä	1	12
hidastivat	1	10
toistumista	1	11
keskeisintä	1	11
tähdätä	1	7
taajuusalueiden	1	15
tähdättävä	1	10
helppoon	1	8
helpottamiseen	1	14
verkkoturvallisuuden	1	20
kaupallisiin	1	12
verkkoturvallisuutta	1	20
lainsäädännöllisin	1	18
valistuksella	1	13
esimerkillisellä	1	16
tietoturvastrategian	1	20
tietoturvapäivän	1	16
tietoturvasta	1	13
tietoturva	1	10
toimillaan	1	10
kannustavan	1	11
säädöspohjan	1	12
tvtteollisuuden	1	15
ratkaisuksi	1	11
siirryttävä	1	11
viranomaistoimet	1	16
suosimiseen	1	11
kustannuksella	1	14
sitoutumatonta	1	14
pohjalla	1	8
kauppatase	1	10
maailmantaloudessa	1	18
analyyttisen	1	12
katsauksen	1	10
heikkouksista	1	13
tvtaloilla	1	10
tutkimusinvestoinnit	1	20
innovatiivinen	1	14
tvtteollisuus	1	13
toimintatapaa	1	13
tarvelähtöisestä	1	16
tietojenkäsittelystä	1	20
utility	1	7
computing	1	9
ohjelmistojen	1	13
molemmille	1	10
edistävänä	1	10
tvt:stä	1	7
hyötyvillä	1	10
yrittäjähenkeä	1	14
hyödyntääkseen	1	14
luomia	1	6
bkttavoite	1	10
vastaavina	1	10
kasvussa	1	8
tvttalouden	1	11
vankempaa	1	9
kiireellisiin	1	13
ngn	1	3
kehittämiseltä	1	14
tiedonvälitystä	1	15
kieli-	1	6
luontainen	1	10
globaalin	1	9
sovelluspotentiaalin	1	20
luotaessa	1	9
yhdenmukaisemman	1	16
koulutusvaatimuksia	1	19
suuryritysten	1	13
tutkimuslaitosten	1	17
verkottumista	1	13
uudistusohjelmiensa	1	19
uudistusohjelmien	1	17
rajoituta	1	9
käyttökelpoisuutta	1	18
terveysala	1	10
hyvinvointi	1	11
kehittymisessä	1	14
elinkeinotoiminnassa	1	20
sääntelyjärjestelmän	1	20
yleisradiotoiminta	1	18
yhteiskunnallisesta	1	19
tehtävästään	1	12
sisällöllisten	1	14
verkkoasioinnin	1	15
yleisradioyhtiöillä	1	19
puolueettoman	1	13
tiedonvälityksen	1	16
turvaajina	1	10
yleisradioyhtiöiden	1	19
takaamista	1	10
platformeihin	1	13
sähköisissä	1	11
eläkettä	1	8
yhteentoimivuudelle	1	19
parhaille	1	9
käytänteille	1	12
esteetöntä	1	10
sijoittautumista	1	16
institutionaalisista	1	20
edistämiselle	1	13
sähköisellä	1	11
taitoihin	1	9
tvttaitojen	1	11
kertomalla	1	10
rohkaisemalla	1	13
luovuuden	1	9
vanhenevan	1	10
panostaa	1	8
tuotesuunnitteluun	1	18
design	1	6
all	1	3
sopiviin	1	8
tekniikoissa	1	12
erityisryhmien	1	14
sähköisiin	1	10
kiirehtimään	1	12
vuodelle	1	8
osallisuusaloitetta	1	19
vanhenemista	1	12
esaatavuutta	1	12
taattavuutta	1	12
yksikään	1	8
tahtomattaan	1	12
yhteiskunnallisesti	1	19
vaurautta	1	9
hyödyttävä	1	10
tvtinnovaatioiden	1	17
valtavasta	1	10
tvtalalla	1	9
i2010strategiapaperi	1	20
saatettuina	1	11
luultavimmin	1	12
erinäköisiä	1	11
vaikeaan	1	8
valmistaudumme	1	14
ennustaa	1	8
teknologia	1	10
emmekä	1	6
ennustamaan	1	11
mullistuksen	1	12
yrittää	1	7
arvailla	1	8
trendejä	1	8
etumatkansa	1	11
kilpailijoihinsa	1	16
rinnakkaisaloilla	1	17
puhelinverkoista	1	16
mobiiliin	1	9
internetpohjaisia	1	17
viestintäverkkoja	1	17
tasaa	1	5
kilpailuolosuhteita	1	19
todistamme	1	10
alkavassa	1	9
ubiikkia	1	8
engl	1	4
society	1	7
ihminen	1	7
saisikin	1	8
tuloksesta	1	10
päätelaitteesta	1	15
autot	1	5
kolarista	1	9
pelastuslaitokselle	1	19
säilykepurkit	1	13
sisällöstään	1	12
varoittavat	1	11
käyttöajan	1	10
menemisestä	1	11
matkapuhelimet	1	14
automaattisesti	1	15
äänettömälle	1	12
elokuvateatterissa	1	18
kotoa	1	5
poistuttaessa	1	13
kannettava	1	10
päätelaite	1	10
avaimet	1	7
lompakko	1	8
reklamoivat	1	11
kodeista	1	8
tuotantolaitoksista	1	19
toimistoista	1	12
älykkäitä	1	9
kommunikoivat	1	13
maapallolla	1	11
näkymät	1	7
kunnianhimoisempaa	1	18
katsovaa	1	8
i2010tiedonanto	1	15
katsovan	1	8
peruutuspeiliin	1	15
tarkastelevan	1	13
markkinaa	1	9
sääntelyssä	1	11
nykyinenkin	1	11
painolla	1	8
vanhentuvia	1	11
teknologioita	1	13
jäykällä	1	8
vanhentuvalla	1	13
yleispalveluun	1	14
kohdistuvalla	1	13
korostetusti	1	12
teknologianeutraalia	1	20
perusoikeudet	1	13
tietoturvallisuus	1	17
viestintätekniikat	1	18
lävistävät	1	10
arkipäivän	1	10
hetken	1	6
tiedostamatta	1	13
i2010strategiassa	1	17
oikeaan	1	7
kohdentamiseen	1	14
suotuisa	1	8
toimintaympäristö	1	17
käyttäjäläheisyyteen	1	20
otetuiksi	1	9
luottavat	1	9
edulliseksi	1	11
veturina	1	8
kannatettavia	1	13
murtautuminen	1	13
sisään	1	6
pelastaa	1	8
teollisuustuotannon	1	19
vaikuttavalla	1	13
dematerialisaatio	1	17
auto	1	4
tehtaalla	1	9
syö	1	3
immaterialisaatio	1	17
kulutuksessa	1	12
auton	1	5
reittien	1	8
kuluu	1	5
amaterilisaatio	1	15
fyysisten	1	9
liikematkailun	1	14
videoneuvotteluilla	1	19
i2010:n	1	7
perusteltavissa	1	15
tukevan	1	7
yhtäaikaisesti	1	14
nykyisenkin	1	11
paineita	1	8
uudistamiselle	1	14
valmisteltaessa	1	15
tietoalueen	1	11
perusedellytyksenä	1	18
laajakaistatasoisten	1	20
langattomien	1	12
lisääntymään	1	12
tehokkaimmillaan	1	16
puhtaan	1	7
markkinamekanismien	1	19
ajatukseen	1	10
varauksella	1	11
rspg	1	4
radio	1	5
spectrum	1	8
kaupallistamisesta	1	18
filosofisesta	1	13
pohdiskelusta	1	13
kenelle	1	7
radiotaajuudet	1	14
taajuuspoliittisen	1	18
keskittymiseen	1	14
keinotteluun	1	12
ulkopuolelta	1	12
ohjaisi	1	7
loppukäyttäjien	1	15
ongelmatilanteet	1	16
verkkoyhteyksistä	1	17
yhdenkin	1	8
tahtoaan	1	8
suuntautuessaan	1	15
osattomaksi	1	11
koulutusvaliokunna	1	18
i2010ohjelman	1	13
analysoitava	1	12
eurooppalaisissa	1	16
puiteohjelma	1	12
innovaatioohjelma	1	17
selkärangan	1	11
muodostaville	1	13
luomispotentiaaliaan	1	20
beazley	1	7
jolanta	1	7
dičkutė	1	7
bernat	1	6
marí	1	4
matteo	1	6
salvini	1	7
kuilun	1	6
sukupuolinäkökohdat	1	19
säätelytoimia	1	13
koulutustasosta	1	15
teknisissä	1	10
sääntelyelimissä	1	16
koordinointitoimissa	1	20
tuottajinakin	1	13
naistyövoima	1	12
käyttäjälähtöisten	1	18
designforall	1	12
valittava	1	9
teknologia-	1	11
ympäristöratkaisut	1	18
asettama	1	8
tavoitetaso	1	11
annetuissa	1	10
luovuuteen	1	10
‑palvelujen	1	11
investointipankkia	1	18
tutkimusrahoitukseen	1	20
cipohjelman	1	11
linkin	1	6
kytkeä	1	6
nykyaikaisiin	1	13
innovatiivisiin	1	15
lähtökohtien	1	12
eloperäisen	1	11
monipuolistumiseen	1	18
omavaraisuuden	1	14
energiamuotoja	1	14
yhdistelemällä	1	14
energiariippuvuutta	1	19
tuonnista	1	9
kasvihuonepäästöjä	1	18
omavaraisuutta	1	14
nykyaikaiselle	1	14
kilpailupuitteet	1	16
tämänkaltaisesta	1	16
maanviljelijälle	1	16
pyrkimys	1	8
arvostamista	1	12
energiatehokkaisiin	1	19
tuotantotapoihin	1	16
tuotantokustannukset	1	20
hyödynnettävyys	1	15
öljy-	1	5
kaasuvarannot	1	13
vähenevät	1	9
öljyntuotanto	1	13
supistuu	1	8
säästäväisesti	1	14
kuljetusetäisyyksiä	1	19
hajauttamalla	1	13
elintarvikehuoltoa	1	18
energiantuotantoa	1	17
tieteidenvälinen	1	16
normittaminen	1	13
teollistuvien	1	13
kasvamaan	1	9
pienentäen	1	10
öljyvarantoja	1	13
diversifioinnin	1	15
tuotavista	1	10
fossiilisista	1	13
vaihtoehtoisilla	1	16
fossiilisilla	1	13
polttoaineilla	1	14
sokerijuurikkaan	1	16
vähenemisestä	1	13
loppumisesta	1	12
piristämiseen	1	13
hylätyn	1	7
viljelykelpoisen	1	16
maatalouskäyttöön	1	17
tavoitteellisena	1	16
osuutena	1	8
turvautuvat	1	11
verovapautuksiin	1	16
verotuksesta	1	12
vesivaroihin	1	12
viljelykiertoa	1	14
tuotettaessa	1	12
syntyviä	1	8
puuta	1	5
villaa	1	6
lietettä	1	8
olkia	1	5
teurasjätettä	1	13
metsänomistajille	1	17
biomassatuotannon	1	17
‑käyttötavoista	1	15
kesantomaan	1	11
kestävälle	1	10
biomassaenergian	1	16
päämuodot	1	9
sokerista	1	9
öljykasveista	1	13
jäteöljyistä	1	12
biomassalämmityksen	1	19
olkien	1	6
polttamisen	1	11
voimalaitoksissa	1	16
energiantuotannosta	1	19
liittymässä	1	11
maatalousrahastosta	1	19
hyödyntäisivät	1	14
varojaan	1	8
horisontaalisiin	1	16
toimeenpannut	1	13
sokerijuurikkaista	1	18
viljeltävistä	1	13
vaihtoehtoisista	1	16
viljelykasveista	1	16
valmistettavien	1	15
-viljelykasveja	1	15
elinvoimaisimpia	1	16
bioenergiahankkeita	1	19
energiatarpeisiin	1	17
energioiden	1	11
elintarvikevarmuutta	1	20
energiatehokkuuden	1	18
elintarvikehuollon	1	18
yksityisistä	1	12
kokemuksista	1	12
eloperäinen	1	11
kiinnostavimmat	1	15
energiankäytön	1	14
ilmoittamastaan	1	15
aikataulusta	1	12
liiketoiminnallisen	1	19
investoijille	1	13
toimintasuunnitelmat	1	20
yhtenäisten	1	11
biomassatyyppien	1	16
määräävät	1	9
ympäristötoimet	1	15
energialähteen	1	14
myötävaikutusta	1	15
sopivien	1	8
erityispiirteiden	1	17
maatalousalalla	1	15
energiansäästöä	1	15
sivutuotteiden	1	14
energiantuotantoon	1	18
raakaainevarannoista	1	20
sokerialan	1	10
tiukka	1	6
pakollisten	1	11
häviämiseen	1	11
asettamisen	1	11
kilpailukykyisiä	1	16
köyhimmillä	1	11
heikon	1	6
tuotantotason	1	13
luonnonolosuhteista	1	19
energialähteinä	1	15
energiahintojen	1	15
kallistumiseen	1	14
enimmäislaajuutta	1	17
kehottaneensa	1	13
taattuun	1	8
enimmäispintaalaan	1	18
viljeltäväksi	1	13
kelpaavien	1	10
sopivimpien	1	11
viljeltävien	1	12
tukimuodot	1	10
biodieselille	1	13
anaerobiselle	1	13
hajottamiselle	1	14
biokaasulle	1	11
siirtyisivät	1	12
tämäntyyppiseen	1	15
suosimista	1	10
kehitysrahaston	1	15
madaltamaan	1	11
pintaalatuen	1	12
saps	1	4
viljelypalkkiot	1	15
sapsjärjestelmästä	1	18
lisätuen	1	8
-viljelykasveista	1	17
kannattavia	1	11
sopeutuksia	1	11
muuttumista	1	11
intensiivisemmäksi	1	18
kuormittamalla	1	14
lannoite-	1	9
kuluttamalla	1	12
pilaamalla	1	10
vesivaroja	1	10
viljely-	1	8
tuotantosektorin	1	16
teknologisilla	1	14
avustusten	1	10
lainaohjelmien	1	14
tarkoituksia	1	12
pienentyneiden	1	14
ulkomailta	1	10
tuotujen	1	8
tuotestandardien	1	16
‑kasvien	1	8
monimuotoista	1	13
maaseutuympäristöön	1	19
invasiivisiksi	1	14
kasvilajien	1	11
hallitsematon	1	13
valvontamekanismeja	1	19
ympäristöhyödykkeitä	1	20
vesistöjä	1	9
vahingoitettaisi	1	16
‑energian	1	9
tuotannolla	1	11
elinkaariarvion	1	15
koituvasta	1	10
teknologista	1	12
biomateriaalien	1	15
bioenergian	1	11
demonstrointia	1	14
tiedotuskampanjaa	1	17
biomateriaaleja	1	15
testaustoimet	1	13
tutkitaan	1	9
biomassa	1	8
polttoaineeksi	1	14
kemikaaleiksi	1	13
päästäisiin	1	11
autoteollisuuden	1	16
öljysektorin	1	12
pikimmin	1	8
erityiskasvien	1	14
-tuotteiden	1	11
erityiskemikaalien	1	18
raakaaineesta	1	13
kasvaisivat	1	11
hajoamattomat	1	13
kemialliset	1	11
erityiskasveja	1	14
hajautettuina	1	13
pienimuotoisina	1	15
maanviljelijöistä	1	17
muovi-	1	6
voiteluaine-	1	12
viimeaikaista	1	13
kasvipohjaisilla	1	16
fossiilienergiaa	1	16
kuluttavien	1	11
mineraalikuitujen	1	17
pellava-	1	8
hamppukuiduilla	1	15
farmaseuttisten	1	15
rokotteiden	1	11
lääketeollisuudelle	1	19
terveydenhoitoon	1	16
lannoitteina	1	12
kasvinsuojeluaineina	1	20
tuholaismyrkkyinä	1	17
lannoituksessa	1	14
kasviensuojelussa	1	17
luonnonmukaisia	1	15
viljelymenetelmiä	1	17
haastaa	1	7
raakaainetta	1	12
hypoallergeenista	1	17
kosmetiikkaa	1	12
lupaavia	1	8
yhteistuotantoa	1	15
oljesta	1	7
maatalouslähteistä	1	18
sähköntuotannolle	1	17
riippuvaisuutta	1	15
tutkimusrahoitus	1	16
kehitysmäärärahat	1	17
tehokkaampaan	1	13
yksityiseen	1	11
jätteistä	1	9
puumaisten	1	10
pajun	1	5
poppelin	1	8
heinäkasvien	1	12
poaceaelajin	1	12
vahingoitetaan	1	14
kasvistoja	1	10
tietyntyyppisten	1	16
lämmöntuotannon	1	15
pakolliset	1	10
edulliset	1	9
hyödyntämiselle	1	15
tukijärjestelmille	1	18
rahoitusresursseja	1	18
veroleikkauksia	1	15
primäärituotteista	1	18
maatilalla	1	10
jalostajat	1	10
pikaiseen	1	9
menestymiseen	1	13
toimintakeinoista	1	17
biojalostamoja	1	14
lopputuotteiden	1	15
valistamaan	1	11
biomassajätettä	1	15
biohajoava	1	10
teollisuusjäte	1	14
fossiilisten	1	12
edustavassa	1	11
verokannustimia	1	15
sekoittamista	1	13
lupaavina	1	9
tapoina	1	7
verotoimien	1	11
verovapautusten	1	15
edettävä	1	8
varovasti	1	9
vääristymiltä	1	13
maahantuotavien	1	15
alhaisten	1	9
ylikompensoinnin	1	16
verot	1	5
pitkiksi	1	8
ajoiksi	1	7
kvalifioidun	1	12
brasiliasta	1	11
tuotaville	1	10
elintarvikevarmuus	1	18
aarniometsien	1	13
varastoida	1	10
perimällä	1	9
kohdennetusti	1	13
pyrkiviä	1	8
kehittämishankkeita	1	19
korkeatasoisia	1	14
ympäristönormeja	1	16
kilpailukykyisenä	1	17
tehokkaampien	1	13
tutkimusrahoitusta	1	18
kustannustehokkaan	1	18
vedyn	1	5
halvempi	1	8
tuotantotapa	1	12
keksitään	1	9
kalliimpia	1	10
sekoittamalla	1	13
viljelytuotteiden	1	17
‑käyttö	1	7
alaisena	1	8
edullisemman	1	12
jatkuessa	1	9
vaikeampaa	1	10
jättämään	1	9
ruoan	1	5
maaalan	1	7
supistumiseen	1	13
vapautuu	1	8
‑käytölle	1	9
ekologian	1	9
maatalousmaan	1	13
menettäminen	1	12
kulttuuriperintömme	1	19
säilyisivät	1	11
tuotantotuen	1	12
kesannoitujen	1	13
‑järjestelyllä	1	14
viljellä	1	8
menetystä	1	9
agronomisiin	1	12
nettomarginaali	1	15
paikallistasolla	1	16
tuotantoohjelmansa	1	18
tärkkelysperunaa	1	16
durumvehnää	1	11
erityismääräyksiä	1	17
ympäristökäytäntöjä	1	19
tukikelpoinen	1	13
enimmäisala	1	11
aluekohtaisesti	1	15
kastelusta	1	10
viljelykasvista	1	15
keskimääräisestä	1	16
sadosta	1	7
kesantomaa	1	10
viljamarkkinoiden	1	17
tasapainottamiseksi	1	19
kesantomaata	1	12
viljelijän	1	10
kannustimen	1	11
viljelemiseen	1	13
kesannointimaksulla	1	19
hehtaarikohtaista	1	17
enimmäistakuuala	1	16
vakuusmaksu	1	11
hehtaari	1	8
tärkeimmälle	1	12
energiakasville	1	15
lyhytkiertoiselle	1	17
energiapuulle	1	13
miscanthusheinälle	1	18
enimmäistakuualasta	1	19
käytettiin	1	10
kasvihuoneilmiö	1	15
nykypolitiikkaa	1	15
päästötavoitteet	1	16
vähenisivät	1	11
hiilidioksidin	1	14
vähentäisi	1	10
metsitysohjelmilla	1	18
istuttamista	1	12
maatalousmaalle	1	15
tunnusti	1	8
monesta	1	7
erilaisesta	1	11
sähköstä	1	8
tuotettu	1	8
ehtymättömistä	1	14
tuuli	1	5
aurinkoenergia	1	14
rypsi	1	5
viljelykasvit	1	13
‑viljelykasveista	1	17
bensiinistä	1	11
kirjassaan	1	10
yhteisrahoitetaan	1	17
kehittämisrahaston	1	18
ympäristötaseet	1	15
positiivisiksi	1	14
tuotantotapoja	1	14
uusiutuvalle	1	12
energiankulutukselle	1	20
tukikelpoista	1	13
kesannointi-	1	12
hehtaariin	1	10
enimmäiskorvaukset	1	18
vapaaehtoisen	1	13
kesannoinnin	1	12
polttoainetta	1	13
tuottaville	1	11
kokonaisala	1	11
tukikelpoiseksi	1	15
suunnitellun	1	12
toimintaohjelmaksi	1	18
julkaistaneen	1	13
tarjoama	1	8
tärkkelysperunasta	1	18
sokerijuurikkaasta	1	18
rapsista	1	8
päämarkkinat	1	12
biodiesel	1	9
bioetanoli	1	10
dieselin	1	8
rapsiöljystä	1	12
jälkimmäinen	1	12
kehittäjä	1	9
bioetanolialalla	1	16
halpaa	1	6
bioetanolia	1	11
proalcool	1	9
etanolin	1	8
bensiinissä	1	11
saastuttavat	1	12
typpioksidi-	1	12
aldehydipäästöt	1	15
lisääntyvät	1	11
säästöt	1	7
ympäristöhaittoja	1	17
markkinaosuuksille	1	18
alkupuoliskolla	1	15
biopolttoainetta	1	16
tarjonta	1	8
verovapautuksilla	1	17
paikalliseen	1	12
kasvinviljelyyn	1	15
tariffin	1	8
halvoille	1	9
polttoaineille	1	14
synteettiseen	1	13
kaasuun	1	7
pohjautuviin	1	12
energianmuunnon	1	15
öljykasvit	1	10
kasviöljystä	1	12
teollisia	1	9
sovelluksia	1	11
pintaaktiiviset	1	15
voiteluaineet	1	13
liuottimet	1	10
linoleumi	1	9
valmistaa	1	9
kasvista	1	8
rapsi	1	5
soija	1	5
auringonkukka	1	13
pellavansiemen	1	14
biovoiteluaineiden	1	18
ennustettu	1	10
lähivuosina	1	11
öljypitoisuutta	1	15
kasvinjalostuksen	1	17
bioteknologian	1	14
öljyalan	1	8
halpojen	1	8
halpatuotanto	1	13
indonesiassa	1	12
hiilihydraattiset	1	17
kasvit	1	6
hiilihydraattisista	1	19
johdetut	1	8
‑tuotteet	1	9
paperi	1	6
liisterit	1	9
liimat	1	6
maatalouskemikaalit	1	19
vehnä	1	5
maissi	1	6
peruna	1	6
hiilihydraatin	1	14
lähdettä	1	8
viljan	1	6
tonniin	1	7
viljanviljelyyn	1	15
arvokkaita	1	10
erityiskasvit	1	13
aromeja	1	7
biosideja	1	9
hajusteita	1	10
sinappi	1	7
unikko	1	6
seesami	1	7
timjami	1	7
rosmariini	1	10
laventeli	1	9
minttu	1	6
pienimuotoista	1	14
halvempien	1	10
erityiskäyttö	1	13
maatilalle	1	10
käytöistä	1	9
ympäristöetuja	1	14
muovit	1	6
esimerkeistä	1	12
tiedonjakamisen	1	15
energiatalouksien	1	17
asiaankuuluviin	1	15
kiinnitti	1	9
laajemman	1	9
energiamuodon	1	13
veruke	1	6
laiminlyödä	1	11
energiatehokkuus	1	16
lievittämiseksi	1	15
keskitetty	1	10
‑politiikka	1	11
vastaaminen	1	11
rajoittavat	1	11
ainakaan	1	8
kannusta	1	8
verkostoihin	1	12
houkuttelevia	1	13
halpatuonnin	1	12
jalostustason	1	13
laatustandardit	1	15
jäljitettäviä	1	13
vähimmäislaatutasoja	1	20
kannatusta	1	10
maataloustuestaan	1	17
‑tuotteisiin	1	12
kestävämpään	1	12
hyödyllisiksi	1	13
tiedonhakumatkoja	1	17
itävaltaan	1	10
tanskaan	1	8
ranskaan	1	8
saksaan	1	7
yhdistyneeseen	1	14
kuningaskuntaan	1	15
suosiminen	1	10
pääsihteerinsä	1	14
puhemiehistölle	1	15
ann2	1	4
kansalaisläheisen	1	17
demokratiaa	1	11
demokraattisten	1	15
syvällinen	1	10
pohdinta	1	8
käytävää	1	8
julkisin	1	8
informaation	1	12
jakajina	1	8
muodostajina	1	12
yhdistyneet	1	11
poliittisiksi	1	13
puolueiksi	1	10
jättämällä	1	10
käyttämättä	1	11
puoluerahoituksen	1	17
hoyerin	1	7
rasmussenin	1	11
martensin	1	9
francescaton	1	12
maesin	1	6
bertinottin	1	11
kaminskin	1	9
bayroun	1	7
ruttellin	1	9
kirjelmä	1	8
puhemiehelle	1	12
pääsihteeri	1	11
puoluerahoituksella	1	19
lahjoituksia	1	12
jäsenmaksuja	1	12
ylijäämän	1	9
tavoittelevat	1	13
puolueisiin	1	11
velvollisia	1	11
viittaamaan	1	11
eurooppapolitiikasta	1	20
eurooppapolitiikan	1	18
eläviksi	1	8
juurtua	1	7
ilmenemismuotoihin	1	18
muodostettaessa	1	15
ilmaistaessa	1	12
mielipidettä	1	12
onnistua	1	8
rahoitussäännöksistä	1	20
perustuviksi	1	12
vaikuttaviksi	1	13
oikeushenkilöiksi	1	17
ohjesääntöön	1	12
henkilöjäsenyyttä	1	17
ehdokasasettelua	1	16
vaaleja	1	7
kongressien	1	11
järjestämisen	1	13
yksityiskohtia	1	14
parannusehdotuksia	1	18
kannetta	1	8
laittomina	1	10
joskin	1	6
tuomiosta	1	9
pantu	1	5
muutoksenhaku	1	13
vireille	1	8
jälkeisen	1	9
alkamisen	1	9
yhteenliittymästä	1	17
varainhoitovuodelle	1	19
aloitettiin	1	11
vaatimuksella	1	13
päätettiin	1	10
puhemiehistö	1	12
jakanut	1	7
kirjatun	1	8
jakoperusteen	1	13
kahdeksalle	1	11
puolueelle	1	10
anomuksen	1	9
laskutettu	1	10
salien	1	6
teknikkojen	1	11
tulkkien	1	8
tähänastisten	1	13
hakemusmenettelystä	1	19
pääpiirteissään	1	15
välttyisivät	1	12
työltä	1	6
kaksiportaiseksi	1	16
puolue	1	6
ihanteellinen	1	13
ajoitusta	1	9
rahoitussopimuksen	1	18
loppusumma	1	10
tilinpäätöksen	1	14
vastaanottajille	1	16
vuosittaiseen	1	13
ennakkoarvion	1	13
puoluekohtaista	1	15
perussummaa	1	11
saamaa	1	6
lisäsummaa	1	10
varalle	1	7
rahoitustaan	1	12
pitemmällä	1	10
lahjoituksista	1	14
jäsenmaksuista	1	14
omarahoitusosuudesta	1	20
muodostamiseen	1	14
menettelyllä	1	12
rajoitettuun	1	12
poikkeusmenettelyyn	1	19
budjettivuodeksi	1	16
neljänneksellä	1	14
rahavarojen	1	11
kaavamainen	1	11
kategorian	1	10
rahoitussopimusta	1	17
kategoriasta	1	12
huolta	1	6
taakka	1	6
vähäisenä	1	9
työsuunnitelma	1	14
joustavaksi	1	11
työssään	1	8
tapahtumiin	1	11
sujuisi	1	7
loppukertomusten	1	16
aikaistaa	1	9
toukokuun	1	9
perustekijöinä	1	14
käännöskustannukset	1	19
matkakustannukset	1	17
toivottavalta	1	13
aiheellisena	1	12
pohdinnan	1	9
säätiöitä	1	9
sivistystyötä	1	13
vaalilistat	1	11
muotoutumista	1	13
järjestettyihin	1	15
kansanäänestyksiin	1	18
vaaleihin	1	9
identiteetin	1	12
nuorisojärjestöjä	1	17
-liikkeitä	1	10
mietinnöstä	1	11
tavoittelevien	1	14
tavoittelemattomien	1	19
oikeusasema	1	11
perustuen	1	9
tarjoaako	1	9
syvällisen	1	10
huomioihin	1	10
vähimmäisturva	1	14
parlamenttikauden	1	17
käsittäen	1	9
puoluekohtaisen	1	15
perusmäärärahan	1	15
kuuluvasta	1	10
kustakin	1	8
jäsenestä	1	9
lisämäärärahan	1	14
ohjelmiensa	1	11
henkilöstönsä	1	13
kannattavalla	1	13
poikkeustapauksia	1	17
määrälle	1	8
varainhoitovuosille	1	19
ylijäämästä	1	11
varannoissa	1	11
hyväksyttävää	1	13
muuttua	1	7
tiedotukseen	1	12
rajata	1	6
poikkeustapauksissa	1	19
hyväksyjältä	1	12
toimintaohjelmaansa	1	19
joustavalla	1	11
toimielimien	1	12
puhemiehistöä	1	13
jenspeter	1	9
bonde	1	5
carnero	1	7
corbett	1	7
dehaene	1	7
andrew	1	6
duff	1	4
assunção	1	8
esteves	1	7
bronisław	1	9
geremek	1	7
ignasi	1	6
guardans	1	8
cambó	1	5
hannan	1	6
íñigo	1	5
méndez	1	6
vigo	1	4
mölzer	1	6
hansgert	1	8
poettering	1	10
sousa	1	5
pinto	1	5
järjestelmälle	1	14
toteuttamiskelpoisia	1	20
suojaisivat	1	11
ulkiset	1	7
noteerattujen	1	13
uudelleenjärjestelyn	1	20
omistavat	1	9
pääomaosakkeista	1	16
omistukseensa	1	13
oikeuksilla	1	11
ostotarjouksista	1	16
markkinakäytäntöjen	1	19
hyödykejohdannaisia	1	19
sisäpiiritiedon	1	15
sisäpiiriluettelojen	1	20
johtohenkilöiden	1	16
epäilyttävistä	1	14
vakauttamiselle	1	15
taulukoitaan	1	12
vastaavuus	1	10
yhtiöoikeudessa	1	15
yhtiölain	1	9
részvénytársaság'	1	17
rahamarkkinavälineet	1	20
määritettävän	1	13
painotettuun	1	12
keskihintaan	1	12
arvopapereiden	1	14
epälikvidejä	1	12
kokenut	1	7
arvostamaan	1	11
kaltaista	1	9
ilmenemisestä	1	13
suoriteta	1	9
useampi	1	7
-omistajien	1	11
havaitsemistaan	1	15
johtoelinten	1	12
arvostusmenetelmä	1	17
rahaa	1	5
annettavaksi	1	12
korottamista	1	12
korottamispäätöksen	1	19
sisältävä	1	9
vastikkeiden	1	12
lainmukaisuuden	1	15
tutkinnasta	1	11
antamisessa	1	11
enimmäispituudesta	1	18
myy	1	3
määrittelemää	1	13
rajaa	1	5
yhtiöjärjestyksessä	1	19
perustamiskirjassa	1	18
valtuudesta	1	11
enimmäismäärästä	1	16
voimassaoloajasta	1	17
vähimmäismäärästä	1	17
raportointi-	1	12
määrittelemiä	1	13
mitätöimään	1	11
hankitut	1	8
mitätöityjen	1	12
merkittyä	1	9
korottamiseen	1	13
pääomittamisella	1	16
tarkoittuja	1	11
maksettuun	1	10
milloinkaan	1	11
nettovarallisuuden	1	18
alentuminen	1	11
hankittu	1	8
taseensa	1	8
vastattavaapuolelle	1	19
jaettavissa	1	11
osakkuuksien	1	12
heikkenemisen	1	13
rahoituksella	1	13
osakkeenomistajalla	1	19
kiistää	1	7
tarkoitetulle	1	13
hakemalla	1	9
oikeusviranomaiselta	1	20
5a	1	2
johtoelimelle	1	13
merkintäetuoikeus	1	17
lisäedellytyksellä	1	18
vallitsevalla	1	13
markkinahinnalla	1	16
johtoelin	1	9
säädetystä	1	10
velvollisuudesta	1	16
kirjallisen	1	11
johtoelintä	1	11
merkintäetuoikeuden	1	19
rajoittamiseen	1	14
kirjallisten	1	12
osakeannissa	1	12
vallitsevaa	1	11
markkinahintaa	1	14
anti	1	4
onnistuisi	1	10
omistaa	1	7
loppujen	1	8
omistajia	1	9
alarajan	1	8
säännöksessä	1	12
tarkoitetuksi	1	13
noteeratuksi	1	12
yhtiöksi	1	8
osakkeilla	1	10
ylitetään	1	9
laskenut	1	8
osakelajeja	1	11
osakelajiin	1	11
ylittynyt	1	9
vähemmistöosakas	1	16
arviointipyyntö	1	15
ilmoitettiin	1	12
pääse	1	5
hinnasta	1	8
soveltuvin	1	10
virkkeessä	1	10
kirjallisina	1	12
vastaavuustaulukko	1	18
pääomaansa	1	10
simplification	1	14
työryhmä	1	8
saattamiselle	1	13
markkinakehitykseen	1	19
pääoma-	1	7
omistusrakenteisiin	1	19
lieventämällä	1	13
omistajaohjaukseen	1	18
sääntely-	1	9
hallintorasitteen	1	17
keventämistä	1	12
ansaitsee	1	9
erityiskiitoksen	1	16
päämäärät	1	9
byrokratian	1	11
lainsäädännölle	1	15
lisäisivätkö	1	12
takeiden	1	8
samanveroisiksi	1	15
yhtiöiltä	1	9
osakeyhtiöitä	1	13
perustettaessa	1	14
säilytettäessä	1	14
muutettaessa	1	12
suojaamisesta	1	13
osakkeenomistajia	1	17
simpler	1	7
tarkasteltiin	1	13
lainsäädäntöalaa	1	16
viidessä	1	8
edistäjät	1	9
tähänastiset	1	12
varmistettiin	1	13
huomautettava	1	13
parantavien	1	11
yrityssaneerauksen	1	18
esteinä	1	7
model	1	5
business	1	8
corporation	1	11
etuostoja	1	9
hyödyttöminä	1	12
välineinä	1	9
rasittavat	1	10
lisäkustannuksilla	1	18
isossabritanniassa	1	18
accounting	1	10
standards	1	9
board	1	5
institute	1	9
comparative	1	11
käyttäneet	1	10
yhtiöoikeussäädäntöä	1	20
mitassa	1	7
monimutkaisena	1	14
kalliina	1	8
anomalisena	1	11
järjestelmänä	1	13
muuttumisen	1	11
frits	1	5
bolkensteinin	1	13
maksimointi	1	11
investoijien	1	12
vähemmistöomistajien	1	20
käynyt	1	6
ilmeiseksi	1	10
yksinkertaistettava	1	19
nopeampaa	1	9
reagointia	1	10
slimsuositusten	1	15
erityisenä	1	10
omistusta	1	9
pääomansäästössä	1	16
osakeannilla	1	12
ilmoitusvaatimuksiin	1	20
periaatteeseen	1	14
ennakoivaa	1	10
harmonisoinnin	1	14
kohtuuttomia	1	12
kalliisiin	1	10
kohtuuttomiin	1	13
epätäsmällisiin	1	15
hankintaluvan	1	13
hankkimat	1	9
rahoitusapua	1	12
vapaiden	1	8
ylärajaan	1	9
lunastusoikeus	1	14
lunastusvelvollisuus	1	20
enemmistöosakkailla	1	19
lunastaa	1	8
enemmistöosakkaat	1	17
lunastamaan	1	11
harmonisointia	1	14
julkisille	1	10
osakeyhtiöille	1	14
tehokkaina	1	10
kilpailukykyisinä	1	17
kehittyvillä	1	12
muuttuvilla	1	11
päätavoitteena	1	14
keventäminen	1	12
pääomamarkkinoita	1	17
säätelevien	1	11
jossain	1	7
harmonisoimaan	1	14
yhtiölaissa	1	11
yhtiölainsäädännön	1	18
osakkeen	1	8
manipulointia	1	13
markkinasääntelyllä	1	19
muuttumiseen	1	12
lainan	1	6
pörssiyhtiön	1	12
markkinahintaan	1	15
tappiota	1	8
varmistavalta	1	13
monimutkaiselta	1	15
menettelyltä	1	12
rajoitetuissa	1	13
whittaker	1	9
ona	1	3
juknevičienė	1	12
kamal	1	5
salah	1	5
hildegard	1	9
stauner	1	7
2247ini	1	7
loppujulistukset	1	16
valmisteluista	1	14
luxemburgissa	1	13
ylimääräisen	1	12
dda	1	3
yleisneuvostossa	1	16
qatarissa	1	9
viidennestä	1	11
future	1	6
addressing	1	10
institutional	1	13
challenges	1	10
supachai	1	8
panitchpakdille	1	15
globalisoitumisen	1	17
riitoja	1	7
oikeusteitse	1	12
kehityskierrokseen	1	18
oikeudenmukaisempaa	1	19
kauppajärjestelmää	1	18
avautumisen	1	11
vahvempia	1	9
maailmantaloutta	1	16
käynnistyttyä	1	13
vapautumisen	1	12
lisäämisessä	1	12
luonnokset	1	10
aikatauluksi	1	12
epäonnistua	1	11
kahdenvälisillä	1	15
kauppasopimuksilla	1	18
haavoittuvimpien	1	16
kehitystasoonsa	1	15
kilpailukykyynsä	1	16
huonoosaisten	1	13
vapauttamisesta	1	15
monitoimintoinen	1	16
korkealaatuisissa	1	17
alueellisissa	1	13
teollisuustuotteita	1	19
käymän	1	6
neuvotteluilla	1	14
hyötyisivät	1	11
säännöillä	1	10
parannettaisiin	1	15
torjuttaisiin	1	13
tulkitaan	1	9
sitoutua	1	8
monenväliseen	1	13
kauppapolitiikassa	1	18
antavansa	1	9
varmistajana	1	12
epäonnistuminen	1	15
epätasaarvoiseen	1	16
epäyhtenäiseen	1	14
vahingoksi	1	10
panostettu	1	10
panostamisessa	1	14
avainalueilla	1	13
lisäneuvotteluille	1	18
nousevan	1	8
rakentavalla	1	12
todellisiin	1	11
tasapuolisempien	1	16
aikaansaamiselle	1	16
meneillä	1	8
asetettua	1	9
kannattavansa	1	13
asettamista	1	11
avainalueita	1	12
käsitteen	1	9
määrätietoisesti	1	16
parantunutta	1	12
organisointia	1	13
itseluottamusta	1	15
kunnioittaa	1	11
monitoimista	1	12
ollutta	1	7
box	1	3
shifting	1	8
jäsenmailta	1	11
tekoja	1	6
ponnisteluihin	1	14
toteutettua	1	11
puoliskolla	1	11
vakaaseen	1	9
edistymiseen	1	12
sopimisessa	1	11
elintarvikehätäavun	1	19
polkuhinnoittelun	1	17
polkuhinnoittelu	1	16
peitelty	1	8
kassakaapin	1	11
vilpittömälle	1	13
hätäapu	1	7
vapautettaisiin	1	15
tukimuodoille	1	13
takuujärjestelmät	1	17
tarkastuksessa	1	14
erottamaan	1	10
vääristää	1	9
arat	1	4
suojajärjestelyjen	1	18
mainitsemiseen	1	14
elintarviketurvan	1	17
suojaamiseen	1	12
riidanratkaisuelimen	1	20
kiintiöitä	1	10
suunnatuilla	1	12
sisältävillä	1	12
maailmanpankin	1	14
suuntaamilla	1	12
kehitystukitoimilla	1	19
laajentamisessa	1	15
tekijöillä	1	10
lopputulokselle	1	15
tasapainoiset	1	13
takaisivat	1	10
eteläkaupassa	1	13
tehtävillä	1	10
tuntuvilla	1	10
leikkauksilla	1	13
vaatima	1	7
kunnianhimon	1	12
leikkauksia	1	11
kehitystasoaan	1	14
osansa	1	6
korostaen	1	9
tuloksien	1	9
yhdenmukaistavaa	1	16
kertoimia	1	9
tariffialennuksen	1	17
kerrointen	1	10
purkavat	1	8
tariffileikkauksista	1	20
syntymisen	1	10
liikkumavaran	1	13
standardoinnin	1	14
palvelualalla	1	13
vähäistä	1	8
heikennetään	1	12
painostamalla	1	13
palveluun	1	9
gatsneuvottelujen	1	17
oikeaaikaisen	1	13
loppujulistuksessa	1	18
tarkistetuille	1	14
ehdotuksille	1	12
opetus-	1	7
menestyksekkäälle	1	17
välimääräajat	1	13
eroavat	1	7
jakelualoilla	1	13
taloudelle	1	10
asettaneet	1	10
tavoitteekseen	1	14
luonnostellessaan	1	17
näkyä	1	5
sitoutumisena	1	13
jakautuisi	1	10
oikeudenmukaisemmin	1	19
taloudet	1	8
muuttuisivat	1	12
monipuolisemmiksi	1	17
haavoittuvaisimpien	1	19
kehityskokonaisuutta	1	20
suurisuuntainen	1	15
odotettiin	1	10
tariffirajoituksia	1	18
koituvia	1	8
takaamisessa	1	12
hidasta	1	7
pienenemistä	1	12
pienenemiseen	1	13
perustuotteiden	1	15
laskemiseen	1	11
löytämiseen	1	11
eriytetyn	1	9
wtosopimuksia	1	13
etelämarkkinoiden	1	17
vähittäinen	1	11
vahvempiin	1	10
taloudelliselle	1	15
integroitumiselle	1	17
muotoilisivat	1	13
kauppapolitiikkaa	1	17
etunäkökohtansa	1	15
osallistuisivat	1	15
täyttäisivät	1	12
toimeenpanisivat	1	16
wtosääntöjä	1	11
haavoittuvia	1	12
talouksia	1	9
trade"-tuen	1	11
tarvitun	1	8
vientivalmiuksia	1	16
monipuolistamaan	1	16
tuotantoperustuksia	1	19
tullitulot	1	10
kohtuullisilla	1	14
verotuksellisilla	1	17
lähteillä	1	9
lisätuki	1	8
rahoitusnäkymiin	1	16
lisäyksen	1	9
vaadi	1	5
kehityshankkeille	1	17
kehitystavoitteille	1	19
yhtenäisemmin	1	13
kauppamenettelyjen	1	18
uudistamiseksi	1	14
kohdistetun	1	11
valvontajärjestelmää	1	20
indikaattorien	1	14
pekingissä	1	10
patenttivirkamies	1	17
tuoteväärennösten	1	17
kansainvälistyminen	1	19
järjestäytynyttä	1	16
rikollisuutta	1	13
uhan	1	4
investoinneille	1	15
neuvotteluissaan	1	16
kauppakumppanien	1	16
esiintyvän	1	10
loukkaamisen	1	12
piraattituotteiden	1	18
loukkaava	1	9
turvautuminen	1	13
polkumyynti	1	11
määriteltäisiin	1	15
vienniksi	1	9
keskimääräisiä	1	14
täydellisiä	1	11
kaikentyyppiset	1	15
välilliset	1	10
päällekkäiset	1	13
lakijärjestelmien	1	17
ympäristötuotteiden	1	19
selkeämpiä	1	10
ympäristösopimusten	1	19
suhteeseen	1	10
merkitykseen	1	12
kauppajärjestelmässä	1	20
vanhan	1	6
lupauksensa	1	11
ilo:lle	1	7
perusteellisesta	1	16
yhdistämisestä	1	14
valtuutuksen	1	12
muodostamisen	1	13
korvausjärjestelyjä	1	19
valituselimelle	1	15
tutkintaelimenä	1	15
hankinnoissa	1	12
kartoittamiseksi	1	16
kehityskulkujen	1	15
mitattaisiin	1	12
määrällisesti	1	13
laadullisesti	1	13
oikeutetun	1	10
muokkaamiseen	1	13
toiminnalle	1	11
suhteettomasti	1	14
toimintaohjelmaan	1	17
päätösasiakirjan	1	16
parlamentaarikoilla	1	19
kaventamista	1	12
parlamentaarisella	1	18
ulottuvuudella	1	14
institutionaalisiin	1	19
loppujulistuksia	1	16
edustajalle	1	11
epävirallisiin	1	14
olleen	1	6
yhteishengen	1	12
läheisen	1	8
jatkuminen	1	10
ratkaisevina	1	12
kuukausina	1	10
strategiasta	1	12
genevessä	1	9
vastaamalla	1	11
huoliin	1	7
kannattamaan	1	12
pääjohtajalle	1	13
ηράκλειτος	1	10
έφη	1	3
το	1	2
αντίξουν	1	8
συμφέρον	1	8
εκ	1	2
των	1	3
διαφερόντων	1	11
καλλίστην	1	9
αρμονίαν	1	8
πάντα	1	5
κατ΄	1	4
έριν	1	4
γίνεσθαι	1	8
αριστοτέλης	1	11
ηθικά	1	5
νικομάχεια	1	10
θ2	1	2
herakleitos	1	11
sanoi	1	5
toisilleen	1	10
vastakkaiset	1	12
yhdistymään	1	11
sävelistä	1	9
kaunein	1	7
harmonia	1	8
taistelun	1	9
aristoteles	1	11
nikomakhoksen	1	13
etiikka	1	7
8i	1	2
vaatimattomia	1	13
kierrosta	1	9
viimeisessä	1	11
vaiheessaan	1	11
vaiheet	1	7
geneven	1	7
dohaan	1	6
cancúniin	1	9
hongkongiin	1	11
osallistujien	1	13
odotuksissa	1	11
kunnianhimoiseen	1	16
hallittavaksi	1	13
pystytty	1	8
toivottiin	1	10
oletettiin	1	10
epäonnistumisen	1	15
alkuperäisenä	1	13
läpimurto	1	9
määrittämällä	1	13
useille	1	7
neuvottelualueille	1	18
merkittävästä	1	13
kehityspaketista	1	16
umpikujassa	1	11
kokoukselle	1	11
alkua	1	5
jäisivät	1	8
koostuva	1	8
järjestelyillä	1	14
puheenjohtajamaalta	1	19
yhdistyneeltä	1	13
kuningaskunnalta	1	16
ministerikokousta	1	17
vähäisistä	1	10
työmäärään	1	10
aihekohtaiset	1	13
julistukseen	1	12
neuvottelukantoihin	1	19
lukuisat	1	8
maataloustuotteet	1	17
kysymykseksi	1	12
saattaen	1	8
puolustusasemiin	1	16
selvitä	1	7
umpikujasta	1	11
haluttiin	1	9
edistyttävän	1	12
kaikenlaisten	1	13
järjestelyt	1	11
lakkauttaa	1	10
vientiavustusten	1	16
elintarviketuen	1	15
rinnakkaisuuden	1	15
tukileikkaukset	1	15
kotimaisen	1	10
merkittävimmistä	1	16
lineaarisista	1	13
neuvottelijoilla	1	16
yhtenevä	1	8
kokonaistuen	1	12
mittausmenetelmän	1	17
ilmoittamien	1	12
kokonaistukien	1	14
final	1	5
bound	1	5
aggregate	1	9
measure	1	7
support	1	7
minimis	1	7
‑tuen	1	5
laatikon	1	8
kriteereiden	1	12
maataloustariffien	1	18
pienentämistä	1	13
vaikeassa	1	9
jäsentelyyn	1	11
ryhmästä	1	8
rajoista	1	8
leikkausten	1	11
erityiskohtelu	1	14
mainittiin	1	10
erityiskysymyksen	1	17
sallisivat	1	10
puuvillaviennille	1	17
toimeenpanon	1	12
edesauttoi	1	10
tariffivähennykset	1	18
vaiheittain	1	11
sveitsiläismalli	1	16
erityiskohtelusta	1	17
epäsymmetriset	1	14
lähtötason	1	10
vähennyksille	1	13
gats	1	4
tehostamisesta	1	14
onnistuttu	1	10
kahdenvälisissä	1	15
yhteyksissä	1	11
saavutettavalla	1	15
edistyksellä	1	12
annettavasta	1	12
joustavammasta	1	14
integroitumisesta	1	17
tullitariffien	1	14
vienniltä	1	9
toimeenpanokauden	1	17
arvioidensa	1	11
suuruisena	1	10
trade"-järjestelyjä	1	19
vientivalmiuksiaan	1	18
laadittavia	1	11
koulutussuunnitelmia	1	20
uudelleenkäsittely	1	18
trips	1	5
talousjärjestelmät	1	18
teknologiakauppa	1	16
verkkokauppa	1	12
toistamiseen	1	12
osallistuneita	1	14
saavutuksia	1	11
jäivätkin	1	9
luovia	1	6
läpimurtoratkaisuja	1	19
kehitystoimenpiteitä	1	20
paketista	1	9
tätäkin	1	7
toistivat	1	9
sitoumuksena	1	12
välivaiheen	1	11
panosti	1	7
ehdollisen	1	10
lakkauttamisen	1	14
myönnytyksen	1	12
vastineeksi	1	11
ensisijaisilla	1	14
neuvottelualueilla	1	18
suurimmat	1	9
uhrauksista	1	11
maaseutuyhteisöille	1	19
kieltäytyneet	1	13
suojelevat	1	10
köyhempien	1	10
eteläkauppaa	1	12
kehityskysymysten	1	17
vientimaiden	1	12
yksipuoliseen	1	13
ajamiseen	1	9
varjolla	1	8
johtavassa	1	10
sallimisesta	1	12
suostuivat	1	10
sitoumuksissaan	1	15
puuvilla	1	8
toteuttamistasolla	1	18
ajatuksen	1	9
ilmaisesta	1	10
jäsenien	1	8
tämänhetkisessä	1	15
yksipuoliset	1	12
lisämyönnytykset	1	16
kehityssuunnitelma	1	18
neuvottelualueisiin	1	19
sääntökysymyksiin	1	17
näkyisivät	1	10
kierrokseen	1	11
palvelusektoreista	1	18
omistettava	1	11
päästämistä	1	11
käsistä	1	7
tämänhetkisen	1	13
saattamiseksi	1	13
onnistuneeseen	1	14
kuoppainen	1	10
umpikujaan	1	10
löytyvän	1	8
näkemyksissä	1	12
lähestulkoon	1	12
mahdollistanut	1	14
kompromisseja	1	13
edistyneessä	1	12
nähtäväksi	1	10
pitävätkö	1	9
aloittaessa	1	11
vaikeinta	1	9
toimivaa	1	8
rauhanomainen	1	13
laajentaisi	1	11
tehden	1	6
kauppajärjestelmästä	1	20
tasapuolisemman	1	15
protektionismin	1	15
leviämistä	1	10
maailmanpolitiikan	1	18
virikkeenä	1	10
yhdentymiselle	1	14
antaakin	1	8
sijaa	1	5
keskusteluille	1	14
kehitysjärjestö	1	15
ympäristöjärjestö	1	17
sosiaalipoliittinen	1	19
erityisjärjestöstä	1	18
erityistehtäviä	1	15
ylikuormittaminen	1	17
kysymyksillä	1	12
liiallinen	1	10
painottaminen	1	13
vaikeuttanut	1	12
korostavat	1	10
tähänastisissa	1	14
suunta	1	6
kokoonpanon	1	11
hajanaisuus	1	11
jäseniensä	1	10
talouspolitiikan	1	16
osaalueita	1	10
kohdata	1	7
vastarintaa	1	11
juuttumista	1	11
paikoilleen	1	11
jatkuvia	1	8
viestintäkatkoksia	1	18
edeltäneissä	1	12
ajanut	1	6
laajaalaista	1	12
kannustaen	1	10
taitavien	1	9
väsymättömien	1	13
pystyi	1	6
rakentavia	1	10
ponnisteluissa	1	14
viitekehyksenä	1	14
normatiivisen	1	13
ominaispiirteisiin	1	18
hallintamallin	1	14
väljemmän	1	9
vakaampi	1	8
kattavampi	1	10
lähempänä	1	9
ytimeen	1	7
maailmantaloudesta	1	18
presidentin	1	11
fast	1	4
track	1	5
mutkistua	1	9
erilliskohtelussa	1	17
erilliskohtelun	1	15
etuoikeuksia	1	12
oikea	1	5
vientituet	1	10
ruokaapu	1	8
ajoitetaan	1	10
puoliskolle	1	11
pitäytymään	1	11
sitoumuksissa	1	13
viimeistelemään	1	15
maataloustukien	1	15
elinkeinoa	1	10
rajoittuu	1	9
vientitukia	1	11
valtaosan	1	9
vääristävistä	1	13
teollisuustuotteet	1	18
arkoja	1	6
kehittyviä	1	10
tasoonsa	1	8
päästämällä	1	11
piristämällä	1	12
tarvitsisi	1	10
markkinoillepääsyssä	1	20
tullittoman	1	11
kiintiöttömän	1	13
takaava	1	7
kehityspaketti	1	14
‑aloitteen	1	10
‑prosenttisesti	1	15
riistämään	1	10
talouskasvuun	1	13
palvelualoja	1	12
palvelualoilla	1	14
terveydenhuollossa	1	18
joustoon	1	8
kaupankäynnistä	1	15
nauttimien	1	10
sokeriuudistuksesta	1	19
atkmaihin	1	9
tukitoimiin	1	11
kauppatavaroiden	1	16
alenemisen	1	10
kehityspakettiin	1	16
‑ohjelmaa	1	9
kaupankäyntiin	1	14
arvostelee	1	10
kauppaohjelmien	1	15
tarvitsevissa	1	13
tripssopimus	1	12
riittämättömät	1	14
tuotantovalmiudet	1	17
patentoitavina	1	14
geneerisiä	1	10
pidättäytymään	1	14
neuvottelemasta	1	15
kauppasopimuksista	1	18
toimintaedellytysten	1	20
tullin	1	6
tekemänsä	1	9
helpottamisen	1	13
tapahtuvasta	1	12
neuvotteluprosessin	1	19
parlamentaarista	1	16
takuuna	1	7
äänensä	1	7
elena	1	5
valenciano	1	10
martínezorozco	1	14
rohkaisee	1	9
menestyäkseen	1	13
tekstiilituotantoon	1	19
rahoitustuotteiden	1	18
suunnattomia	1	12
lainsäädäntö-	1	13
synnyttämien	1	12
neuvotteluasemat	1	16
mietittävä	1	10
gatssopimukseen	1	15
kuuluvilla	1	10
sovituilla	1	10
sitoumuksilla	1	13
tavarakauppaa	1	13
vapauttamisessa	1	15
tavoiteltava	1	12
ylittävältä	1	11
matkustaa	1	9
alueensa	1	8
hankkimaan	1	10
ulkomaiset	1	10
palveluntarjoajat	1	17
yritysmuotoa	1	12
ulkomaisia	1	10
omistusosuuksia	1	15
ylärajoja	1	9
rahoituspalveluihin	1	19
oikeudenmukaisella	1	18
johtopäätöksen	1	14
pankkijärjestelmää	1	18
sitoudutaan	1	11
rahoitusmarkkinoiden	1	20
kirjanpitonormien	1	17
päävaatimuksia	1	14
usa:n	1	5
malliaikataulujen	1	17
aikatauluja	1	11
rahoituspalveluja	1	17
sitoumuksilleen	1	15
vauhditettaisiin	1	16
imf	1	3
arviointiohjelman	1	17
fuusioiden	1	10
yritysostojen	1	13
taloussuhteissa	1	15
valvontasääntöjen	1	17
epäasianmukaisilla	1	18
kilpailusäännöillä	1	18
vääristävä	1	10
wto:lta	1	7
valppautta	1	10
hallitsevan	1	11
markkinaaseman	1	14
vilpillisen	1	11
käytöksen	1	9
kehitysmailla	1	13
joustaville	1	11
puitteille	1	10
asteittaiseksi	1	14
siirtymäkausien	1	15
maailmanlaajuiselta	1	19
kilpailulta	1	11
rauhassa	1	8
rahoitusmarkkinansa	1	19
varotoimena	1	11
tallettajien	1	12
vakuutuksenottajien	1	19
koskemattomuuden	1	16
pankkiala	1	9
avattu	1	6
ulkomaiselle	1	12
vapauttamistoimien	1	18
energiavaliokunna	1	17
rajamuodollisuuksien	1	20
onnistumiseksi	1	14
käsiteltäviin	1	13
selvitettävä	1	12
monenvälisellä	1	14
ilmoittama	1	10
menettelymuutos	1	15
‑toimintatavan	1	14
täydennykseksi	1	14
monenväliset	1	12
palvelualaan	1	12
palvelujaan	1	11
aiemmista	1	9
päätöslauselmista	1	17
ministerikokousten	1	18
epäonnistumisten	1	16
nostamista	1	10
keskipisteeksi	1	14
palvelumarkkinoiden	1	19
käsiteltävinä	1	13
aiheina	1	7
verkkovierailumaksut	1	20
-standardit	1	11
televiestintäalalla	1	19
kannattaisiko	1	13
televiestintäsopimus	1	20
vahvempien	1	10
avoimien	1	8
vastaavalle	1	11
lupauksiin	1	10
puitesopimusta	1	14
vastaanottajia	1	14
vientituotteiden	1	16
kytkemiseksi	1	12
toimitusketjuihin	1	17
kumppanuustoimintaan	1	20
heikoimmin	1	10
verovapautta	1	12
aloitteeseen	1	12
helpotettava	1	12
oecdmaiden	1	10
velvoittavaan	1	13
‑sopimukseen	1	12
avaamaan	1	8
wtojärjestelmän	1	15
etsimisen	1	9
maailmankauppaa	1	15
epädemokraattisia	1	17
läpinäkymättömiä	1	16
välikappaleina	1	14
riippumattomilla	1	16
järjestöillä	1	12
merkittävämpi	1	13
päätösasiakirjaan	1	17
tuottanut	1	9
kouraantuntuvia	1	15
toimialakohtaisten	1	18
tariffiesteiden	1	15
minimisopimus	1	13
vapauttamisprosessin	1	20
viemisestä	1	10
tulevana	1	8
edistytä	1	8
menettävät	1	10
tariffivähennyksiä	1	18
mallista	1	8
saavutetun	1	10
omaksuttavan	1	12
haavoittuvaisia	1	15
alojaan	1	7
erityisaloille	1	14
autoalalle	1	10
logiikasta	1	10
voittojen	1	9
reilua	1	6
jakoa	1	5
vapaat	1	6
oikeudenmukaiset	1	16
maailmanlaajuiset	1	17
neuvottelijoita	1	15
tripssopimukseen	1	16
suhtautuukin	1	12
uutisiin	1	8
pekingiin	1	9
patenttiasioista	1	16
virkamiehen	1	11
väärennetyt	1	11
vaikuttaneet	1	12
haitallisesti	1	13
rahoittamista	1	13
vähentäneet	1	11
tekoon	1	6
huipputekniikan	1	15
lainsäätäjien	1	13
seuraaviksi	1	11
kuukausiksi	1	11
kanavan	1	7
globaaliin	1	10
rajallisuutta	1	13
globaaleja	1	10
neuvottelusääntöjen	1	19
tasapuolisia	1	12
maatalousosion	1	14
maatalousmallia	1	15
monitoimisuutta	1	15
osioihin	1	8
ponnistellut	1	12
vähentääkseen	1	13
vääristävää	1	11
määriteltävät	1	13
dynaamisia	1	10
velvoittaakseen	1	15
teollisuusmaat	1	14
sisäpoliittisia	1	15
sitoutuvat	1	10
lakkauttamaan	1	13
vastaavalla	1	11
esimerkkeinä	1	12
vientimonopolit	1	15
tavoitteistaan	1	14
maatalousalojen	1	15
jyrkän	1	6
ympäristöperusteisen	1	20
maataloustuontiin	1	17
suojalausekkeen	1	15
tuotantoolosuhteissa	1	20
ihmisoikeuksia	1	14
liitettäisiin	1	13
elintarviketurvaa	1	17
kriisejä	1	8
aroista	1	7
liberalisointia	1	15
suojalauseketta	1	15
tullisuoja	1	10
alentamista	1	11
työohjelmaansa	1	14
mihinkään	1	9
sitouduttu	1	10
riittämättömänä	1	15
suojaamisen	1	11
puolustettava	1	13
neuvotteluissa'	1	15
näkökohtia'	1	11
yksimielisyys	1	13
trooppisten	1	11
karjankasvatus-	1	15
instituutti	1	11
miljardiksi	1	11
vääristymistä	1	13
tuontitavaroita	1	15
maksaminen	1	10
laatikosta'	1	11
toivottava	1	10
rahoitusmuoto	1	13
riittämättömäksi	1	16
alkoholijuomia	1	14
luotavaa	1	8
jalustan	1	8
intressit	1	9
avaamisesta	1	11
alkuperäisille	1	14
esiintuomaa	1	11
riittämättöminä	1	15
eroteltava	1	10
liberalisoinnin	1	15
kehitystasoon	1	13
viennin	1	7
maataloustuottajien	1	19
viejämaiden	1	11
intia	1	5
kiinaolisi	1	10
menevään	1	8
liberalisointiin	1	16
nettomääräisesti	1	16
tuovien	1	7
välittämisestä	1	14
kysymällä	1	9
puheenjohtajaa	1	14
päättyi	1	7
kehitysohjelmaan	1	16
päätteeksi	1	10
päättäväisesti	1	14
ottivat	1	7
yhtenäisesti	1	12
vauhditettava	1	13
vientitoimiin	1	13
samansuuntainen	1	15
progressiivinen	1	15
kehittyneistä	1	13
erityisjärjestelmän	1	19
koskeekin	1	9
tullinimikkeistä	1	16
arkaluonteinen	1	14
valtioille	1	10
porrastettujen	1	14
vähennysten	1	11
vähennysasteet	1	14
globaalien	1	10
tukitoimien	1	11
globaali	1	8
vientikilpailu	1	14
vientiluottoja	1	14
vakuusohjelmia	1	14
harjoittavia	1	12
valtionyrityksiä	1	16
elintarvikeapua	1	15
samansuuntaista	1	15
progressiivista	1	15
alennukset	1	10
erilliskohtelu	1	14
tarjoukset	1	10
luetteloista	1	12
neuvottelukierros	1	17
myönnytyksistä	1	14
kauppaneuvotteluissa	1	20
monitoimisuus	1	13
kehitystaso	1	11
erilliskohteluun	1	16
etuuksien	1	9
osoittamaa	1	10
castex	1	6
glyn	1	4
ford	1	4
frithjof	1	8
schmidt	1	7
cotonoussa	1	10
käytäviä	1	8
sääntömääräisessä	1	17
kairossa	1	8
au	1	2
ti	1	2
decl	1	4
kapkaupungin	1	12
lop	1	3
kaputinin	1	9
päätöspuheenvuoron	1	18
acp	1	3
rev	1	3
acpec	1	5
ng	1	2
yhteisesti	1	10
sopimaksi	1	9
perusteeksi	1	11
huippukokouksen	1	15
vuotisseurantakokous	1	20
ga	1	2
sachsin	1	7
johtaman	1	8
vuosituhatkampanjan	1	19
investing	1	9
practical	1	9
plan	1	4
achieve	1	7
goals	1	5
nopeuttaminen	1	13
unlocking	1	9
africa	1	6
henkilökohtaisten	1	17
avustajien	1	10
afrikkaa	1	8
seurantaraportin	1	16
g8maat	1	6
julkaisivat	1	11
gleneaglesissa	1	14
julkaiseman	1	11
gleneaglesin	1	12
välisiin	1	8
kauppasuhteisiin	1	16
yksipuolisen	1	12
etuuskohteluun	1	14
allekirjoittaminen	1	18
loi	1	3
kehitysnäkymiä	1	14
sitoutumisesta	1	14
kehitystavoitteisiin	1	20
selviä	1	6
odotetun	1	8
heikoille	1	9
talouksille	1	11
kehityserot	1	11
akt-	1	4
eumaiden	1	8
kyseenalaisempaa	1	16
afrikkalaiset	1	13
yhdentämisen	1	12
akt	1	3
syvempi	1	7
liikkeenharjoittajia	1	20
tekevänsä	1	9
valmisteluvaiheen	1	17
poikkeuslupa	1	12
voimassaolo	1	11
kumppaneiden	1	12
tehottomaksi	1	12
haitalliseksi	1	13
välineeksi	1	10
toimintakehys	1	13
aktvaltion	1	10
vaihtoehtoisia	1	14
jatkuvat	1	8
neljättä	1	8
gattsopimuksen	1	14
vapaakauppaalueen	1	17
juontavat	1	9
juurensa	1	8
valppaana	1	9
syrjäytä	1	8
kokonaistavoitteena	1	19
sovittamiseen	1	13
keskittymisen	1	13
suunniteltuina	1	14
elvyttää	1	8
kauppasuhteita	1	14
lievittää	1	9
jatkuviin	1	9
vakuutteluihin	1	14
kehitysyhteistyö	1	16
keskeisiin	1	10
lainsäätäjät	1	12
laitokset	1	9
palaute-	1	8
kuulemismekanismeja	1	19
taloushallintoa	1	15
pitämistä	1	9
periaatteille	1	13
pohjautuvia	1	11
suosiva	1	7
aktalueiden	1	11
edistävän	1	9
ennustettavan	1	13
osoituksena	1	11
huolestuneempia	1	15
pettyneempiä	1	12
lupaukset	1	9
korjaavat	1	9
tasoittamiseksi	1	15
kotimarkkinoita	1	15
poistamistavoitteen	1	19
alueryhmittymän	1	15
ryhmittymän	1	11
heikoimpia	1	10
joustavampi	1	11
vapautettavien	1	14
epätasaarvoisuudet	1	18
dps	1	3
neuvotteluosapuolia	1	19
pääosastoa	1	10
epäsymmetrian	1	13
kauppapolitiikkaansa	1	20
kehityssuunnitelmien	1	20
yhdistävän	1	10
yhtenäisyyteen	1	14
kehitysyhteistyölle	1	19
demokratialle	1	13
harkiten	1	8
käsitellessä	1	12
energiaaloja	1	12
vapauttamiselta	1	15
erilainen	1	9
tuhoisasti	1	10
herkkiin	1	8
aktmaita	1	8
erilliskohtelua	1	15
demokratia	1	10
vahvistua	1	9
onnistuneet	1	11
vapaampi	1	8
menestyksekkäämpiä	1	18
keskitytä	1	9
vientipalveluille	1	17
-tuotteille	1	11
perushyödykkeiden	1	17
vakauttamiseksi	1	15
aloitteilla	1	11
erilaistamisen	1	14
tuovan	1	6
vauhdittamisen	1	14
yhteenvedon	1	11
oikeudenmukaista	1	16
mekanismina	1	11
työläisten	1	10
akt‑maiden	1	10
pienenisivät	1	12
vastavuoroisuutta	1	17
kuluja	1	6
leikattaisiin	1	13
heikentäisi	1	11
verouudistusohjelmia	1	20
suojamekanismit	1	15
väliaikaisen	1	12
kotimainen	1	10
teollisuudenala	1	15
vaikeuksiin	1	11
äkillisen	1	9
syntyisivät	1	11
korvattaessa	1	12
tariffeista	1	11
suorilla	1	8
veroilla	1	8
arvonlisäverolla	1	16
köyhään	1	7
väestöön	1	8
suhteettoman	1	12
vaikuttavien	1	12
verouudistusten	1	15
regressiivistä	1	14
maksutasevaikeuksien	1	20
makrotaloudellisten	1	19
häiriöiden	1	10
barroson	1	8
ekr:n	1	5
sitoumuksien	1	12
luvattu	1	7
sokeripöytäkirjan	1	17
talouskehityksen	1	16
lisäinvestointeja	1	17
perusedellytyksinä	1	18
avaamiselle	1	11
tarjontatekijöiden	1	18
vaativimpiin	1	12
määräyksiin	1	11
johtajia	1	8
edellyttäisi	1	12
lisäkustannuksia	1	16
-alueille	1	9
alkamista	1	9
synnyttäneet	1	12
talousryhmittymiä	1	17
kehitysasteilla	1	15
edesauttanut	1	12
talousyhteisöjen	1	16
päällekkäisyyksien	1	18
vauhdittamilla	1	14
tunnustetuilla	1	14
autettaessa	1	11
sisämarkkinoitaan	1	17
siirtymäkausia	1	14
yhteensopivia	1	13
suojamekanismeja	1	16
kompensoida	1	11
solmitun	1	8
epäsymmetriseen	1	15
vastavuoroisuuteen	1	18
tukitoimenpiteitä	1	17
sopeuttamistoimet	1	17
yhtenäisiä	1	10
kehitystukea	1	12
paheksuu	1	8
aktaluetta	1	10
alustavassa	1	11
hoidettiin	1	10
minkäänlaiseen	1	14
aktsihteeristön	1	15
vaiheista	1	9
aktalueilla	1	11
toivetta	1	8
akt:tä	1	6
kiistanaiheet	1	13
gsp+	1	4
vapaakauppasopimusta	1	20
joudu	1	5
vastavuoroisia	1	14
