word_form	frequency	length
the	1719	3
do	1003	2
na	1002	2
of	933	2
to	677	2
and	587	3
że	546	2
oraz	492	4
komisji	474	7
się	470	3
in	445	2
de	407	2
art	354	3
parlamentu	319	10
przez	302	5
by	294	2
jest	289	4
sprawie	288	7
procedura	285	9
data	280	4
większość	271	9
głosów	271	6
europejskiego	261	13
uwzględniając	261	13
la	254	2
lub	246	3
we	245	2
for	244	3
dla	240	3
rady	230	4
kontroli	226	8
trybunału	221	9
on	216	2
nie	214	3
końcowego	191	9
oddanych	180	8
is	179	2
czytanie	175	8
są	175	2
ust	175	3
be	175	2
projekt	174	7
głosowania	168	10
traktatu	167	8
za	159	2
komisję	159	7
celu	157	4
podczas	153	7
jak	148	3
commission	148	10
tym	140	3
that	140	4
et	138	2
ue	136	2
komisja	135	7
pe	132	2
des	132	3
od	124	2
europejskiej	122	12
które	120	5
le	117	2
les	116	3
stanowiska	115	10
unii	115	4
współdecyzji	114	12
decyzji	114	7
aby	114	3
ochrony	114	7
zakresie	113	8
ich	113	3
poprawki	111	8
rezolucji	111	9
rozwoju	110	7
pracy	109	5
as	109	2
zarządzania	109	11
with	105	4
obecni	103	6
państwa	101	7
which	101	5
mając	101	5
trybunał	100	8
stanowisko	99	10
liczby	99	6
uwadze	99	6
jako	98	4
posiedzeniu	97	11
opinii	97	6
european	97	8
en	97	2
it	96	2
wzywa	96	5
po	95	2
rozporządzenia	94	14
ogólnej	94	7
dnia	94	4
parlament	93	9
wspólnego	91	9
zatwierdzić	90	11
this	90	4
posłów	89	6
obrachunkowego	89	14
sposób	88	6
projects	88	8
współpracy	87	10
tekstu	87	6
należy	87	6
członkowskich	87	13
wspólne	85	7
pierwsze	84	8
środowiska	84	10
or	82	2
are	81	3
także	81	5
community	79	9
nr	78	2
wniosek	78	7
również	77	7
zgodnie	77	7
europejski	76	10
rynku	76	5
być	76	3
energy	76	6
radzie	75	6
member	75	6
strategii	75	9
parlamentowi	73	12
zwraca	73	6
członkowskie	73	12
dotyczącego	72	11
wydania	72	7
działania	72	9
poprzez	72	7
energii	71	7
an	69	2
une	69	3
drugie	68	6
dans	68	4
zgody	67	5
swojego	67	7
pomocy	67	6
from	67	4
rzecz	67	5
państw	66	6
prawnej	65	7
states	65	6
article	65	7
podkreśla	65	9
opinia	64	6
wniosku	64	7
zatrudnienia	64	12
sprawozdawca	63	12
wprowadzić	63	10
legislacyjnej	63	13
jego	63	4
wspólnoty	63	9
powinny	63	7
dotyczących	62	11
zastępcy	61	8
co	61	2
odrzucić	60	8
służb	60	5
financial	60	9
sprawozdanie	60	12
technicznych	59	12
elementów	59	9
może	59	4
ramach	59	6
zmiany	59	6
lasów	59	5
dzu	57	3
których	57	7
ogłoszenia	57	10
uwagę	57	5
regulaminu	56	10
przypadku	56	9
rozporządzenie	56	14
finansami	56	9
leśnej	56	6
związku	55	7
at	55	2
should	55	6
its	55	3
przedsiębiorstw	55	15
polityki	55	8
zobowiązuje	54	11
ze	54	2
środki	54	6
budżetowej	54	10
have	54	4
legislacyjnego	53	14
przewodniczącego	53	16
szczególności	53	13
str	53	3
has	53	3
social	53	6
społecznej	53	10
konsultacji	52	11
kursywą	52	7
projektu	52	8
europejskiemu	51	13
odniesieniu	51	11
du	51	2
poprawka	50	8
środków	50	7
oceny	50	5
celów	50	5
can	49	3
un	48	2
dotyczące	47	9
przy	47	4
regulation	47	10
tej	47	3
transport	47	9
sprawozdania	47	12
wszystkich	47	10
członka	47	7
uważa	47	5
rozpatrzenie	46	12
zmian	46	5
new	46	3
will	46	4
council	46	7
języku	46	6
działań	46	7
fishing	46	7
podstawie	45	9
poprawkach	45	10
złożenia	45	8
jeśli	45	5
finansowych	45	11
bardziej	45	8
aid	45	3
tego	45	4
au	45	2
temat	45	5
tych	45	4
np	44	2
dotychczas	44	10
przekazania	44	11
usług	44	5
proposal	44	8
jakości	44	7
jeżeli	43	6
posłowie	43	8
renewable	43	9
gospodarki	43	10
wynik	42	5
sprawozdań	42	10
europejskich	42	12
pracowników	42	11
urzędowym	41	9
te	41	2
informacji	41	10
opinię	41	6
komitetu	41	8
tylko	41	5
ds	41	2
wspólny	40	7
artykuł	40	7
also	40	4
ec	40	2
egcc	40	4
obszarów	40	8
dzienniku	39	9
one	39	3
działalności	39	12
roku	39	4
naturalnego	39	11
directive	39	9
budżetu	39	7
uwagi	38	5
not	38	3
parliament	38	10
measures	38	8
obowiązków	38	10
pani	38	4
mogą	38	4
integracji	38	10
restrukturyzacji	38	16
dyrektywy	37	9
bezpieczeństwa	37	14
uzasadnienie	37	12
union	37	5
only	37	4
powołania	37	9
qui	37	3
par	37	3
finansowego	37	11
przedsiębiorstwa	37	16
przepisów	36	9
czy	36	3
przyjęcia	36	9
podstawa	36	8
przedstawiony	36	13
latach	36	6
decision	36	8
zostać	36	6
instytucji	36	10
dziedzinie	36	10
społecznego	36	11
dostępu	35	7
trzecie	35	7
systemu	35	7
między	35	6
osób	35	4
swoje	35	5
under	35	5
wprowadzenie	35	12
cooperation	35	11
ten	35	3
term	35	4
il	35	2
rolę	35	4
poziomie	35	8
sur	35	3
przypadków	34	10
economic	34	8
spraw	34	5
tekst	34	5
szczególnie	34	11
poprawy	34	7
protection	34	10
eu	34	2
zdrowia	34	7
das	34	3
ma	34	2
oznaczenia	33	10
punkt	33	5
zapewnienia	33	11
europejskim	33	11
legal	33	5
tytuł	33	5
sprawozdawcay	33	13
paragraph	33	9
handlu	33	6
kadencji	33	8
que	33	3
kontekście	33	10
zauważa	33	7
regionów	32	8
go	32	2
procedury	32	9
priority	32	8
was	32	3
been	32	4
rapporteur	32	10
powinno	32	7
który	32	5
crossborder	32	11
development	32	11
lat	32	3
osiągnięcia	32	11
kobiet	32	6
członkiem	32	9
wiarygodności	32	13
funduszy	32	8
realizacji	32	10
związanych	32	10
européenne	32	10
wyjątkiem	31	9
zaproponowanej	31	14
opracowania	31	11
wewnętrznego	31	12
zatwierdzenia	31	13
marca	31	5
these	31	5
all	31	3
przedmiotowo	31	12
też	31	3
implementation	31	14
parlamentem	31	11
państwach	31	9
wykorzystania	31	13
finansów	31	8
koordynacji	31	11
rybołówstwa	31	11
objaśnienie	30	11
używanych	30	9
znaków	30	6
wymagana	30	8
wskazana	30	8
opiera	30	6
danej	30	5
wymagają	30	8
właściwych	30	10
właściwa	30	8
jej	30	3
dyrektora	30	9
other	30	5
systemów	30	8
ponadto	30	7
more	30	4
możliwości	30	10
praw	30	4
krajowe	30	7
mają	30	4
politique	30	9
publicznej	29	10
but	29	3
public	29	6
their	29	5
zastępcay	29	9
prawa	29	5
bez	29	3
socjalnej	29	9
byłem	29	5
wiejskich	29	9
forêts	29	6
ujętych	28	7
jan	28	3
transportu	28	10
market	28	6
stosowne	28	8
ona	28	3
national	28	8
would	28	5
okres	28	5
finansowej	28	10
programme	28	9
publicznego	28	11
obecnyi	28	7
wyniki	28	6
lata	28	4
est	28	3
pour	28	4
sektorze	28	8
publicznych	28	11
polityk	28	7
zwłaszcza	28	9
oczywisty	27	9
językowej	27	9
zatwierdza	27	10
przeciw	27	7
system	27	6
common	27	6
sprawy	27	6
takich	27	6
must	27	4
krajowych	27	9
zarówno	27	7
znaczenie	27	9
plan	27	4
żywności	27	8
office	27	6
musi	27	4
delokalizacji	27	13
zaznaczone	26	10
wytłuszczonym	26	13
drukiem	26	7
zwykłą	26	6
wskazówką	26	9
proponowana	26	11
korekta	26	7
błędnych	26	8
brakujących	26	11
wersji	26	6
sugestie	26	8
korekty	26	7
będzie	26	6
no	26	2
sector	26	6
mu	26	2
innych	26	6
obecnie	26	7
project	26	7
będą	26	4
ce	26	2
rolnictwa	26	9
obrachunkowy	26	12
pod	26	3
jakie	26	5
związane	26	8
finansowe	26	9
element	26	7
źródeł	26	6
forestière	26	10
wstrzymujących	25	14
ewg	25	3
socjalnych	25	10
years	25	5
dyrektywę	25	9
przed	25	5
którym	25	6
tak	25	3
zasobów	25	7
uważam	25	6
mogłyby	25	7
pan	25	3
zwalczania	25	10
miejsc	25	6
społecznych	25	11
warunków	24	8
swoją	24	5
particular	24	10
innym	24	5
if	24	2
europejskie	24	11
procedure	24	9
ta	24	2
niż	24	3
agencji	24	7
załącznik	24	9
była	24	4
członek	24	7
rozwój	24	6
odnawialnych	24	12
fish	24	4
ubóstwa	24	7
poverty	24	7
przemysłu	23	9
zalecenia	23	9
odpowiednie	23	11
dotyczący	23	9
ustęp	23	5
first	23	5
został	23	6
akapit	23	6
organów	23	7
provisions	23	10
period	23	6
up	23	2
ram	23	3
zasad	23	5
nad	23	3
potrzeby	23	8
która	23	5
europejską	23	10
innymi	23	6
sytuacji	23	8
różnych	23	7
stopniu	23	7
wartości	23	8
gospodarczego	23	13
drewna	23	6
forestier	23	9
badań	22	5
uzasadnienia	22	12
stwierdza	22	9
between	22	7
ponowne	22	7
proponowany	22	11
regionalnego	22	12
report	22	6
your	22	4
angielskim	22	10
obywateli	22	9
politycznych	22	12
zasady	22	6
some	22	4
management	22	10
ani	22	3
pierwszy	22	8
sprawozdaniu	22	12
przyczynić	22	10
powinna	22	7
bardzo	22	6
pytanie	22	7
wspólnotowych	22	13
secteur	22	7
komunikat	22	9
sieci	21	5
potrzebę	21	8
nowy	21	4
such	21	4
amendment	21	9
proposed	21	8
position	21	8
prawna	21	6
współpraca	21	10
krajach	21	7
communication	21	13
order	21	5
conditions	21	10
życie	21	5
stanowi	21	7
prawnych	21	8
instytucje	21	10
zmieniającego	21	13
necessary	21	9
support	21	7
sources	21	7
dane	21	4
rezolucję	21	9
wspólnej	21	8
było	21	4
były	21	4
można	21	5
kwestii	21	7
przyjmuje	21	9
muszą	21	5
wykorzystanie	21	13
nowych	21	6
européen	21	8
ne	21	2
globalizacji	21	12
heating	21	7
zachowania	20	10
komitetem	20	9
josé	20	4
policy	20	6
adopted	20	7
którymi	20	7
el	20	2
state	20	5
concerned	20	9
shall	20	5
transeuropean	20	13
point	20	5
million	20	7
annex	20	5
use	20	3
zdania	20	6
zasięgnięcie	20	12
jednym	20	6
dokonaniu	20	9
odpowiedzi	20	10
gdy	20	3
konieczne	20	9
systemy	20	7
już	20	3
zarządzanie	20	11
metod	20	5
lecz	20	4
funduszu	20	8
życia	20	5
ou	20	2
aux	20	3
czytania	19	8
turystyki	19	9
niektórych	19	10
konieczność	19	11
postępowania	19	12
possible	19	8
each	19	4
towarów	19	7
znaczących	19	10
członków	19	8
committee	19	9
edit	19	4
kształcenia	19	11
jaki	19	4
rada	19	4
agencies	19	8
względu	19	7
zawodowego	19	10
euratom	19	7
mocy	19	4
wpływ	19	5
zapewnić	19	8
wykonania	19	9
wsparcia	19	8
pomiędzy	19	8
opisać	19	6
proszę	19	6
stanowią	19	8
zrównoważonej	19	13
chłodzenia	19	10
cooling	19	7
restrukturyzacje	19	16
naukowych	18	9
ale	18	3
konsultacja	18	11
grudnia	18	7
sektor	18	6
concerning	18	10
odsyłacze	18	9
nieopublikowany	18	15
maria	18	5
organy	18	6
countries	18	9
any	18	3
europejska	18	10
możliwość	18	9
interest	18	8
networks	18	8
natural	18	7
regulaminowa	18	12
ponieważ	18	8
niniejszej	18	10
zadania	18	7
warunki	18	7
produktów	18	9
grupy	18	5
absolutorium	18	12
możliwe	18	7
dzięki	18	6
gdzie	18	5
którego	18	7
takie	18	5
międzynarodowych	18	16
gospodarczych	18	13
zadowoleniem	18	12
sektora	18	7
dzieci	18	6
przewodniczący	18	14
cele	18	4
działalność	18	11
commune	18	7
pas	18	3
wzrostu	18	7
produkcji	18	9
konkurencyjności	18	16
lizbońskiej	18	11
opieki	18	6
przyjęcie	17	9
policies	17	8
into	17	4
members	17	7
increase	17	8
taken	17	5
set	17	3
amendments	17	10
made	17	4
participation	17	13
including	17	9
those	17	5
kultury	17	7
jednak	17	6
health	17	6
europe	17	6
both	17	4
zarządzającego	17	14
zarząd	17	6
swoich	17	6
społeczeństwa	17	13
javier	17	6
zapewnienie	17	11
fakt	17	4
funkcji	17	7
mojej	17	5
zobowiązań	17	10
udziału	17	7
pomoc	17	5
wszystkim	17	9
metody	17	6
wielu	17	5
im	17	2
zrównoważonego	17	14
l'union	17	7
mających	17	8
share	17	5
ogrzewania	17	10
analizy	16	7
van	16	3
zostały	16	7
make	16	4
now	16	3
appropriate	16	11
komisjae	16	8
wyznaczonae	16	11
ściślejsza	16	10
podstawy	16	8
wprowadzenia	16	12
tekstem	16	7
uzna	16	4
funds	16	5
reduce	16	6
out	16	3
sprawiedliwości	16	15
given	16	5
tent	16	4
funding	16	7
wszelkich	16	9
skutków	16	7
trakcie	16	7
parlement	16	9
agency	16	6
świetle	16	7
iż	16	2
celem	16	5
wewnętrznej	16	11
strony	16	6
wiele	16	5
poszczególnych	16	14
komitet	16	7
odpowiednich	16	12
pana	16	4
las	16	3
spójności	16	9
quality	16	7
zachęca	16	7
nous	16	4
leśnych	16	7
europie	16	7
technologii	16	11
rynek	16	5
drugiego	15	8
dostęp	15	6
istnieje	15	8
oznacza	15	7
marie	15	5
del	15	3
wszystkie	15	9
framework	15	9
zastąpienie	15	11
through	15	7
total	15	5
basis	15	5
instrument	15	10
may	15	3
control	15	7
polityka	15	8
sprawach	15	8
giuseppe	15	8
network	15	7
being	15	5
evaluation	15	10
jedynie	15	7
wspólnot	15	8
kodeksu	15	7
dniu	15	4
dlatego	15	7
dostępne	15	8
ocena	15	5
zapobiegania	15	12
pomés	15	5
ruiz	15	4
wydatków	15	8
adar	15	4
powinien	15	8
właściwego	15	10
prac	15	4
ważne	15	5
obszaru	15	7
wagę	15	4
stosowania	15	10
zwiększenie	15	11
wobec	15	5
badania	15	7
szczeblu	15	8
monitorowania	15	13
unia	15	4
conseil	15	7
délocalisations	15	15
entreprises	15	11
wspierania	15	10
marine	15	6
radiation	15	9
istotne	14	7
organizacji	14	11
członkowskim	14	12
wraz	14	4
level	14	5
however	14	7
particularly	14	12
euwt	14	4
law	14	3
objectives	14	10
ii	14	2
niewydana	14	9
wewnętrznych	14	12
krajowym	14	8
amount	14	6
sustainable	14	11
private	14	7
following	14	9
could	14	5
impact	14	6
terms	14	5
important	14	9
której	14	6
ochronę	14	7
odpowiedzialności	14	17
gospodarczej	14	12
wydaje	14	6
pierwszej	14	9
été	14	3
oparciu	14	7
poświadczenia	14	13
chodzi	14	6
państwami	14	9
członkowskimi	14	13
programów	14	9
obowiązki	14	9
inne	14	4
europy	14	6
podstawowych	14	12
będę	14	4
standardów	14	10
grup	14	4
niezależności	14	13
sekcji	14	6
odpowiedzialny	14	14
uniwersytet	14	11
wysiłki	14	7
tworzenia	14	9
poza	14	4
planu	14	5
ochrona	14	7
wysokiej	14	8
społecznym	14	10
różnorodności	14	13
połowu	14	6
rural	14	5
a6	13	2
pełni	13	5
skuteczne	13	9
przypadkach	13	11
opinie	13	6
ferreira	13	8
they	13	4
several	13	7
uproszczona	13	11
regions	13	7
part	13	4
regulations	13	11
tasks	13	5
przedstawienia	13	14
programu	13	8
gargani	13	7
września	13	8
action	13	6
take	13	4
environment	13	11
value	13	5
investment	13	10
after	13	5
rate	13	4
annual	13	6
reference	13	9
when	13	4
further	13	7
need	13	4
role	13	4
lipca	13	5
numer	13	5
zdaniem	13	7
wysłuchaniu	13	11
przedstawiciela	13	15
directors	13	9
równego	13	7
nominacji	13	9
unijnych	13	8
jednakże	13	8
poziomu	13	7
korzyści	13	8
powyższym	13	9
jestem	13	6
niezależność	13	12
daniel	13	6
wykluczenia	13	11
wytycznych	13	10
zwiększenia	13	11
modelu	13	6
proposition	13	11
ont	13	3
gestion	13	7
sont	13	4
wyraża	13	6
zaleca	13	6
unię	13	4
konsumentów	13	11
économique	13	10
production	13	10
stratégie	13	9
leśnym	13	6
leśnego	13	7
l'ue	13	4
promotion	13	9
fisheries	13	9
electricity	13	11
workers	13	7
przeprowadzenia	12	15
richard	12	7
stworzenia	12	10
inicjatywy	12	10
trakatellis	12	11
various	12	7
provide	12	7
so	12	2
przedłożenie	12	12
cel	12	3
billion	12	7
achieved	12	8
treaty	12	6
rules	12	5
within	12	6
because	12	7
accordance	12	10
subject	12	7
ustanawiającego	12	15
braku	12	5
rodzaju	12	7
guidelines	12	10
identified	12	10
formation	12	9
maximum	12	7
levels	12	6
areas	12	5
contribution	12	12
agreement	12	9
access	12	6
ensure	12	6
information	12	11
następujących	12	13
takiej	12	6
zastosowania	12	12
wspólnotowego	12	13
swojej	12	6
dłuższy	12	7
następne	12	8
opiniodawczej	12	13
pięć	12	4
problem	12	7
than	12	4
radę	12	4
máire	12	5
geogheganquinn	12	14
pochodzenia	12	11
seminarium	12	10
większą	12	7
przykład	12	8
byłaby	12	6
przede	12	6
obszarach	12	9
różne	12	5
reformy	12	7
strukturalnych	12	14
włoskiego	12	9
conciliation	12	12
se	12	2
plus	12	4
wsi	12	3
zatrudnienie	12	12
otwartej	12	8
biologicznej	12	12
lasy	12	4
szkoleń	12	7
stratégique	12	11
gładzicy	12	8
box	12	3
exclusion	12	9
nieopublikowane	11	15
jednocześnie	11	12
którą	11	5
elisabeth	11	9
przyjęte	11	8
urzędu	11	6
ciągu	11	5
państwom	11	8
maría	11	5
aktu	11	4
key	11	3
instruments	11	11
decisions	11	9
herbert	11	7
mające	11	6
każdym	11	6
proposes	11	8
budget	11	6
internal	11	8
achieve	11	7
down	11	4
legislative	11	11
regional	11	8
three	11	5
respect	11	7
activities	11	10
authority	11	9
herczog	11	7
edukacji	11	8
nowe	11	4
czerwca	11	7
grant	11	5
notably	11	7
resources	11	9
costs	11	5
ogólne	11	6
poprawek	11	8
overall	11	7
there	11	5
systems	11	7
well	11	4
technical	11	9
wnioski	11	7
przepisy	11	8
minister	11	8
właściwym	11	9
francuskim	11	10
pytania	11	7
dokonywaniu	11	11
uwzględnia	11	10
ces	11	3
afin	11	4
employment	11	10
właściwej	11	9
swoim	11	5
dyskryminacji	11	13
mężczyzn	11	8
skonsultowała	11	13
kryteriów	11	9
stanu	11	5
stycznia	11	8
cocobu	11	6
zawsze	11	6
mimo	11	4
poziom	11	6
trybunale	11	9
każdego	11	7
sporządzenia	11	12
trybunałem	11	10
byłoby	11	6
myślą	11	5
część	11	5
nimi	11	4
zobowiązania	11	12
często	11	6
obecne	11	6
aspekty	11	7
sektorów	11	8
zakresu	11	7
odpowiednią	11	11
sądzę	11	5
władze	11	6
interesów	11	9
międzynarodowego	11	16
konstytucyjnego	11	15
najmniej	11	8
zatem	11	5
punktu	11	6
widzenia	11	8
obszarze	11	8
bathing	11	7
travail	11	7
uznałaby	11	8
podjęcia	11	8
délocalisation	11	14
sektorem	11	8
odnawialnej	11	11
d'action	11	8
durable	11	7
élément	11	7
discards	11	8
zagwarantowania	11	15
zaznacza	11	8
jean	10	4
odnoszących	10	11
członkowskiego	10	14
antonios	10	8
thomas	10	6
tadeusz	10	7
prawnego	10	8
available	10	9
sectors	10	7
importance	10	10
consumption	10	11
therefore	10	9
view	10	4
pierwszego	10	10
den	10	3
skuteczność	10	11
place	10	5
primary	10	7
established	10	11
potential	10	9
considers	10	9
without	10	7
two	10	3
carry	10	5
question	10	8
whether	10	7
end	10	3
dostosowania	10	12
samym	10	5
manuel	10	6
wzmocnienia	10	11
number	10	6
effect	10	6
construction	10	12
studies	10	7
environmental	10	13
effective	10	9
risk	10	4
multiannual	10	11
seán	10	4
neachtain	10	9
were	10	4
progress	10	8
expenditure	10	11
based	10	5
account	10	7
long	10	4
means	10	5
monitoring	10	10
casaca	10	6
państwo	10	7
organu	10	6
przedłużona	10	11
uzyskane	10	8
appointing	10	10
same	10	4
doświadczenie	10	13
decyzję	10	7
określonych	10	11
trybunałowi	10	11
legalności	10	10
ogólnie	10	7
najbardziej	10	11
podstaw	10	7
podejście	10	9
niezależnie	10	11
wyników	10	7
taki	10	4
wszelkie	10	8
czyli	10	5
gdyby	10	5
poświadczenie	10	13
dialog	10	6
kwestie	10	7
problemów	10	9
rozwiązań	10	9
części	10	6
udział	10	6
decyzje	10	7
je	10	2
doświadczenia	10	13
moim	10	4
iles	10	4
braghetto	10	9
ryzyka	10	6
źródła	10	6
utrzymania	10	10
ryzyko	10	6
przyszłości	10	11
poprzedni	10	9
momencie	10	8
wewnętrzny	10	10
da	10	2
lizbonie	10	8
delegacji	10	9
danych	10	6
promowania	10	10
delegation	10	10
reached	10	7
mesures	10	7
przemysł	10	8
wpływu	10	6
qu	10	2
développement	10	13
lasu	10	4
pożarom	10	7
połowów	10	7
target	10	6
ciepłownictwa	10	13
intended	10	8
axis	10	4
pierwszym	9	9
czytaniu	9	8
według	9	6
zdolność	9	8
jerzy	9	5
odnośnie	9	8
związanej	9	9
deputowanych	9	12
teksty	9	6
joel	9	4
hasse	9	5
cover	9	5
draft	9	5
where	9	5
kurt	9	4
articles	9	8
inés	9	4
ayala	9	5
sender	9	6
sobie	9	5
walki	9	5
ubóstwem	9	8
lokalnych	9	9
utworzenia	9	10
text	9	4
objective	9	9
allow	9	5
existing	9	8
local	9	5
regards	9	7
programy	9	8
umberto	9	7
istniejących	9	12
posiada	9	7
hanspeter	9	9
zwiefka	9	7
względem	9	8
sekcja	9	6
przeanalizowania	9	16
meeting	9	7
investments	9	11
changes	9	7
time	9	4
sections	9	8
able	9	4
methods	9	7
interoperability	9	16
works	9	5
eligible	9	8
conformity	9	10
high	9	4
average	9	7
cases	9	5
put	9	3
already	9	7
reduction	9	9
them	9	4
programmes	9	10
over	9	4
request	9	7
results	9	7
paulo	9	5
martin	9	6
ustawodawstw	9	12
mieć	9	4
następujące	9	11
mianowany	9	9
udzielenia	9	10
membres	9	7
cette	9	5
leur	9	4
ustanowienia	9	12
centrum	9	7
basic	9	5
równouprawnienia	9	16
zasadę	9	6
traktowania	9	11
prawidłowości	9	13
nawet	9	5
uwzględnieniem	9	14
prace	9	5
nich	9	4
rok	9	3
osiągnięcie	9	11
niezwykle	9	9
wyraźnie	9	8
miejsce	9	7
moich	9	5
wynikające	9	10
krajów	9	6
pełnienia	9	9
członkowie	9	10
mnie	9	4
najważniejsze	9	13
jeden	9	5
skutecznych	9	11
rozwijanie	9	10
olaf	9	4
ogólnym	9	7
kilka	9	5
posiedzenia	9	11
zmniejszenia	9	12
obrachunkowym	9	13
powodu	9	6
drugi	9	5
pełnego	9	7
władz	9	5
entre	9	5
fiscal	9	6
perspektywy	9	11
zainteresowanych	9	16
procesu	9	7
domaga	9	6
środowisko	9	10
węgla	9	5
zmierzających	9	13
roboczej	9	8
społeczna	9	9
licencji	9	8
concernant	9	10
services	9	8
avec	9	4
informowania	9	12
stanowić	9	8
zachęty	9	7
ponownie	9	8
sein	9	4
régions	9	7
technologies	9	12
gatunków	9	8
poważne	9	7
kwadratu	9	8
szetlandzkiego	9	14
stocks	9	6
odnawialne	9	10
chłodnictwa	9	11
partnerów	9	9
emerytalnych	9	12
osoby	9	5
inclusion	9	9
zalecenie	8	9
mającego	8	8
przedstawionego	8	15
przedstawione	8	13
zasadą	8	6
stavros	8	7
adam	8	4
garcía	8	6
zita	8	4
louis	8	5
dyrektywa	8	9
czasu	8	5
zezwolenia	8	10
taka	8	4
własnej	8	7
postanowieniami	8	15
anne	8	4
podpisania	8	10
przewodniczącym	8	15
single	8	6
needs	8	5
since	8	5
reading	8	7
force	8	5
before	8	6
zmieniony	8	9
robert	8	6
mann	8	4
wymogów	8	7
michael	8	7
zagranicznych	8	13
karin	8	5
general	8	7
cohesion	8	8
interregional	8	13
mr	8	2
third	8	5
specific	8	8
actions	8	7
referred	8	8
main	8	4
right	8	5
wskazuje	8	8
david	8	5
berger	8	6
lechner	8	7
klausheiner	8	11
lehne	8	5
pomimo	8	6
bert	8	4
doorn	8	5
ogólnych	8	8
finansowania	8	12
parts	8	5
financing	8	9
risks	8	5
relation	8	8
related	8	7
domain	8	6
initial	8	7
work	8	4
amended	8	7
current	8	7
limit	8	5
certain	8	7
provided	8	8
different	8	9
elles	8	5
kyösti	8	6
virrankoski	8	11
zmieniającej	8	12
etapu	8	5
values	8	6
above	8	5
give	8	4
wspólnocie	8	10
maja	8	4
sprawa	8	6
ewentualne	8	10
roli	8	4
pięciu	8	6
jednokrotnie	8	12
base	8	4
requirements	8	12
wykonawczego	8	12
bauer	8	5
życiorys	8	8
dwóch	8	5
czasie	8	6
kontrolę	8	8
stanie	8	6
pozytywnego	8	11
obowiązkiem	8	11
niezbędne	8	9
traktat	8	7
wysiłków	8	8
oczywiście	8	10
debaty	8	6
niezbędnych	8	11
wizerunku	8	9
przejrzystości	8	14
specjalne	8	9
wiadomo	8	7
instytucjami	8	12
szczegółowo	8	11
komisją	8	7
częściowo	8	9
cechy	8	5
należytego	8	10
istnieć	8	7
podejmowane	8	11
którzy	8	6
przeszłości	8	11
szczególną	8	10
struktury	8	9
trudności	8	9
całkowicie	8	10
politycznej	8	11
komunikacji	8	11
zadań	8	5
wyłącznie	8	9
kolidować	8	9
obowiązkami	8	11
kontrolą	8	8
gwarancji	8	9
problemy	8	8
dotyczy	8	7
główną	8	6
przeglądu	8	9
wskazówek	8	9
dalsze	8	6
caspary	8	7
karela	8	6
pinxtena	8	8
publiczne	8	9
źródłem	8	7
wkład	8	5
uwzględnienie	8	13
mógłby	8	6
skuteczności	8	12
jakim	8	5
wiedzy	8	6
skutki	8	6
instytucja	8	10
juana	8	5
massaneta	8	9
specjalności	8	12
derecho	8	7
rachunkowości	8	13
dochodów	8	8
kosztów	8	7
odpowiedniej	8	12
kompetencji	8	11
uwzględnienia	8	13
dużym	8	5
vítora	8	6
manuela	8	7
silvy	8	5
caldeiry	8	8
wspólnotowym	8	12
ograniczeń	8	10
wspólnych	8	9
większej	8	8
massima	8	7
variego	8	7
problemu	8	8
konwencji	8	9
dostępie	8	8
pecons	8	6
second	8	6
przedłużenie	8	12
terminu	8	7
circulation	8	11
cadre	8	5
niveau	8	6
membre	8	6
zakładów	8	8
długoterminowej	8	15
utraty	8	6
świecie	8	7
produkty	8	8
całe	8	4
innowacji	8	9
emploi	8	6
activités	8	9
fonds	8	5
entreprise	8	10
même	8	4
pays	8	4
lasami	8	6
strategicznych	8	14
strategie	8	9
naturalnych	8	11
promowanie	8	10
proponuje	8	9
przyjaznych	8	11
kwalifikacji	8	12
plaice	8	6
species	8	7
future	8	6
energię	8	7
solar	8	5
handlowych	8	10
gwarantowanych	8	14
exposure	8	8
wykluczeniem	8	12
trwałości	8	9
lifelong	8	8
learning	8	8
zajęte	7	6
przejrzyste	7	11
uwzględnić	7	10
odpowiedniego	7	13
jaką	7	4
giovanni	7	8
lambert	7	7
markus	7	6
vladimír	7	8
seeber	7	6
minimalnych	7	11
transportowych	7	14
ekspertyzę	7	10
zostaje	7	7
mary	7	4
peter	7	5
marcello	7	8
vernola	7	7
generalnego	7	11
context	7	7
whole	7	5
aim	7	3
opinion	7	7
thus	7	4
itself	7	6
othmar	7	6
karas	7	5
philip	7	6
petr	7	4
duchoň	7	6
integracja	7	10
potencjału	7	10
regionalnych	7	12
csaba	7	5
carl	7	4
schlyter	7	8
capacity	7	8
limits	7	6
include	7	7
territorial	7	11
transnational	7	13
integration	7	11
purpose	7	7
forms	7	5
bodies	7	6
very	7	4
nature	7	6
way	7	3
binding	7	7
case	7	4
then	7	4
convention	7	10
he	7	2
projekcie	7	9
guidoni	7	7
postępowanie	7	12
wolności	7	8
nadal	7	5
ramy	7	4
aloyzas	7	7
sakalas	7	7
rainer	7	6
wieland	7	7
funkcjonowania	7	14
zaufania	7	8
wyzwań	7	6
priorities	7	10
field	7	5
communautaire	7	13
added	7	5
direct	7	6
phase	7	5
competition	7	11
budgetary	7	9
apply	7	5
draftsman	7	9
included	7	8
far	7	3
better	7	6
safety	7	6
considered	7	10
conclusion	7	10
minimum	7	7
commitment	7	10
practice	7	8
submitted	7	9
while	7	5
least	7	5
regarding	7	9
modifications	7	13
prowadzone	7	10
stage	7	5
protokołu	7	9
organami	7	8
wyżej	7	5
ww	7	2
projekty	7	8
przewidzenie	7	12
dyrektor	7	8
informacyjnych	7	14
devraient	7	9
renewal	7	7
board	7	5
dokonania	7	9
kierunku	7	8
szkolenia	7	9
ramowe	7	6
listopada	7	9
instytucjom	7	11
chwili	7	6
ministra	7	8
okresie	7	7
wykonywanie	7	11
roboczych	7	9
nią	7	3
podjęcie	7	8
dotyczącą	7	9
odpowiedzialność	7	16
dokładnie	7	9
roczne	7	6
dokument	7	8
osobom	7	6
szczegółowe	7	11
dokumentów	7	10
nadużyć	7	7
konferencji	7	11
służby	7	6
mam	7	3
nadzieję	7	8
zostanie	7	8
przejrzystość	7	13
moja	7	4
parlamencie	7	11
obowiązek	7	9
proponowanych	7	13
przedstawić	7	11
biorąc	7	6
prowadzić	7	9
strukturze	7	10
zmierzające	7	11
wykonywaniu	7	11
ostatnie	7	8
podmiotach	7	10
przyszłymi	7	10
zawodowe	7	8
procedur	7	8
charakter	7	9
zastosowanie	7	12
mi	7	2
kandydaturę	7	11
nieprzychylna	7	13
moje	7	4
możliwie	7	8
określenie	7	10
kontrola	7	8
zostaną	7	7
jasne	7	5
obowiązujących	7	14
praca	7	5
konsekwencji	7	12
odpowiednim	7	11
każdej	7	6
głównie	7	7
naukowe	7	7
dotyczącymi	7	11
października	7	12
nim	7	3
czynniki	7	8
wytyczne	7	8
służyć	7	6
stopnia	7	7
wewnętrznym	7	11
sa	7	2
dodanej	7	7
program	7	7
komunikatu	7	10
kurs	7	4
wskaźników	7	10
niektóre	7	8
solidarności	7	12
różnice	7	7
pojednawczy	7	11
waters	7	6
aérienne	7	8
création	7	8
comme	7	5
suite	7	5
objectifs	7	9
son	7	3
autre	7	5
regionach	7	9
gospodarcze	7	11
narzędzia	7	9
obrębie	7	7
dziedzinach	7	11
miejsca	7	7
utworzenie	7	10
leurs	7	5
cohésion	7	8
politiques	7	10
heinz	7	5
kindermann	7	10
leśnictwa	7	9
społeczne	7	9
wielofunkcyjną	7	14
ludności	7	8
ograniczenia	7	12
mise	7	4
ograniczonego	7	13
nsrac	7	5
industry	7	8
promote	7	7
increasing	7	10
wykorzystaniem	7	14
przeszkód	7	9
most	7	4
thermal	7	7
source	7	6
siły	7	4
tradycyjnych	7	12
społeczną	7	9
mobilności	7	10
people	7	6
języków	7	7
optical	7	7
starszych	7	9
mniejszości	7	11
child	7	5
housing	7	7
restrukturyzacjom	7	17
kryteria	6	8
zgodne	6	6
koszty	6	6
taryf	6	5
właściwe	6	8
arnaoutakis	6	11
james	6	5
schroedter	6	10
mojca	6	5
drčar	6	5
murko	6	5
rozporządzeń	6	12
drogowym	6	8
urządzeń	6	8
ocenę	6	5
dorette	6	7
corbey	6	6
florenz	6	7
honeyball	6	9
caroline	6	8
maaten	6	6
vittorio	6	8
prodi	6	5
anja	6	4
weisgerber	6	10
pilar	6	5
wersja	6	6
generalnym	6	10
coordination	6	12
accounts	6	8
economy	6	7
households	6	10
consideration	6	13
major	6	5
institutional	6	13
accepted	6	8
having	6	6
june	6	4
paolo	6	5
piianoora	6	9
kauppi	6	6
margarita	6	9
starkevičiūtė	6	13
usługi	6	6
defined	6	7
zastrzeżenia	6	12
luis	6	4
georg	6	5
jarzembowski	6	12
lichtenberger	6	13
willi	6	5
piecyk	6	6
uznania	6	7
traktowane	6	10
manolis	6	7
mavrommatis	6	11
őry	6	3
zbigniew	6	8
ugrupowania	6	11
zawiera	6	7
provides	6	8
addition	6	8
applying	6	8
aims	6	4
aspects	6	7
result	6	6
relevant	6	8
own	6	3
director	6	8
kolejnych	6	9
wieloletnich	6	12
giles	6	5
chichester	6	10
obywatelskich	6	13
mechanizmów	6	11
małych	6	6
model	6	5
antonio	6	7
white	6	5
język	6	5
realizacja	6	10
potrzeba	6	8
określenia	6	10
przyznawania	6	12
instrumentów	6	12
fundusze	6	8
develop	6	7
fully	6	5
individual	6	10
granting	6	8
growth	6	6
characterised	6	13
focused	6	7
highest	6	7
encourage	6	9
actors	6	6
infrastructure	6	14
firm	6	4
capital	6	7
eligibility	6	11
procurement	6	11
rail	6	4
institutions	6	12
introduction	6	12
cannot	6	6
perspective	6	11
clear	6	5
what	6	4
cofinancing	6	11
led	6	3
form	6	4
longer	6	6
effects	6	7
higher	6	6
across	6	6
process	6	7
taking	6	6
bösch	6	5
szabolcs	6	8
fazakas	6	7
tapio	6	5
zewnątrz	6	8
wibracyjne	6	10
stosowane	6	9
christofer	6	10
fjellner	6	8
uchylającej	6	11
wyznaczonych	6	12
orzeczeń	6	8
posła	6	5
stwierdzenie	6	12
zawartye	6	8
monetarnej	6	10
sposobu	6	7
funkcję	6	7
nicola	6	6
zingaretti	6	10
nicole	6	6
fontaine	6	8
powołanego	6	10
jednorazowego	6	13
przedłużenia	6	12
stosownej	6	9
zainteresowania	6	15
kadencję	6	8
premier	6	7
effet	6	5
ainsi	6	5
how	6	3
had	6	3
pillar	6	6
applied	6	7
appointment	6	11
proposals	6	9
opportunity	6	11
lotniczego	6	10
dotyczącej	6	10
patrick	6	7
kwestionariusza	6	15
obrachunkowemu	6	14
irlandii	6	8
kolegium	6	8
ministerstwie	6	13
prezydencji	6	11
rządu	6	5
doradca	6	7
efogr	6	5
cead	6	4
administracyjnego	6	17
krytycznej	6	10
dokumentach	6	11
był	6	3
uznaje	6	6
nigdy	6	5
sprawę	6	6
podjąć	6	6
tam	6	3
zasadami	6	8
najważniejszych	6	15
oczach	6	6
przystępne	6	10
rola	6	4
wykorzystywane	6	14
tekście	6	7
elementy	6	8
ostatnich	6	9
główne	6	6
jakość	6	6
podobnie	6	8
pomaga	6	6
przedstawianiem	6	15
reakcja	6	7
wezwał	6	6
odgrywa	6	7
źródło	6	6
mój	6	3
tymi	6	4
mogłaby	6	7
rzeczywiście	6	12
reform	6	6
trzy	6	4
kontrole	6	8
unikać	6	6
zobowiązanie	6	12
mogłoby	6	7
informacje	6	10
pracę	6	5
programowania	6	13
projektów	6	9
porozumienia	6	12
wsparcie	6	8
dokumentacji	6	12
pracownikom	6	11
stosowanie	6	10
podejścia	6	9
zgodność	6	8
brak	6	4
postęp	6	6
kandydata	6	9
mśp	6	3
ważną	6	5
udzielania	6	10
środkami	6	8
wartość	6	7
bezpośrednio	6	12
sprawozdawcą	6	12
zasadzie	6	8
obejmować	6	9
przydatne	6	9
zależy	6	6
finansowy	6	9
zawodowych	6	10
przestrzeganie	6	14
sektorach	6	9
drugiej	6	7
standardy	6	9
ramallo	6	7
locales	6	7
choć	6	4
technologie	6	11
wymaga	6	6
władzy	6	6
temu	6	4
wdrożenie	6	9
administracji	6	13
wydajności	6	10
zewnętrznej	6	11
związek	6	7
kontrolne	6	9
grupa	6	5
sobą	6	4
określonymi	6	11
grupach	6	7
komitecie	6	9
konkretnych	6	11
postępów	6	8
lepszego	6	8
prawo	6	5
dążeniu	6	7
stworzenie	6	10
ustanowionej	6	12
onz	6	3
szeregu	6	7
dei	6	3
diritti	6	7
powinni	6	7
dużą	6	4
lokalne	6	7
roland	6	6
ioannis	6	7
gklavakis	6	9
issues	6	6
joint	6	5
scope	6	5
wnioskująca	6	11
wspólnotowej	6	12
dispositions	6	12
licence	6	7
d'un	6	4
éléments	6	8
première	6	8
activité	6	8
qualifications	6	14
contre	6	6
przyjętego	6	10
regionalnym	6	11
zmniejszenie	6	12
zjawiska	6	8
wykorzystywania	6	15
popiera	6	7
międzynarodowym	6	15
politykę	6	8
skutecznego	6	11
inwestycji	6	10
człowieka	6	9
dotkniętych	6	11
poszanowania	6	12
emplois	6	7
si	6	2
andersson	6	9
wpr	6	3
bioróżnorodności	6	16
strategia	6	9
leśna	6	5
ochronie	6	8
pożarami	6	8
przeciwdziałania	6	16
własności	6	9
przyczynia	6	10
większym	6	8
rozumieniu	6	10
służących	6	9
gospodarkę	6	10
carmen	6	6
fraga	6	5
estévez	6	7
kwadrat	6	7
szetlandzki	6	11
gospodarczy	6	11
stecf	6	5
germany	6	7
area	6	4
morskiego	6	9
komunikacie	6	11
low	6	3
large	6	5
habitats	6	8
create	6	6
longterm	6	8
wykorzystujących	6	16
agriculture	6	11
example	6	7
wzrost	6	6
guideline	6	9
reagowania	6	10
artificial	6	10
dziecka	6	7
ludzi	6	5
wśród	6	5
rodzin	6	6
zatytułowany	6	12
pracownicy	6	10
faktycznie	5	10
nakładów	5	8
stosownych	5	10
zwrotu	5	6
terminie	5	8
gurmai	5	6
francesco	5	9
nistelrooij	5	11
olbrycht	5	8
pieper	5	6
francisca	5	9
pleguezuelos	5	12
aguilar	5	7
margie	5	6
sudre	5	5
březina	5	7
eluned	5	6
morgan	5	6
ustawodawstwa	5	13
helmuth	5	7
markov	5	6
harmonizacji	5	12
ruchu	5	5
czynności	5	9
zezwolenie	5	10
rewizji	5	7
zachodzi	5	8
bezzwłocznie	5	12
publiczna	5	9
chris	5	5
davies	5	6
karlheinz	5	9
norbert	5	7
glante	5	6
françoise	5	9
grossetête	5	10
jules	5	5
miroslav	5	8
martínez	5	8
ulmer	5	5
gonzález	5	8
angielska	5	9
sekretarza	5	10
porozumieniu	5	12
publikacji	5	10
developments	5	12
jeanpaul	5	8
john	5	4
sánchez	5	7
anna	5	4
roberts	5	7
sesji	5	5
plenarnej	5	9
etelka	5	6
barsipataky	5	11
costa	5	5
christine	5	9
veyrac	5	6
mathieu	5	7
ewa	5	3
dieterlebrecht	5	14
koch	5	4
bogusław	5	8
dover	5	5
reul	5	4
udzielanej	5	10
polityką	5	8
sam	5	3
milan	5	5
ana	5	3
transgranicznej	5	15
trzeci	5	6
consequently	5	12
applicable	5	10
przedstawicieli	5	15
background	5	10
amounts	5	7
resolution	5	10
greater	5	7
efforts	5	7
among	5	5
recital	5	7
strengthen	5	10
laws	5	4
recitals	5	8
reflect	5	7
international	5	13
setting	5	7
according	5	9
decide	5	6
either	5	6
involved	5	8
adopt	5	5
once	5	4
bernard	5	7
catherine	5	9
określone	5	9
legislacyjnym	5	13
realizowana	5	11
nakazu	5	6
zapłaty	5	7
przewidzianego	5	14
prawne	5	6
medina	5	6
ortega	5	6
dalszej	5	7
zapewniania	5	11
wyższym	5	7
sprawozdawczyni	5	15
starań	5	6
międzynarodowej	5	15
energetycznych	5	14
budżetowych	5	11
rozszerzonej	5	12
strategiczne	5	12
krajami	5	7
supplement	5	10
latter	5	6
adopting	5	8
determining	5	11
contribute	5	10
stimulating	5	11
competitiveness	5	15
developing	5	10
guarantee	5	9
guarantees	5	10
programming	5	11
allocated	5	9
group	5	5
creation	5	8
indeed	5	6
meaning	5	7
appears	5	7
appropriations	5	14
presented	5	9
january	5	7
site	5	4
undertaken	5	10
zbliżenia	5	9
emisji	5	6
przekazanie	5	11
equipment	5	9
five	5	4
year	5	4
przywilejów	5	11
immunitetów	5	11
kwietnia	5	8
zbiór	5	5
francuskiej	5	11
krajowego	5	9
zwrócić	5	7
statystyk	5	9
lutego	5	6
odbywać	5	7
kadencja	5	8
mandat	5	6
service	5	7
règlements	5	10
relatif	5	7
propositions	5	12
legally	5	7
introduce	5	9
selection	5	9
extension	5	9
independence	5	12
zarządzający	5	12
wyniku	5	6
niego	5	5
court	5	5
przyszłych	5	10
dostosowanie	5	12
etniczne	5	8
dóbr	5	4
rosa	5	4
kwalifikacje	5	12
przychylną	5	10
koordynację	5	11
ministrem	5	9
odpowiedzialna	5	14
myśli	5	5
wyrażonej	5	9
negatywne	5	9
publiczną	5	9
słabe	5	5
istnieją	5	8
okazać	5	6
postępu	5	7
działaniach	5	11
przygotowania	5	13
kreowania	5	9
zrobić	5	6
miały	5	5
lepszy	5	6
odbiór	5	6
stawić	5	6
czoła	5	5
wpływa	5	6
kluczowe	5	8
przeprowadzanych	5	16
błędów	5	6
urzędowych	5	10
takiego	5	7
efektywności	5	12
pełnieniu	5	9
kontrolnej	5	10
funkcje	5	7
jaka	5	4
wzbudzającej	5	12
niepokój	5	8
określa	5	7
sprawozdaniach	5	14
dotyczą	5	7
zapewne	5	7
zmienia	5	7
wniosków	5	8
niedawno	5	8
administracyjnych	5	17
wydawanych	5	10
zadanie	5	7
własnych	5	8
opierać	5	7
sytuację	5	8
stron	5	5
ile	5	3
uczynić	5	7
skutecznym	5	10
natury	5	6
proces	5	6
zamierza	5	8
zrealizować	5	11
praktyce	5	8
swych	5	5
żadnego	5	7
raz	5	3
oparte	5	6
mojego	5	6
pełniąc	5	7
min	5	3
wspólnotowy	5	11
trwały	5	6
następnie	5	9
charakterze	5	11
pewnych	5	7
propozycji	5	10
assyst	5	6
podjęte	5	7
stosowaniu	5	10
ulepszenia	5	10
ogólny	5	6
przegląd	5	8
danym	5	5
dalszego	5	8
osobami	5	7
prowadzenia	5	11
końca	5	5
poważny	5	7
rząd	5	4
nominacja	5	9
mogens	5	6
nj	5	2
camre	5	5
lorenzo	5	7
cesa	5	4
borut	5	5
pahor	5	5
bart	5	4
staes	5	5
studia	5	6
zjednoczonych	5	13
nadzoru	5	7
aktualnych	5	10
szczególnej	5	11
programach	5	10
ustanowienie	5	12
świadomość	5	10
przestrzegania	5	14
praktyk	5	7
zasobami	5	8
ważnych	5	7
europejskimi	5	12
dialogu	5	7
poprawa	5	7
zbyt	5	4
utrzymaniu	5	10
priorytetów	5	11
wydatkami	5	9
istniejące	5	10
jakichkolwiek	5	13
kontrolera	5	10
takimi	5	6
zachowanie	5	10
zawodowej	5	9
żadnych	5	7
mógł	5	4
zostałem	5	8
dwa	5	3
jednej	5	6
porozumienie	5	12
podatkowego	5	11
hiszpański	5	10
hiszpańskim	5	11
kongresu	5	8
podatkowych	5	11
publicznymi	5	11
miejscu	5	7
opartych	5	8
realizację	5	10
sprawą	5	6
dokumenty	5	9
instrumentem	5	12
unijnej	5	7
zwalczanie	5	10
nielegalnych	5	12
potencjał	5	9
warunkiem	5	9
podmiotów	5	9
dochodu	5	7
udzielanie	5	10
podstawę	5	8
znaczeniu	5	9
uwzględniać	5	11
nicei	5	5
głównym	5	7
dziedziny	5	9
obowiązku	5	9
propozycję	5	10
inspektora	5	10
igf	5	3
improvement	5	11
czech	5	5
audytu	5	6
uwzględnieniu	5	13
powodów	5	7
zrównoważony	5	12
potrzeb	5	7
formie	5	6
parlamentom	5	11
zarządzaniu	5	11
zapewniają	5	10
sociale	5	7
umożliwienia	5	12
mogły	5	5
znaleźć	5	7
związanymi	5	10
polityczne	5	10
jakością	5	8
zapewnieniu	5	11
jednego	5	7
procesów	5	8
wzmocnić	5	8
obszary	5	7
jeggle	5	6
wody	5	4
pojednawczego	5	13
october	5	7
water	5	5
improve	5	7
accept	5	6
held	5	4
constituent	5	11
planning	5	8
review	5	6
plans	5	5
agreed	5	6
ep	5	2
scientific	5	10
licences	5	8
nationales	5	10
notamment	5	9
lecture	5	7
être	5	4
peut	5	4
matière	5	7
surveillance	5	12
concernés	5	9
oddalić	5	7
skonsultowanie	5	14
fakcie	5	6
varela	5	6
suanzescarpegna	5	15
zakładowej	5	10
pracownikami	5	12
zamykania	5	9
wspieranie	5	10
mniej	5	5
perspektywie	5	12
produkcyjnych	5	13
globalizacja	5	12
przenoszenia	5	12
terytorium	5	10
delokalizacja	5	13
przypomina	5	10
koncentracji	5	12
procesy	5	7
zapobieganie	5	12
krok	5	4
prowadzonej	5	11
kwestiami	5	9
społeczny	5	9
décisions	5	9
etats	5	5
structurels	5	11
quelque	5	7
communauté	5	10
cet	5	3
pouvoir	5	7
travailleurs	5	12
tout	5	4
należących	5	10
zobowiązaniami	5	14
elspeth	5	7
attwooll	5	8
własną	5	6
perspektyw	5	10
pt	5	2
lizbońskich	5	11
odgrywają	5	9
propagowanie	5	12
leśną	5	5
środowiskowych	5	14
pożarów	5	7
szybkiego	5	9
solidarność	5	11
ważny	5	5
ekologiczne	5	11
zwalczaniu	5	10
nielegalnego	5	12
wyrębu	5	6
gospodarce	5	10
drewno	5	6
komunikacyjne	5	13
wymiaru	5	7
résolution	5	10
bois	5	4
active	5	6
duarte	5	6
freitas	5	7
czesław	5	7
siekierski	5	10
zdzisław	5	8
ograniczony	5	11
shetland	5	8
uk	5	2
vessels	5	7
closed	5	6
salomona	5	8
living	5	6
approach	5	8
effort	5	6
catches	5	7
establishment	5	13
research	5	8
fishermen	5	9
reach	5	5
size	5	4
vulnerable	5	10
załączniku	5	10
penetracji	5	10
opracować	5	9
grzewczych	5	10
geothermal	5	10
opportunities	5	13
austria	5	7
targets	5	7
jobs	5	4
hand	5	4
parliament's	5	12
wyzwanie	5	8
obliczu	5	7
gospodarczym	5	12
szczycie	5	8
felt	5	4
axes	5	4
women	5	5
suggested	5	9
konkurencyjność	5	15
gotowości	5	9
zdrowotnej	5	10
wykluczenie	5	11
kobiety	5	7
rodzinnym	5	9
wieku	5	5
partnerzy	5	9
społeczni	5	9
sądzi	5	5
płci	5	4
tackling	5	8
labour	5	6
antycypacji	5	11
restrukturyzacjami	5	18
gazu	4	4
określić	4	8
poniesione	4	10
odpowiedni	4	10
zwrot	4	5
inwestycyjnych	4	14
regulacyjne	4	11
nowej	4	5
przesyłową	4	10
zapotrzebowania	4	15
kontrakcie	4	10
jana	4	4
bernadette	4	10
hatzidakis	4	10
alain	4	5
hutchinson	4	10
mieczysław	4	10
edmund	4	6
janowski	4	8
gisela	4	6
kallenbach	4	10
lászló	4	6
socjalnego	4	10
stosowanych	4	11
określonym	4	10
poddaje	4	7
drodze	4	6
trzech	4	6
decyzja	4	7
opłaty	4	6
niniejszego	4	11
evans	4	5
satu	4	4
hassi	4	5
liese	4	5
riitta	4	6
myller	4	6
guido	4	5
margrete	4	8
auken	4	5
ayuso	4	5
buzek	4	5
erna	4	4
hennicotschoepges	4	17
urszula	4	7
krupa	4	5
mikolášik	4	9
ria	4	3
oomenruijten	4	12
gospodarcza	4	11
monetarna	4	9
przyjęty	4	8
wspólnym	4	8
stwierdzeniu	4	12
prawidłowo	4	10
zakończone	4	10
sekretarzem	4	11
political	4	9
increased	4	9
monetary	4	8
back	4	4
zastąpiony	4	10
zastąpieni	4	10
gauzès	4	6
ian	4	3
hudghton	4	8
harald	4	6
ettl	4	4
corien	4	6
wortmannkool	4	12
ustalonych	4	10
hedkvist	4	8
petersen	4	8
jeanine	4	7
hennisplasschaert	4	17
janusz	4	6
willem	4	6
schuth	4	6
wiązania	4	8
kraju	4	5
pozycji	4	7
andrzej	4	7
józef	4	5
bowis	4	5
kułakowski	4	10
gabriele	4	8
zimmer	4	6
bądź	4	4
fact	4	4
egtc	4	4
personality	4	11
powołanie	4	9
listę	4	5
prawem	4	6
strengthening	4	13
establishing	4	12
laid	4	4
times	4	5
recognised	4	10
iii	4	3
present	4	7
others	4	6
package	4	7
fund	4	4
partnerships	4	12
explanatory	4	11
envisaged	4	9
improving	4	9
procedures	4	10
groupings	4	9
facilitate	4	10
agreements	4	10
authorities	4	11
intervention	4	12
applies	4	7
assistance	4	10
performance	4	11
body	4	4
regard	4	6
covered	4	7
see	4	3
statutes	4	8
falbr	4	5
věra	4	4
flasarová	4	9
fazy	4	4
satelitarnej	4	12
statement	4	9
ewentualnego	4	12
andres	4	6
tarand	4	6
turmes	4	6
lit	4	3
podejmowanie	4	12
szkolnictwie	4	12
czym	4	4
świadczy	4	8
szkolnictwa	4	11
wyższego	4	8
com	4	3
points	4	6
makes	4	5
marianne	4	8
barbara	4	7
transeuropejskich	4	17
jednolitego	4	11
związków	4	8
potencjalnie	4	12
interconnections	4	16
neighbouring	4	12
about	4	5
includes	4	8
presenting	4	10
tend	4	4
accelerate	4	10
mentioned	4	9
mobilise	4	8
investors	4	9
mainly	4	6
loan	4	4
philippe	4	8
patrizia	4	8
toia	4	4
erika	4	5
less	4	4
strong	4	6
inland	4	6
successful	4	10
making	4	6
represent	4	9
commission's	4	12
seems	4	5
adequate	4	8
additionally	4	12
even	4	4
responsible	4	11
estimated	4	9
september	4	9
limited	4	7
good	4	4
proposing	4	9
traffic	4	7
benefit	4	7
benefits	4	8
received	4	8
incurred	4	8
date	4	4
sites	4	5
attached	4	8
introduced	4	10
principle	4	9
contain	4	7
fields	4	6
conclusions	4	11
jacek	4	5
liczbowe	4	8
walce	4	5
gąsiennicowe	4	12
kw	4	2
napędzane	4	9
silnikiem	4	9
spalinowym	4	10
przycinarki	4	11
trawnika	4	8
later	4	5
johannes	4	8
blokland	4	8
zobowiązaniom	4	13
wynikającym	4	11
bezpośrednich	4	13
francuskiego	4	12
pierwotnego	4	11
właściwy	4	8
organ	4	5
eva	4	3
rynków	4	6
uprawnień	4	9
samego	4	6
wykonawczych	4	12
okresu	4	6
michel	4	6
rocard	4	6
1a	4	2
kandydatów	4	10
mianowania	4	10
wyznaczony	4	10
większości	4	10
przekazywana	4	12
titre	4	5
terme	4	5
traité	4	6
nomination	4	10
procédure	4	9
présenté	4	8
visant	4	6
différents	4	10
rôle	4	4
ustanawiające	4	13
leków	4	5
jutta	4	5
haug	4	4
reappointment	4	13
simple	4	6
extending	4	9
agency's	4	8
harmonised	4	10
administrative	4	14
naturally	4	9
another	4	7
matter	4	6
extend	4	6
food	4	4
director's	4	10
czele	4	5
stoi	4	4
pięcioletnią	4	12
wyznaczonego	4	12
decentralised	4	13
trwa	4	4
jednorazowo	4	11
równych	4	7
szans	4	5
wspólnotę	4	9
przyjęła	4	8
wprowadzającą	4	13
ustanawiającą	4	13
wiek	4	4
wysłuchała	4	10
training	4	8
przejścia	4	9
deklaracji	4	10
rządów	4	6
dużych	4	6
sferze	4	6
koordynacja	4	11
momentu	4	7
maastricht	4	10
rozliczenia	4	11
rozliczeń	4	9
finansowym	4	10
sytuacja	4	8
zwracać	4	7
czas	4	4
właściwie	4	9
niezależnego	4	12
forum	4	5
wynikających	4	12
związana	4	8
kwestia	4	7
sposoby	4	7
szczegółowych	4	13
zapewnieniem	4	12
znacznie	4	8
obywatelom	4	10
ponad	4	5
spójność	4	8
jasno	4	5
otwarty	4	7
monitorowanie	4	13
udzielić	4	8
itp	4	3
konkretne	4	9
zakres	4	6
rozpatrywane	4	12
traktatem	4	9
wspierać	4	8
najwyższej	4	10
wagi	4	4
proponowane	4	11
przekonana	4	10
okazję	4	6
tę	4	2
siebie	4	6
prawdopodobnie	4	14
krajowymi	4	9
rzeczywistości	4	14
następuje	4	9
audytorom	4	9
korzystać	4	9
nadużycia	4	9
granicach	4	9
konstytucji	4	11
wciąż	4	5
przewiduje	4	10
instrukcje	4	10
jakiegokolwiek	4	14
przewidzianych	4	14
podejmowaniu	4	12
udziały	4	7
posiadam	4	8
zawarte	4	7
byłam	4	5
wspólnotową	4	11
duże	4	4
jedna	4	5
odpowiedzialnym	4	15
podręcznika	4	11
jednolitej	4	10
planowanie	4	10
przyjął	4	7
planowania	4	10
wymagań	4	7
kroki	4	5
opracowanie	4	11
najlepiej	4	9
odpowiedzialnego	4	16
nieprawidłowości	4	16
trzecich	4	8
zaś	4	3
obawy	4	5
sytuacjach	4	10
dotycząca	4	9
istotny	4	7
ekonomii	4	8
leuven	4	6
gospodarka	4	10
młodych	4	7
uniwersytecie	4	13
belgijskiego	4	12
kancelarii	4	10
publikacje	4	10
została	4	7
użyteczne	4	9
treści	4	6
dokładnych	4	10
poprawie	4	8
daje	4	4
tworzenie	4	9
takim	4	5
relacji	4	7
należyte	4	8
wyrażone	4	8
poziomach	4	9
skuteczna	4	9
zadaniem	4	8
finansowymi	4	11
wzajemnego	4	10
opartego	4	8
panu	4	4
ogólnego	4	8
uproszczenie	4	12
modernizacja	4	12
mogę	4	4
posiadają	4	9
narodowych	4	10
wydatki	4	7
przewidzieć	4	11
kiedy	4	5
członkami	4	9
ilości	4	6
zawodowym	4	9
rozpatrzyła	4	11
sędziego	4	8
comunidades	4	11
autónomas	4	9
por	4	3
tributaria	4	10
hiszpańskiego	4	13
zajmowałem	4	10
sporządzenie	4	12
różnymi	4	7
traktatów	4	9
zabezpieczenie	4	14
interesy	4	8
zazwyczaj	4	9
negatywny	4	9
konieczności	4	12
wykorzystać	4	11
regiony	4	7
towarzyszące	4	12
mianowicie	4	10
globalnych	4	10
nieustannie	4	11
demokratycznym	4	14
specjalnych	4	11
leżących	4	8
wspierane	4	9
ono	4	3
pozytywne	4	9
osiągania	4	9
należytym	4	9
operacji	4	8
euro	4	4
czynników	4	9
własne	4	6
udziałów	4	8
podatku	4	7
władzami	4	8
chociaż	4	7
podziela	4	8
przyjąć	4	7
portugalskiej	4	13
oecd	4	4
central	4	7
eastern	4	7
miałem	4	6
zostało	4	7
lepszej	4	7
osiągniętych	4	12
społeczeństwie	4	14
zaufanie	4	8
zagwarantowanie	4	15
możliwa	4	7
coraz	4	5
składanych	4	10
środek	4	6
zaangażowania	4	13
metodę	4	6
podejmowania	4	12
doprowadzić	4	11
pełnej	4	6
poważnym	4	8
usprawnienie	4	12
wiceprzewodniczący	4	18
rzymie	4	6
sędzia	4	6
akademickiego	4	13
tutela	4	6
fondamentali	4	12
di	4	2
techniczne	4	10
traktować	4	9
towarzyszyć	4	11
uniknięcia	4	10
decyzyjnych	4	11
ludzkiego	4	9
miguélez	4	8
ramos	4	5
zatwierdzonego	4	14
kąpieliskach	4	12
eec	4	3
chair	4	5
stricter	4	8
change	4	6
pressure	4	8
tiret	4	5
adamos	4	6
adamou	4	6
christa	4	7
klaß	4	4
lucas	4	5
ciel	4	4
unique	4	6
renforcer	4	9
elle	4	4
doit	4	4
linguistiques	4	13
texte	4	5
sans	4	4
fait	4	4
nouvelles	4	9
consultation	4	12
états	4	5
également	4	9
mentions	4	8
poinformowanie	4	14
enrique	4	7
barón	4	5
crespo	4	6
trybu	4	5
przedsiębiorstwach	4	18
zasięgu	4	7
zbliżania	4	9
zwolnień	4	8
przeprowadzania	4	15
ekonomicznej	4	12
rozwojowi	4	9
konkurencji	4	11
delokalizacje	4	13
spowodować	4	10
regionalny	4	10
zakaz	4	5
przyczyniać	4	11
instrumenty	4	11
przyczyniają	4	12
zdolności	4	9
klauzul	4	7
mop	4	3
zniesienia	4	10
ministerialnej	4	14
wto	4	3
utworzony	4	9
kształcenie	4	11
trwałego	4	8
fundusz	4	7
skutkami	4	8
jour	4	4
dehors	4	6
zone	4	4
mesure	4	6
compétitivité	4	13
coûts	4	5
salaires	4	8
où	4	2
faut	4	4
temps	4	5
exploitation	4	12
vers	4	4
dont	4	4
œuvre	4	5
personnes	4	9
économie	4	8
nouvelle	4	8
objectif	4	8
ensemble	4	8
juridiques	4	10
aides	4	5
partie	4	6
européennes	4	11
population	4	10
indispensable	4	13
utilisation	4	11
développer	4	10
ilda	4	4
figueiredo	4	10
końcowym	4	8
bushillmatthews	4	15
stephen	4	7
hughes	4	6
jöns	4	4
sepp	4	4
kusstatscher	4	12
elizabeth	4	9
lynne	4	5
mato	4	4
adrover	4	7
brukseli	4	8
zasadnicze	4	10
rozwojem	4	8
założenia	4	9
procesach	4	9
leśne	4	5
powierzchni	4	11
gospodarką	4	10
zalesianie	4	10
równowagi	4	9
wdrażanych	4	10
przekonanie	4	11
zaangażowanie	4	13
pożary	4	6
monokultur	4	10
drewnem	4	7
pochodzącym	4	11
wyrębów	4	7
mierze	4	6
materiałów	4	10
osiąganiu	4	9
surowiec	4	8
zalet	4	5
zwiększone	4	10
najlepszych	4	11
doskonalenia	4	12
göteborgu	4	9
inicjatyw	4	9
ramowych	4	8
różnorodność	4	12
światowego	4	10
forestry	4	8
biomasy	4	7
zapobieżenia	4	12
natura	4	6
zaopatrzenia	4	12
uprzywilejowane	4	15
włączenie	4	9
należycie	4	9
demandé	4	7
rapport	4	7
processus	4	9
s'est	4	5
göteborg	4	8
lisbonne	4	8
n'y	4	3
liées	4	5
alors	4	5
zones	4	5
ocen	4	4
casa	4	4
polityce	4	8
obszar	4	6
morskich	4	8
robocza	4	7
maintain	4	8
outcome	4	7
capoulas	4	8
santos	4	6
umowy	4	5
wysp	4	4
uszczuplonych	4	13
poor	4	4
catch	4	5
bycatch	4	7
gear	4	4
habitat	4	7
physical	4	8
protect	4	7
sustainability	4	14
involvement	4	11
environmentally	4	15
friendly	4	8
incentives	4	10
fishery	4	7
reserves	4	8
mortality	4	9
promoting	4	9
course	4	6
proponowanej	4	12
przemysłowej	4	12
prawną	4	6
obecnego	4	8
umożliwienie	4	12
uzyskanie	4	9
unijnego	4	8
otoczenia	4	9
odnawialną	4	10
chłodniczych	4	12
poniżej	4	7
oil	4	3
gas	4	3
fossil	4	6
supplies	4	8
fuels	4	5
strategies	4	10
strategy	4	8
biofuels	4	8
needed	4	6
november	4	8
shows	4	5
itd	4	3
zjawisko	4	8
fundamentalne	4	13
światowej	4	9
globalnym	4	9
świata	4	6
liczbą	4	6
oni	4	3
negocjacji	4	10
zmianę	4	6
poziomem	4	8
early	4	5
katastrofy	4	10
dniach	4	6
konkluzje	4	9
agendy	4	6
rodziców	4	8
zawodowo	4	8
socjalna	4	8
eliminacji	4	10
bezrobocia	4	10
narażonych	4	10
ubóstwo	4	7
samotnie	4	8
rodziny	4	7
umiejętności	4	12
ułatwienia	4	10
powszechnego	4	12
znalezienia	4	11
dziećmi	4	7
szczególne	4	10
odsetek	4	7
wysokości	4	9
emerytur	4	8
school	4	6
republic	4	8
homelessness	4	12
ethnic	4	6
focus	4	5
tackle	4	6
cottigny	4	8
antycypacja	4	11
przemian	4	8
towarzyszących	4	14
celami	4	6
spożywczych	4	11
etykietowania	4	13
wymogami	3	8
uwzględniają	3	12
zapewniając	3	11
przeprowadzone	3	14
urzędy	3	6
wydajnie	3	8
obliczaniu	3	10
infrastruktury	3	14
konkurencja	3	11
rozważenie	3	10
stałą	3	5
alfonso	3	7
andria	3	6
beaupuy	3	7
rolf	3	4
berend	3	6
bobošíková	3	10
graham	3	6
booth	3	5
claudio	3	7
fava	3	4
iratxe	3	6
pérez	3	5
eugenijus	3	9
gentvilas	3	9
lidia	3	5
joanna	3	6
geringer	3	8
oedenberg	3	9
ambroise	3	8
guellec	3	7
konstantinos	3	12
carlos	3	6
miloš	3	5
koterec	3	7
constanze	3	9
angela	3	6
krehl	3	5
musotto	3	7
alyn	3	4
smith	3	5
grażyna	3	7
staniszewska	3	12
železný	3	7
ole	3	3
christensen	3	11
grech	3	5
mirosław	3	8
mariusz	3	7
piotrowski	3	10
surján	3	6
wdrażania	3	9
transportem	3	11
drogowego	3	9
posiadający	3	11
postępowaniem	3	13
złożyć	3	6
wniesienie	3	10
określonego	3	11
określającego	3	13
urząd	3	5
przekazuje	3	10
opublikowania	3	13
zmienione	3	9
georgs	3	6
andrejevs	3	9
frederika	3	9
brepoels	3	8
avril	3	5
roberto	3	7
musacchio	3	9
frédérique	3	10
ries	3	4
dagmar	3	6
rothbehrendt	3	12
sacconi	3	7
kathy	3	5
sinnott	3	7
sornosa	3	7
åsa	3	3
westlund	3	8
renate	3	6
sommer	3	6
sporządzania	3	12
kwartalnych	3	11
niefinansowych	3	14
instytucjonalny	3	15
astrid	3	6
lulling	3	7
gospodarczą	3	11
prawny	3	6
adoption	3	8
quarterly	3	9
currently	3	9
possibility	3	11
analysis	3	8
creating	3	8
contributions	3	13
demand	3	6
przepisowa	3	10
wpłynięcia	3	10
pervenche	3	9
berès	3	5
elisa	3	5
karsten	3	7
friedrich	3	9
hoppenstedt	3	11
antolín	3	7
presedo	3	7
odszkodowania	3	13
niestosowania	3	13
przewozu	3	8
koleją	3	6
zīle	3	4
juri	3	4
bradbourn	3	9
cramer	3	6
armando	3	7
dionisi	3	7
khadraoui	3	9
grosch	3	6
erik	3	4
meijer	3	6
onyszkiewicz	3	12
josu	3	4
ortuondo	3	8
larrea	3	6
reinhard	3	8
rack	3	4
luca	3	4
romagnoli	3	9
schmitt	3	7
marta	3	5
vincenzi	3	8
zastąpienia	3	11
zmniejsza	3	9
narzędzie	3	9
regionalna	3	10
wzmacnianie	3	11
rozwijających	3	13
pierre	3	6
margrietus	3	10
berg	3	4
gaľa	3	4
zaleski	3	7
terytorialnej	3	13
chwilą	3	6
associations	3	12
statut	3	6
konwencja	3	9
promotes	3	8
territory	3	9
compared	3	8
initiative	3	10
grouping	3	8
constitution	3	12
requires	3	8
establish	3	9
difficulties	3	12
managing	3	8
invested	3	8
assessment	3	10
entry	3	5
prevent	3	7
bilateral	3	9
help	3	4
like	3	4
stress	3	6
whose	3	5
used	3	4
legislation	3	11
delegated	3	9
stresses	3	8
acts	3	4
virtue	3	6
responsibilities	3	16
principles	3	10
consisting	3	10
executive	3	9
official	3	8
journal	3	7
stihler	3	7
simon	3	5
busuttil	3	8
albert	3	6
deß	3	3
operacyjnej	3	11
radiowej	3	8
nawigacji	3	9
przyjęciu	3	9
kwoty	3	5
referencyjnej	3	13
joan	3	4
calabuig	3	8
rull	3	4
jorgo	3	5
chatzimarkakis	3	14
fiona	3	5
hall	3	4
rebecca	3	7
harms	3	5
romana	3	6
jordan	3	6
cizelj	3	6
werner	3	6
langen	3	6
pia	3	3
elda	3	4
locatelli	3	9
angelika	3	8
niebler	3	7
reino	3	5
paasilinna	3	10
miloslav	3	8
ransdorf	3	8
remek	3	5
teresa	3	6
riera	3	5
madurell	3	8
paul	3	4
rübig	3	5
claude	3	6
nikolaos	3	8
vakalis	3	7
alejo	3	5
vidalquadras	3	12
roca	3	4
arlene	3	6
mccarthy	3	8
średnich	3	8
kroków	3	6
pozwalające	3	11
monica	3	6
frassoni	3	8
mayer	3	5
diana	3	5
wallis	3	6
toine	3	5
manders	3	7
występuje	3	9
stało	3	5
studentów	3	9
original	3	8
względnie	3	9
malcolm	3	7
harbour	3	7
pleštinská	3	10
zuzana	3	6
roithová	3	8
weiler	3	6
heide	3	5
rühle	3	5
leopold	3	7
rutowicz	3	8
charlotte	3	9
cederschiöld	3	12
mario	3	5
wskazane	3	8
przedmiotem	3	11
konsolidacji	3	12
gotowość	3	8
identifies	3	10
approximately	3	13
laying	3	6
throughout	3	10
finance	3	7
granted	3	7
commitments	3	11
concentrated	3	12
obtaining	3	9
permits	3	7
namely	3	6
covers	3	6
iv	3	2
financed	3	8
odniesienia	3	11
efficient	3	9
essen	3	5
goods	3	5
underlined	3	10
completed	3	9
percentage	3	10
comitology	3	10
noted	3	5
leverage	3	8
security	3	8
supported	3	9
clearly	3	7
realisation	3	11
lisbon	3	6
paper	3	5
per	3	3
reasons	3	7
likely	3	6
seriously	3	9
profit	3	6
cost	3	4
almost	3	6
alone	3	5
forward	3	7
function	3	8
barriers	3	8
real	3	4
rates	3	5
payment	3	7
proved	3	6
invest	3	6
coastal	3	7
maritime	3	8
allocation	3	10
respective	3	10
examination	3	11
paid	3	4
every	3	5
content	3	7
jensen	3	6
mulder	3	6
hałasu	3	6
urządzenia	3	10
używane	3	7
pomieszczeń	3	11
jęz	3	3
typów	3	5
wynikającej	3	11
noise	3	5
reduced	3	7
vibratory	3	9
together	3	8
until	3	5
amending	3	8
concluded	3	9
situation	3	9
approved	3	8
affected	3	8
serious	3	7
linda	3	5
mcavan	3	6
jonas	3	5
sjöstedt	3	8
pasm	3	4
częstotliwości	3	14
skoordynowanego	3	15
paneuropejskiego	3	16
naziemnego	3	10
radiowego	3	9
przywoławczego	3	14
uchybienia	3	10
ets	3	3
wymienionego	3	12
karnego	3	7
zwrócił	3	7
nieważności	3	11
uchylenie	3	9
republiki	3	9
postanowień	3	11
jaroslav	3	8
zvěřina	3	7
wodami	3	6
śródlądowymi	3	12
6a	3	2
prawodawstwa	3	12
listy	3	5
drugim	3	6
ponownego	3	9
otrzymuje	3	9
brzmienie	3	9
oświadczenia	3	12
zarządu	3	7
dodaje	3	6
następujący	3	11
directeurs	3	10
exécutifs	3	9
agences	3	7
juridique	3	9
justice	3	7
d'une	3	5
occasion	3	8
obserwacji	3	10
allowing	3	8
sound	3	5
launching	3	9
duties	3	6
coming	3	6
personnel	3	9
looks	3	5
similar	3	7
disease	3	7
ie	3	2
too	3	3
decisive	3	8
avoid	3	5
endangering	3	11
naniesienie	3	11
zdanie	3	6
otwartego	3	9
judges	3	6
simplified	3	10
follow	3	6
lengthy	3	7
expensive	3	9
solve	3	5
dyrektorów	3	10
kryteriami	3	10
kompetencje	3	11
podejmuje	3	9
still	3	5
provision	3	9
uzależnione	3	11
wglądu	3	6
urzędom	3	7
stan	3	4
objęła	3	6
małżeństwa	3	10
prywatnym	3	9
metodologia	3	11
przygotowywanie	3	15
przewodniczącą	3	14
faktu	3	5
wejściu	3	7
płatności	3	9
dotyczącym	3	10
zastrzeżeń	3	10
negatywnych	3	11
dalej	3	5
zasadniczo	3	10
rachunków	3	9
leżące	3	6
pozytywnej	3	10
polegać	3	7
punktów	3	7
niewątpliwie	3	12
stale	3	5
dobre	3	5
zintegrowanych	3	14
wkładem	3	7
nasze	3	5
dostarczanie	3	12
najlepszym	3	10
prowadzi	3	8
obiektywnie	3	11
trudne	3	6
chronić	3	7
wynikach	3	8
budowanie	3	9
analiz	3	6
pewne	3	5
niewystarczająco	3	16
podkreślić	3	10
omawiane	3	8
byłby	3	5
uczynienia	3	10
musimy	3	6
zwiększyć	3	9
aktywne	3	7
zajmujące	3	9
zewnętrznymi	3	12
szereg	3	6
konsekwencję	3	12
weryfikacji	3	11
oczekuje	3	8
podział	3	7
samej	3	5
opisałaby	3	9
oprócz	3	6
wymogu	3	6
uważnie	3	7
rozpatrzone	3	11
instytucją	3	10
przywiązuje	3	11
wspieraniu	3	10
podjętych	3	9
miała	3	5
koncepcji	3	9
miarę	3	5
dążyć	3	5
ściśle	3	6
szeroki	3	7
ograniczone	3	11
etapie	3	6
ograniczyć	3	10
wstępnej	3	8
szczegóły	3	9
łatwiejsze	3	10
włączenia	3	9
miałyby	3	7
ułatwić	3	7
współpracę	3	10
któremu	3	7
więcej	3	6
restrukturyzację	3	16
posiedzeniach	3	13
rozwija	3	7
dokonuje	3	8
angażować	3	9
zwracają	3	8
przyjmują	3	9
powstrzymują	3	12
niezgodnych	3	11
charakterem	3	11
cały	3	4
moją	3	4
traktacie	3	9
interesem	3	9
politycznego	3	12
moimi	3	5
okresach	3	8
udziałem	3	8
znajdują	3	8
zrobiła	3	7
finansową	3	9
pory	3	4
regulacją	3	9
trzecia	3	7
organizacja	3	11
wprowadzania	3	12
funkcją	3	7
przyjętych	3	10
związanego	3	10
przeprowadzonych	3	16
obejmującego	3	12
wykonanie	3	9
wewnętrzna	3	10
efektywność	3	11
świadomości	3	11
tzw	3	3
kontakty	3	8
obaw	3	4
informuje	3	9
liczba	3	6
przedstawionych	3	15
wystarczająco	3	13
zainteresowanym	3	15
trzecimi	3	8
dowodów	3	7
wiadomości	3	10
prawnym	3	7
marcu	3	5
więc	3	4
wycofałaby	3	10
nieprzychylną	3	13
kandydatury	3	11
overpelt	3	8
magister	3	8
studiów	3	7
ekonomicznych	3	13
poseł	3	5
obrony	3	6
przepisami	3	10
transakcji	3	10
podejmować	3	10
jasnych	3	7
zapobiegawczych	3	15
słusznie	3	8
powstawania	3	11
priorytetowe	3	12
informacyjnej	3	13
łańcucha	3	8
określanie	3	10
urzędników	3	10
otwartą	3	7
sporządzanie	3	12
aspektów	3	8
potencjalne	3	11
dalszych	3	8
przedstawiania	3	14
taką	3	4
informację	3	10
ujęciu	3	6
twierdzi	3	8
skomplikowane	3	13
wymaganych	3	10
wymogi	3	6
zasadom	3	7
dotacji	3	7
elastyczności	3	13
odpowiada	3	9
planowaniem	3	11
odpowiedzialne	3	14
podlegają	3	9
kontrolerów	3	11
funkcjonują	3	11
trudno	3	6
wierzę	3	6
trzeba	3	6
dokonać	3	7
okoliczności	3	12
rozumiem	3	8
robocze	3	7
poddawane	3	9
realizować	3	10
skutecznie	3	10
standardami	3	11
polityczną	3	10
pieniędzy	3	9
doradcy	3	7
posłem	3	6
życiu	3	5
szerokim	3	8
osłabić	3	7
ustanowionych	3	13
madrycie	3	8
profesor	3	8
działalnością	3	13
constitución	3	12
financiación	3	12
tributario	3	10
constitucional	3	14
generales	3	9
podatkowe	3	9
imponible	3	9
libre	3	5
europea	3	7
sobre	3	5
sociedades	3	10
akademickiej	3	12
krajowej	3	8
przygotowanie	3	13
decentralizacji	3	15
tworzeniu	3	9
hiszpanii	3	9
uwag	3	4
poświadczeniu	3	13
strukturalne	3	12
odpowiedzialnych	3	16
powinniśmy	3	10
obecnej	3	7
wysiłku	3	7
osiągnąć	3	8
słowy	3	5
innego	3	6
podmioty	3	8
swój	3	4
pełną	3	5
wizerunek	3	9
pozytywny	3	9
wypadku	3	7
wykonywanych	3	12
warunek	3	7
vat	3	3
sum	3	3
podstawową	3	10
spełniać	3	8
definicja	3	9
wymagało	3	8
beneficjentów	3	13
towarzyszy	3	10
całego	3	6
ostatecznie	3	11
pośrednictwem	3	13
prezentacji	3	11
rzeczywiste	3	11
żadnej	3	6
odzwierciedlać	3	14
rzeczywistego	3	13
składania	3	9
subsydiów	3	9
albo	3	4
mowa	3	4
zarządzaniem	3	12
administracyjnym	3	16
wreszcie	3	8
sem	3	3
naprawdę	3	8
wykonywania	3	11
profesjonalne	3	13
stanowisk	3	9
obszarem	3	8
prowadziłem	3	11
aspekt	3	6
krajowy	3	7
interesie	3	9
wtedy	3	5
ukończone	3	9
stanowisku	3	10
governance	3	10
osobistych	3	10
dostaw	3	6
rozwijać	3	8
obiektywne	3	10
użytkownikom	3	12
otoczeniu	3	9
ryzykiem	3	8
związanym	3	9
istotnych	3	9
lepsze	3	6
potrzebne	3	9
ulepszeń	3	8
osiągnięte	3	10
pełnić	3	6
użytkowników	3	12
przysługujących	3	15
pozwalających	3	13
wiarygodnych	3	12
spotkania	3	9
elementem	3	9
poszczególne	3	12
równoległych	3	12
nowym	3	5
przyspieszenia	3	14
obejmują	3	8
obecnych	3	8
kodeksem	3	8
mającym	3	7
państwowej	3	10
ogromne	3	7
specjalnym	3	10
statusie	3	8
włoskim	3	7
narkotyków	3	10
wdrożenia	3	9
konstytucyjnym	3	14
piśmie	3	6
constitutional	3	14
power	3	5
korupcja	3	8
giustizia	3	9
zasadach	3	8
ex	3	2
pomogłoby	3	9
pozytywnych	3	11
ogółu	3	5
wzmocnienie	3	11
państwie	3	8
tworząc	3	7
przynajmniej	3	12
choćby	3	6
udziale	3	7
gewalt	3	6
georgios	3	8
komitetowi	3	10
approaches	3	10
december	3	8
during	3	6
discussion	3	10
follows	3	7
informed	3	8
considering	3	11
otrzymania	3	10
contrôleurs	3	11
reconnaissance	3	14
mutuelle	3	8
sociaux	3	7
présente	3	8
sécurité	3	8
exigences	3	9
droit	3	5
mars	3	4
adopté	3	6
amendements	3	11
lieu	3	4
compromis	3	9
laquelle	3	8
deuxième	3	8
adoptée	3	7
autant	3	6
relative	3	8
ait	3	3
amélioration	3	12
exerce	3	6
lequel	3	6
autorités	3	9
ni	3	2
wprowadzającego	3	15
sprostowanie	3	12
suszu	3	5
paszowego	3	9
dz	3	2
prośbą	3	6
znaczący	3	8
79w	3	3
pieniężnej	3	10
rządom	3	6
wprowadzeniu	3	12
ekg	3	3
opon	3	4
bieżnikowanych	3	14
dn	3	2
sturdy	3	6
niej	3	4
konsultowania	3	13
grupowych	3	9
pracowniczych	3	13
trzeciego	3	9
podejmują	3	9
kwestią	3	7
rentowności	3	11
przeprowadzane	3	14
większy	3	7
znaczenia	3	9
trwałych	3	8
terenie	3	7
artykule	3	8
osiągnięciu	3	11
przyznanej	3	10
utratę	3	6
uzyskania	3	9
obejmującej	3	11
teren	3	5
środka	3	6
region	3	6
regionami	3	9
lokalnego	3	9
powiązania	3	10
korzystania	3	11
niezgodne	3	9
porządku	3	8
pomocą	3	6
wyborów	3	7
formy	3	5
powyższego	3	10
rozwijania	3	10
regionalnymi	3	12
restrukturyzacją	3	16
umożliwiłby	3	11
specjalnymi	3	11
sankcji	3	7
publique	3	8
ampleur	3	7
élaborer	3	8
réalisation	3	11
productivité	3	12
avoir	3	5
européens	3	9
moins	3	5
transfert	3	9
difficile	3	9
étude	3	5
aubert	3	6
période	3	7
france	3	6
peu	3	3
parmi	3	5
autres	3	6
travers	3	7
dès	3	3
lors	3	4
égard	3	5
devrait	3	7
certaines	3	9
réforme	3	7
mettre	3	6
ad	3	2
toute	3	5
octroi	3	6
recherche	3	9
concrètes	3	9
observatoire	3	12
secteurs	3	8
monde	3	5
organisations	3	13
qualité	3	7
vie	3	3
baisse	3	6
derek	3	5
clark	3	5
luigi	3	5
cocilovo	3	8
carlo	3	5
fatuzzo	3	7
lehideux	3	8
protasiewicz	3	12
albino	3	6
silva	3	5
peneda	3	6
marc	3	4
tarabella	3	9
jamila	3	6
madeira	3	7
roboczy	3	7
przeprowadzono	3	14
wielofunkcyjnej	3	15
zwierzyny	3	9
subsydiarności	3	14
ochronnych	3	10
charakteryzują	3	14
wyzwaniami	3	10
umów	3	4
johannesburgu	3	13
rezerwatów	3	10
powiązaniu	3	10
biologicznymi	3	13
główny	3	6
zapewniać	3	9
rolnych	3	7
lasach	3	6
utrzymanie	3	10
wód	3	3
degradacji	3	10
pustynnienia	3	12
podejmowanych	3	13
środowiskiem	3	12
zapobiegawcze	3	13
regularnie	3	10
life+	3	5
tropikalnych	3	12
nielegalny	3	10
straty	3	6
flegt	3	5
wymiany	3	7
dużej	3	5
wysokich	3	8
rozważenia	3	10
pochodzących	3	12
zobowiązane	3	11
klimatycznych	3	13
procesie	3	8
obieg	3	5
dostrzega	3	9
odpowiednio	3	11
drzewnej	3	8
zastosowań	3	10
informacyjne	3	12
dalszy	3	6
uzgodnionych	3	12
narodów	3	7
sposobem	3	8
zagwarantować	3	13
integrację	3	10
stworzyć	3	8
użytkowania	3	11
kampanii	3	8
rzeczą	3	6
istotną	3	7
preferencyjnego	3	15
ciepło	3	6
podatkowej	3	10
traktowanie	3	11
naturalne	3	9
terenów	3	7
prowadzonych	3	12
szerszego	3	9
pochwala	3	8
document	3	8
soutenir	3	8
apporter	3	8
l'activité	3	10
d'élaborer	3	10
cours	3	5
communautaires	3	14
pourquoi	3	8
l'emploi	3	8
initiatives	3	11
prises	3	6
hectares	3	8
forestières	3	11
rurales	3	7
bases	3	5
règlement	3	9
pomocniczości	3	13
dziedzin	3	8
różnorakich	3	11
stały	3	5
zależnymi	3	9
matthias	3	8
groote	3	6
jeanclaude	3	10
friedrichwilhelm	3	16
graefe	3	6
zu	3	2
baringdorf	3	10
mairead	3	7
mcguinness	3	10
połowowych	3	10
obu	3	3
utrzymaniem	3	11
większe	3	7
przyszłej	3	9
sea	3	3
advisory	3	8
rac	3	3
juvenile	3	8
effectiveness	3	13
stakeholders	3	12
hugh	3	4
allister	3	8
niels	3	5
busk	3	4
kazimierz	3	9
chmielewski	3	11
pedro	3	5
guerreiro	3	9
morillon	3	8
struan	3	6
stevenson	3	9
przybrzeżnych	3	13
2a	3	2
rybnych	3	7
zaangażowane	3	12
planami	3	7
morskie	3	7
posiadających	3	13
rybaków	3	7
negatywnymi	3	11
ryb	3	3
wdrażane	3	8
aż	3	2
odrzutów	3	8
sugeruje	3	8
uwzględnione	3	12
lokalnym	3	8
umożliwić	3	9
długoterminowego	3	16
pracujących	3	11
caught	3	6
reformed	3	8
cfp	3	3
unwanted	3	8
discarded	3	9
protected	3	9
closures	3	8
discard	3	7
coral	3	5
reefs	3	5
highly	3	6
activity	3	8
comprehensive	3	13
balance	3	7
useful	3	6
rac's	3	5
th	3	2
produce	3	7
detailed	3	8
consequences	3	12
wide	3	4
discarding	3	10
range	3	5
last	3	4
capture	3	7
biodiversity	3	12
grow	3	4
maintaining	3	11
furthermore	3	11
generally	3	9
difficult	3	9
detection	3	9
step	3	4
short	3	5
mechtild	3	8
rothe	3	5
modyfikacji	3	11
grzewczej	3	9
chłodniczej	3	11
podstawowe	3	10
uzależnienia	3	12
narzędzi	3	8
masowej	3	7
całej	3	5
bezpieczeństwo	3	14
wysokiego	3	9
cen	3	3
obowiązkowe	3	11
energie	3	7
budynków	3	8
kwot	3	4
powyżej	3	7
norm	3	4
strategic	3	9
achieving	3	9
measure	3	7
europe's	3	8
enterprises	3	11
agricultural	3	12
euros	3	5
stable	3	6
maturity	3	8
education	3	9
mass	3	4
gap	3	3
due	3	3
developed	3	9
critical	3	8
renewables	3	10
groups	3	6
res	3	3
below	3	5
installed	3	9
energetyki	3	10
ustępy	3	6
innowacje	3	9
opartej	3	7
otwarcie	3	8
sprawiedliwość	3	14
regulacyjnego	3	13
rozpoczęcia	3	11
przedkładania	3	13
rynkach	3	7
przekształcenia	3	15
intelektualnej	3	14
znacząco	3	8
negocjacjach	3	12
kolejności	3	10
lasse	3	5
lehtinen	3	8
matsouka	3	8
nierówności	3	11
priorytet	3	9
farming	3	7
preservation	3	12
heritage	3	8
challenges	3	10
pay	3	3
cultural	3	8
emphasis	3	8
indents	3	7
issue	3	5
zasadniczy	3	10
rolniczej	3	9
cywilnych	3	9
jednostek	3	9
litera	3	6
sporządzony	3	11
narażenia	3	9
fizyczne	3	8
dziewiętnasta	3	13
szczegółowa	3	11
0449b	3	5
eg	3	2
compromise	3	10
roselyne	3	8
bachelotnarquin	3	15
dimitrios	3	9
papadimoulis	3	12
emerytów	3	8
specyficznych	3	13
rodzic	3	6
niepełnosprawnych	3	17
imigrantów	3	10
uprzywilejowanych	3	17
karier	3	6
mieszkania	3	10
etnicznych	3	10
szkoły	3	6
wielodzietnych	3	14
wzrasta	3	7
godzenia	3	8
trudnościami	3	12
pokolenia	3	9
zatrudnieniu	3	12
kobietom	3	8
zagrożonej	3	10
spowodowane	3	11
podnoszenia	3	11
rozwiązania	3	11
ocenie	3	6
świadczeń	3	9
pracodawców	3	11
emerytalne	3	10
stanowiły	3	9
ubezpieczenia	3	13
prywatne	3	8
omc	3	3
pensions	3	8
income	3	6
disadvantage	3	12
attention	3	9
next	3	4
educational	3	11
children	3	8
towarzyszenie	3	13
wyzwania	3	8
przemiany	3	9
zależności	3	10
rodzaje	3	7
wzięcia	3	7
pozwoli	3	7
etykietach	3	10
przesyłowych	2	12
ziemnego	2	8
esko	2	4
seppänen	2	8
preambuły	2	9
ustalane	2	8
taryfy	2	6
niedyskryminacyjnego	2	20
dobrze	2	6
funkcjonującego	2	15
integralności	2	13
odzwierciedlają	2	15
porównawcze	2	11
bodźców	2	7
zachęcających	2	13
budowania	2	9
rzeczywista	2	11
gazociągami	2	11
porównawczej	2	12
niewykorzystana	2	15
przesyłowa	2	10
użytkownik	2	10
nabył	2	5
umową	2	5
zgłosił	2	7
wskazanym	2	9
bourzai	2	7
bairbre	2	7
brún	2	4
gábor	2	5
harangozó	2	9
marian	2	6
harkin	2	6
jim	2	3
higgins	2	7
iturgaiz	2	8
angulo	2	6
tunne	2	5
kelam	2	5
oldřich	2	7
vlasák	2	6
odnoszącego	2	11
jętych	2	6
rejestrujących	2	14
transporcie	2	11
lądowych	2	8
wydane	2	6
importer	2	8
bezzwłocznej	2	12
zmienion	2	8
zawieszon	2	9
cofnięt	2	7
wydanego	2	8
przedkłada	2	10
wykorzystywaniu	2	15
zdrowotnych	2	11
dalszym	2	7
zgodna	2	6
dni	2	3
przedłożyć	2	10
doyle	2	5
jillian	2	7
alessandro	2	10
foglietta	2	9
gyula	2	5
hegyi	2	5
jackson	2	7
akt	2	3
stanowiskiem	2	12
currency	2	8
statistical	2	11
companies	2	9
government	2	10
behaviour	2	9
operators	2	9
greatest	2	8
meet	2	4
analyse	2	7
business	2	8
cycle	2	5
monitor	2	7
smooth	2	6
precise	2	7
fluctuations	2	12
great	2	5
enable	2	6
soon	2	4
enter	2	5
reporting	2	9
goebbels	2	8
joachim	2	7
alexander	2	9
dariusz	2	7
eoin	2	4
ryan	2	4
mia	2	3
vits	2	4
antonis	2	7
samaras	2	7
ibrisagic	2	9
niepublikowany	2	14
wycofanie	2	9
said	2	4
grandes	2	7
pascual	2	7
jaromír	2	7
kohlíček	2	8
jörg	2	4
leichtfried	2	11
liberadzki	2	10
evelin	2	6
luís	2	4
queiró	2	6
gilles	2	6
savary	2	6
ingo	2	4
dirk	2	4
sterckx	2	7
ulrich	2	6
stockmann	2	9
gary	2	4
titley	2	6
zagranicznej	2	12
gahler	2	6
praktyka	2	8
bezpośredniego	2	14
pośredniego	2	11
zakupem	2	7
otrzymane	2	9
ofiarodawcy	2	11
niezgodna	2	9
popierania	2	10
biednych	2	8
odejście	2	8
wzbogacenia	2	11
własność	2	8
naciskiem	2	9
hélène	2	6
goudin	2	6
valdis	2	6
martens	2	7
luisa	2	5
záborská	2	8
scheele	2	7
uzyskuje	2	8
skreślony	2	9
pursuant	2	8
withdrawn	2	9
działa	2	6
imieniu	2	7
zgromadzenie	2	12
przewidywać	2	11
competencies	2	12
publikacja	2	10
nazwę	2	5
adres	2	5
siedziby	2	8
ustanawiający	2	13
balanced	2	8
structural	2	10
frontiers	2	9
separate	2	8
shared	2	6
competences	2	11
addressed	2	9
covering	2	8
inside	2	6
candidate	2	9
wishes	2	6
stated	2	6
obstacles	2	9
known	2	5
features	2	8
believes	2	8
wish	2	4
accorded	2	8
entities	2	8
carrying	2	8
moreover	2	8
entity	2	6
offers	2	6
decisionmaking	2	14
options	2	7
specified	2	9
drawn	2	5
duration	2	8
interpretation	2	14
modalities	2	10
mutual	2	6
recognition	2	11
notified	2	8
operating	2	9
equip	2	5
organs	2	6
always	2	6
assembly	2	8
representatives	2	15
published	2	9
kyriacos	2	8
triantaphyllides	2	16
sharon	2	6
margaret	2	8
bowles	2	6
rozmieszczania	2	14
zależą	2	6
ivo	2	3
belet	2	5
šarūnas	2	7
birutis	2	7
castillo	2	8
vera	2	4
gierek	2	6
andrás	2	6
gyürk	2	5
hammerstein	2	11
mintz	2	5
ján	2	3
hudacký	2	7
nils	2	4
lundgren	2	8
pirilli	2	7
britta	2	6
thomsen	2	7
neena	2	5
gill	2	4
opcję	2	5
odwołania	2	9
prawie	2	6
bezpieczne	2	10
lópezistúriz	2	12
edith	2	5
mastenbroek	2	11
znaczącym	2	9
sukcesem	2	8
godne	2	5
uczonych	2	8
kontynentów	2	11
distinction	2	11
licensing	2	9
uzupełniającą	2	13
małgorzata	2	10
handzlik	2	8
andreas	2	7
schwab	2	6
thyssen	2	7
evelyne	2	7
gebhardt	2	8
vergnaud	2	8
jonckheer	2	9
rivera	2	6
guntars	2	7
krasts	2	6
mauro	2	5
następnych	2	10
zajdzie	2	7
4a	2	2
kandydującymi	2	13
wyraził	2	7
innowacyjnych	2	13
gwarancje	2	9
repealing	2	9
acquis	2	6
reinforcement	2	13
prompt	2	6
arise	2	5
preparation	2	11
preliminary	2	11
subsidy	2	7
rebate	2	6
venture	2	7
nº1999	2	6
exercise	2	8
powers	2	6
conferred	2	9
occur	2	5
grants	2	6
rebates	2	7
loans	2	5
bank	2	4
eib	2	3
combination	2	11
mobilised	2	9
deleted	2	7
cumulative	2	10
indicative	2	10
lena	2	4
ek	2	2
completion	2	10
full	2	4
barcelona	2	9
integrated	2	10
planned	2	7
miert	2	5
recent	2	6
reasonable	2	10
doing	2	5
takes	2	5
compatible	2	10
agree	2	5
especially	2	10
upper	2	5
met	2	3
cross	2	5
attract	2	7
factors	2	7
inadequate	2	10
failure	2	7
notes	2	5
released	2	8
exists	2	6
recover	2	7
tourism	2	7
budgets	2	7
delays	2	6
recorded	2	8
connections	2	11
peripheral	2	10
beneficial	2	10
entire	2	6
hereafter	2	9
ten‑t	2	5
goals	2	5
adapt	2	5
foreseeing	2	10
character	2	9
transit	2	7
crossing	2	8
prejudice	2	9
line	2	4
represents	2	10
declared	2	8
changed	2	7
remains	2	7
nevertheless	2	12
deserve	2	7
simplification	2	14
stopped	2	7
largescale	2	10
spreading	2	9
advisable	2	9
definite	2	8
attractive	2	10
uncertainties	2	13
connected	2	9
authorisation	2	13
stretches	2	9
directly	2	8
beneficiary	2	11
responsibility	2	14
navigation	2	10
engagement	2	10
mobilising	2	10
jointly	2	7
crossfrontier	2	13
deployment	2	10
components	2	10
air	2	3
exceptionally	2	13
transfrontier	2	13
giving	2	6
timetable	2	9
adapted	2	7
begun	2	5
selected	2	8
undertake	2	9
close	2	5
certify	2	7
reality	2	7
visits	2	6
inform	2	6
supply	2	6
description	2	11
correctly	2	9
suspend	2	7
cancel	2	6
irregularities	2	14
revealed	2	8
respected	2	9
undertaking	2	11
award	2	5
proportionality	2	15
reimbursement	2	13
facts	2	5
submit	2	6
application	2	11
chapter	2	7
authorised	2	10
reports	2	7
dührkop	2	7
ferber	2	6
ingeborg	2	8
gérard	2	6
ang	2	3
orientacyjne	2	12
płyty	2	5
3kw	2	3
ubijaki	2	7
spycharki	2	9
ładowarki	2	9
wózki	2	5
podnośnikowe	2	12
przeciwwagą	2	11
wykańczarki	2	11
nawierzchni	2	11
wyposażone	2	10
listwę	2	6
zagęszczania	2	12
ręczne	2	6
kruszarki	2	9
betonu	2	6
młoty	2	5
mechaniczne	2	11
kosiarki	2	8
gazonowe	2	8
krawędziowe	2	11
ostateczne	2	10
zależały	2	8
permissible	2	11
types	2	5
technically	2	11
lawn	2	4
trimmers	2	8
feasible	2	8
rapid	2	5
passed	2	6
might	2	5
knowhow	2	7
irena	2	5
belohorská	2	10
evangelia	2	9
tzampazi	2	8
wyboru	2	6
złożone	2	7
jeanacharles	2	12
marchianiego	2	12
immunitetem	2	11
wyrazić	2	7
zgodę	2	5
sąd	2	3
stwierdzając	2	12
żadne	2	5
zasada	2	6
narodowości	2	11
wymienionej	2	11
orzeczenia	2	10
następstwie	2	11
komunikatów	2	11
oświadczył	2	10
sądu	2	4
prawnie	2	7
orzecznictwa	2	12
wszczęcie	2	9
masip	2	5
hidalgo	2	7
enrico	2	6
speroni	2	7
terminów	2	8
sprawuje	2	8
złożonym	2	8
propozycja	2	10
zapewnia	2	8
przyznania	2	10
przyjmować	2	10
wykonawcze	2	10
mianowanie	2	10
skreśla	2	7
wykonawczy	2	10
otwartym	2	8
zorganizowanym	2	14
organach	2	8
wezwania	2	8
kandydat	2	8
przedłużyć	2	10
renouvellement	2	14
mis	2	3
l'article	2	9
cas	2	3
diverses	2	8
respecter	2	9
longue	2	6
chorób	2	6
harmonise	2	9
claims	2	6
problematic	2	11
administratively	2	16
reappointing	2	12
comes	2	5
option	2	6
completely	2	10
proceed	2	7
assessed	2	8
remarks	2	7
filling	2	7
loopholes	2	9
streamlining	2	12
practices	2	9
variety	2	7
differences	2	11
roles	2	5
looking	2	7
logical	2	7
holding	2	7
positions	2	9
complicated	2	11
depending	2	9
launch	2	6
eea	2	3
efsa	2	4
centre	2	6
prevention	2	10
ecdc	2	4
medicines	2	9
emea	2	4
steps	2	5
acknowledging	2	13
usefulness	2	10
fiveyear	2	8
doubts	2	6
wording	2	7
gives	2	5
supposed	2	8
independently	2	13
fate	2	4
hands	2	5
conflict	2	8
specialised	2	11
task	2	4
wykaz	2	5
opublikowanie	2	13
wyrażenia	2	9
udzielenie	2	10
usunąć	2	6
kadencj	2	7
raises	2	6
harks	2	5
neither	2	7
-and	2	4
us	2	2
approves	2	8
krótkie	2	7
turtystyki	2	10
easa	2	4
aviation	2	8
usually	2	7
alternative	2	11
administracyjną	2	15
sprawiedliwego	2	14
martine	2	7
roure	2	5
pochodzenie	2	11
rasowe	2	6
zakazuje	2	8
religię	2	7
przekonania	2	11
niepełnosprawność	2	17
orientację	2	10
seksualną	2	9
dostarczania	2	12
mihael	2	6
brejc	2	5
manfred	2	7
weber	2	5
bill	2	4
newton	2	6
dunn	2	4
rozważyła	2	9
hrabstwie	2	9
dublin	2	6
dáil	2	4
irlandzkiego	2	12
irlandzkojęzycznych	2	19
gaeltacht	2	9
nominację	2	9
wielostronnej	2	13
irlandzkiej	2	11
telekomunikacji	2	15
łączności	2	9
odpowiadała	2	11
irlandzkich	2	11
zespołu	2	7
wielkiej	2	8
brytanii	2	8
pokoju	2	6
powstania	2	9
mianem	2	6
przyczyn	2	8
wystawić	2	8
naprawczych	2	11
niekorzystny	2	12
wyjaśniania	2	11
kontynuował	2	11
starania	2	8
wskazania	2	9
usprawnień	2	10
zobaczycie	2	10
pozytywna	2	9
towarzyszą	2	10
przestrzeni	2	11
nowelizacji	2	11
reformom	2	8
podstawą	2	8
obraz	2	5
wspomniałam	2	11
działać	2	7
wydanie	2	7
wymaganą	2	8
stąd	2	4
praktyką	2	8
kontrolach	2	10
kontrolnych	2	11
znane	2	5
słabych	2	7
przyczyniły	2	11
potrzebie	2	9
usunięcia	2	9
rocznym	2	7
ustaleń	2	7
podstawowymi	2	12
obiektywnego	2	12
audytora	2	8
zewnętrznego	2	12
jeszcze	2	7
pracuje	2	7
przyszłe	2	8
zaniepokojenie	2	14
obywatele	2	9
wydać	2	5
pieniądze	2	9
niestety	2	8
kontrolowania	2	13
posiadania	2	10
strona	2	6
poczucie	2	8
pewności	2	8
wyjaśnienia	2	11
około	2	5
wstępnych	2	9
obejmujących	2	12
wykrytych	2	9
stopień	2	7
zgadzam	2	7
naszych	2	7
podjął	2	6
interpretowane	2	14
wskaźnika	2	9
stronie	2	7
internetowej	2	12
językach	2	8
strukturę	2	9
przyjazne	2	9
jednoznaczny	2	12
skład	2	5
przejrzysty	2	11
efektywne	2	9
wdrażanie	2	9
kultura	2	7
weryfikacja	2	11
pożądanego	2	10
konkretnie	2	10
dostarczyć	2	10
pewną	2	5
wykonaniem	2	10
specjalną	2	9
przyjazny	2	9
wiecie	2	6
ułatwia	2	7
dostępną	2	8
tematów	2	7
uwzględniane	2	12
zapotrzebowanie	2	15
przedstawiciele	2	15
wziąć	2	5
prowadzony	2	10
niezależną	2	10
dwiema	2	6
pomocne	2	7
dopiero	2	7
teraz	2	5
zakłada	2	7
ograniczać	2	10
stabilności	2	11
legislacyjne	2	12
zarezerwowane	2	13
kluczowych	2	10
zupełnie	2	8
muszę	2	5
sprawozdawczynią	2	16
odpowiedzialną	2	14
weryfikację	2	11
zdecydowanie	2	12
inna	2	4
parlamentów	2	11
ostatniego	2	10
całkiem	2	7
dobitnie	2	8
podporządkowane	2	15
współpracuje	2	12
biorą	2	5
utworzono	2	9
kontaktowy	2	10
udziela	2	7
zainteresowane	2	14
występują	2	9
ostatnio	2	8
drogową	2	7
powierzonych	2	12
całkowitej	2	10
rozpoczynając	2	13
pracą	2	5
aktach	2	6
kierując	2	8
zostałam	2	8
pełniłam	2	8
posiedzeń	2	9
dodatkowe	2	9
dotychczasowego	2	15
załączonym	2	10
życiorysie	2	10
grupie	2	6
związany	2	8
susz	2	4
owoce	2	5
znaczną	2	7
nową	2	4
oceną	2	5
zmianami	2	8
tamtej	2	6
grudniu	2	7
wynikiem	2	8
związaną	2	8
udit	2	4
evelopment	2	10
wchodzą	2	7
horyzontalnym	2	13
dyskusji	2	8
metodologii	2	11
technik	2	7
terminowości	2	12
kluczową	2	8
zawartych	2	9
podręczniku	2	11
zaangażowany	2	12
uruchomienia	2	12
znalezienie	2	11
odpowiadałby	2	12
szczeblach	2	10
faktem	2	6
podaje	2	6
szczegółowymi	2	13
należą	2	6
podejrzenie	2	11
wystarczające	2	13
dochodzenia	2	11
postępy	2	7
corocznie	2	9
pewna	2	5
doniesień	2	9
dokonanie	2	9
koniecznych	2	11
zarzuty	2	7
podlegających	2	13
funduszami	2	10
przekazywanych	2	14
chociażby	2	9
dogłębnie	2	9
obowiązującego	2	14
zaszczyt	2	8
drugą	2	5
właśnie	2	7
nazwisko	2	8
żonaty	2	6
wykształcenie	2	13
neerpelt	2	8
katolicki	2	9
finanse	2	7
cambridge	2	9
ministerstwo	2	12
stanach	2	7
kontroler	2	9
polityczna	2	10
policyjnego	2	11
wicepremiera	2	12
federalnego	2	11
biura	2	5
wynagrodzeń	2	11
zgodności	2	9
działający	2	10
potwierdzenie	2	13
pomóc	2	5
przekazywaniu	2	13
umożliwiających	2	15
zaproponowanie	2	14
wydatkowania	2	12
udostępnianie	2	13
gwarancję	2	9
wykorzystane	2	12
dostępność	2	10
pełne	2	5
aktualne	2	8
aktywnej	2	8
prezentować	2	11
jasny	2	5
prasą	2	5
zakładane	2	9
możliwym	2	8
równowaga	2	9
wydajność	2	9
cechami	2	7
szczebli	2	8
umożliwią	2	9
rozwiązywania	2	13
rozpowszechnianie	2	17
dobrych	2	7
skuteczną	2	9
ludzkimi	2	8
oddziaływanie	2	13
leży	2	4
polega	2	6
przeprowadzenie	2	15
widzę	2	5
rzetelnych	2	10
pisemnych	2	9
należałoby	2	10
przetargowych	2	13
zabezpieczenia	2	14
sprawia	2	7
szerszej	2	8
metodami	2	8
dzieje	2	6
zwykle	2	6
szczególnych	2	12
instytucjonalnych	2	17
możliwych	2	9
instytucjonalne	2	15
rozszerzenia	2	12
rozszerzeniem	2	13
rozszerzenie	2	12
generalny	2	9
funkcjonowanie	2	14
zmieniających	2	13
grupom	2	6
izbowego	2	8
zewnętrznych	2	12
konfliktu	2	9
wypełniania	2	11
profesjonalizmu	2	15
posiadać	2	8
przestrzegać	2	12
widać	2	5
hutnictwa	2	9
stoczniowego	2	12
kryzys	2	6
połowy	2	6
izbie	2	5
pełniłem	2	8
później	2	7
wcześniej	2	9
oznaczać	2	8
curriculum	2	10
vitae	2	5
ramalla	2	7
kwestionariuszu	2	15
wystąpienia	2	11
urodzony	2	8
complutense	2	11
nadzwyczajny	2	12
wydział	2	7
profesora	2	9
zastępca	2	8
uniwersytetu	2	12
balearów	2	8
decentralizacja	2	15
sistema	2	7
financiero	2	10
española	2	8
materia	2	7
hacienda	2	8
estatal	2	7
tribunal	2	8
cuentas	2	7
los	2	3
haciendas	2	9
poder	2	5
estado	2	6
autonómica	2	10
presupuestos	2	12
tributarios	2	11
precios	2	7
españa	2	6
régimen	2	7
nuevas	2	6
reglas	2	6
determinación	2	13
impuesto	2	8
instytucie	2	10
stowarzyszenia	2	14
association	2	11
senatu	2	6
odpowiedzialnej	2	15
biała	2	5
księga	2	6
instytutu	2	9
odwołań	2	7
wyroku	2	6
ustawowych	2	10
upoważnień	2	10
budżety	2	7
ja	2	2
wewnętrznymi	2	12
powyższe	2	8
poświęca	2	8
realizowania	2	12
badawcze	2	8
zewnętrzne	2	10
poświadczania	2	13
punkty	2	6
budżetowe	2	9
przedmiot	2	9
analizowania	2	12
wątpliwości	2	11
decydujący	2	10
typu	2	4
ją	2	2
obecnym	2	7
internet	2	8
udostępnione	2	12
członkom	2	8
rozważyć	2	8
społeczności	2	12
dwie	2	4
polityczny	2	10
non	2	3
podziale	2	8
obywatela	2	9
pochodzącymi	2	12
menedżerów	2	10
zrealizowania	2	13
wielkiego	2	9
organizacyjnego	2	15
procedurę	2	9
określać	2	8
końcowych	2	9
nadzór	2	6
opisałby	2	8
uprawnione	2	10
dokonują	2	8
zatwierdzenie	2	13
wyznaczenie	2	11
byłyby	2	6
kolegialności	2	13
postanowienia	2	13
określoną	2	9
prezesa	2	7
przedkładać	2	11
zachować	2	8
solidnej	2	8
parlamentarne	2	13
ostateczna	2	10
kluczowym	2	9
wielkim	2	7
będącego	2	8
czysto	2	6
rzeczy	2	6
przyznawaniem	2	13
uproszczeniu	2	12
wspomniane	2	10
określony	2	9
odpowiedź	2	9
równowagę	2	9
ochroną	2	7
częścią	2	7
przeznaczoną	2	12
posteriori	2	10
politycznymi	2	12
budżetów	2	8
brać	2	4
przeprowadzonej	2	15
uznać	2	5
obowiązujące	2	12
podobnych	2	9
alternatywne	2	12
pełnych	2	7
udzieleniem	2	11
izb	2	3
podzielony	2	10
dochodzi	2	8
izby	2	4
przyjmowane	2	11
właściwą	2	8
izbę	2	4
plenarnym	2	9
obejmujące	2	10
zaleceń	2	7
wpływowi	2	8
grupami	2	7
rygorystycznie	2	14
stosując	2	8
poświęcenie	2	11
odnosi	2	6
akademickie	2	11
politycznym	2	11
partii	2	6
wykłady	2	7
podatków	2	8
budżetowy	2	9
kluczowa	2	8
budżetem	2	8
zdecentralizowanego	2	19
spółek	2	6
ośmiu	2	5
dotyczyła	2	9
międzynarodowy	2	14
zrobił	2	6
wycofałby	2	9
prawdą	2	6
musiał	2	6
kwestionariusz	2	14
instytut	2	8
zatrudniony	2	11
portugalskim	2	12
randze	2	6
ramienia	2	8
fiskalnej	2	9
indepd	2	6
indústrias	2	10
participações	2	13
defesa	2	6
europol	2	7
sigma	2	5
zadaniami	2	9
ministerstwach	2	14
polski	2	6
estonii	2	7
uczestnictwo	2	12
doradczym	2	9
cocolaf	2	7
ministrów	2	9
bankowych	2	9
banku	2	5
centralnego	2	11
stali	2	5
ewwis	2	5
szkół	2	5
zdecentralizowanych	2	19
wiarygodność	2	12
horyzontalne	2	12
artykuły	2	8
parlamentarną	2	13
należyty	2	8
nacisk	2	6
oferują	2	7
pogląd	2	6
tyle	2	4
raczej	2	6
jakościowe	2	10
obiektywizmu	2	12
artykułu	2	8
konieczna	2	9
kątem	2	5
ryzyk	2	5
dodaną	2	6
ewolucję	2	8
wątpienia	2	9
charakteryzować	2	15
podkreślając	2	12
zwiększając	2	11
obywatelskie	2	12
stwierdzić	2	10
przekazywania	2	13
dobrej	2	6
tejże	2	5
wydajne	2	7
założeniu	2	9
jednoznaczne	2	12
jednolity	2	9
zawierający	2	11
przyznanych	2	11
potencjalnych	2	13
zagrożeń	2	8
przedkładanie	2	13
niezależnymi	2	12
audytami	2	8
przedkładane	2	12
komisje	2	7
będących	2	8
spotkań	2	7
duchu	2	5
wesprzeć	2	8
nowo	2	4
wzmocnieniu	2	11
prawdziwej	2	10
refleksji	2	9
kontekstu	2	9
obejmuje	2	8
systematyczne	2	13
zachowując	2	10
najwyższymi	2	11
priorytetem	2	11
stopniowo	2	9
większego	2	9
wspólną	2	7
wywołać	2	7
rozpatrzenia	2	12
opartą	2	6
niezależni	2	10
złożyłem	2	8
zachowaniu	2	10
zakończeniu	2	11
oświadczenie	2	12
działaniami	2	11
księgę	2	6
uczestniczyłem	2	14
administracyjnej	2	16
razie	2	5
160b	2	4
ekonomiczny	2	11
biuro	2	5
sekcje	2	6
regionalne	2	10
luiss	2	5
ustanowionego	2	13
włoskiej	2	8
odbyła	2	6
lutym	2	5
ministerstwa	2	12
zajmującej	2	10
pewien	2	6
zagadnieniom	2	12
tra	2	3
fasc	2	4
globalizzazione	2	15
neapol	2	6
controllo	2	9
defence	2	7
corruption	2	10
konstytucyjne	2	13
updated	2	7
zaktualizowane	2	14
delle	2	5
libertà	2	7
giudice	2	7
costituzionale	2	14
universidad	2	11
dokonanych	2	10
gospodarność	2	12
pozwolą	2	7
rocznych	2	8
tematy	2	6
kategorie	2	9
przedstawiać	2	12
ante	2	4
ci	2	2
zapewni	2	7
skoncentrować	2	13
językiem	2	8
największym	2	11
zastanowić	2	10
zintensyfikowane	2	16
okresowe	2	8
cechą	2	5
zastosować	2	10
monitorowaniu	2	13
relacje	2	7
systemie	2	8
demokratycznej	2	14
wnioskuje	2	9
powszechnie	2	11
rządy	2	5
potrzebny	2	9
wynikają	2	8
sądami	2	6
okresowych	2	10
oparta	2	6
aarhus	2	6
eijariitta	2	10
korhola	2	7
prawodawstwo	2	12
wspólnotowe	2	11
przyczynienie	2	13
arūnas	2	6
degutis	2	7
saïd	2	4
henry	2	5
nattrass	2	8
delegacja	2	9
wydaną	2	6
przekazane	2	10
pojednawczemu	2	13
update	2	6
technology	2	10
mandatory	2	9
standards	2	9
measured	2	8
council's	2	9
meant	2	5
mrs	2	3
lienemann	2	9
informal	2	8
stake	2	5
ones	2	4
emergency	2	9
response	2	8
july	2	4
united	2	6
kingdom	2	7
climate	2	7
presence	2	8
commissioner	2	12
criteria	2	8
summarised	2	10
category	2	8
sufficient	2	10
around	2	6
citizens	2	8
epidemiological	2	15
beyond	2	6
larger	2	6
substantial	2	11
recommends	2	10
przewodniczącya	2	15
pisma	2	5
pojednawczym	2	12
uzgodnieniu	2	11
przekazaniu	2	11
vise	2	4
législation	2	11
couvrent	2	8
encore	2	6
paquet	2	6
fournit	2	7
facilite	2	8
transfrontaliers	2	16
outre	2	5
selon	2	5
existantes	2	10
celles	2	6
civile	2	6
portent	2	7
vote	2	4
trois	2	5
novembre	2	8
similaire	2	9
changements	2	11
initiale	2	8
donc	2	4
principales	2	11
apportées	2	9
d'application	2	13
domaine	2	7
questions	2	9
sociales	2	8
réponse	2	7
partenaires	2	11
bien	2	4
l'exigence	2	10
raisons	2	7
exiger	2	6
toutes	2	6
associées	2	9
clairement	2	10
principe	2	8
état	2	4
délivrée	2	8
l'état	2	6
plusieurs	2	9
l'autorité	2	10
nationale	2	9
applicables	2	11
titulaires	2	10
actuels	2	7
superflues	2	10
comptable	2	9
fournisseurs	2	12
fois	2	4
claire	2	6
conséquent	2	10
emanuel	2	7
jardim	2	6
fernandes	2	9
guy	2	3
bono	2	4
marinus	2	7
wiersma	2	7
joseph	2	6
daul	2	4
uchylającego	2	12
wyrażenie	2	9
jeanpierre	2	10
audy	2	4
jeanlouis	2	9
bourlanges	2	10
béla	2	4
glattfelder	2	11
jacky	2	5
henin	2	5
syed	2	4
kamall	2	6
sajjad	2	6
karim	2	5
moreno	2	6
papastamkos	2	11
godelieve	2	9
quisthoudtrowohl	2	16
rogalski	2	8
tokia	2	5
saïfi	2	5
johan	2	5
hecke	2	5
kartę	2	5
przejęcia	2	9
przeznaczeniu	2	13
skorzystały	2	11
regionom	2	8
względów	2	8
regionie	2	8
wprowadzających	2	15
powodujących	2	12
likwidację	2	10
bezpośredniej	2	13
barier	2	6
wymianę	2	7
międzynarodową	2	14
statystyczne	2	12
restrukturyzacja	2	16
praktyki	2	8
koncentrować	2	12
niekorzystnie	2	13
zwany	2	5
tradycyjnym	2	11
włókienniczy	2	12
odzieżowy	2	9
obuwniczy	2	9
kablowy	2	7
drzewny	2	7
kapitału	2	8
hutniczy	2	8
maszynowy	2	9
stoczniowy	2	10
lotniczy	2	8
wyposażenia	2	11
elektronicznego	2	15
oprogramowania	2	14
informatycznego	2	15
logistycznych	2	13
uważny	2	6
śledziła	2	8
żądając	2	7
niewłaściwego	2	13
zapobiec	2	8
niewielkim	2	10
mającą	2	6
zwolnieniu	2	10
zatrudnionych	2	13
aspektu	2	7
zagospodarowania	2	16
2003r	2	5
przyznaniu	2	10
kieruje	2	7
prośbę	2	6
zwróciła	2	8
emcc	2	4
prowadzenie	2	11
ustanawiających	2	15
przewidujących	2	14
przenoszą	2	9
pozwalającego	2	13
wezwanie	2	8
spójne	2	6
długoterminowymi	2	16
włączeniem	2	10
organizowania	2	13
zrzeszania	2	10
przymusowej	2	11
poparte	2	7
konkretnymi	2	11
bodźcami	2	8
podporządkowały	2	15
klauzulom	2	9
znalazła	2	8
dziennym	2	8
zajmowałby	2	10
wytwarza	2	8
uczciwego	2	9
wpływać	2	7
kupujących	2	10
dokonujących	2	12
zakupów	2	7
objęte	2	6
przewodnictwo	2	13
zaprojektowaniu	2	15
minimalne	2	9
reprezentacji	2	13
pracowniczej	2	12
towary	2	6
produkowane	2	11
korzystające	2	12
wspólnie	2	8
organizacjami	2	13
lokalnymi	2	9
mającej	2	7
przekwalifikowanie	2	18
ukierunkowania	2	14
kształceniu	2	11
domagając	2	9
objętych	2	8
przeznaczonych	2	14
przyjęciem	2	10
poszkodowanych	2	14
całości	2	7
żąda	2	4
phénomène	2	9
globale	2	7
élargissement	2	13
internationaux	2	14
déplacements	2	12
ils	2	3
peuvent	2	7
permettent	2	10
pressions	2	9
éviter	2	6
fortiori	2	8
salariés	2	8
généralement	2	12
coût	2	4
interroger	2	10
pourraient	2	10
sens	2	4
entend	2	6
fermeture	2	9
donner	2	6
investissements	2	15
nouveaux	2	8
éventuellement	2	14
opérations	2	10
disposons	2	9
statistique	2	11
susceptible	2	11
conséquences	2	12
études	2	6
consacrée	2	9
sillard	2	7
nombre	2	6
industriels	2	11
soit	2	4
moyenne	2	7
chaque	2	6
année	2	5
moitié	2	6
destination	2	11
interdiction	2	12
siège	2	5
convient	2	8
territoriale	2	12
principes	2	9
réaliser	2	8
font	2	4
hoc	2	3
permettre	2	9
ayant	2	5
productive	2	10
etat	2	4
délocaliser	2	11
faire	2	5
salaire	2	7
ailleurs	2	8
lignes	2	6
directrices	2	11
régionale	2	9
nombreuses	2	10
optique	2	7
réduction	2	9
meilleure	2	9
harmonisation	2	13
systèmes	2	8
domaines	2	8
nationaux	2	9
coordonnée	2	10
poser	2	5
précis	2	6
urgent	2	6
évaluation	2	10
suivi	2	5
eurostat	2	8
serait	2	6
anticiper	2	9
restructurations	2	16
reconversion	2	12
tous	2	4
acteurs	2	7
aide	2	4
risque	2	6
éventuelle	2	10
semble	2	6
forces	2	6
obligation	2	10
syndicats	2	9
marché	2	6
établissement	2	13
adopter	2	7
code	2	4
conduite	2	8
devront	2	7
bonnes	2	6
véritable	2	9
mieux	2	5
structure	2	9
face	2	4
modèle	2	6
devenu	2	6
professionnelle	2	15
korzystających	2	14
wyznaczona	2	10
alejandro	2	9
cercas	2	6
dynamicznym	2	11
doń	2	3
pogodzenia	2	10
ważnymi	2	7
utrzymywanie	2	12
goeteborskich	2	13
stosują	2	7
odmienne	2	8
decyzjach	2	9
wyjść	2	5
różnorodnością	2	14
stoją	2	5
ekologicznymi	2	13
czynny	2	6
aktywny	2	7
nienaruszone	2	12
ekosystemy	2	10
zgodnej	2	7
wynikającymi	2	12
przykładami	2	11
rio	2	3
dążenie	2	7
powstrzymania	2	13
zmniejszania	2	12
goeteborgu	2	10
wywiązania	2	10
wyodrębnienie	2	13
pełniejsze	2	10
ukierunkowanie	2	14
uprawy	2	6
krajobrazu	2	10
warunkami	2	9
międzynarodowymi	2	16
zasadniczą	2	10
zmierzającej	2	12
znajduje	2	8
ekologicznego	2	13
szkód	2	5
świadczenia	2	11
regulacji	2	9
dobrego	2	7
powietrza	2	9
gleby	2	5
dzikiej	2	7
przewidziane	2	12
niewystarczające	2	16
ubolewanie	2	10
wzajemnej	2	9
harmonizowania	2	14
każdemu	2	7
regionowi	2	9
całościowej	2	11
uzgadniania	2	11
rolnictwem	2	10
dotykane	2	8
rozległymi	2	10
różnią	2	6
pokazuje	2	8
decydującym	2	11
czynnikiem	2	10
odchodzić	2	9
podatnych	2	9
eukaliptusowych	2	15
czynnikom	2	9
powoduje	2	8
gdyż	2	4
poważnych	2	9
wyręb	2	5
stwarza	2	7
powodując	2	9
nierównowagę	2	12
produktami	2	10
drzewnymi	2	9
zlikwidowane	2	12
bieda	2	5
kar	2	3
trudniących	2	11
handlem	2	7
spora	2	5
wwożonego	2	9
postać	2	6
przetworzonych	2	14
wytworzone	2	10
pochodzącego	2	12
przywozu	2	8
nielegalnym	2	11
pozyskiwaniem	2	13
celnego	2	7
niepreferencyjnych	2	18
odbywa	2	6
wytwarzanie	2	11
wydobycia	2	9
udowodnienia	2	12
surowców	2	8
łagodzenie	2	10
trwałe	2	6
zaopatrzenie	2	12
energetyczne	2	12
neutralnej	2	10
globalnego	2	10
tzn	2	3
kioto	2	5
użytków	2	7
przyczyni	2	9
postrzega	2	9
znaczne	2	7
wysoka	2	6
badawczej	2	9
leśny	2	5
sprostać	2	8
różnorakie	2	10
niewykorzystywanych	2	19
chemicznych	2	11
zainwestować	2	12
rynkowych	2	9
drzewo	2	6
charakteryzuje	2	14
jedynymi	2	8
właściwościami	2	14
odnawialny	2	10
zdolny	2	6
regeneracji	2	11
zasób	2	5
budowlanym	2	10
papierniczym	2	12
opakowaniowych	2	14
energetycznym	2	13
nieodnawialnych	2	15
rozszerzyć	2	10
użyciu	2	6
satelitów	2	9
małym	2	5
silniejszego	2	12
reformie	2	8
poparcie	2	8
stać	2	4
aktywnego	2	9
traktatach	2	10
osobnej	2	7
dopóki	2	6
cmpfe	2	5
zaangażowanych	2	14
liczne	2	6
informacyjną	2	12
leśnictwem	2	10
stałego	2	7
opracowywania	2	13
planów	2	6
planie	2	6
niebezpieczeństwom	2	18
katastrofom	2	11
burze	2	5
insekty	2	7
pastwisk	2	8
istnienie	2	9
zintegrowanego	2	14
specjalnego	2	11
gatunkami	2	9
rodzimymi	2	9
połączeń	2	8
bieżące	2	7
klimatu	2	7
wkładu	2	6
podatkowym	2	10
właścicielom	2	12
normy	2	5
wykorzystywanych	2	16
uboczne	2	7
turystyka	2	9
ekologiczna	2	11
producentów	2	11
badawczych	2	10
zainicjowanej	2	13
poświęconej	2	11
doradczych	2	10
oba	2	3
certyfikacji	2	12
równym	2	6
propagowania	2	12
c56	2	3
jo	2	2
présent	2	7
d'initiative	2	12
poursuite	2	9
depuis	2	6
fixé	2	4
quelle	2	6
l'industrie	2	11
nouveau	2	7
d'autant	2	8
concerne	2	8
jamais	2	6
l'on	2	4
destinées	2	9
propriétaires	2	13
agricole	2	8
décrirons	2	9
écologique	2	10
historique	2	10
étapes	2	6
actuellement	2	12
millions	2	8
tropicales	2	10
surface	2	7
diversité	2	9
apporte	2	7
importante	2	10
exploitations	2	13
privées	2	7
l'ensemble	2	10
filière	2	7
forêtboispapier	2	15
représente	2	10
surtout	2	7
cee	2	3
permis	2	6
tant	2	4
produit	2	7
l'environnement	2	15
présentée	2	9
comité	2	6
permanent	2	9
renforcement	2	12
ciblée	2	6
pollution	2	9
atmosphérique	2	13
principaux	2	10
étaient	2	7
l'agriculture	2	13
d'autres	2	8
agricoles	2	9
d'information	2	13
pac	2	3
c'est	2	5
orientation	2	11
publiée	2	7
stratégies	2	10
intéressés	2	10
coopération	2	11
soutient	2	8
liés	2	4
chances	2	7
voir	2	4
siedlisk	2	8
bezpośredni	2	11
zrównoważone	2	12
odgrywać	2	8
uwzględniania	2	13
doprowadziły	2	12
społecznymi	2	11
edite	2	5
estrela	2	7
cristina	2	8
gutiérrezcortines	2	17
dan	2	3
jørgensen	2	9
péter	2	5
olajos	2	6
laperrouze	2	10
baco	2	4
thijs	2	5
berman	2	6
gintaras	2	8
didžiokas	2	9
michl	2	5
ebner	2	5
fruteau	2	7
bogdan	2	6
golik	2	5
esther	2	6
herranz	2	7
stéphane	2	8
foll	2	4
neil	2	4
parish	2	6
isabel	2	6
salinas	2	7
agnes	2	5
schierhuber	2	11
witold	2	6
tomczak	2	7
piotr	2	5
wojciechowski	2	13
tomasz	2	6
zapałowski	2	10
wiesław	2	7
stefan	2	6
kuc	2	3
véronique	2	9
podkański	2	9
resetarits	2	10
eksploatacji	2	12
kolejne	2	7
społecznościom	2	14
utrzymującym	2	12
naukowotechniczny	2	17
zalecił	2	7
oczekiwaniu	2	11
likwidacja	2	10
nakładu	2	7
połowowego	2	10
niemieckie	2	10
istotnym	2	8
plamiaka	2	8
zasoby	2	6
płastugą	2	8
ekspercka	2	9
społecznogospodarcze	2	20
restrictions	2	12
boxes	2	5
advice	2	6
places	2	6
rights	2	6
belgium	2	7
done	2	4
recommended	2	11
studied	2	7
consider	2	8
welcome	2	7
upon	2	4
operation	2	9
alfred	2	6
gomolka	2	7
zawarcia	2	8
partnerstwie	2	12
wspólnotą	2	9
wyspami	2	7
wodach	2	6
organizacje	2	11
odnowę	2	6
odnowy	2	6
zanieczyszczenie	2	16
przemysłowe	2	11
badaniach	2	9
wywierany	2	9
konsekwencjach	2	14
chronione	2	9
przyszła	2	8
rozwiniętych	2	12
wielkości	2	9
osiągnięty	2	10
odbywania	2	9
specyficznym	2	12
problemem	2	9
niezamierzone	2	13
nalega	2	6
specyficzne	2	11
fao	2	3
unikania	2	8
uproszczenia	2	12
monitorowane	2	12
rising	2	6
decline	2	7
adult	2	5
selectivity	2	11
devices	2	7
escape	2	6
seasons	2	7
reproduction	2	12
faced	2	5
pilot	2	5
voluntary	2	9
quotas	2	6
quota	2	5
councils	2	8
racs	2	4
coldwater	2	9
rich	2	4
flora	2	5
fauna	2	5
sensitive	2	9
gears	2	5
off	2	3
acceptable	2	10
shortterm	2	9
losses	2	6
limitations	2	11
implementing	2	12
endorsed	2	8
implemented	2	11
instead	2	7
desirable	2	9
offer	2	5
illegally	2	9
undersized	2	10
excess	2	6
building	2	8
bringing	2	8
orientations	2	12
recognising	2	11
sizes	2	5
healthy	2	7
enough	2	6
bottom	2	6
trawl	2	5
reducing	2	8
global	2	6
adjacent	2	8
individuals	2	11
live	2	4
type	2	4
towards	2	7
entitled	2	8
negative	2	8
associated	2	10
little	2	6
commercial	2	10
tools	2	5
spatial	2	7
small	2	5
widely	2	6
hooks	2	5
mesh	2	4
tacs	2	4
controls	2	8
stronger	2	8
whilst	2	6
medium	2	6
involve	2	7
livelihoods	2	11
light	2	5
elements	2	8
positive	2	8
wymaganego	2	10
potencjałów	2	11
elektrycznej	2	12
konwencjonalną	2	14
jasną	2	5
stawki	2	6
przedstawienie	2	14
przedstawionymi	2	15
wykorzystaniu	2	13
znacznego	2	9
zużycia	2	7
ropy	2	4
domowych	2	8
wykorzystywany	2	14
przeszkody	2	10
ramowy	2	6
przyspieszone	2	13
dystrybucji	2	11
pasywnej	2	8
dyrektywą	2	9
najpóźniej	2	10
plany	2	5
użytkowanie	2	11
spoczywa	2	8
administracyjne	2	15
przyspieszyć	2	12
ekonomiczną	2	11
kogeneracyjnych	2	15
odległych	2	9
finansowanie	2	12
wysoce	2	6
wydajnych	2	9
systemach	2	9
dyrektyw	2	8
możliwościach	2	13
pozycję	2	7
unijnym	2	7
kogeneracji	2	11
energetycznej	2	13
prywatnych	2	10
growing	2	7
efficiently	2	11
mean	2	4
rapidly	2	7
enormous	2	8
beginning	2	9
accelerated	2	11
biomass	2	7
craft	2	5
industries	2	10
largely	2	7
annexes	2	7
rather	2	6
dependent	2	9
kind	2	4
stopandgo	2	9
penetration	2	11
degree	2	6
marketing	2	9
innovative	2	10
generation	2	10
regarded	2	8
markets	2	7
considerable	2	12
majority	2	8
called	2	6
owninitiative	2	13
schemes	2	7
essential	2	9
subsidiarity	2	12
supporting	2	10
significantly	2	13
wood	2	4
pellets	2	7
often	2	5
stop	2	4
clarity	2	7
finally	2	7
erec	2	4
diagram	2	7
imbalance	2	9
much	2	4
greece	2	6
cyprus	2	6
collectors	2	10
eu15	2	4
square	2	6
metres	2	6
leader	2	6
spain	2	5
favorable	2	9
four	2	4
correspond	2	10
roughly	2	7
come	2	4
heat	2	4
adekwatności	2	12
itre	2	4
stanowiąc	2	9
ostrożnego	2	10
racjonalnego	2	12
płaszczyźnie	2	12
światowych	2	10
realizowane	2	11
zobacz	2	6
podstawowym	2	11
inwestycje	2	10
zastępstwie	2	11
vincenzo	2	8
lavarra	2	7
wzmocniona	2	10
średniookresowym	2	16
przeglądzie	2	11
lizbońskiego	2	12
początek	2	8
lizboński	2	9
konkurencyjnej	2	14
środowisku	2	10
lepszych	2	8
światowa	2	8
pojawienia	2	10
szybko	2	6
zagrożenie	2	10
dorobku	2	7
postrzegać	2	10
negatywnego	2	11
szybka	2	6
wielostronna	2	12
liberalizacja	2	13
niskie	2	6
olbrzymich	2	10
czerpać	2	7
dostosować	2	10
potencjale	2	10
zaawansowanej	2	13
informatyczne	2	13
biotechnologię	2	14
rozwinąć	2	8
przewagi	2	8
konkurencją	2	11
liczbę	2	6
strategię	2	9
wyzwaniom	2	9
ukończenia	2	10
średniookresowego	2	17
pragnie	2	7
debatę	2	6
niesie	2	6
podkreśliły	2	11
głowy	2	5
nieformalnym	2	12
hampton	2	7
zglobalizowanym	2	15
nadzorowania	2	12
globalizację	2	12
staną	2	5
konkurencyjnym	2	14
tradycji	2	8
doskonałości	2	12
priorytetowy	2	12
wysokim	2	7
kontynuowania	2	13
transpozycji	2	12
demograficzne	2	13
skalę	2	5
światową	2	8
znakowania	2	10
nazw	2	4
ratyfikowały	2	12
stosowały	2	9
konwencje	2	9
międzynarodowe	2	14
preferencyjny	2	13
krajom	2	6
przyjęły	2	8
ustawodawstwo	2	13
kulturowej	2	10
otworzyły	2	9
utrzymują	2	9
swobodnym	2	9
przepływie	2	10
otwarcia	2	8
wytwórczego	2	11
udostępnienia	2	13
szerokiemu	2	10
gronu	2	5
sformułowaniem	2	14
światowym	2	9
ciągłe	2	6
wielostronne	2	12
wydana	2	6
odnowionej	2	10
uncertain	2	9
assist	2	6
remain	2	6
economies	2	9
problems	2	8
synergies	2	9
lack	2	4
does	2	4
landscape	2	9
life	2	4
coherent	2	8
chain	2	5
human	2	5
version	2	7
resulting	2	9
except	2	6
complementarity	2	15
filarów	2	7
rynkowej	2	8
stanęłoby	2	9
narastających	2	13
odzwierciedla	2	13
rolnicza	2	8
bogactwo	2	8
żywnościowych	2	13
dziedzictwo	2	11
przyrody	2	8
naprzód	2	7
dotychczasowe	2	13
pobudzały	2	9
obniżanie	2	9
dopłat	2	6
niezwiązanych	2	13
rolników	2	8
sygnały	2	7
rynkowe	2	7
generowane	2	10
wielkością	2	10
dobrostanu	2	10
zwierząt	2	8
współzależności	2	15
wzmacnia	2	8
doręczania	2	10
sądowych	2	8
pozasądowych	2	12
9a	2	2
znajdujące	2	10
jednostka	2	9
przyjmująca	2	11
odbiorcę	2	8
ustnie	2	6
posługując	2	10
standardowym	2	12
formularzem	2	11
znajdującym	2	11
odmówić	2	7
dokumentu	2	9
doręczony	2	9
dostarczenia	2	12
odesłanie	2	9
tygodnia	2	8
tłumaczenie	2	11
odbiorca	2	8
rozumie	2	7
przyjmującego	2	13
przyjmującym	2	12
nastąpić	2	8
doręczenie	2	10
urzędowy	2	8
promieniowanie	2	14
optyczne	2	8
vibrations	2	10
electromagnetic	2	15
decided	2	7
april	2	5
exclude	2	7
formally	2	8
strasbourg	2	10
trialogue	2	9
compromises	2	11
limiting	2	8
adverse	2	7
found	2	5
niniejsza	2	9
szybkim	2	7
santa	2	5
feira	2	5
ustalenia	2	9
zwalczaniem	2	11
prawach	2	7
społecznemu	2	11
modernizacji	2	12
demograficznych	2	15
pozostają	2	9
godności	2	8
spełnieniu	2	10
pociąga	2	7
walkę	2	5
poważnymi	2	9
statystykami	2	12
ludność	2	7
starzeje	2	8
aktywnych	2	9
przypada	2	8
aktualnie	2	9
emeryturze	2	10
ulegnie	2	7
zmianie	2	7
wzrosnąć	2	8
czynnych	2	8
równości	2	8
omawia	2	6
walka	2	5
pozostaje	2	9
wysoki	2	6
zagrożonych	2	11
poziomy	2	7
bezrobocie	2	10
wysokie	2	7
wymiar	2	6
towarzyszącym	2	13
dotykają	2	8
aktywności	2	10
utrzymać	2	8
promujące	2	9
ustalając	2	9
kobieta	2	7
wychowuje	2	9
dziecko	2	7
starsze	2	7
ofiary	2	6
ludźmi	2	6
godzenie	2	8
medycznych	2	10
godziwych	2	9
dbać	2	4
cech	2	4
określonej	2	10
ułatwiania	2	10
zwiększania	2	11
społeczeństwo	2	13
kształceniem	2	12
zwalczenia	2	10
zniwelować	2	10
bezrobotnych	2	12
eliminację	2	10
wskaźniki	2	9
eurostatu	2	9
narodzin	2	8
trend	2	5
wspierających	2	13
typy	2	4
socjalne	2	8
opieką	2	6
wstępnym	2	8
młodzieży	2	9
szczególny	2	10
pokolenie	2	9
utrudniających	2	14
zachęcanie	2	10
dłuższego	2	9
pozostawania	2	12
wsparły	2	7
ułatwiając	2	10
wartościowych	2	13
równe	2	5
płacy	2	5
postrzegany	2	11
cierpią	2	7
niepracujących	2	14
starzeniem	2	10
społeczeństw	2	12
nurt	2	4
wspomnianych	2	12
zamiar	2	6
rokiem	2	6
starzenie	2	9
kompleksowych	2	13
likwidacji	2	10
produktywność	2	13
dodatkowego	2	11
zapewniały	2	10
ubezpieczeń	2	11
poświęcić	2	9
średniej	2	8
kandydujących	2	13
eradication	2	11
combat	2	6
fight	2	5
eliminating	2	11
raising	2	7
denmark	2	7
slovenia	2	8
ireland	2	7
unemployment	2	12
leaving	2	7
family	2	6
disability	2	10
discrimination	2	14
modernisation	2	13
decent	2	6
minorities	2	10
care	2	4
processes	2	9
gender	2	6
baltic	2	6
poland	2	6
slovakia	2	8
technological	2	13
disparities	2	11
assure	2	6
skill	2	5
disadvantaged	2	13
compounding	2	11
stosunku	2	8
nierównym	2	9
traktowaniem	2	12
płeć	2	4
gorsze	2	6
politykach	2	10
pochodzące	2	10
formami	2	7
sprzyjające	2	11
jakimi	2	6
borykają	2	8
opiekuńczego	2	12
zaproponowania	2	14
emine	2	5
bozkurt	2	7
cabrnoch	2	8
harlem	2	6
désir	2	5
roger	2	5
helmer	2	6
pier	2	4
panzeri	2	7
mikko	2	5
rezolucje	2	9
kapitale	2	8
przemianom	2	10
przemysłowa	2	11
antycypowania	2	13
przemyśle	2	9
nieuniknione	2	12
rodzaj	2	6
międzysektorowe	2	15
wewnątrzsektorowe	2	17
zlecanie	2	8
zamknięcie	2	10
fuzje	2	5
przejęcie	2	9
powstawanie	2	11
otwarciem	2	9
promowaniem	2	11
spójnością	2	10
trwałym	2	7
ustawicznego	2	12
mobilność	2	9
promować	2	8
antycypację	2	11
natychmiastowego	2	16
fałszerstwa	2	11
zacofania	2	9
substancji	2	10
dostosowawcze	2	13
europejscy	2	10
zdolnością	2	10
efrr	2	4
efs	2	3
przedsiębiorstwo	2	16
kategorii	2	9
ofiarami	2	8
ukrytych	2	8
strukturalnego	2	14
lepiej	2	6
stymulujący	2	11
ukierunkowany	2	13
odegrała	2	8
towarzyszenia	2	13
przebiegać	2	10
pozwolić	2	8
rolne	2	5
spożywcze	2	9
ustanowionym	2	12
dyrektywie	2	10
reklamy	2	7
rozporządzeniem	2	15
specyficzny	2	11
uzupełniające	2	13
identyfikacja	2	13
wyprodukowanych	2	15
łatwiejsza	2	10
szybsza	2	7
używanie	2	8
zapisów	2	7
przewidując	2	11
rozsądny	2	8
termin	2	6
symbolu	2	7
produktu	2	8
tradycyjny	2	10
dowiedzione	2	11
bodźce	1	6
pkt	1	3
bielan	1	6
gerardo	1	7
galeote	1	7
quecedo	1	7
sérgio	1	6
marques	1	7
nicholson	1	9
niepublikowane	1	14
wykonujących	1	12
trasie	1	6
producent	1	9
miesięcy	1	8
17a	1	3
urzędem	1	7
przedstawi	1	10
powiadomienia	1	13
stwierdzającą	1	13
właściwościach	1	14
posiadającemu	1	13
udostępnia	1	10
zawieszone	1	10
cofnięte	1	8
holger	1	6
krahmer	1	7
ouzký	1	5
adriana	1	7
poli	1	4
bortone	1	7
berlinguer	1	10
masiel	1	6
a5	1	2
monetarną	1	9
eurozone	1	8
macroeconomic	1	13
overcoming	1	10
deficiencies	1	12
become	1	6
distinguishing	1	14
analysing	1	9
compilation	1	11
reactions	1	9
saving	1	6
profitability	1	13
nonfinancial	1	12
businesses	1	10
rapporteur's	1	12
functioning	1	11
require	1	7
reaction	1	8
adjusting	1	9
sphere	1	6
collect	1	7
infraannual	1	11
statistics	1	10
transactions	1	12
strongly	1	8
call	1	4
my	1	2
vital	1	5
scheduled	1	9
zsolt	1	5
becsey	1	6
udo	1	3
bullmann	1	8
ieke	1	4
burg	1	4
cirino	1	6
pomicino	1	8
christian	1	9
ehler	1	5
sophia	1	6
veld	1	4
wolf	1	4
klinz	1	5
lauk	1	4
purvis	1	6
radwan	1	6
rosati	1	6
skinner	1	7
sahra	1	5
wagenknecht	1	11
lars	1	4
wohlin	1	6
charles	1	7
tannock	1	7
c6	1	2
error	1	5
bookmark	1	8
odrzuca	1	7
rule	1	4
opiniae	1	7
niewydanae	1	10
zīle28	1	6
sylwester	1	9
chruszcz	1	8
stanisław	1	9
jałowiecki	1	10
zile	1	4
fausto	1	6
correia	1	7
tegoż	1	5
dostawców	1	9
danutė	1	6
budreikaitė	1	11
alexandra	1	9
dobolyi	1	7
hybášková	1	9
filip	1	5
kaczmarek	1	9
glenys	1	6
kinnock	1	7
ģirts	1	5
kristovskis	1	11
miguel	1	6
angel	1	5
gay	1	3
mitchell	1	8
morgantini	1	10
pinior	1	6
schapira	1	8
jürgen	1	6
schröder	1	8
feleknas	1	8
uca	1	3
gomes	1	5
statutu	1	7
confirm	1	7
acquires	1	8
act	1	3
registration	1	12
insufficiently	1	14
reprezentowane	1	14
rachunek	1	8
powołać	1	7
składające	1	10
inconsistent	1	12
unjustifiable	1	13
ustanawiająca	1	13
ugrupowanie	1	11
opublikowana	1	12
uznawana	1	8
uzyskaniu	1	9
osobowości	1	10
uczestników	1	11
opublikowany	1	12
harmonious	1	10
attain	1	6
allocating	1	10
stressed	1	8
miller	1	6
cushnahan	1	9
poetschki	1	9
introducing	1	11
success	1	7
interreg	1	8
outside	1	7
comprising	1	10
erdf	1	4
esf	1	3
external	1	8
relating	1	8
preaccession	1	12
neighbourly	1	11
relations	1	9
neighbourhood	1	13
memorandum	1	10
preamble	1	8
ect	1	3
encountered	1	11
differing	1	9
settingup	1	9
cooperative	1	11
recourse	1	8
optional	1	8
title	1	5
affect	1	6
validity	1	8
negotiating	1	11
multilateral	1	12
composition	1	11
hereinafter	1	11
oversight	1	9
confine	1	7
assigned	1	8
exist	1	5
possibilities	1	13
carries	1	7
decides	1	7
delegate	1	8
specifies	1	9
dissolutionarticle	1	18
parties	1	7
enforcement	1	11
situated	1	8
seat	1	4
specify	1	7
list	1	4
exhaustive	1	10
dissolution	1	11
adequately	1	10
supervision	1	11
adding	1	6
governing	1	9
free	1	4
epresentation	1	13
deleting	1	8
announced	1	9
instant	1	7
istván	1	6
pálfi	1	5
poignant	1	8
alfredo	1	7
antoniozzi	1	10
przedstawiła	1	12
kolejny	1	7
galileo	1	7
egnos	1	5
zastępuje	1	9
harmonizuje	1	11
prawodawstwach	1	14
odzyskiwania	1	12
niekwestionowanych	1	18
długów	1	6
dodatkową	1	9
wierzyciela	1	11
ustanawia	1	9
upraszczające	1	13
transgranicznych	1	16
umocowanie	1	10
transgranicznego	1	16
służy	1	5
viktória	1	8
mohácsi	1	7
szejna	1	6
józsef	1	6
szájer	1	6
ljudmila	1	8
novak	1	5
angielski	1	9
complementary	1	13
accreditation	1	13
unnecessary	1	11
ea	1	2
dokładały	1	9
starały	1	7
ponadnarodową	1	13
akredytację	1	11
dokonaną	1	8
agencję	1	7
wymienioną	1	10
rejestrze	1	9
renomy	1	6
podestà	1	7
fernanda	1	8
rudi	1	4
ubeda	1	5
jacques	1	7
toubon	1	6
wuermeling	1	10
hedh	1	4
henrik	1	6
dam	1	3
kristensen	1	10
phillip	1	7
whitehead	1	9
janelly	1	7
fourtou	1	7
anneli	1	6
jäätteenmäki	1	12
stefano	1	7
zappalà	1	7
budżetowa	1	9
przedłożyła	1	11
korektę	1	7
podkreślił	1	10
ostatecznej	1	11
ściślejszych	1	12
zaprzyjaźnionymi	1	16
kredytowe	1	9
koncesje	1	8
kredyty	1	7
preferencyjnie	1	14
oprocentowane	1	13
necessitate	1	11
corresponding	1	13
surmount	1	8
prior	1	5
13a	1	3
serve	1	5
subsidies	1	9
encouraging	1	11
pointing	1	8
alternatives	1	12
experience	1	10
gained	1	6
opiniodawcza	1	12
wstrzymało	1	10
busquin	1	7
lie	1	3
heart	1	5
gains	1	5
realised	1	8
advantaged	1	10
remoter	1	7
gain	1	4
greatly	1	7
movement	1	8
persons	1	7
impetus	1	7
keystone	1	8
incorporated	1	12
outline	1	7
highlevel	1	9
accordingly	1	11
gave	1	4
removing	1	8
bottlenecks	1	11
railways	1	8
waterways	1	9
shortsea	1	8
shipping	1	8
intermodal	1	10
operations	1	10
despite	1	7
availability	1	12
appropriation	1	13
community's	1	11
slow	1	4
disappointing	1	13
conclude	1	8
catalyst	1	8
attracting	1	10
amend	1	5
determine	1	9
sets	1	4
allows	1	6
focuses	1	7
coincides	1	9
axiomatic	1	9
writing	1	7
exceptional	1	11
border	1	6
adequacy	1	8
emphasise	1	9
firstly	1	7
secondly	1	8
enlargement	1	11
thirty	1	6
opposed	1	7
fourteen	1	8
thirdly	1	7
agenda	1	6
assumed	1	7
viewed	1	6
absolute	1	8
signed	1	6
draftsman's	1	11
concerns	1	8
inspection	1	10
ability	1	7
proper	1	6
parallel	1	8
calls	1	5
incorporate	1	11
disable	1	7
undermine	1	9
supplementing	1	13
highlighted	1	11
forming	1	7
5a	1	2
nos	1	3
attained	1	8
adhered	1	7
tributary	1	9
continuity	1	10
differentiating	1	15
15a	1	3
seek	1	4
publicprivate	1	13
contractual	1	11
endeavouring	1	12
spread	1	6
3a	1	2
connect	1	7
rest	1	4
seaports	1	8
hinterland	1	10
simultaneously	1	14
thereof	1	7
waterway	1	8
started	1	7
committed	1	9
schedule	1	8
segment	1	7
completing	1	10
adjoining	1	9
segments	1	8
wholly	1	6
territories	1	11
submission	1	10
inspections	1	11
participate	1	11
paragraphs	1	10
cancellation	1	12
suspension	1	10
discontinuance	1	14
abstentions	1	11
ashworth	1	8
reimer	1	6
böge	1	4
dombrovskis	1	11
bárbara	1	7
hynek	1	5
fajmon	1	6
salvador	1	8
garriga	1	7
polledo	1	7
gräßle	1	6
guyquint	1	8
ville	1	5
itälä	1	5
sergej	1	6
kozlík	1	6
krzysztof	1	9
kuźmiuk	1	7
lewandowski	1	11
maňka	1	5
onesta	1	6
pittella	1	8
wojciech	1	8
roszkowski	1	10
nina	1	4
škottová	1	8
helga	1	5
trüpel	1	6
yannick	1	7
vaugrenard	1	10
ralf	1	4
walter	1	6
marilisa	1	8
xenogiannakopoulou	1	18
emil	1	4
saryuszwolski	1	13
poprawiony	1	10
tabela	1	6
przypis	1	7
jednosilnikowe	1	14
żurawie	1	7
samojezdne	1	10
outdoors	1	8
stages	1	6
came	1	4
starting	1	8
experts	1	7
impossible	1	10
rollers	1	7
plates	1	6
rammers	1	7
dozers	1	6
loaders	1	7
counterbalanced	1	15
lift	1	4
trucks	1	6
pavers	1	6
concrete	1	8
breakers	1	8
picks	1	5
mowers	1	6
lawnedge	1	8
fresh	1	5
adjustment	1	10
imminent	1	8
treatment	1	9
did	1	3
rise	1	4
controversy	1	11
described	1	9
uncontroversial	1	15
commented	1	9
substance	1	9
reservations	1	12
remarked	1	8
complied	1	8
attributed	1	10
achievable	1	10
ago	1	3
expected	1	8
manufacturers	1	13
guaranteed	1	10
certainty	1	9
products	1	8
disruption	1	10
avoided	1	7
sprawozdawcy	1	12
horst	1	5
schnellhardt	1	12
pál	1	3
powszechnych	1	12
wyborach	1	8
wyrok	1	5
wagner	1	6
fohrmann	1	8
krier	1	5
wybot	1	5
faure	1	5
inni	1	4
toczącej	1	8
francuskimi	1	11
sądowymi	1	8
postanowiono	1	12
francuski	1	9
kasacyjny	1	9
zastosował	1	10
orzeczeniu	1	10
umowa	1	5
żadna	1	5
konstytucyjna	1	13
pozwalają	1	9
orzec	1	5
stosuje	1	7
pozbawiając	1	11
faktycznych	1	11
orzeczenie	1	10
kasacyjnego	1	11
prawomocne	1	10
dopuszczalne	1	12
wniósł	1	6
protokół	1	8
odmowa	1	6
naruszenie	1	10
sądownictwa	1	11
wynika	1	6
pociągnięte	1	11
orzeczeniem	1	11
sądowego	1	8
köbler	1	6
czuwającej	1	10
stosowaniem	1	11
postanawia	1	10
przeciwko	1	9
republice	1	9
władzom	1	7
uchybienie	1	10
wnioskował	1	10
przyznanie	1	10
równorzędnej	1	12
nadzorowaniu	1	12
wykonawczą	1	10
odzwierciedlenia	1	16
legislacyjnych	1	14
uroczystym	1	10
oświadczeniu	1	12
poparła	1	7
zaproponowała	1	13
prerogatyw	1	10
ustawodawczych	1	14
ustalonego	1	10
ograniczenie	1	12
zdaniu	1	6
wyrazy	1	6
możliwością	1	11
zaproponowanych	1	15
konkursie	1	9
zgłoszenia	1	10
mianowaniem	1	11
niezwłocznie	1	12
wzywany	1	7
zdjęty	1	6
organismes	1	10
décentralisés	1	13
institués	1	9
pilier	1	6
soulève	1	7
problème	1	8
évidence	1	8
l'utilisation	1	13
renouvelable	1	12
divers	1	6
reflète	1	7
libellé	1	7
paragraphe	1	10
relatifs	1	8
juges	1	5
cour	1	4
luxembourg	1	10
l'application	1	13
simplifiée	1	10
exclue	1	6
résulte	1	7
onéreuse	1	8
prévue	1	6
proroger	1	8
remédier	1	8
difficulté	1	10
modifier	1	8
votre	1	5
approuve	1	8
saisit	1	6
conférer	1	8
procédures	1	10
4b	1	2
zaproponowaną	1	13
powoływany	1	10
wyłonionych	1	11
naboru	1	6
ogłoszonego	1	11
zaproszenia	1	11
organie	1	7
powołaniem	1	10
proszony	1	8
najszybsze	1	10
złożenie	1	8
zajmowanego	1	11
zwięzłe	1	7
odbyć	1	5
odwoływany	1	10
udokumentowane	1	14
lotnictwa	1	9
cywilnego	1	9
większością	1	11
czwartych	1	9
categorised	1	11
nominated	1	9
recently	1	8
simply	1	6
incumbent	1	9
thinks	1	6
poses	1	5
followed	1	8
commissioners	1	13
launched	1	8
hamper	1	6
sort	1	4
extended	1	8
assesses	1	8
stosownym	1	9
kathalijne	1	10
buitenweg	1	9
cashman	1	7
giusto	1	6
catania	1	7
coelho	1	6
agustín	1	7
díaz	1	4
mera	1	4
consuegra	1	9
díez	1	4
kinga	1	5
gál	1	3
gaubert	1	7
adeline	1	7
hazan	1	5
lívia	1	5
járóka	1	6
klamt	1	5
magda	1	5
kósáné	1	6
kovács	1	6
wolfgang	1	8
kreissldörfler	1	14
kudrycka	1	8
lambrinidis	1	11
sarah	1	5
ludford	1	7
inger	1	5
segelström	1	10
tatjana	1	7
ždanoka	1	7
deprez	1	6
genowefa	1	8
grabowska	1	9
sylviayvonne	1	12
kaufmann	1	8
marieline	1	9
reynaud	1	7
sprawe	1	6
kandydatki	1	10
nominowanej	1	11
urodzona	1	8
carna	1	5
galway	1	6
mężatka	1	7
synów	1	5
absolwentka	1	11
carysfort	1	9
teacher	1	7
college	1	7
nauczycielskie	1	14
blackrock	1	9
posłanka	1	8
éireann	1	7
spoczynku	1	9
mianowana	1	9
parlamentarnego	1	15
pierwsza	1	8
kobietaminister	1	15
otrzymała	1	9
wiceprzewodniczącą	1	18
parlamentarnej	1	14
rozpadu	1	7
piastowała	1	10
przewodniczyła	1	14
międzyresortowej	1	16
odpowiadając	1	12
radom	1	5
jedenaście	1	10
największych	1	12
państwowych	1	11
prowadził	1	9
negocjacje	1	10
pojednaniu	1	10
pracowała	1	9
biznesowy	1	9
dyrektorem	1	10
niewykonawczym	1	14
cotygodniową	1	12
felietonistką	1	13
dziennika	1	9
irish	1	5
prezenterką	1	11
irlandzkojęzycznej	1	18
stacji	1	6
telewizyjnej	1	12
tg4	1	3
zwierzęcego	1	11
roślinnego	1	10
zajmujący	1	9
najwyższe	1	9
niezadowolona	1	13
wystawiał	1	9
budżetowego	1	11
zakwestionował	1	14
scenariuszu	1	11
uzyskały	1	8
określacie	1	10
chciałaby	1	9
jasność	1	7
niepokoi	1	8
długiego	1	8
negatywna	1	9
czytelnego	1	10
wystawiania	1	11
jasności	1	8
klarowny	1	8
wprowadzone	1	11
ważniejsze	1	10
ulepszać	1	8
wyrażona	1	8
określono	1	9
doskonałej	1	10
poprawiała	1	10
dają	1	4
prawidłowy	1	10
dokładny	1	8
znanej	1	6
przedmiotowe	1	12
transakcje	1	10
niezadowalająca	1	15
długi	1	5
podmiotu	1	8
podlegającego	1	13
umożliwiający	1	13
zdaję	1	5
zwracał	1	7
baczną	1	6
wykonywać	1	9
tamtym	1	6
dobrą	1	5
stosowaną	1	9
zdecydował	1	10
żmudnego	1	8
testów	1	6
państwu	1	7
odzwierciedlały	1	15
rzeczywistość	1	13
niezadowalające	1	15
niezmiernie	1	11
skoncentrowania	1	15
sprawozdaniom	1	13
zaangażowaniu	1	13
wytrwałości	1	11
komisarzy	1	9
podwładnych	1	11
szersza	1	7
infrastruktura	1	14
finansowobudżetowa	1	18
poprawia	1	8
zintegrowany	1	12
iacs	1	4
rolnictwie	1	10
stosowany	1	9
spełnienie	1	10
składanie	1	9
obowiązującymi	1	14
październikowe	1	14
pożyteczną	1	10
inicjatywą	1	10
zapewniło	1	9
omówienia	1	9
ogólnowspólnotowych	1	19
opisana	1	7
zapewnianie	1	11
cennym	1	6
przygotowana	1	12
mapa	1	4
drogowa	1	7
wskazująca	1	10
przełomem	1	9
podkreślaniu	1	12
dopuszczalny	1	12
dopracowywaliśmy	1	16
audytowych	1	10
widzimy	1	7
podkreślanie	1	12
słabości	1	8
zalecanie	1	9
podejściem	1	10
weźmie	1	6
uzyskać	1	7
podatnicy	1	9
wiedzieli	1	9
stróż	1	5
gotowy	1	6
wszystkiemu	1	11
popularna	1	9
zawiódłby	1	9
informowałby	1	12
przedstawiającego	1	17
korzystnie	1	10
przyczynił	1	10
mieści	1	6
stosunkowo	1	10
krótkim	1	7
ogromną	1	7
ilość	1	5
przygotowywania	1	15
wyjaśnione	1	10
chciałabym	1	10
udostępniane	1	12
kontrolowanymi	1	14
zeszłym	1	7
odniesiono	1	10
zestawień	1	9
pojedynczych	1	12
omówiono	1	8
szczegółowości	1	14
niemożliwy	1	10
nieczytelnym	1	12
niemniej	1	8
kontynuować	1	11
czytelność	1	10
ostrożności	1	11
komunikaty	1	10
zniekształcane	1	14
niewłaściwie	1	12
zrezygnował	1	11
publikowania	1	12
informacja	1	10
szeroko	1	7
interpretowana	1	14
prasę	1	5
wskaźnik	1	8
publikowane	1	11
media	1	5
informowane	1	11
notatki	1	7
prasowe	1	7
prasowych	1	9
stosunkami	1	10
chętnie	1	7
odwiedzających	1	14
odwiedziło	1	10
rozplanowanie	1	13
wprowadzono	1	11
zapewniono	1	10
rozdziałów	1	10
wymowne	1	7
nagłówki	1	8
użytkownika	1	11
tabele	1	6
wykresy	1	7
rozpoczęto	1	10
specjalny	1	9
doprowadzi	1	10
zaakceptowana	1	13
wdrażaniem	1	10
osiąganiem	1	10
urzędnicy	1	9
wchodzący	1	9
przygotowani	1	12
gospodarne	1	10
przydzielonych	1	14
pielęgnowana	1	12
dające	1	6
pewność	1	7
prowadzą	1	8
skuteczny	1	9
najmniejszym	1	12
kosztem	1	7
istotna	1	7
szkolenie	1	9
kadr	1	4
mamy	1	4
formalnego	1	10
naszym	1	6
wszelkiego	1	10
zrozumieniu	1	11
omawianych	1	10
odbywał	1	7
wyznaczoną	1	10
spośród	1	7
osobę	1	5
kontaktową	1	10
komunikację	1	11
osobista	1	8
pozostawanie	1	12
potrzebują	1	10
pozostanie	1	10
wyborze	1	7
wyrażane	1	8
pewnego	1	7
zaniepokojenia	1	14
czego	1	5
dowodzi	1	7
wnioskami	1	9
wybrani	1	7
konkretny	1	9
zapewniam	1	9
przedmiotowej	1	13
szczery	1	7
regulujących	1	12
wcześniejszych	1	14
konsolidacyjnych	1	16
ostatniej	1	9
nowelizacja	1	11
wchodzi	1	7
przeprowadzanie	1	15
okazały	1	7
wnioskach	1	9
podkreśliła	1	11
uwzględniła	1	11
alternatywa	1	11
odwróciłyby	1	11
bieg	1	4
osłabiły	1	8
którykolwiek	1	12
prawdziwych	1	11
zastosowała	1	11
nasuwa	1	6
alternatywy	1	11
wyjątki	1	7
poszerzane	1	10
sprawdzane	1	10
późniejszym	1	11
zaplanowano	1	11
spotkanie	1	9
grässle	1	7
wymienimy	1	9
poglądy	1	7
stanowiłyby	1	11
sprawozdawcze	1	13
postrzegają	1	11
powiedziano	1	11
zaakceptują	1	11
ogólną	1	6
prezes	1	6
holenderskiego	1	14
powiedział	1	10
wszelkim	1	8
próbom	1	6
zna	1	3
znaczy	1	6
dwudziestu	1	10
przepływ	1	8
użytecznych	1	11
dwukierunkowo	1	13
krajowi	1	7
audytorzy	1	9
składający	1	10
szefów	1	6
pełnomocnik	1	11
kontaktów	1	9
zachowaniem	1	11
próbuje	1	7
nieuzasadnionego	1	16
powielania	1	10
musiały	1	7
wpłacać	1	7
finansowany	1	11
przecież	1	8
podatników	1	10
jakiejkolwiek	1	13
przywódcy	1	9
wyrazili	1	8
urzędujący	1	10
wypowiadanie	1	12
niewłaściwe	1	11
zachodzące	1	10
budżetowania	1	12
informatyki	1	11
mapę	1	4
ponownej	1	8
najlepszej	1	10
mandatu	1	7
uroczyście	1	10
zobowiązałam	1	12
spełnienia	1	10
dotrzymałam	1	11
czynić	1	6
sprawowania	1	11
przeze	1	6
rozporządzeniu	1	14
wykonuję	1	8
poszanowaniem	1	13
posiadałam	1	10
interesu	1	8
wybrana	1	7
eireann	1	7
piastowałam	1	11
sekretarz	1	9
parlamentarny	1	13
przewodnicząca	1	14
rozpoczęłam	1	11
rolnictwo	1	9
odpowiadałam	1	12
cukier	1	6
tytoń	1	5
banany	1	6
paszowy	1	7
warzywa	1	7
krótkiego	1	9
przyjęliśmy	1	11
opublikowaliśmy	1	15
cukru	1	5
zyskało	1	7
wskazaliśmy	1	11
interwencją	1	11
opowiedzieliśmy	1	15
stwierdzam	1	10
podlega	1	7
odchodziłam	1	11
tytoniem	1	8
druga	1	5
bananów	1	7
obejmowała	1	10
interwencję	1	11
suszem	1	6
paszowym	1	8
styczniu	1	8
nd	1	2
eports	1	6
otrzymałam	1	10
rangą	1	5
oordination	1	11
valuation	1	9
ssurance	1	8
odpowiedzialni	1	14
rolą	1	4
należała	1	8
przewodniczenie	1	15
posiedzeniom	1	12
znajdowaniu	1	11
dopuszczalnych	1	14
miałam	1	6
przywilej	1	9
metodologią	1	11
programowaniem	1	14
zatwierdzonych	1	14
opracował	1	9
podręcznik	1	10
skomputeryzowane	1	16
sprawozdawczości	1	16
lipcu	1	5
dodatkowo	1	9
kontaktach	1	10
przygotowywaniu	1	15
bieżąco	1	7
zgłasza	1	7
memorandów	1	10
dąży	1	4
znacznym	1	8
personel	1	8
gwarantowałby	1	13
zapewniałby	1	11
zarządowi	1	9
łatwy	1	5
oddawał	1	7
potrzebom	1	9
włożono	1	7
rezultacie	1	10
zaproponowałam	1	14
skomputeryzowanego	1	18
sprawozdawczość	1	15
nazwaliśmy	1	10
upport	1	6
syst	1	4
em	1	2
przyniosło	1	10
dostosowaniu	1	12
zaakceptowaniu	1	14
nowego	1	6
zorganizowałam	1	14
techniczną	1	10
bezustannie	1	11
monitorujemy	1	12
korzystanie	1	11
wprowadzamy	1	11
podnosić	1	8
wprowadziłam	1	12
upłynęło	1	8
uznałam	1	7
nadszedł	1	8
przypomnienie	1	13
zamiarem	1	8
dokumentowania	1	14
znaczna	1	7
luka	1	4
podawał	1	7
niewiele	1	8
opłacalności	1	12
poczyniono	1	10
luki	1	4
modułu	1	6
wskazówki	1	9
uzupełniona	1	11
modułami	1	8
zapoczątkowałam	1	15
aktualizację	1	12
aktualnymi	1	10
najlepszymi	1	11
praktykami	1	10
ważna	1	5
rutynowej	1	9
wykryty	1	7
przypadek	1	9
pojawi	1	6
podejrzenia	1	11
wykrycia	1	8
oznak	1	5
nielegalnej	1	11
korupcji	1	8
zagrażają	1	9
interesom	1	9
wydziałem	1	9
podejrzanych	1	12
monitoruje	1	10
wydziały	1	8
uzasadnione	1	11
dostarczone	1	11
dowody	1	6
wydziałom	1	9
korespondencję	1	14
pozyskania	1	10
dokładniejszych	1	15
szczegółów	1	10
zarzutów	1	8
otrzymanych	1	11
skargi	1	6
dostarczono	1	11
świadczących	1	12
nadużyciach	1	11
podmiotami	1	10
właściwymi	1	10
właściwości	1	11
łączących	1	9
śledzi	1	6
poważnie	1	8
traktujemy	1	10
najmniejsza	1	11
popełnienia	1	11
analizowane	1	11
przekazywane	1	12
następnym	1	9
najważniejszym	1	14
aktem	1	5
odnoszące	1	9
aktualnego	1	10
zaznaczyłam	1	11
finalizowania	1	13
niezręcznie	1	11
wdawać	1	6
przewiduję	1	10
przyjmie	1	8
wymienionym	1	11
działaniom	1	10
przyczyniłam	1	12
stanowiąca	1	10
ciągły	1	6
mieliby	1	7
sześciu	1	7
ułatwiłam	1	9
wyraziłby	1	9
przemyślałabym	1	14
przekazałabym	1	13
rządowi	1	7
uczynił	1	7
nominował	1	9
musiałby	1	8
stosowną	1	8
nominowanego	1	12
osobowe	1	7
imię	1	4
pinxten	1	7
karel	1	5
alfons	1	6
hugo	1	4
arnold	1	6
urodzenia	1	9
cywilny	1	7
troje	1	5
szkoła	1	6
średnia	1	7
sinthubertuscollege	1	19
licencjat	1	9
ufsia	1	5
antwerpia	1	9
doktor	1	6
specjalizacja	1	13
wielka	1	6
brytania	1	8
stypendysta	1	11
british	1	7
wyjazdy	1	7
zagraniczne	1	11
sześciomiesięczne	1	17
japonii	1	7
zwycięzca	1	9
nagrody	1	7
ufundowanej	1	11
zagranicznego	1	13
pobyt	1	5
szkoleniowy	1	11
liderów	1	7
nato	1	4
asystent	1	8
katolickim	1	10
kariera	1	7
burmistrz	1	9
hano	1	4
hamontachel	1	11
międzywspólnotowego	1	19
parku	1	5
przemysłowego	1	13
północnej	1	9
limburgii	1	9
nolimpark	1	9
nv	1	2
tessenderlo	1	11
chemical	1	8
rozrachunków	1	12
realizowanych	1	13
wykorzystana	1	12
określona	1	9
niezależny	1	10
omówione	1	8
zrozumiany	1	10
pomyłek	1	7
gromadzenia	1	11
uzyskanych	1	10
publikowanie	1	12
ku	1	2
zwrócenie	1	9
internetowa	1	11
wykonane	1	8
przywiązywać	1	12
konieczną	1	9
osiągane	1	8
najniższym	1	10
koszcie	1	7
oszczędność	1	11
zakładanych	1	11
osiągana	1	8
optymalna	1	9
wpłaconymi	1	10
wynikami	1	8
przestrzegane	1	13
najważniejszymi	1	15
środkach	1	8
zdefiniowane	1	12
mierzalne	1	9
systemami	1	9
odrębnie	1	8
publicznym	1	10
wykrywanie	1	10
oddalania	1	9
potencjalnego	1	13
początkowym	1	11
personelu	1	9
kodeks	1	6
kulturę	1	7
nakreślenia	1	11
dodana	1	6
składaniu	1	9
rocznej	1	7
sporządzał	1	10
dokładne	1	8
rzetelne	1	8
informacjach	1	12
zapewnię	1	8
realistyczne	1	12
logicznym	1	9
następstwem	1	11
omawiać	1	7
przedstawicielami	1	17
sprawozdawczością	1	17
wyrażam	1	7
chęć	1	4
objaśniania	1	11
udzielać	1	8
ustnych	1	7
zadane	1	6
pytań	1	5
złożonych	1	9
przygotuje	1	10
prowadzoną	1	10
włączyć	1	7
nawiązać	1	8
kontakt	1	7
popieram	1	8
bliskiego	1	9
znam	1	4
końcowy	1	7
zmieniający	1	11
proceduralnych	1	14
dokumentacyjnych	1	16
zamówieniami	1	12
dotacjami	1	9
wyjaśnienie	1	11
architektury	1	12
istniejącego	1	12
szerszym	1	8
trudniejsza	1	11
formalnych	1	10
przesunięte	1	11
powyższych	1	10
słów	1	4
podać	1	5
przetargowe	1	11
biurokratyczne	1	14
złożoność	1	9
utrudniać	1	9
skompletowanie	1	14
zestawu	1	7
organizacjom	1	12
upraszcza	1	9
elastyczne	1	10
mówi	1	4
brakuje	1	7
definicji	1	9
przeprowadzeniem	1	16
złożeniem	1	9
wykorzystanymi	1	14
działają	1	8
poddają	1	7
dochód	1	6
narodowy	1	8
zaledwie	1	8
małą	1	4
łącznych	1	8
postępują	1	9
wiąże	1	5
dochodami	1	9
sporządzane	1	11
zawierać	1	8
zwyczajową	1	10
wykorzystywać	1	13
unijnymi	1	8
wyrokować	1	9
udoskonaleniach	1	15
praktycznej	1	11
postrzegane	1	11
całość	1	6
faktycznym	1	10
kraje	1	5
czekają	1	7
kolejce	1	7
przystąpienia	1	13
bilansu	1	7
zasugerować	1	11
izbowy	1	6
bezproblemowe	1	13
przydziału	1	10
dostosowywania	1	14
wskazał	1	7
przekazał	1	9
ruch	1	4
pogłębienia	1	11
niezależnej	1	11
okresowej	1	9
zobowiązał	1	10
weryfikacje	1	11
przeprowadzać	1	13
niezależna	1	10
badaniu	1	7
wolna	1	5
wpływów	1	7
zwyczajowymi	1	12
operacyjną	1	10
instytucjonalną	1	15
realizując	1	10
zachowam	1	8
stosunkach	1	10
kierował	1	8
wytycznymi	1	10
zamierzam	1	9
postawę	1	7
neutralną	1	9
powstrzymam	1	11
sprawować	1	9
urzędów	1	7
bezstronność	1	12
obiektywizm	1	11
poufności	1	9
uregulowań	1	10
szacunek	1	8
badanych	1	8
zaprzestanę	1	11
burmistrza	1	10
całkowitą	1	9
abym	1	4
współpracować	1	13
wszystkimi	1	10
atmosferze	1	10
kwestiach	1	9
etyki	1	5
studiowałem	1	11
ekonomię	1	8
uniwersytetach	1	14
specjalizacją	1	13
konkursu	1	8
zastępcą	1	8
kontrolerem	1	11
początku	1	8
odzieżowego	1	11
wczesnych	1	9
przechodziły	1	12
wydano	1	6
ekspansji	1	9
poparta	1	7
kandydatura	1	11
zasiadałem	1	10
reprezentantów	1	14
służbę	1	6
sprawuję	1	8
reprezezntantów	1	15
pozostaję	1	9
podsumowując	1	12
wątki	1	5
wspomniałem	1	11
sprawowaniu	1	11
przestrzegali	1	13
miałby	1	6
argumenty	1	9
świadczące	1	10
spełniam	1	8
przygotowany	1	12
nisticó	1	7
celach	1	6
biurom	1	6
palma	1	5
mallorca	1	8
majorka	1	7
doktorat	1	8
rozwijała	1	9
akademickim	1	11
pracownik	1	9
naukowy	1	7
valladolid	1	10
balearski	1	9
wiedniu	1	7
heidelbergu	1	11
kierownictwem	1	13
klausa	1	6
vogela	1	6
dziekan	1	7
wydziału	1	8
rektora	1	7
najwyższy	1	9
akademicką	1	10
opublikowałem	1	13
tekstów	1	7
poświęconych	1	12
tematom	1	7
fiskalna	1	8
corporaciones	1	13
alemán	1	6
incidencia	1	10
fuentes	1	7
normativas	1	10
reparto	1	7
competencias	1	12
tributarias	1	11
distintos	1	9
ámbitos	1	7
gobierno	1	8
autonomía	1	9
suficiencia	1	11
asimetría	1	9
gasto	1	5
estructura	1	10
ley	1	3
modelos	1	7
necesaria	1	9
reforma	1	7
autonomías	1	10
contenido	1	9
instrumentos	1	12
límites	1	7
corresponsabilidad	1	18
relaciones	1	10
interadministrativas	1	20
aplicación	1	10
tributes	1	8
elementos	1	9
jurídicos	1	9
principios	1	10
puntos	1	6
connexion	1	9
condicionamientos	1	17
constitucionales	1	16
codificación	1	12
tasas	1	5
públicos	1	8
privados	1	8
hacia	1	5
concepto	1	8
tribute	1	7
bloque	1	6
presupuestario	1	14
presupuesto	1	11
acompañamiento	1	14
estabilidad	1	11
decretoley	1	10
hecho	1	5
cuantificación	1	14
prestación	1	10
unidad	1	6
familiar	1	8
como	1	4
sujeto	1	6
ordenamiento	1	12
español	1	7
determinados	1	12
activos	1	7
financieros	1	11
tributación	1	11
entidades	1	9
previsión	1	9
tipo	1	4
gravamen	1	8
aspectos	1	8
fiscales	1	8
circulación	1	11
capitales	1	9
comunidad	1	9
incrementos	1	11
patrimoniales	1	13
operaciones	1	11
residents	1	9
eficacia	1	8
voluntad	1	8
partes	1	6
obligaciones	1	12
tributaries	1	11
directiva	1	9
relativa	1	8
al	1	2
común	1	5
aplicable	1	9
matrices	1	8
filiales	1	8
experiencia	1	11
revisión	1	8
actos	1	5
vía	1	3
przetłumaczyłem	1	15
klasyczne	1	9
tytuły	1	6
nawiasky	1	8
cuestiones	1	10
fundamentales	1	13
trotabas	1	8
ensayo	1	6
geny	1	4
particularismo	1	14
studyjnych	1	10
latynoamerykańskim	1	18
cortes	1	6
trzeciej	1	8
reprezentowałem	1	15
międzyparlamentarnej	1	20
stosunki	1	8
analizowaniem	1	13
autonomicznym	1	13
przeprowadziłem	1	15
narodowe	1	8
nikaragui	1	9
managua	1	7
wenezuela	1	9
międzyrządowego	1	15
caracas	1	7
paragwaju	1	9
instytucjonalnej	1	16
asunción	1	8
doradcą	1	7
uczestnicząc	1	12
komuś	1	5
kto	1	3
czynienia	1	9
pracami	1	7
konfliktogennych	1	16
dokumentami	1	11
skomplikowana	1	13
komentarz	1	9
poczynić	1	8
dostępnych	1	10
rozdział	1	8
zwracając	1	9
punkcie	1	7
vi	1	2
niedociągnięcia	1	15
błędy	1	5
popełnione	1	10
przedakcesyjna	1	14
wzbogaconą	1	10
licznymi	1	8
uwagami	1	7
ogółem	1	6
dotyczyło	1	9
krytyka	1	7
krytycznych	1	11
pozoru	1	6
skierowanych	1	12
dziesięciu	1	10
wydawał	1	7
wywołuje	1	8
ostrą	1	5
reakcję	1	7
umiejscowić	1	11
zwracania	1	9
najprawdopodobniej	1	18
zresztą	1	7
udoskonalić	1	11
zob	1	3
pamiętając	1	10
zajmuje	1	7
płynący	1	7
brzmieć	1	7
następująco	1	11
sami	1	4
wyznaczyliśmy	1	13
faktycznemu	1	11
zakładam	1	8
pochodzą	1	8
sprawiają	1	9
wrażenie	1	8
niepewność	1	10
podzielane	1	10
zaznajomione	1	12
wykonywał	1	9
odpowiedzialnością	1	18
wnieść	1	6
rygorystyczny	1	13
wykonując	1	9
oprzeć	1	6
pokusie	1	7
donoszenia	1	10
nieprawidłowościach	1	19
kierowania	1	10
interesami	1	10
wykraczającymi	1	14
pokusy	1	6
oszustw	1	7
naruszających	1	13
kreuje	1	6
powstrzymywać	1	13
wskazywaniem	1	12
skomplikowanej	1	14
rachunkowość	1	12
duża	1	4
wcale	1	5
prawdziwa	1	9
ważniejsza	1	10
twierdzę	1	8
przeszłej	1	9
sugerować	1	9
ulepszyć	1	8
wyraziłem	1	9
stanem	1	6
ośmielę	1	7
stwarzają	1	9
demokracji	1	10
łatwości	1	8
pożytkiem	1	9
otrzymują	1	9
terytorialnym	1	13
miasta	1	6
odnośnymi	1	9
sumami	1	6
współfinansowanymi	1	18
razu	1	4
wzbudza	1	7
idea	1	4
arbitralności	1	13
wcześniejszej	1	13
późniejszej	1	11
przeciwstawne	1	13
arbitralny	1	10
spójny	1	6
kulturą	1	7
idzie	1	5
istniało	1	8
sine	1	4
qua	1	3
demokratyczny	1	13
oparty	1	6
wspierany	1	9
deklarację	1	10
wykonują	1	8
celne	1	5
zgromadzić	1	10
płatnik	1	7
boryka	1	6
problemami	1	10
sumy	1	4
minimalną	1	9
równoważą	1	9
pobieraniem	1	11
monitorować	1	11
gromadzeniem	1	12
uczestniczy	1	11
przeznaczonymi	1	14
cechę	1	5
koniecznym	1	10
specyfiki	1	9
potrzebna	1	9
tutaj	1	5
jasna	1	5
niepodejmowanie	1	15
alokacji	1	8
precyzyjna	1	10
stabilne	1	8
regulować	1	9
dokumentację	1	12
etapom	1	6
wydawania	1	9
koniec	1	6
zwrotnej	1	8
stworzone	1	9
reguł	1	5
oszczędności	1	12
najmniejszych	1	13
zaproponowane	1	13
osiągnięto	1	10
wykorzystanych	1	14
alokowane	1	9
minimalizować	1	13
maksymalizować	1	14
zyski	1	5
zgodzie	1	7
instrumentalną	1	14
pozycją	1	7
czwarty	1	7
przyjmowania	1	12
ostatecznego	1	12
implikuje	1	9
przewidywanego	1	14
odnośnym	1	8
skutkiem	1	8
zatwierdzą	1	10
wykonywane	1	10
zawartymi	1	9
regulaminie	1	11
organizacją	1	11
dotyczyłyby	1	11
rocznego	1	8
oczywistą	1	9
motywów	1	7
żądań	1	5
ostrożność	1	10
tworzy	1	6
pozwalającą	1	11
wnikliwie	1	9
analizował	1	10
żądania	1	7
korespondować	1	13
działające	1	10
kształtu	1	8
zaskoczeniem	1	12
zmieniane	1	9
punktem	1	7
gruntownej	1	10
poprzednika	1	11
wprowadzanie	1	12
częściej	1	8
doświadczeń	1	11
intuicyjne	1	10
domniemania	1	11
teoretyczny	1	11
ofert	1	5
rozjaśnienie	1	12
racjonalizację	1	14
odzwierciedlone	1	15
ograniczeniu	1	12
biurokracji	1	11
ujednoliconych	1	14
przysięgami	1	11
ustnymi	1	7
odniosą	1	7
pytaniu	1	7
natychmiast	1	11
ograniczą	1	9
biurokrację	1	11
przyniosą	1	9
elastyczność	1	12
obejmą	1	6
wymagać	1	7
nieproporcjonalnie	1	18
konfliktowymi	1	13
wartościami	1	11
elastycznością	1	14
budżetami	1	9
przypomnimy	1	11
równocześnie	1	12
wykonanych	1	10
wchodziły	1	9
interakcję	1	10
procedurami	1	11
złożona	1	7
struktura	1	9
jedno	1	5
samo	1	4
przejść	1	7
zanim	1	5
dotrze	1	6
beneficjenta	1	12
koordynowania	1	13
równoczesnej	1	12
współistnieją	1	13
złożyła	1	7
podobny	1	7
sformułować	1	11
polegałoby	1	10
rozważeniu	1	10
jednolitości	1	12
myślę	1	5
formułowanie	1	12
nierozważne	1	11
musiałbym	1	9
zasięgnąć	1	9
doświadczonych	1	14
rozważania	1	10
cztery	1	6
opcją	1	5
debatom	1	7
rozpatrywania	1	13
musiałyby	1	9
plenarnego	1	10
powinienem	1	10
kierować	1	8
ustanowionymi	1	13
uzupełnionymi	1	13
kodeksie	1	8
grudzień	1	8
wdrażającej	1	11
regulamin	1	9
subiektywnego	1	13
przyjmowanie	1	12
niczyich	1	8
instrukcji	1	10
poddawanie	1	10
ewentualnych	1	12
reakcji	1	7
owe	1	3
reakcje	1	7
prywatnymi	1	10
zależne	1	7
niezależne	1	10
potraktuję	1	10
intelektualną	1	13
uczciwością	1	11
przestrzegał	1	12
stroniąc	1	8
całkowite	1	9
gwarancją	1	9
rozbieżności	1	12
wyłączne	1	8
zajmuję	1	7
wpłynąć	1	7
aktualnej	1	9
niedawnej	1	9
nieco	1	5
odległej	1	8
żadną	1	5
momentach	1	9
kariery	1	7
przedstawicielem	1	16
udzielałem	1	10
porad	1	5
wybrano	1	7
liście	1	6
figurowało	1	10
tamte	1	5
stworzyły	1	9
doskonałą	1	9
godzący	1	7
lojalność	1	9
wolność	1	7
okazał	1	6
postanowiłem	1	12
kandydował	1	10
rozprawa	1	8
doktorska	1	9
poświęcona	1	10
tematowi	1	8
związanemu	1	10
skupiała	1	8
doradczej	1	9
kierownik	1	9
katedry	1	7
doktorantów	1	11
poświęcone	1	10
różnym	1	6
aspektom	1	8
dochodom	1	8
wpływom	1	7
wydatkom	1	8
cykl	1	4
złożonego	1	9
akceptowanymi	1	13
dyrektywach	1	11
rozporządzeniach	1	16
hiszpańskich	1	12
kongresie	1	9
odpowiadałem	1	12
proceduralny	1	12
ustaw	1	5
uchwalonych	1	11
zmieniono	1	9
podatkowy	1	9
hiszpania	1	9
zwyczajne	1	9
nadzwyczajne	1	12
prezesem	1	8
banco	1	5
ministerialnymi	1	15
kongresowej	1	11
rzecznikiem	1	11
członkostwa	1	11
stosunków	1	9
należało	1	8
analizowanie	1	12
dostarczanej	1	12
następującą	1	11
sporządził	1	10
socjalistyczna	1	14
powierzyła	1	10
tamtych	1	7
decentralizacją	1	15
wypowiedzieć	1	12
sześć	1	5
cieszą	1	6
stopniem	1	8
zewnętrzną	1	10
gałęzi	1	6
pełnienie	1	9
powołuje	1	8
zaistnienia	1	11
wspomnianej	1	11
inaczej	1	7
byłbym	1	6
wycofać	1	7
wysunąłem	1	9
poinformowałbym	1	15
nieprzychylnej	1	14
zgłosiwszy	1	10
przesłuchała	1	12
desygnowanego	1	13
naczelnym	1	9
organom	1	7
kontrolnym	1	10
campo	1	5
maior	1	5
portugalia	1	10
dwoje	1	5
prawnicze	1	9
podyplomowe	1	11
wykładowca	1	10
wydziale	1	8
wyższej	1	7
szkole	1	6
zawodów	1	7
konsultant	1	10
gościnne	1	8
różnorodnych	1	12
konferencjach	1	13
seminariach	1	11
obszernego	1	10
omawiania	1	9
wynnem	1	6
poglądów	1	8
wspomnianą	1	10
drobiazgowo	1	11
kładzie	1	7
odnoszącą	1	9
przygotowane	1	12
wynna	1	5
podzielają	1	10
komentarze	1	10
krytyką	1	7
czymkolwiek	1	11
odzwierciedleniem	1	17
wnoszonej	1	9
inherentnych	1	12
wskazano	1	8
udzielającej	1	12
uzyskał	1	7
kontrolując	1	11
ogromnym	1	8
uzupełnione	1	11
oświadczyłem	1	12
jednakowe	1	9
rozumienie	1	10
przywołanego	1	12
identyfikacji	1	13
nieprawidłowościami	1	19
przewidywaniu	1	13
wykrywaniu	1	10
naprawianiu	1	11
przekonany	1	10
zagwarantuje	1	12
zebranie	1	8
pełniejszych	1	12
przynosząc	1	10
umożliwi	1	8
zrozumienie	1	11
oddziałujących	1	14
dostarczy	1	9
pełniejszej	1	11
charakteru	1	10
oddziaływania	1	13
niewykrytych	1	12
nieskorygowanych	1	16
umożliwiając	1	12
świadczą	1	8
przywołane	1	10
pewnością	1	9
nadejdą	1	7
ślad	1	4
mapą	1	4
udzielającego	1	13
udostępniania	1	13
jaśniejszych	1	12
zidentyfikowane	1	15
silne	1	5
prawdziwie	1	10
nadzorcy	1	8
postrzegania	1	12
nałożonych	1	10
traktatami	1	10
obiektywności	1	13
przychylnie	1	11
ogromnie	1	8
polepszeniu	1	11
rozumiana	1	9
specjalistów	1	12
zainteresowanego	1	16
globalnej	1	9
zidentyfikowania	1	16
usprawnić	1	9
odbierania	1	10
stronę	1	6
internetową	1	11
opłacalnego	1	11
zapewniającym	1	13
ekonomiczne	1	11
lista	1	5
wyczerpująca	1	12
dobra	1	5
służbie	1	7
wewnętrzne	1	10
globalne	1	8
dostarczający	1	13
permanentnego	1	13
przepływu	1	9
regularna	1	9
wykonanej	1	9
przejrzystej	1	12
popartej	1	8
przedłożone	1	11
miało	1	5
roczny	1	6
przedkładany	1	12
bliższej	1	8
obiema	1	6
organizuje	1	10
doroczne	1	8
służące	1	7
rozpatrzeniu	1	12
uczestnik	1	9
obopólnej	1	9
oświadczyć	1	10
starałem	1	8
trwania	1	7
konstruktywny	1	13
sprawozdawcami	1	14
leżeć	1	5
wieloletniego	1	13
poddane	1	7
dogłębnym	1	9
zmianom	1	7
trwające	1	8
kolejnymi	1	9
toczących	1	9
wydanej	1	7
obecny	1	6
projektach	1	10
cieszącymi	1	10
autonomią	1	9
gwarantuje	1	10
traktaty	1	8
mandatów	1	8
niekoniecznie	1	13
współpracują	1	12
dobrowolnym	1	11
przynoszącym	1	12
opracowywanie	1	13
najefektywniejszym	1	18
wdrożeniu	1	9
auspicjami	1	10
kontaktowej	1	11
prezesów	1	8
istotniejszym	1	13
korzyść	1	7
przesunęła	1	10
ciężkości	1	9
płaszczyznę	1	11
krajową	1	7
dzielonemu	1	10
skoordynowane	1	13
sposobów	1	8
przeznaczenia	1	13
przedmiotowych	1	14
mapy	1	4
drogowej	1	8
wewnetrznej	1	11
dyskutują	1	9
forach	1	6
kontaktowa	1	10
zauważyć	1	8
zdecydowane	1	11
rozróżnienie	1	12
kontrolami	1	10
członkowstwo	1	12
kolegialną	1	10
tymczasem	1	9
sposobie	1	8
decyzyjnego	1	11
elastycznego	1	12
trybie	1	6
torują	1	6
drogę	1	5
specjalizacji	1	13
postanowił	1	10
przeprowadzić	1	13
dokładnej	1	9
inspekcji	1	9
samoocenę	1	9
niewątpliwy	1	11
przyjąłem	1	9
uroczystą	1	9
przysięgę	1	9
zobowiązałem	1	12
niezwracania	1	12
nieprzyjmowania	1	15
pełnym	1	6
bezstronności	1	13
uczciwości	1	10
dyskrecji	1	9
radością	1	8
udzielę	1	7
pragnąłbym	1	10
dodać	1	5
udziałach	1	9
majątkowe	1	9
małżonki	1	8
kierowanie	1	10
przygotowywanymi	1	16
koordynowałem	1	13
opracowującej	1	13
białą	1	5
konsultantem	1	12
wybrany	1	7
wydawane	1	8
poświęcałem	1	11
wyrażanych	1	10
udzielający	1	11
zaznaczyłem	1	11
dostarcza	1	9
generuje	1	8
znamienny	1	9
podtrzyma	1	9
obdarzony	1	9
spotka	1	6
uznaniem	1	8
przychylna	1	10
massimo	1	7
vari	1	4
ur	1	2
frosinone	1	9
senior	1	6
marzec	1	6
sapienza	1	8
wyróżnieniem	1	12
uprawnienia	1	11
radcy	1	5
finałowym	1	9
gronie	1	6
asystenta	1	9
zwyczajnego	1	11
katedrze	1	8
perugii	1	7
zawodowa	1	8
urzędnik	1	8
biurze	1	6
kredytowych	1	11
trade	1	5
credit	1	6
radca	1	5
spółki	1	6
atac	1	4
kolejno	1	7
delegowany	1	10
obrońcy	1	7
jurysdykcyjne	1	13
dalsza	1	6
koordynujące	1	12
dydaktyczna	1	11
kursu	1	5
akademicki	1	10
kursy	1	5
tor	1	3
vergata	1	7
lumsa	1	5
autonomicznej	1	13
kredyt	1	6
rzemieślników	1	13
mieszkalnictwa	1	14
niepełnoletnich	1	15
włoski	1	6
unicef	1	6
xvii	1	4
sesję	1	5
zgromadzenia	1	12
jorku	1	5
przeniesienia	1	13
zagadnieniami	1	13
przestępczości	1	14
zorganizowanej	1	14
technicznonaukowego	1	19
ustawy	1	6
zdefiniowania	1	13
organizowanych	1	14
chile	1	5
brazylii	1	8
kolumbii	1	8
urugwaju	1	8
egipcie	1	7
poświęcał	1	9
ameryki	1	7
łacińskiej	1	10
debatach	1	8
włada	1	5
następującymi	1	13
językami	1	8
mowie	1	5
znajomość	1	9
języka	1	6
niemieckiego	1	12
valori	1	6
tecniche	1	8
giudizio	1	8
costituzionalità	1	16
spanish	1	7
konstytucja	1	11
hiszpańska	1	10
dykinson	1	8
madrid	1	6
diritto	1	7
romano	1	6
ius	1	3
europeo	1	7
index	1	5
processo	1	8
integrazione	1	12
ed	1	2
ecumene	1	7
esi	1	3
tribunali	1	9
amministrazione	1	15
politica	1	8
giudiziario	1	11
limiti	1	6
discendenti	1	11
dalla	1	5
separazione	1	11
poteri	1	6
archivio	1	8
giuridico	1	9
serafini	1	8
administration	1	14
judicial	1	8
obrona	1	6
sądowniczej	1	11
responding	1	10
documents	1	9
xiiith	1	6
congress	1	8
korupcję	1	8
xiii	1	4
città	1	5
sole	1	4
lecce	1	5
articolazioni	1	13
dello	1	5
stato	1	5
iustitia	1	8
accesso	1	7
alla	1	4
sociali	1	7
comune	1	6
jovene	1	6
revista	1	7
católica	1	8
valparaíso	1	10
legalità	1	8
nelle	1	5
esperienze	1	10
giuridiche	1	10
contemporanee	1	13
ruolo	1	5
corti	1	5
nazionali	1	9
sopranazionali	1	14
congreso	1	8
internacional	1	13
público	1	7
filosofía	1	9
sociología	1	10
jurídicas	1	9
perspectivas	1	12
para	1	4
próximo	1	7
milenio	1	7
externado	1	9
colombia	1	8
bogotá	1	6
nuova	1	5
corte	1	5
conti	1	5
ordinamento	1	11
comunitario	1	11
sulla	1	5
spesa	1	5
pubblica	1	8
atti	1	4
convegno	1	8
studi	1	5
tenutosi	1	8
bari	1	4
marzo	1	5
giuffrè	1	7
mediolan	1	8
krytyczna	1	9
publikuje	1	9
błędu	1	5
odniesień	1	9
wyczerpującego	1	14
opisu	1	5
napotkanych	1	11
niepełnego	1	10
potraktować	1	11
pracować	1	8
ocenienie	1	9
uległa	1	6
naturze	1	7
potrzebuje	1	10
przedstawiając	1	14
obserwacje	1	10
grupuje	1	7
przypadki	1	9
przykłady	1	9
osobiście	1	9
przedstawiano	1	13
zidentyfikowanych	1	17
braków	1	6
opis	1	4
dokonywania	1	11
porównań	1	8
procesami	1	9
niedawnego	1	10
poświęconego	1	12
finansowemu	1	11
interesuje	1	10
wspomniano	1	10
nawiązania	1	10
post	1	4
podnieść	1	8
zapewniłoby	1	11
mocniej	1	7
zaangażowani	1	12
ostatecznymi	1	12
rzeczywistymi	1	13
beneficjentami	1	14
prezentacją	1	11
obrazu	1	6
faktów	1	6
najlepszy	1	9
ukrywania	1	9
niedociągnięć	1	13
zakłóceń	1	8
konstruktywnie	1	14
pomoże	1	6
podnoszeniu	1	11
aspektach	1	9
sukcesach	1	9
rozbieżność	1	11
technicznym	1	11
używanym	1	8
zrozumiały	1	10
pogodzić	1	8
przystępnością	1	14
treścią	1	7
odbiorze	1	8
merytoryczną	1	12
zawartością	1	11
merytoryczne	1	12
poprawione	1	10
klasycznymi	1	11
przejrzystością	1	15
wysoką	1	6
zapoznania	1	10
zgromadzeń	1	10
przedstawicielskich	1	19
potrzebnych	1	11
demokratycznych	1	15
zadowolenia	1	11
klienta	1	7
wewnętrzną	1	10
pozwoliłaby	1	11
niedociągnięciach	1	17
najszybciej	1	11
naprawcze	1	9
dostarczenie	1	12
uważałem	1	8
ostatecznym	1	11
odbiorcą	1	8
formalne	1	8
przesłuchania	1	13
wspomniałbym	1	12
przykładowo	1	11
przesłuchaniu	1	13
prowadzonego	1	12
rozpowszechnianiem	1	18
wtórnych	1	8
użyteczna	1	9
odbiorców	1	9
pomagając	1	9
monitorowaniem	1	14
sprawowaniem	1	12
podjęciu	1	8
narodowym	1	9
przeszło	1	8
prawidłowego	1	12
włączone	1	8
poddanych	1	9
ujawniły	1	8
mocne	1	5
uprościć	1	8
mówię	1	5
tu	1	2
zamówień	1	8
ścisłą	1	6
zarządzają	1	10
odegrania	1	9
korzysta	1	8
ustanowić	1	9
bliższą	1	7
przedefiniować	1	14
przydzielić	1	11
pełniłby	1	8
funkcja	1	7
najwyższych	1	11
samorządów	1	10
każdy	1	5
spróbować	1	9
poprawić	1	8
zdarzyć	1	7
spostrzeżenia	1	13
poczynione	1	10
wydarzenia	1	10
nastąpiły	1	9
próby	1	5
powtórzone	1	10
powierzyć	1	9
akceptację	1	10
niekwestionowana	1	16
należące	1	8
etycznego	1	9
kierowałem	1	10
poddawani	1	9
różnicy	1	7
ról	1	3
prestiż	1	7
straciłaby	1	10
zaistniało	1	10
środowiskach	1	12
biznesu	1	7
jedyne	1	6
realizowałem	1	12
sędzią	1	6
ri	1	2
wiceprzewodniczącym	1	19
sędziów	1	7
personelem	1	10
zajmowała	1	9
personelowi	1	11
trybunałami	1	11
konstytucyjnymi	1	15
nadzorowałem	1	12
organizacyjne	1	13
odpowiadam	1	10
kontrolują	1	10
relacja	1	7
zaufaniu	1	8
wycofam	1	7
wyda	1	4
fernand	1	7
rachinel	1	8
ashley	1	6
mote	1	4
toussas	1	7
jas	1	3
gawronski	1	9
joost	1	5
lagendijk	1	9
głosowanie	1	10
rezolucją	1	9
legislacyjną	1	12
repeal	1	6
science	1	7
managerial	1	10
severity	1	8
microbiological	1	15
regime	1	6
parameters	1	10
unable	1	6
convened	1	8
mandated	1	8
negotiations	1	12
timetables	1	10
deadlines	1	9
trialogues	1	10
morning	1	7
chairmanship	1	12
vicepresident	1	13
elliot	1	6
morley	1	6
dimas	1	5
outstanding	1	11
categories	1	10
additional	1	10
condition	1	9
raised	1	6
intestinal	1	10
enterococchi	1	12
bathers	1	7
uptodate	1	8
signs	1	5
symbols	1	7
themselves	1	10
comply	1	6
asking	1	6
prepare	1	7
viruses	1	7
satisfied	1	9
goes	1	4
readings	1	8
thank	1	5
presidency	1	10
constructive	1	12
zatwierdzony	1	12
wiceprzewodniczącya	1	19
delegacją	1	9
marienoëlle	1	11
harmoniser	1	10
délivrance	1	10
qu'à	1	4
faciliter	1	9
s'insère	1	8
complète	1	8
quatre	1	6
adoptés	1	7
modifient	1	9
fondamentalement	1	16
institutionnels	1	15
économiques	1	11
techniques	1	10
suivant	1	7
l'exposé	1	8
motifs	1	6
contribue	1	9
équilibre	1	9
réexaminer	1	10
blocs	1	5
espace	1	6
aérien	1	6
fonctionnels	1	12
crée	1	4
égales	1	6
mobilité	1	8
fourniture	1	10
contrôle	1	8
fonder	1	6
normes	1	6
internationales	1	15
organisation	1	12
internationale	1	14
oaci	1	4
d'eurocontrol	1	13
transpose	1	9
essentiels	1	10
ouvrant	1	7
voie	1	4
l'instauration	1	14
séance	1	6
plénière	1	8
contacts	1	8
informels	1	9
trouver	1	7
accord	1	6
pu	1	2
dégagé	1	6
juin	1	4
président	1	9
transports	1	10
envoyé	1	6
lettre	1	6
s'engage	1	8
recommander	1	11
d'approuver	1	11
arrêté	1	6
négocié	1	7
identique	1	9
fond	1	4
l'objet	1	7
légères	1	7
juristeslinguistes	1	18
forme	1	5
mineurs	1	7
entièrement	1	11
acceptables	1	11
remettent	1	9
cause	1	5
l'accord	1	8
passé	1	5
estimé	1	6
changeait	1	9
rien	1	4
approche	1	8
souscrire	1	9
tient	1	5
dûment	1	6
compte	1	6
proposés	1	8
modifiée	1	8
évoqués	1	7
cidessous	1	9
champ	1	5
l'impact	1	8
contrôlée	1	9
prestataires	1	12
exerçant	1	8
principalement	1	14
militaire	1	9
redéfini	1	8
d'aligner	1	9
l'approche	1	10
celle	1	5
considérants	1	12
préciser	1	8
préoccupations	1	14
formulées	1	9
n'aurait	1	8
d'effet	1	7
vigueur	1	7
régissant	1	9
employeurs	1	10
l'adoption	1	10
impliquerait	1	12
proposée	1	8
compétences	1	11
opérationnel	1	12
retenue	1	7
l'anglais	1	9
lorsque	1	7
l'estiment	1	10
nécessaire	1	10
langue	1	6
locale	1	6
demandes	1	8
autorise	1	8
avancé	1	6
impératives	1	11
attestations	1	12
médicales	1	9
soumises	1	8
titulaire	1	9
celui	1	5
d'échanger	1	10
rôles	1	5
quand	1	5
délivré	1	7
seule	1	5
habilitée	1	9
retirer	1	7
toutefois	1	9
contrôleur	1	10
responsable	1	11
maintien	1	8
suspendre	1	9
provisoire	1	10
transitoires	1	12
requises	1	8
limite	1	6
d'âge	1	5
accéder	1	7
profession	1	10
d'avoir	1	7
accompli	1	8
agréée	1	6
suppression	1	11
relatives	1	9
jugées	1	6
excessives	1	10
figurent	1	8
reconnaît	1	9
rend	1	4
changent	1	8
l'esprit	1	8
recommande	1	10
l'adopter	1	9
amendement	1	10
zmienić	1	7
rozpoczęcie	1	11
odejść	1	6
uchylający	1	10
nigel	1	5
farage	1	6
odnoszący	1	9
sprzyjanie	1	10
zbieżność	1	9
umożliwiającym	1	14
najbiedniejszym	1	15
wyrównanie	1	10
inwestowanie	1	12
infrastrukturalne	1	17
przeniesieniu	1	13
produkcyjności	1	14
znaczące	1	8
funkcjonowały	1	13
spowodowała	1	11
korzystają	1	10
kredytów	1	8
udzielanych	1	11
przenosiły	1	10
góry	1	4
dofinansowywania	1	16
zamykanie	1	9
usytuowania	1	11
uznał	1	5
przeznaczona	1	12
przenoszenie	1	12
zrezygnować	1	11
technologiczny	1	14
rynki	1	5
ułatwiają	1	9
szansę	1	6
dobie	1	5
przenoszeniem	1	13
aparat	1	6
statystyczny	1	12
statystycznych	1	14
skali	1	5
ilościową	1	9
docelowych	1	10
strategiczny	1	12
przysługującymi	1	15
uprawnieniami	1	13
respektowane	1	12
nieuzasadnione	1	14
względami	1	9
gospodarczymi	1	13
mogące	1	6
znacznej	1	8
otrzymywały	1	11
polegającego	1	12
promowaniu	1	10
największe	1	10
niższym	1	7
uniknąć	1	7
dramatom	1	8
spowodowanym	1	12
pośrednio	1	9
wynikającą	1	10
zdolne	1	6
przebranżowienia	1	16
ogóle	1	5
sytuacjom	1	9
zachętę	1	7
przedłożoną	1	11
karanie	1	7
otrzymawszy	1	11
siedmiu	1	7
traktując	1	9
niezbędny	1	9
otrzymaniu	1	10
niespełnienia	1	13
otrzymanie	1	10
pierwotnie	1	10
prowadzona	1	10
wbrew	1	5
przepisom	1	9
przystępują	1	11
wewnątrz	1	8
skorzystać	1	10
siedem	1	6
zwanych	1	7
odwróconymi	1	11
pogorszenie	1	11
staje	1	5
skoordynowanych	1	15
najszybszego	1	12
ogólnoeuropejskiej	1	18
terenem	1	7
skoordynowanej	1	14
powierzenia	1	11
dublinie	1	8
stworzonych	1	11
zlikwidowanych	1	14
jakościowego	1	12
stwierdzenia	1	12
wywiera	1	7
przestrzennego	1	14
przestrzegają	1	13
otrzymaniem	1	11
przyznawanie	1	12
wyjątkowego	1	11
dany	1	4
okolica	1	7
normalnie	1	9
ponawia	1	7
regulacje	1	9
nadmiernych	1	11
dysproporcji	1	12
sąsiadującymi	1	13
uzależniania	1	12
finansowanej	1	12
moc	1	3
wiążącą	1	7
rzetelnymi	1	10
gwarancjami	1	11
dotrzymujące	1	12
otrzymały	1	9
naruszają	1	9
przenosząc	1	10
zobowiązaniem	1	13
nieprzerwanego	1	14
wyrażonym	1	9
przepisach	1	10
regionu	1	7
zakazu	1	6
pomogłyby	1	9
nienależących	1	13
zachęcane	1	9
przedstawicielskimi	1	19
uczestniczącego	1	15
zainteresowanymi	1	16
zajęły	1	6
celowego	1	8
ukierunkowanych	1	15
delokalizacjami	1	15
stracili	1	8
byłego	1	6
pracodawcy	1	10
zakładaniu	1	10
tworzących	1	10
kryzysu	1	7
delokalizacją	1	13
zasilony	1	8
pozwlającymi	1	12
udzialanych	1	11
uregulowane	1	11
długoterminowych	1	16
licznych	1	8
konstruktywnej	1	14
stworzeniem	1	11
zapobieganiu	1	12
delokalizacjom	1	14
radzeniu	1	8
nałożenie	1	9
zdecydowanych	1	13
przeniosły	1	10
swą	1	3
stronom	1	7
udzieleniu	1	10
przedsiębiorstwu	1	16
granicznych	1	11
wsparciu	1	8
komisjom	1	8
uważne	1	6
ocenianie	1	9
biegu	1	5
nadanego	1	8
souvent	1	7
abordé	1	6
événement	1	9
ponctuel	1	8
émeut	1	5
appellent	1	9
réflexion	1	9
chiffrés	1	8
vérifiés	1	8
permettrait	1	11
réaction	1	8
réfléchie	1	9
uem	1	3
intensification	1	15
échanges	1	8
suscitent	1	9
légitimement	1	12
craintes	1	8
quant	1	5
entraîner	1	9
moindre	1	7
ajustements	1	11
taux	1	4
corriger	1	8
temporairement	1	14
écarts	1	6
accroît	1	7
différentiels	1	13
implantation	1	12
exemples	1	8
récents	1	7
durée	1	5
censées	1	7
marqué	1	6
derniers	1	8
traduisent	1	10
pertes	1	6
détériorations	1	14
rémunération	1	12
fermetures	1	10
consécutives	1	12
représentent	1	12
termes	1	6
allocations	1	11
chômage	1	7
reclassement	1	12
légitime	1	8
aisément	1	8
identifiables	1	13
macroéconomique	1	15
simultanément	1	13
intervalle	1	10
relativement	1	12
département	1	11
entité	1	6
région	1	6
réalisé	1	7
installations	1	13
statistiquement	1	15
identifier	1	10
quelles	1	7
aujourd	1	7
hui	1	3
appareil	1	8
échelle	1	7
fournir	1	7
données	1	7
fiables	1	7
pouvons	1	7
néanmoins	1	9
référer	1	7
présentées	1	10
professeur	1	10
plasman	1	7
donnent	1	7
éclairage	1	9
spécificités	1	12
régionales	1	10
sectorielles	1	12
concernées	1	10
récente	1	7
industrielles	1	13
mesuré	1	6
réductions	1	10
effectifs	1	9
industrie	1	9
française	1	9
insee	1	5
environ	1	7
auraient	1	8
supprimés	1	9
délocalisés	1	11
étranger	1	8
émergents	1	9
bas	1	3
représenteraient	1	16
destinations	1	12
chine	1	5
constituerait	1	13
principale	1	10
loin	1	4
devant	1	6
afrique	1	7
nord	1	4
amérique	1	8
sud	1	3
asie	1	4
travaux	1	7
remarquer	1	9
déplacement	1	11
dépend	1	6
qualification	1	13
maind	1	5
intensité	1	9
r&d	1	3
problématique	1	13
pose	1	4
manière	1	7
différente	1	10
réalise	1	7
celleci	1	7
constater	1	9
biens	1	5
capitaux	1	8
instituant	1	10
prôner	1	6
absolue	1	7
choisir	1	7
installation	1	12
telle	1	5
entraînerait	1	12
immobilisme	1	11
négatif	1	7
opportunité	1	11
repenser	1	8
emploierait	1	11
relever	1	7
projet	1	6
constitutionnel	1	15
érigé	1	5
majeur	1	6
plein	1	5
progrès	1	7
encadrement	1	11
inscrit	1	7
axe	1	3
prioritaire	1	11
repose	1	6
harmonieux	1	10
solidaire	1	9
contraire	1	9
combler	1	7
retard	1	6
favorisant	1	10
méthodes	1	8
conduisent	1	10
provoquer	1	9
déficit	1	7
constitue	1	9
rater	1	5
outils	1	6
cofinancés	1	10
viennent	1	8
favoriser	1	9
contribuant	1	11
directes	1	8
inversées	1	9
doivent	1	7
refuser	1	7
bénéfice	1	8
faisant	1	7
objet	1	5
recouvrement	1	12
intérieur	1	9
menacent	1	8
accepter	1	8
augmentation	1	12
constant	1	8
substantielle	1	13
masse	1	5
salariale	1	9
bénéficier	1	10
délocalisent	1	12
disposition	1	11
interdire	1	9
finalité	1	8
apparaître	1	10
réalisent	1	9
rémunérations	1	13
charges	1	7
fiscalité	1	9
directe	1	7
indirecte	1	9
pistes	1	6
consisterait	1	12
orienter	1	8
absence	1	7
lutte	1	5
outil	1	5
suffisamment	1	12
détaillé	1	8
puisse	1	6
diagnostic	1	10
idoine	1	6
devient	1	7
pallier	1	7
carence	1	7
confiant	1	8
mission	1	7
pourrait	1	8
créé	1	4
auprès	1	6
premières	1	9
missions	1	8
mesurer	1	7
réel	1	4
chiffré	1	7
examiner	1	8
mouvements	1	10
dus	1	3
échéant	1	7
définir	1	7
permettront	1	11
neutraliser	1	11
effets	1	6
négatifs	1	8
organiser	1	9
régulier	1	8
rigoureux	1	9
associant	1	9
impératif	1	9
moment	1	6
accorder	1	8
veille	1	6
assorti	1	7
garanties	1	9
traduire	1	8
accords	1	7
seraient	1	8
signés	1	6
responsables	1	12
concernée	1	9
apprécier	1	9
futur	1	5
utile	1	5
bénéficiaire	1	12
remplir	1	7
questionnaire	1	13
esprit	1	6
conseils	1	8
assurer	1	7
pourront	1	8
aller	1	5
bon	1	3
laissant	1	8
derrière	1	8
désolation	1	10
établir	1	7
autorité	1	8
charge	1	6
rembourser	1	10
subvention	1	10
reçue	1	5
actuel	1	6
aillent	1	7
inclure	1	7
pratiques	1	9
négociations	1	12
toujours	1	8
constituer	1	10
fondamental	1	11
agira	1	5
seulement	1	9
lois	1	4
veiller	1	7
associer	1	8
bénéficient	1	11
publiques	1	9
représentatives	1	15
instauration	1	12
gouvernance	1	11
citoyenne	1	9
inscrivant	1	10
pleinement	1	10
essentiel	1	9
éventuel	1	8
changement	1	10
collaboration	1	13
centraux	1	8
partenariat	1	11
œuvrer	1	6
sauvegarder	1	11
existant	1	8
améliorant	1	10
obtiennent	1	10
perçu	1	5
menaçant	1	8
pourtant	1	8
parade	1	6
efficace	1	8
potentielles	1	12
admettre	1	8
soient	1	6
contraindrait	1	13
chinois	1	7
indien	1	6
demeurons	1	9
désireux	1	8
conserver	1	9
notre	1	5
appartient	1	10
tenter	1	6
relancer	1	8
trouvant	1	8
moyens	1	6
améliorer	1	9
quantitatif	1	11
qualitatif	1	10
cibler	1	6
créatrices	1	10
durables	1	8
interventions	1	13
concentrées	1	11
touchées	1	8
veut	1	4
compétitive	1	11
chance	1	6
citoyen	1	7
âge	1	3
travailler	1	10
occuper	1	7
impérieux	1	9
augmenter	1	9
éducation	1	9
inscrire	1	8
prochaines	1	10
courage	1	7
prendre	1	7
większa	1	7
będące	1	6
uwarunkowane	1	12
raymond	1	7
langendries	1	11
lou	1	3
mcdonald	1	8
mantovani	1	9
lancker	1	7
hanna	1	5
foltynkubicka	1	13
yiannakis	1	9
matsis	1	6
europejkiej	1	11
skierowany	1	10
dołączony	1	9
dzuc	1	4
zebrała	1	7
zażądała	1	8
francja	1	7
wstępny	1	7
sierpnia	1	8
skierowanego	1	12
zaproponowanego	1	15
kwestionuje	1	11
żyjącej	1	7
procesem	1	8
rozumieć	1	8
uzupełniający	1	13
najróżniejszych	1	15
nieprzerwanie	1	13
konstytucję	1	11
zawierają	1	9
definicje	1	9
niekompletna	1	12
zastosowały	1	11
nfp	1	3
nic	1	3
zmieniło	1	8
łonie	1	5
samymi	1	6
rolna	1	5
rozwojowej	1	10
odzwierciedlenie	1	16
przeznaczono	1	12
mld	1	3
wykorzystano	1	12
połowie	1	7
gruntów	1	7
kształtowanie	1	13
kulturalnego	1	12
odnawianie	1	10
uszkodzonego	1	12
drzewostanu	1	11
cyklów	1	6
wodnych	1	7
zdrowotnego	1	11
żywotności	1	10
zanieczyszczeniami	1	18
skażeniami	1	10
szkodliwymi	1	11
wpływami	1	8
choroby	1	7
szkodniki	1	9
erozja	1	6
zamieszkującej	1	14
drzewostanem	1	12
pogłowiem	1	9
zapobiegać	1	10
zjawiskom	1	9
zwalczać	1	8
kolei	1	5
przyczynę	1	9
rozprzestrzeniania	1	18
wyrąb	1	5
umiarkowanym	1	12
klimacie	1	8
zniekształceń	1	13
handlowej	1	9
węgiel	1	6
zgromadzony	1	11
biomasie	1	8
glebie	1	6
odgrywanej	1	10
pochłaniacza	1	12
obiegu	1	6
przyrodzie	1	10
odnawiania	1	10
rozszerza	1	9
zróżnicowania	1	13
pochodne	1	8
spowolnienia	1	12
ocieplenia	1	10
efektu	1	6
cieplarnianego	1	14
spełniając	1	10
szersze	1	7
deficytu	1	8
energetycznego	1	14
upraw	1	5
roślin	1	6
zastępczego	1	11
alternatywnego	1	14
charakteryzujących	1	18
nadprodukcją	1	12
niektórymi	1	10
reformami	1	9
drzewna	1	7
mocno	1	5
akcentowana	1	11
dziedzinę	1	9
drugorzędną	1	11
osiąga	1	6
obroty	1	6
żywotność	1	9
ekologicznym	1	12
płodów	1	6
wprawdzie	1	9
docenia	1	7
gospodarczemu	1	13
potencjałowi	1	12
kryjącym	1	8
możliwościom	1	12
zarobkowym	1	10
mieszkańców	1	11
wymaganiom	1	10
stawianym	1	9
wówczas	1	7
uda	1	3
wypracować	1	10
innowacyjne	1	11
koncepcje	1	9
nań	1	3
nakładać	1	8
niewspółmiernych	1	16
ograniczających	1	15
aa	1	2
ab	1	2
ac	1	2
niemalże	1	8
uwzględniano	1	12
dotychczasowa	1	13
wykorzystywała	1	14
zintegrowania	1	13
całą	1	4
szczytach	1	9
szóstemu	1	8
programowi	1	10
rozszerzeniu	1	12
przewidziany	1	12
ścisłej	1	7
stworzyła	1	9
opisane	1	7
uwidaczniają	1	12
spójnego	1	8
leśnymi	1	7
oddziaływań	1	11
sektorowych	1	11
sprawdzić	1	9
przyszłym	1	9
wyjątkowo	1	9
rygorystycznego	1	15
wypracuje	1	9
ujednolicenie	1	13
interpretacji	1	13
rozumienia	1	10
pojęcia	1	7
lepsza	1	6
prowadzonym	1	11
rozwinęły	1	9
wizję	1	5
wizji	1	5
szczytu	1	7
podkreślano	1	11
pozostałych	1	11
milenijnych	1	11
zobowiązały	1	11
zawierającego	1	13
szóstym	1	7
posiedzeniem	1	12
unff	1	4
wcielenia	1	9
konkluzji	1	9
wiążący	1	7
reprezentować	1	13
respektuje	1	10
założeń	1	7
opracowanych	1	12
instrumentu	1	11
utworzeniu	1	10
interservice	1	12
dyrekcjami	1	10
generalnymi	1	11
zajmującymi	1	11
wyjścia	1	7
dotychczasową	1	13
poziomą	1	7
pionowej	1	8
szczeble	1	8
koordynowałby	1	13
sekretariat	1	11
sekretariacie	1	13
komórki	1	7
organizacyjnej	1	14
koordynowaniem	1	14
sfc	1	3
sprecyzowanie	1	13
zrealizowane	1	12
współfinansuje	1	14
wcielić	1	7
opracowując	1	11
uwzględniały	1	12
susza	1	5
typowych	1	8
krajobrazów	1	11
górskich	1	8
rozdzielenia	1	12
dróg	1	4
nieograniczony	1	14
wstęp	1	5
przyczyną	1	9
znacznych	1	9
erozyjnych	1	10
sformułowania	1	13
adresem	1	7
zbieranie	1	9
wykorzystywanie	1	15
odpadowej	1	9
tymczasowy	1	10
wypalonych	1	10
spekulacjom	1	11
pożarach	1	8
dochodzeniowego	1	15
zajmującego	1	11
przestępstwami	1	14
naturalnym	1	10
następny	1	8
repertuaru	1	10
uaktualnić	1	10
zadowalające	1	12
występowania	1	12
wybuchu	1	7
siecią	1	6
umożliwia	1	9
rozprzestrzenianie	1	18
uświadomienie	1	13
łagodzenia	1	10
faworyzowanie	1	13
naukowo‑badawczej	1	17
optymalizację	1	13
usilnie	1	7
surowca	1	7
odnawialnego	1	12
wyrobów	1	7
repertuarze	1	11
kogeneracja	1	11
biopaliwa	1	9
sprawdzenie	1	11
wytwarzane	1	10
bazie	1	5
wypływające	1	11
koordynacyjne	1	13
pozostałej	1	10
papier	1	6
stworzono	1	9
dobrowolnych	1	12
prywatnej	1	9
mobilizację	1	11
przezwyciężenie	1	15
niekorzystnych	1	14
uwarunkowań	1	11
ciążących	1	9
wprowadzaniu	1	12
trwale	1	6
pokrycie	1	8
naukowo‑rozwojowej	1	18
podniesienia	1	12
użytki	1	6
korek	1	5
naturalny	1	9
grzyby	1	6
jagody	1	6
świadczenie	1	11
polowania	1	9
myślistwo	1	9
niemałą	1	7
dywersyfikacji	1	14
obejmował	1	9
łańcuch	1	7
począwszy	1	9
skończywszy	1	11
wyrobach	1	8
zalesiania	1	10
rodzimych	1	9
występujących	1	13
obszarom	1	8
wiejskim	1	8
przeanalizować	1	14
mniejszy	1	8
jakich	1	6
producenci	1	10
korzyścią	1	9
stosownie	1	9
wynagradzać	1	11
zapobiegających	1	15
występowaniu	1	12
zrównoważoną	1	12
naturalnymi	1	11
wodnego	1	7
przeciwdziałanie	1	16
erozji	1	6
udzielane	1	9
różnicowane	1	11
równoprawnie	1	12
wyższych	1	8
badawczo‑rozwojowej	1	19
dostrzeżenia	1	12
siódmego	1	8
ramowego	1	8
platformy	1	9
technologicznej	1	15
papieru	1	7
oferowanych	1	11
leonardo	1	8
erasmus	1	7
rozwojowych	1	11
nieodzownym	1	11
certyfikowanie	1	14
starają	1	7
dać	1	3
konsumentom	1	11
uwzględniającej	1	15
fsc	1	3
pefc	1	4
wiarygodne	1	10
lui	1	3
avait	1	5
décembre	1	8
propose	1	7
l'élaboration	1	13
amorcé	1	6
début	1	5
siècle	1	6
fixée	1	5
ambitieux	1	9
sommets	1	7
très	1	4
haut	1	4
barre	1	5
hommes	1	6
liée	1	4
société	1	7
dynamique	1	9
fondée	1	6
savoir	1	6
quel	1	4
l'intérêt	1	9
lancer	1	6
qu'il	1	5
s'agit	1	6
là	1	2
terrain	1	7
d'après	1	7
traités	1	7
certes	1	6
recense	1	7
multitude	1	9
d'"actions	1	10
décennies	1	9
conçues	1	7
différentes	1	11
concernent	1	10
aura	1	4
l'instar	1	8
répondre	1	8
brièvement	1	10
l'importance	1	12
s'expliquent	1	12
replacées	1	9
contexte	1	8
troisième	1	9
section	1	7
tenterons	1	9
d'assembler	1	11
composent	1	9
corps	1	5
jointe	1	6
occupent	1	8
d'hectares	1	10
exploités	1	9
contrairement	1	13
boisée	1	6
croît	1	5
caractérisé	1	11
grande	1	6
l'europe	1	8
possède	1	7
tradition	1	9
d'exploitation	1	14
notion	1	6
durabilité	1	10
introduite	1	10
brundtland	1	10
désormais	1	9
discours	1	8
tire	1	4
origine	1	7
espèces	1	7
appartiennent	1	13
privés	1	6
superficie	1	10
mais	1	4
plupart	1	7
dernier	1	7
domaniales	1	10
considérablement	1	16
accrue	1	6
foresterie	1	10
emploie	1	7
actives	1	7
travaillant	1	11
primaire	1	8
secondaire	1	10
essentielle	1	11
l'amélioration	1	14
nombreux	1	8
débats	1	6
porté	1	5
l'opportunité	1	13
d'intégrer	1	10
liste	1	5
figurant	1	8
l'annexe	1	8
fortes	1	6
réserves	1	8
émises	1	6
aujourd'hui	1	11
l'égard	1	7
n'ont	1	5
d'inscrire	1	10
soumis	1	6
réglementation	1	14
aucune	1	6
n'existe	1	8
fondaient	1	9
commerciale	1	11
faveur	1	6
balbutiements	1	13
allant	1	6
pris	1	4
série	1	5
proposé	1	7
établit	1	7
prévoyaient	1	11
ministres	1	9
rallié	1	6
vues	1	4
atil	1	4
rejeté	1	6
législative	1	11
limitée	1	7
exemple	1	7
époque	1	6
d'harmonisation	1	15
législations	1	12
tentative	1	9
normalisation	1	13
bruts	1	5
phytosanitaire	1	14
prudente	1	8
mémorandum	1	10
marque	1	6
tournant	1	8
systématique	1	12
limitant	1	8
ses	1	3
marquant	1	8
l'engagement	1	12
montraient	1	10
qu'un	1	5
exclusivement	1	13
citons	1	6
boisement	1	9
superficies	1	11
liège	1	5
système	1	7
complété	1	8
incendies	1	9
ressources	1	10
génétiques	1	10
visaient	1	8
sylvicole	1	9
élaboration	1	11
finalement	1	10
donné	1	5
coup	1	4
d'envoi	1	7
approfondissement	1	17
publié	1	6
sous	1	4
nom	1	3
d'"eurofor	1	10
l'histoire	1	10
fin	1	3
conduit	1	7
féliciter	1	9
traduit	1	7
expériences	1	11
stade	1	5
porter	1	6
jugement	1	8
définitif	1	9
succès	1	6
formulent	1	9
concrètement	1	12
d'objectifs	1	11
assortis	1	8
paquets	1	7
correspondants	1	14
difficiles	1	10
évaluer	1	7
car	1	3
permet	1	6
dialogue	1	8
structuré	1	9
parvenir	1	8
cohérent	1	8
stratégiques	1	12
mai	1	3
étroite	1	7
soumettre	1	9
tard	1	4
après	1	5
semestre	1	8
générale	1	8
résultant	1	9
réformes	1	8
ème	1	3
l'élargissement	1	15
procéder	1	8
façon	1	5
cohérente	1	9
soumet	1	6
suggestions	1	11
articulées	1	10
suit	1	4
obligations	1	11
souscrites	1	10
forestiers	1	10
maintenir	1	9
atténuation	1	11
climatiques	1	11
approvisionnement	1	17
énergétique	1	11
revenus	1	7
perfectionnement	1	16
professionnels	1	14
peutil	1	6
fixés	1	5
potentiel	1	9
considérable	1	12
seuls	1	5
utilisés	1	8
vigoureusement	1	14
concurrence	1	11
mondiale	1	8
joue	1	4
intéressées	1	11
perdent	1	7
vue	1	3
qu'une	1	6
marquée	1	7
d'obtenir	1	9
résultats	1	9
crainte	1	7
pratiquer	1	9
propres	1	7
infondée	1	8
yeux	1	4
l'ouverture	1	11
dynamisme	1	9
décrites	1	8
laissent	1	8
augurer	1	7
auront	1	6
dessiner	1	8
zgodny	1	6
przestanie	1	10
fragmentaryzacji	1	16
przeszkadzać	1	12
postawionego	1	12
powstrzymanie	1	13
dziś	1	4
pośredni	1	8
koordynowanie	1	13
doprowadziło	1	12
ujemnych	1	8
pogodzenie	1	10
koordynowaniu	1	13
dotychczasowej	1	14
przeprowadzaniu	1	15
wcześnie	1	8
sieć	1	4
mająca	1	6
ekologicznej	1	12
poszanowaniu	1	12
ramowej	1	7
przyznawana	1	11
wspierającej	1	12
właścicieli	1	11
sukcesu	1	7
zrównoważenia	1	13
niedostatki	1	11
konfliktów	1	10
społecznością	1	13
sámi	1	4
mieszkańcami	1	12
pilne	1	5
zwyczajowych	1	12
ziemi	1	5
zależnych	1	9
hiltrud	1	7
breyer	1	6
sonik	1	5
maciej	1	6
grabowski	1	9
castiglione	1	11
martinez	1	8
połowowymi	1	10
akwakultury	1	11
niedojrzałych	1	13
organizmów	1	10
wypełniła	1	9
zapisane	1	8
strefą	1	6
mil	1	3
przewidywano	1	12
uprzednio	1	9
szerokich	1	9
konsultacjach	1	13
przemysłem	1	10
wydaniem	1	8
doradczego	1	10
morza	1	5
północnego	1	10
doradzaniu	1	10
funkcjonowaniem	1	15
skutecznością	1	13
doradztwa	1	9
ocenach	1	7
zabezpieczający	1	15
przyszłość	1	10
utrzymany	1	9
dalszą	1	6
dłużej	1	6
przewidywane	1	12
pozostaną	1	9
radą	1	4
zasugerował	1	11
zauważył	1	8
brytyjskie	1	10
opowiedziały	1	12
pożądane	1	8
witlinka	1	8
żabnicy	1	7
zaniepokojeniem	1	15
stwierdziła	1	11
komercyjną	1	10
bezpiecznymi	1	12
granicami	1	9
czarniaka	1	9
ilościowej	1	10
prawdopodobnych	1	15
kwadracie	1	9
szetlandzkim	1	12
opowiadają	1	10
brytyjskiego	1	12
zasięgnięciu	1	12
naprawczego	1	11
ustanowiona	1	11
uwypukliła	1	10
uznała	1	6
północy	1	7
szkocji	1	7
summary	1	7
meets	1	5
stakeholder	1	11
north	1	5
ns	1	2
restriction	1	11
metre	1	5
demersal	1	8
historic	1	8
maintained	1	10
evaluations	1	11
asked	1	5
incidence	1	9
beam	1	4
trawlers	1	8
horsepower	1	10
arrangements	1	12
experimental	1	12
designed	1	8
agrees	1	6
recommendation	1	14
properly	1	8
strict	1	6
engine	1	6
consistent	1	10
licensed	1	8
forthcoming	1	11
revisions	1	9
reviewing	1	9
consulting	1	10
highlights	1	10
mariehélène	1	11
zawarcie	1	8
sporządzać	1	10
reformę	1	7
respektujących	1	14
trwałość	1	8
przetrwania	1	11
połowowej	1	9
dłuższej	1	8
rybacy	1	6
reprezentują	1	12
ustalanie	1	9
zrekompensowania	1	16
rybakom	1	7
spojrzeć	1	8
planując	1	8
rozważając	1	10
analizując	1	10
uzupełnienia	1	12
znaczny	1	7
brzegów	1	7
ścieki	1	6
rolnicze	1	8
głębinowa	1	9
wydobywcza	1	10
morski	1	6
ekologii	1	8
przyznając	1	10
rozsądku	1	8
rybołówstwo	1	11
nieunikniony	1	12
przełowienie	1	12
niezrównoważone	1	15
rybne	1	5
ilustruje	1	9
wykazały	1	8
zanieczyszczenia	1	16
powodują	1	8
szkody	1	6
etapach	1	7
pokarmowego	1	11
walory	1	6
handlowe	1	8
zagadnienia	1	11
troski	1	6
wykorzystywana	1	14
szkodą	1	6
żywotnej	1	8
równowagą	1	9
ekologiczną	1	11
subwencyjnych	1	13
kompensacyjnych	1	15
prowadzących	1	12
wybiórczości	1	12
połów	1	5
zadowalający	1	12
rozmnażania	1	11
rybom	1	5
tarła	1	5
minimalnym	1	10
jakikolwiek	1	11
biologiczną	1	11
czasowe	1	7
wyłączenie	1	10
skrupulatnie	1	12
siedliska	1	9
powrócą	1	7
biologicznego	1	13
zaniepokojony	1	13
ghost	1	5
podjęła	1	7
długo-	1	6
krótkoterminowe	1	15
kontrolowała	1	12
wprowadzanych	1	13
szkodliwe	1	9
biologiczne	1	11
następstwa	1	10
okresów	1	7
odławianie	1	10
zabronione	1	10
oczek	1	5
najbliższym	1	11
pilotażowych	1	12
wprowadzając	1	12
zakazania	1	9
rozważono	1	9
połączenie	1	10
odpowiednimi	1	12
zachętami	1	9
aktywnie	1	8
działała	1	8
redukcji	1	8
przyłowów	1	9
zwrócenia	1	9
przyjaznego	1	11
pakietu	1	7
wyznaczania	1	11
zbędnych	1	8
skorzystania	1	12
uzupełniającego	1	15
odtworzenia	1	11
absolutnie	1	10
rozwinięcie	1	11
niezbędnej	1	10
wykrywania	1	10
obecności	1	9
statków	1	7
rybackich	1	9
zamkniętych	1	11
chronionych	1	11
rzeczywistej	1	12
zreformowanej	1	13
charakterystyczne	1	17
komitetami	1	10
doradczymi	1	10
rozwijane	1	9
technicznego	1	12
komitetów	1	9
obszarami	1	9
morskimi	1	8
zadowalających	1	14
regenerating	1	12
progressive	1	11
spawning	1	8
brink	1	5
collapse	1	8
unsustainable	1	13
multi	1	5
optimisation	1	12
minimisation	1	12
causes	1	6
thrown	1	6
overboard	1	9
dead	1	4
tonnes	1	6
squaremashed	1	12
panels	1	6
nontarget	1	9
challenge	1	9
start	1	5
trials	1	6
departure	1	9
grounds	1	7
bans	1	4
flexibility	1	11
midterm	1	7
play	1	4
stone	1	5
diverse	1	7
alter	1	5
deepwater	1	9
northwest	1	9
scotland	1	8
intends	1	7
wellidentified	1	14
credible	1	8
obviously	1	9
evaluated	1	9
longterms	1	9
integrating	1	11
ecological	1	10
specificity	1	11
fishes	1	6
distinguish	1	11
distribution	1	12
counterproductive	1	17
formulating	1	11
regulatory	1	10
devise	1	6
intensify	1	9
draw	1	4
consensus	1	9
past	1	4
administrations	1	15
institutes	1	10
identifying	1	11
aiming	1	6
test	1	4
isolated	1	8
prohibits	1	9
landing	1	7
offered	1	7
stand	1	5
considerations	1	14
assuming	1	8
exigencies	1	10
formal	1	6
near	1	4
overexploitation	1	16
waste	1	5
immediate	1	9
solutions	1	9
productivity	1	12
kept	1	4
maximize	1	8
required	1	8
mature	1	6
spawn	1	5
viable	1	6
solution	1	8
accompanied	1	11
rebuild	1	7
newly	1	5
targeted	1	8
fleets	1	6
generate	1	8
detrimental	1	11
deepsea	1	7
ecosystem	1	9
encrusted	1	9
seamounts	1	9
extremely	1	9
debate	1	6
necessity	1	9
involves	1	8
reversing	1	9
spill	1	5
reserve	1	7
boundaries	1	10
export	1	6
eggs	1	4
larvae	1	6
populations	1	11
reproductive	1	12
efficacy	1	8
conclusively	1	12
scientifically	1	14
seasonal	1	8
interaction	1	11
inevitable	1	10
restore	1	7
harvesting	1	10
study	1	5
classified	1	10
incidentally	1	12
targeting	1	9
premarket	1	9
biological	1	10
impacts	1	7
induced	1	7
mortalities	1	11
affecting	1	9
immature	1	8
nonlegal	1	8
sexes	1	5
loss	1	4
catching	1	8
traditional	1	11
command	1	7
supplemented	1	12
fixes	1	5
pingers	1	7
soundemitting	1	13
dolphindeterring	1	16
nets	1	4
hatches	1	7
spaced	1	6
metal	1	5
grid	1	4
cetacean	1	8
net	1	3
hook	1	4
depth	1	5
casting	1	7
accidental	1	10
turtles	1	7
prohibited	1	10
observers	1	9
landings	1	8
disregard	1	9
landed	1	6
quantify	1	8
reassessment	1	12
realistic	1	9
carriage	1	8
static	1	6
smaller	1	7
revised	1	7
satellite	1	9
unauthorised	1	12
remote	1	6
welcomes	1	8
direction	1	9
playing	1	7
ecologically	1	12
centrally	1	9
becomes	1	7
knowledgeable	1	13
preserve	1	8
socioeconomic	1	13
inevitably	1	10
suggests	1	8
activating	1	10
mechanism	1	9
subsidisation	1	13
compensation	1	12
negatively	1	10
fundamental	1	11
determines	1	10
contents	1	8
depend	1	6
zawierające	1	11
inicjatywa	1	10
energia	1	7
przygotowywany	1	14
żaden	1	5
elektryczności	1	14
spowodowały	1	11
wzmocniły	1	9
kierunki	1	8
nieodpowiednich	1	15
intensyfikację	1	14
zauważając	1	10
ciepła	1	6
odpadowego	1	10
swobodnego	1	10
popytu	1	6
wskazać	1	7
efektywnie	1	10
eksploatowane	1	13
informowanie	1	12
nasilenie	1	9
szóstej	1	7
obrotowych	1	10
ujednolicona	1	12
obniżonej	1	9
zaleceniami	1	11
zachowują	1	9
wspomniany	1	10
pociągnie	1	9
wymagany	1	8
ekonomicznego	1	13
procentowe	1	10
wynoszącego	1	11
blisko	1	6
realistycznego	1	14
ambitnego	1	9
dwukrotnością	1	13
dbania	1	6
całkowitego	1	11
obniżenia	1	9
ponoszonych	1	11
używaniem	1	9
gospodarstwach	1	14
zastosowaniem	1	13
przemysłowym	1	12
wykorzystany	1	12
uzyskiwane	1	10
okażą	1	5
korzystne	1	9
trwałymi	1	8
usprawiedliwienia	1	17
wydajną	1	7
energetycznie	1	13
wyeliminować	1	12
stojące	1	7
technologiami	1	13
zdecentralizowanymi	1	19
rynkowy	1	7
międzyregionalnej	1	17
siódmy	1	6
wykonalności	1	12
realistyczny	1	12
ambitny	1	7
polegający	1	10
dwukrotności	1	12
wiążące	1	7
uwzględniające	1	14
definicję	1	9
rzeczonych	1	10
tj	1	2
geotermicznej	1	13
słonecznej	1	10
termicznej	1	10
wykorzystującej	1	15
wytwarzanej	1	11
uzgodnienia	1	11
odnawiać	1	8
porównywalnej	1	13
unijny	1	6
monitoringu	1	11
służący	1	7
określaniu	1	10
dopuszczania	1	12
zatwierdzania	1	13
usprawniających	1	15
przyspieszających	1	17
odmowie	1	7
władzach	1	8
uczciwe	1	7
wolne	1	5
ukrytego	1	8
opodatkowania	1	13
bogactw	1	7
stwarzać	1	8
dążąc	1	5
zmniejszane	1	11
spójnych	1	8
średniookresowej	1	16
rozwijając	1	10
oscylacji	1	9
narzędziom	1	10
solidne	1	7
systematycznie	1	14
wykonalność	1	11
długookresowy	1	13
kosztowo	1	8
wykorzystujące	1	14
rozmiaru	1	8
osiągnęły	1	9
konkurencyjnych	1	15
ulgi	1	4
odstępstwa	1	10
renowacyjnych	1	13
składkowe	1	9
wspieranych	1	11
odpowiadającą	1	13
celom	1	5
obciążać	1	8
finansowo	1	9
paliw	1	5
chłodzących	1	11
oddalonych	1	10
mechanizmami	1	12
doszło	1	6
nadmiernego	1	11
obszerną	1	8
wykorzystywaniem	1	16
dążą	1	4
realizacją	1	10
znają	1	5
opanowane	1	9
techniki	1	8
zachęcają	1	9
publiczny	1	9
nada	1	4
pierwszeństwo	1	13
pochodzącej	1	11
kosztowej	1	9
budowanych	1	10
poddawanych	1	11
renowacji	1	9
kładących	1	9
wykorzystującego	1	16
oznakowania	1	11
marginalizacji	1	14
elektrociepłowniach	1	19
użytkowe	1	8
rozciągnięcia	1	13
przedmiotowego	1	14
charakterystyki	1	15
budynki	1	7
współdziałania	1	14
budowlanych	1	11
domów	1	5
normach	1	7
why	1	3
choices	1	7
succeed	1	7
jeopardised	1	11
drastic	1	7
increases	1	9
prices	1	6
coal	1	4
uranium	1	7
finite	1	6
alarming	1	8
rely	1	4
our	1	3
using	1	5
doubt	1	5
tapped	1	6
dramatically	1	12
peak	1	4
occurs	1	6
winter	1	6
summer	1	6
avert	1	5
replace	1	7
thereby	1	7
emissions	1	9
co2	1	3
harmful	1	7
substances	1	10
mediumsized	1	11
industrial	1	10
turnover	1	8
predict	1	7
annually	1	8
totalling	1	9
warming	1	7
ignored	1	7
exploited	1	9
independent	1	11
plants	1	6
few	1	3
determined	1	10
potentials	1	10
incentive	1	9
calculated	1	10
pursues	1	7
continuous	1	10
genuine	1	7
feasibility	1	11
pursued	1	7
produced	1	8
skilled	1	7
intensity	1	9
sun	1	3
wind	1	4
pass	1	4
whatever	1	8
adjustments	1	11
unveil	1	6
complements	1	11
pursuing	1	8
eu's	1	4
demanded	1	8
stepped	1	7
estimates	1	9
shortfall	1	9
caused	1	6
sluggish	1	8
leading	1	7
extra	1	5
convinced	1	9
generated	1	9
commits	1	7
respond	1	7
demands	1	7
although	1	8
functions	1	9
structurally	1	12
nationally	1	10
standard	1	8
europewide	1	10
assess	1	6
oversee	1	7
special	1	7
scheme	1	6
absolutely	1	10
averted	1	7
concentrate	1	11
cheaper	1	7
virtually	1	9
nothing	1	7
actually	1	8
desired	1	7
dismantled	1	10
transparent	1	11
accompanying	1	12
professional	1	12
adaptation	1	10
tax	1	3
calling	1	7
responded	1	9
milestone	1	9
energies	1	8
abovementioned	1	14
directives	1	10
buildings	1	9
securing	1	8
attaining	1	9
kyoto	1	5
elaboration	1	11
forecasted	1	10
today	1	5
mw	1	2
providing	1	9
twh	1	3
replacing	1	9
precious	1	8
inhabitants	1	11
many	1	4
nearly	1	6
german	1	6
stands	1	6
enlarged	1	8
country	1	7
wgc	1	3
significant	1	11
ministry	1	8
estif	1	5
half	1	4
book	1	4
missing	1	7
projection	1	10
sees	1	4
quarter	1	7
frameworks	1	10
graph	1	5
price	1	5
purposes	1	8
iwo	1	3
österreich	1	10
tecson	1	6
gmbh	1	4
ökowärme	1	8
szanowny	1	8
panie	1	5
pismem	1	6
ważności	1	8
przygotowanego	1	14
procedurą	1	9
decyduje	1	8
działaniu	1	9
służącym	1	8
energetyka	1	10
szczegółowej	1	12
załączonej	1	10
zadeklarowała	1	13
sferach	1	7
amsterdamu	1	10
międzyrządowej	1	14
zakładała	1	9
tytułów	1	7
lenaerts	1	8
nuffel	1	6
sweet	1	5
maxwell	1	7
londyn	1	6
akapity	1	7
treść	1	5
załącznika	1	10
dążeniem	1	8
redukcję	1	8
zabezpieczone	1	13
rynkowego	1	9
technologiom	1	12
zamierzeniem	1	12
ciepłownictwie	1	14
chłodnictwie	1	12
grę	1	3
geotermiczną	1	12
słoneczną	1	9
pochodzącą	1	10
ogólnoeuropejskiego	1	19
zmierzającego	1	13
bi	1	2
bii	1	3
usunięcie	1	9
budowy	1	6
elektrowni	1	10
biii	1	4
mechanizmy	1	10
bezpośrednie	1	12
końcu	1	5
postanowienie	1	13
ubiegania	1	9
obniżenie	1	9
materiały	1	9
biv	1	3
podsumowanie	1	12
postanowiła	1	11
jednogłośnie	1	12
byli	1	4
gauzčs	1	6
kurta	1	5
lechnera	1	8
zalecić	1	7
pańska	1	6
zachowała	1	9
wyrazami	1	8
szacunku	1	8
ogrzewanie	1	10
chłodzenie	1	10
propozycjae	1	11
zawartae	1	8
trautmann	1	9
dominique	1	9
vlasto	1	6
gunnar	1	6
hökmark	1	7
definiowana	1	11
rosnąca	1	7
ogólnoświatowa	1	14
przepływów	1	10
kapitałowych	1	12
rewolucją	1	9
postrzegana	1	11
modeli	1	6
kulturowych	1	11
powiązany	1	9
postępowi	1	9
technologicznemu	1	16
usunięciu	1	9
wskazują	1	8
stanęła	1	7
wiodącej	1	8
stwierdzono	1	11
potwierdzono	1	12
dynamicznej	1	11
wyższymi	1	8
ucierpiała	1	10
wskutek	1	7
gospodarek	1	10
azji	1	4
konkurujących	1	13
towarami	1	8
usługami	1	8
czynnika	1	8
prowadzącego	1	12
podziałów	1	9
zapewniające	1	12
postaci	1	7
stwarzające	1	11
likwidować	1	10
wkrótce	1	7
sprostania	1	10
wyzwaniu	1	8
uelastycznienie	1	15
starając	1	8
wyraźnego	1	9
największego	1	12
atutu	1	5
maksymalizację	1	14
płynących	1	9
reformatorskie	1	14
obciążeń	1	8
regulacyjnych	1	13
komunikatach	1	12
własnym	1	7
swe	1	3
historyczne	1	11
rezygnując	1	10
gotowa	1	6
uznawanych	1	10
ekologicznych	1	13
wspólna	1	7
uporanie	1	8
toczącą	1	7
swobodami	1	9
autentycznej	1	12
przejawów	1	9
protekcjonizmu	1	14
systematycznego	1	15
zdrowego	1	8
sprzyjającego	1	13
średnim	1	7
przedsiębiorstwom	1	17
podmiotom	1	9
działającym	1	11
czemu	1	5
uczestnikami	1	12
atrakcyjny	1	10
najlepszą	1	9
alternatywę	1	11
inwestorów	1	10
działających	1	12
stałej	1	6
oceniających	1	12
lizbońska	1	9
niewystarczająca	1	16
poradzić	1	8
globalizacją	1	12
sięgnięcia	1	10
opracowane	1	10
osłabieniu	1	10
umożliwieniu	1	12
efektów	1	7
kształtowaniu	1	13
podtrzymania	1	12
potraktowania	1	13
edukacyjnego	1	12
zaplecze	1	8
wiedzą	1	6
dysponującego	1	13
skutecznymi	1	11
sposobami	1	9
efektywnego	1	11
sprawnie	1	8
działającego	1	12
patentów	1	8
połączonego	1	11
podrabiania	1	11
poczynionych	1	12
szybszego	1	9
skuteczniejszego	1	16
rozstrzygania	1	13
sporów	1	6
skutecznej	1	10
przeprowadzanej	1	15
dotychczasowych	1	15
oszacowania	1	11
ogólnoświatowego	1	16
nierynkowych	1	12
powiązanych	1	11
decydentów	1	10
dążeń	1	5
przyczyniając	1	13
wielostronnego	1	14
trwającą	1	8
zagadnieniem	1	12
unijną	1	6
utrzymuje	1	9
wiodącą	1	7
inwestują	1	9
usa	1	3
chiny	1	5
indie	1	5
brazylia	1	8
wschodzącej	1	11
ogólnoświatowej	1	15
obowiązują	1	10
wspiera	1	7
modyfikacje	1	11
ewentualnym	1	11
nierównościom	1	13
wynikać	1	7
jednostronne	1	12
związkowych	1	11
dwustronne	1	10
sprzeciw	1	8
cecilia	1	7
malmström	1	9
hartmut	1	7
nassaue	1	7
sieke	1	5
burgr	1	5
pozostawienia	1	13
koniecznej	1	10
identyfikują	1	12
identyfikować	1	13
rolnej	1	6
wymienionych	1	12
village	1	7
emphasised	1	10
faces	1	5
worth	1	5
noting	1	6
destabilise	1	11
mitigate	1	8
vibrant	1	7
fischerboel	1	11
lies	1	4
unfortunate	1	11
decoupled	1	9
payments	1	8
honoured	1	8
robbing	1	7
welcomed	1	8
manner	1	6
framed	1	6
overlap	1	7
creates	1	7
fall	1	4
occasional	1	10
exactly	1	7
encouraged	1	10
permitted	1	9
thrust	1	6
clarification	1	13
directed	1	8
proportions	1	11
draftsperson	1	12
relate	1	6
principally	1	11
farm	1	4
forest	1	6
diversification	1	15
efficiencies	1	12
add	1	3
communities	1	11
respects	1	8
producers	1	9
secondary	1	9
amenities	1	9
averting	1	8
depopulation	1	12
young	1	5
former	1	6
bring	1	5
aligned	1	7
understanding	1	13
innovation	1	10
fuel	1	4
seen	1	4
supportive	1	10
integrative	1	11
guidance	1	8
alterations	1	11
illustration	1	12
confusing	1	9
engendered	1	10
correct	1	7
deals	1	5
handicaps	1	9
minor	1	5
referring	1	9
refers	1	6
overarching	1	11
seem	1	4
miss	1	4
driver	1	6
redrafting	1	10
reflection	1	10
clarifications	1	14
closely	1	7
unpaid	1	6
word	1	4
endogenous	1	10
english	1	7
plainly	1	7
rewording	1	9
translating	1	11
similarly	1	9
acknowledge	1	11
dostosowuje	1	11
waloryzacja	1	11
dziedzictwa	1	11
przyrodniczego	1	14
regionalnej	1	11
lokalnej	1	8
dołożyć	1	7
przekazujących	1	14
przyjmujących	1	13
atlasie	1	7
sądowym	1	7
kompletne	1	9
kontaktowych	1	12
chyba	1	5
katalin	1	7
lévai	1	5
marcin	1	6
libicki	1	7
nuno	1	4
alvaro	1	6
nieopublikowana	1	15
february	1	8
exposed	1	7
agents	1	6
mechanical	1	10
waves	1	5
split	1	5
agent	1	5
turn	1	4
arising	1	7
leftover	1	8
distinguished	1	13
sunlight	1	8
fires	1	5
seeking	1	7
arguing	1	7
dealt	1	5
unofficially	1	12
officially	1	10
letter	1	6
opened	1	6
vice	1	4
president	1	9
öry	1	3
mandate	1	7
negotiate	1	9
clarifying	1	10
rejected	1	8
willing	1	7
limitation	1	10
again	1	5
assessing	1	9
improvements	1	12
votes	1	5
favour	1	6
against	1	7
abstention	1	10
entirety	1	8
confirmed	1	9
identical	1	9
stares	1	6
employers	1	9
aspect	1	6
delete	1	6
urpose	1	6
timely	1	6
detected	1	8
medical	1	7
event	1	5
worker	1	6
identifiable	1	12
vast	1	4
satisfactory	1	12
house	1	5
approve	1	7
promieniowaniem	1	15
optycznym	1	9
p3	1	2
p6	1	2
niezatwierdzenia	1	16
proinsias	1	9
rossa	1	5
jiří	1	4
maštálka	1	8
ursula	1	6
stenzel	1	7
przewidziana	1	12
wysokość	1	8
wskazówkę	1	9
przyjęta	1	8
kolejna	1	7
perspektywa	1	11
finansowa	1	9
zmienionych	1	11
akceptacji	1	10
nowymi	1	6
limitami	1	8
zmienionej	1	10
ilekroć	1	7
reagowaniu	1	10
liam	1	4
aylward	1	7
callanan	1	8
isler	1	5
béguin	1	6
marios	1	6
matsakis	1	8
anders	1	6
wijkman	1	7
kartika	1	7
tamara	1	6
liotard	1	7
alojz	1	5
peterle	1	7
synteza	1	7
śródokresowej	1	13
wspierający	1	11
wyłączenia	1	10
uznają	1	6
odpowiadającego	1	15
fizycznemu	1	10
psychicznemu	1	12
duchowemu	1	9
moralnemu	1	9
uznające	1	8
podejmowały	1	11
wspomagania	1	11
udzielały	1	9
materialnej	1	11
odzieży	1	7
mieszkań	1	8
wysokowartościowej	1	18
dostępnej	1	9
przyszłościowej	1	15
zieloną	1	7
nowa	1	4
pokoleniami	1	11
261e	1	4
68e	1	3
adekwatnych	1	11
77e	1	3
unowocześniania	1	15
określiła	1	9
kompleksową	1	11
opartym	1	7
fundament	1	9
niezrealizowane	1	15
podjęły	1	7
wymiernego	1	10
ludzkiej	1	8
będąca	1	6
wartością	1	9
narzędziem	1	10
dyskryminacją	1	13
marnotrawstwem	1	14
ludzkich	1	8
konsekwencjami	1	14
dzieleniu	1	9
ponosić	1	7
jednostki	1	9
zyskały	1	7
potwierdzając	1	13
powszechności	1	13
socjalną	1	8
zajęto	1	6
postępami	1	9
wyzwaniem	1	9
kategoriach	1	11
milionów	1	8
dziesięciolecia	1	15
niedostateczne	1	14
doświadczających	1	16
lokalny	1	7
niedawne	1	8
spowolnienie	1	12
wzrostem	1	8
mniejszą	1	8
zwiększa	1	8
pogarsza	1	8
szeroką	1	7
wykonujące	1	10
dorywcze	1	8
bezrobotne	1	10
gospodarstwa	1	12
domowe	1	6
żyjące	1	6
wielodzietne	1	12
chore	1	5
niepełnosprawne	1	15
bezdomne	1	8
uzależnień	1	10
alkoholu	1	8
uznanie	1	7
napotykanych	1	12
pozostawaniu	1	12
wykluczeniu	1	11
zachęcania	1	10
porównywalnych	1	14
rozwiązywanie	1	13
podnoszenie	1	11
kluczowymi	1	10
bezrobociu	1	10
zajęcie	1	7
nierównościami	1	14
romskiej	1	8
zaczęli	1	7
prezentowanie	1	13
szerszemu	1	9
społeczeństwu	1	13
romów	1	5
powiodło	1	8
przynależność	1	13
etnicznej	1	9
wczesnemu	1	9
kończeniu	1	9
podwyższania	1	12
obcych	1	6
niższych	1	8
kwalifikacjach	1	14
powszechnej	1	11
dostępności	1	11
wykwalifikowana	1	15
siła	1	4
przynosi	1	8
pracodawcom	1	11
oczywiste	1	9
wielokrotne	1	11
gwarantują	1	10
mechanizmu	1	10
niemających	1	11
zysku	1	5
czternastu	1	10
siedemnastu	1	11
wzrosło	1	7
utrzymujące	1	11
trojgiem	1	8
niepełnym	1	9
dziedziczenia	1	13
większemu	1	9
rozpatrywać	1	11
skoncentrowanej	1	15
dziecku	1	7
osobach	1	7
żyjących	1	8
gospodarstw	1	11
dzieciom	1	8
łatwego	1	7
usługodawców	1	12
dostarczaniu	1	12
zielonej	1	8
księgi	1	6
zawierającej	1	12
środowisk	1	9
ubogich	1	7
wzmożonych	1	10
karty	1	5
spotykających	1	13
dopilnowania	1	12
odrębny	1	7
szkoleniowe	1	11
przedsiębiorczości	1	18
kulturalnym	1	11
geograficznie	1	13
miejskich	1	9
problemom	1	9
zapobiegając	1	12
przechodzeniu	1	13
wchodzenie	1	10
skupienia	1	9
płciami	1	7
nietypowego	1	11
segregacja	1	10
rodzajów	1	8
płac	1	4
nierówny	1	8
status	1	6
stanowiskach	1	12
ułatwiać	1	8
dokonywanie	1	11
niekosztownych	1	14
gwarantujących	1	14
poszkodowane	1	12
przerwy	1	7
urlopem	1	7
macierzyńskim	1	13
wychowawczym	1	12
spotykają	1	9
imigranci	1	9
egzekwowania	1	12
zakazujących	1	12
programami	1	10
edukacyjnymi	1	12
godnych	1	7
życiowych	1	9
mieszkaniowych	1	14
uczestnictwa	1	12
objęłaby	1	8
nieuregulowane	1	14
mieszkaniowej	1	13
wymagające	1	10
poświęcania	1	11
bezdomnym	1	9
zdobycia	1	8
budownictwa	1	11
mieszkaniowego	1	14
oświaty	1	7
codziennym	1	10
skłaniałoby	1	11
mniejszych	1	10
ustawicznie	1	11
poczynając	1	10
podstawowego	1	12
uwypukleniu	1	11
stworzeniu	1	10
pośredniej	1	10
niekorzystnej	1	13
doświadczają	1	12
ogół	1	4
najtrudniejszych	1	16
dokonały	1	8
zharmonizowanym	1	15
gromadzeniu	1	11
opracowywaniu	1	13
uwzględniających	1	16
systematycznej	1	14
exante	1	6
expost	1	6
pozarządowe	1	11
ludzie	1	6
doświadczający	1	14
poświęcenia	1	11
problemowi	1	10
zorganizowanie	1	14
gwałtowne	1	9
komunikacyjnych	1	15
zwiększają	1	10
narażenie	1	9
wywołując	1	9
opóźnieniem	1	11
dostosowują	1	11
elastycznych	1	12
samozatrudnienia	1	16
barierę	1	7
podejmujących	1	13
czynnik	1	7
tendencje	1	9
zmniejszanie	1	12
produkcyjnym	1	12
średnio	1	7
zatrudniania	1	12
zatrzymywania	1	13
przedłożenia	1	12
reintegracji	1	12
społecznie	1	10
wykluczonych	1	12
wystarczająca	1	13
aktywna	1	7
promocja	1	8
zdrowe	1	6
ustawowe	1	8
najszerszym	1	11
niekorzystnemu	1	14
reformach	1	9
obciążenia	1	10
utrzymując	1	10
opodatkowaniem	1	14
podatkami	1	9
doradztwo	1	9
reintegracyjnych	1	16
skoncentrowanych	1	16
wokół	1	5
użytecznego	1	11
zastosowaniu	1	12
pozostać	1	8
zamożności	1	10
wymagającym	1	11
kosztownej	1	10
zdrowie	1	7
zdrowotne	1	9
ubezpieczeniowej	1	16
opowiada	1	8
poprawą	1	7
wykonać	1	7
codziennych	1	11
pozostawać	1	10
ważnym	1	6
pracownicze	1	11
indywidualne	1	12
otrzymywaniu	1	12
dodatkowych	1	11
monitorujących	1	14
dostarczających	1	15
ciągłej	1	7
usprawnienia	1	12
wiosennym	1	9
zintegrowane	1	12
uzgodniła	1	9
samodzielnym	1	12
niezależnym	1	11
przeciwieństwie	1	15
zwracały	1	8
szczególnym	1	11
matek	1	5
optymalnego	1	11
oferowanego	1	11
stanowiący	1	10
niższej	1	7
długości	1	8
różnic	1	6
decydują	1	8
owdowiałych	1	11
emerytek	1	8
spychając	1	9
progu	1	5
priorytecie	1	11
sprecyzować	1	11
reprezentującej	1	15
nadania	1	7
procesowi	1	9
legitymacji	1	11
otwarta	1	7
metoda	1	6
umożliwiającego	1	15
nieograniczonym	1	15
wyznaczaniu	1	11
praktykach	1	10
umożliwiającą	1	13
stopniowe	1	9
przekształcenie	1	15
overview	1	8
march	1	5
open	1	4
method	1	6
goal	1	4
translated	1	10
twoyear	1	7
naps	1	4
onwards	1	7
streamlined	1	11
encompassing	1	12
possibly	1	8
healthcare	1	10
enables	1	7
enhance	1	7
efficiency	1	10
issued	1	6
stepping	1	8
pension	1	7
capable	1	7
delivering	1	10
incomes	1	7
pensioners	1	10
focusing	1	8
leavers	1	7
confirms	1	8
threshold	1	9
percent	1	7
median	1	6
unemployed	1	10
homeless	1	8
parents	1	7
elderly	1	7
sweden	1	6
hungary	1	7
slovak	1	6
portugal	1	8
series	1	6
severe	1	6
likelihood	1	10
trapped	1	7
drug	1	4
abuse	1	5
alcoholism	1	10
multiple	1	8
precarious	1	10
immigration	1	11
racial	1	6
trap	1	4
primarily	1	9
inroads	1	7
urged	1	5
seven	1	5
tailoring	1	9
who	1	3
accessing	1	9
modernising	1	11
concerted	1	9
transition	1	10
ending	1	6
intergenerational	1	17
inheritance	1	11
initiating	1	10
drive	1	5
immigrants	1	10
consequence	1	11
commit	1	6
working	1	7
lives	1	5
drivers	1	7
ahead	1	5
multifaceted	1	12
continue	1	8
preventing	1	10
caring	1	6
capacities	1	10
families	1	8
addressing	1	10
inequalities	1	12
opening	1	7
routes	1	6
migrants	1	8
older	1	5
ways	1	4
lot	1	3
generations	1	11
singleparent	1	12
netherlands	1	11
combating	1	9
getting	1	7
endorses	1	8
suffer	1	6
gaining	1	7
stock	1	5
obsolete	1	8
keen	1	4
concern	1	7
malta	1	5
schoolleavers	1	13
attainment	1	10
gaps	1	4
tertiary	1	8
skills	1	6
reskilling	1	10
modernised	1	10
links	1	5
broader	1	7
strengthened	1	12
practically	1	11
figure	1	6
varies	1	6
characteristics	1	15
material	1	8
deprivation	1	11
subsistence	1	11
lifestyle	1	9
substantially	1	13
lower	1	5
bad	1	3
exception	1	9
proportion	1	10
gdp	1	3
six	1	3
expand	1	6
coverage	1	8
dignity	1	7
overcome	1	8
experienced	1	11
roma	1	4
investing	1	9
knowledge	1	9
top	1	3
tool	1	4
factor	1	6
citizenship	1	11
democracy	1	9
nondiscriminatory	1	17
everyone	1	8
divide	1	6
widening	1	8
migrant	1	7
side	1	4
equal	1	5
explicitly	1	10
societal	1	8
lead	1	4
unless	1	6
responses	1	9
globalisation	1	13
knowledgebased	1	14
society	1	7
youth	1	5
unequal	1	7
space	1	5
advantages	1	10
disadvantages	1	13
schools	1	7
worse	1	5
distance	1	8
inefficient	1	11
deterioration	1	13
partially	1	9
compounded	1	10
ludnościowego	1	13
wyeliminowania	1	14
rozpowszechnieniem	1	18
przemocy	1	8
seksualnej	1	10
bezkarnością	1	12
sprawców	1	8
niewystarczającą	1	16
reprezentację	1	13
niższy	1	6
mainstreaming	1	13
ustanawiania	1	12
zebrania	1	8
porównawczych	1	13
sklasyfikowanych	1	16
dotykających	1	12
nieuprzywilejowane	1	18
populacji	1	9
przyznać	1	8
przygotować	1	11
przyszły	1	8
uniemożliwienia	1	15
nauki	1	5
wychowywane	1	11
rodzica	1	7
rodzice	1	7
pracują	1	7
zasiłku	1	7
narażone	1	8
zachęcać	1	8
wyższe	1	6
wychowujących	1	13
mieszkających	1	13
wieloma	1	7
dorastające	1	11
biedzie	1	7
gorszego	1	8
nauce	1	5
zagrożone	1	9
prowadziły	1	10
nieustanną	1	10
dążącą	1	6
rekrutacji	1	10
nieuprzywilejowanych	1	20
samotnych	1	9
wszelkimi	1	9
poprawienie	1	11
minimalnego	1	11
gwarantowanego	1	14
wydłużeniu	1	10
rytmu	1	5
równy	1	5
ustanowione	1	11
składkowych	1	11
pozarządowych	1	13
obywatelskiego	1	14
młodzi	1	6
narażeni	1	8
wprowadziły	1	11
adresowane	1	10
wejścia	1	7
uczących	1	8
wykształcenia	1	13
dołożyły	1	8
dających	1	8
borykającym	1	11
emigrantów	1	10
kulturowo	1	9
odmiennych	1	10
tradycje	1	8
odpowiadać	1	10
postawom	1	8
akceptowanym	1	12
nasilać	1	7
tarcia	1	6
nieporozumienia	1	15
utrudniając	1	11
zaobserwować	1	12
okazji	1	6
wydarzeń	1	8
młodego	1	7
gibault	1	7
lissy	1	5
gröner	1	6
raül	1	4
romeva	1	6
rueda	1	5
amalia	1	6
sartori	1	7
siiri	1	5
oviir	1	5
programem	1	9
ustawiającą	1	11
zyskach	1	7
śródokresowego	1	14
strukturalnym	1	13
zatytułowaną	1	12
kluczem	1	7
cese	1	4
inicjatywę	1	10
memo	1	4
naszej	1	6
charakterystyczną	1	17
antycypowane	1	12
dotknąć	1	7
zniszczyć	1	9
zachodzą	1	8
przewidywalne	1	13
ewolucje	1	8
nieoczekiwane	1	13
rewolucje	1	9
świadome	1	8
przechodzone	1	12
kryzysy	1	7
długookresowych	1	15
najnowszej	1	10
historii	1	8
nagły	1	5
wymuszony	1	9
zglobalizowanego	1	16
pozostania	1	10
stania	1	6
dostosowywać	1	12
obserwuje	1	9
przeprowadza	1	12
zaostrzają	1	10
jedną	1	5
wzrastająca	1	11
koncentracja	1	12
łączenie	1	8
niekiedy	1	8
zasadniczym	1	11
strategicznym	1	13
przemyślenia	1	12
ograniczają	1	11
uważając	1	8
małe	1	4
średnie	1	7
samą	1	4
napotykane	1	10
przeprowadzające	1	16
najczęściej	1	11
możliwościami	1	13
modernizacyjnych	1	16
restrukturyzacyjnych	1	20
podzielając	1	11
wspierając	1	10
rozsądne	1	8
poniesienie	1	11
zachęcając	1	10
czasami	1	7
terytorialną	1	12
uznając	1	7
odnowa	1	6
dobrobytu	1	9
towarzyszącej	1	13
indywidualnej	1	13
dając	1	5
poszukiwaniu	1	12
alternatywnych	1	14
niska	1	5
istniejący	1	10
wyrażają	1	8
językowych	1	10
rezygnują	1	9
granicą	1	7
niewystarczający	1	16
niski	1	5
słaba	1	5
niskim	1	6
inwestycyjną	1	12
najlepsze	1	9
praktycznego	1	12
wstępnego	1	9
przyuczania	1	11
zawodu	1	6
potwierdzenia	1	13
zdobytego	1	9
wyciągają	1	9
prawdziwe	1	9
nabytych	1	8
sporządzić	1	10
bilans	1	6
zdobywanie	1	10
fundacja	1	8
zarządza	1	8
erm	1	3
restructuring	1	13
optymalne	1	9
czytelności	1	11
wystarczających	1	15
zadowolenie	1	11
przekrojowego	1	13
zgadza	1	6
powodować	1	9
odpowiednia	1	11
tempie	1	6
zarządzać	1	9
związkami	1	9
zawodowymi	1	10
publicznie	1	10
warunkach	1	9
zapobiegają	1	11
spełnione	1	9
uzasadnionych	1	13
ratować	1	7
środkiem	1	8
spekulacyjnych	1	14
nadwyżki	1	8
emerytalnego	1	12
akcjonariuszy	1	13
niemoralnego	1	12
łupieżczego	1	11
mediacji	1	8
grona	1	5
niezależnych	1	12
mediatorów	1	10
nieustanne	1	10
zwrócili	1	8
dokumencie	1	10
wytłumaczyć	1	11
przedstawicielom	1	16
ekonomicznospołeczny	1	20
cytowanej	1	9
powodzenie	1	10
mierzy	1	6
konkurencyjnością	1	17
innowacyjną	1	11
dobrym	1	6
współuczestniczyć	1	17
konsekwencjom	1	13
skuteczniej	1	11
poszukiwanie	1	12
wymiarze	1	8
podnosząc	1	9
lepszą	1	6
czterech	1	8
przyznawanej	1	12
societas	1	8
patentu	1	7
przeznaczając	1	13
przewidywania	1	13
mniejszym	1	9
zaniedbywanych	1	14
odegrać	1	7
ukierunkowane	1	13
zwiększonej	1	11
sektorowej	1	10
przekazany	1	10
dostosowany	1	11
nieprzewidywalność	1	18
określeniu	1	10
rezerw	1	6
zdarzenia	1	9
nieprzewidziane	1	15
zasilany	1	8
wielkość	1	8
położenie	1	9
geograficzne	1	12
jedynego	1	8
kryterium	1	9
selekcji	1	8
ewentualnej	1	11
angażuje	1	8
partnerem	1	9
wpierania	1	9
geograficznej	1	13
zapewniający	1	12
właściwsze	1	10
rzędzie	1	7
przechodzenia	1	13
branży	1	6
zanieczyszczających	1	19
niebezpiecznych	1	15
okolicznej	1	10
zwolnieni	1	9
przekazana	1	10
zależną	1	7
restrukturyzowanego	1	19
podwykonawczych	1	15
okazuje	1	7
patologie	1	9
medyczne	1	8
zaburzenia	1	10
psychologiczne	1	14
wykrywane	1	9
zwolnieniem	1	11
śmiertelność	1	12
dwukrotnie	1	10
wyższa	1	6
zwolnionych	1	11
pierwszych	1	10
ludzki	1	6
stawiając	1	9
zindywidualizowanej	1	19
potępia	1	7
przechodzenie	1	13
wcześniejszą	1	12
emeryturę	1	9
absurdalne	1	10
śledzenia	1	9
przeznaczone	1	12
spekulacyjne	1	12
wykluczyć	1	9
produkcję	1	9
otrzymywać	1	10
istniała	1	8
turystyce	1	9
uważniej	1	8
poprawną	1	8
transpozycję	1	12
ujednolicenia	1	13
zbycia	1	6
ustanawiającej	1	14
ubolewa	1	7
etap	1	4
drobnym	1	7
planuje	1	7
włącznie	1	8
umożliwieniem	1	13
partnerom	1	9
uczenia	1	7
kontynuowana	1	12
rozpoczęte	1	10
duchem	1	6
omk	1	3
rozpowszechnienia	1	17
głównych	1	8
wzrostowi	1	9
nieuzasadnionych	1	16
osłabionych	1	11
potrzebujących	1	14
przejściowych	1	13
zakłócenia	1	10
tworzeniem	1	10
dostosowanych	1	13
formę	1	5
stałych	1	7
dotkniętym	1	10
obywatelstwo	1	12
pracownika	1	10
wzajemne	1	8
uznawanie	1	9
dyplomów	1	8
nietypowych	1	11
uznawania	1	9
zwolnionym	1	10
najwcześniej	1	12
szkoleniu	1	9
przekwalifikowaniu	1	18
metodą	1	6
decyzyjne	1	9
poprzedzające	1	13
rozwinięcia	1	11
tematu	1	6
dziennego	1	9
prezydencję	1	11
brytyjską	1	9
2005r	1	5
pokonywać	1	9
zawieraniu	1	10
móc	1	3
antycypować	1	11
trudnościom	1	11
zmuszone	1	8
dokładną	1	8
analizę	1	7
możliwy	1	7
wyrażoną	1	8
wolę	1	4
informacyjnego	1	14
różnego	1	7
nośników	1	8
zdobyte	1	7
restrukturyzacjach	1	18
częstym	1	7
zjawiskiem	1	10
nierzadko	1	9
wywierają	1	9
lokalną	1	7
umieć	1	5
dostosowane	1	11
najszybszym	1	11
międzysektorowej	1	16
rozpowszechnione	1	16
zachodniej	1	10
środkowej	1	9
wschodniej	1	10
wewnątrzsektorowych	1	19
trzecim	1	7
rożnego	1	7
stymulujących	1	13
powiązane	1	9
współzależne	1	12
ukształtowana	1	13
fuzji	1	5
dawna	1	5
niedawny	1	8
tekstylnym	1	10
wykazał	1	7
kryzysowych	1	11
wprowadzeniem	1	13
zmierzyć	1	8
znajdujących	1	12
trudnej	1	7
sektorowe	1	9
szczebla	1	8
horyzontalnej	1	13
zadbanie	1	8
prawidłowe	1	10
zobowiązana	1	11
stawianych	1	10
tempo	1	5
nastawione	1	10
działanie	1	9
towarzyszącymi	1	14
przejrzystą	1	11
synergię	1	8
instrumentami	1	13
legislacyjnymi	1	14
umownymi	1	8
niniejsze	1	9
uwzględniona	1	12
agendzie	1	8
zatrudnieniem	1	13
politykami	1	10
przedsiębiorstwie	1	17
ukazuje	1	7
naturalną	1	9
konsekwencją	1	12
ponoszenie	1	10
żal	1	3
brakiem	1	7
woli	1	4
podążać	1	7
drobnymi	1	8
wyjątkami	1	9
opisuje	1	7
rezolucja	1	9
spełnia	1	7
cena	1	4
zapłacenia	1	10
unią	1	4
otworzeniu	1	10
nagłych	1	7
zorganizowany	1	13
rad	1	3
zakładowych	1	11
poprawę	1	7
sprawią	1	7
pierwszymi	1	10
znajdować	1	9
opiekę	1	6
śledzić	1	7
-należy	1	7
sektorowym	1	10
poznać	1	6
antycypowanie	1	13
harmonizacja	1	12
różnić	1	6
poszczególnymi	1	14
dumpingu	1	8
jedne	1	5
odważnie	1	8
optymalizacji	1	13
jeanluc	1	7
bennahmias	1	10
spautz	1	6
nieopublikowano	1	15
symboli	1	7
kojarzonego	1	11
gwarantowanymi	1	14
tradycyjnymi	1	12
specjalnościami	1	15
7a	1	2
konsumenta	1	10
pomylenia	1	9
miejscem	1	8
wskazanie	1	9
przetworzenia	1	13
rolnego	1	7
spożywczego	1	11
wprowadzonego	1	13
obrotu	1	6
odniesieniem	1	12
gwarantowanej	1	13
tradycyjnej	1	11
użycie	1	6
okresowi	1	8
przypisywanemu	1	14
jednemu	1	7
pokoleniu	1	9
produkt	1	7
odróżniają	1	10
używany	1	7
wojną	1	5
