word_form	frequency	length
ich	2640	3
die	2496	3
der	2322	3
sie	2132	3
und	2082	3
das	1452	3
ist	1374	3
nicht	1261	5
du	1261	2
in	1141	2
zu	1065	2
ein	1002	3
es	968	2
den	878	3
er	805	2
mit	776	3
von	697	3
auf	638	3
eine	626	4
wir	597	3
mir	527	3
sich	512	4
für	512	3
dem	507	3
mich	507	4
wie	502	3
was	492	3
an	483	2
so	463	2
ihr	456	3
war	454	3
des	453	3
hat	448	3
dass	423	4
wenn	419	4
im	415	2
dich	409	4
als	392	3
ihn	382	3
aber	380	4
um	357	2
aus	343	3
sein	336	4
sind	335	4
wird	330	4
einen	317	5
habe	301	4
bin	296	3
meine	292	5
uns	287	3
noch	286	4
nach	282	4
hier	282	4
mein	279	4
haben	273	5
dir	264	3
nur	263	3
kann	235	4
auch	233	4
werden	232	6
zum	227	3
da	226	2
am	218	2
frau	217	4
doch	216	4
werde	213	5
vor	205	3
euch	201	4
ihm	196	3
mann	196	4
jetzt	196	5
wo	192	2
bei	189	3
ihre	184	4
alles	181	5
muss	178	4
leben	176	5
mehr	174	4
hast	174	4
diese	171	5
dann	167	4
bist	161	4
einer	160	5
man	159	3
immer	159	5
wurde	155	5
oder	154	4
über	153	4
einem	149	5
seine	149	5
sehen	149	5
will	145	4
wieder	144	6
keine	142	5
ja	142	2
ihnen	139	5
heute	139	5
mal	138	3
nichts	138	6
gehen	135	5
zur	132	3
schon	129	5
deine	128	5
durch	128	5
soll	128	4
morgen	127	6
bis	126	3
wer	126	3
liebe	126	5
gut	124	3
alle	123	4
warum	121	5
nacht	121	5
hatte	120	5
nie	120	3
teufel	117	6
kommen	115	6
dieser	115	6
mutter	114	6
vom	114	3
können	112	6
weg	111	3
junge	109	5
zwei	108	4
dein	105	4
nein	104	4
kommt	103	5
etwas	101	5
vater	101	5
tag	100	3
eines	99	5
denn	98	4
würde	98	5
weiß	97	4
gibt	94	4
los	91	3
kein	91	4
ihren	90	5
sehr	89	4
zeit	88	4
oh	88	2
nun	88	3
stadt	87	5
bringen	85	7
zurück	85	6
ganz	85	4
lassen	84	6
müssen	83	6
unter	83	5
bitte	82	5
ende	82	4
seiner	81	6
off	81	3
selbst	78	6
meinen	78	6
sagen	77	5
ohne	75	4
komm	75	4
diesem	75	6
diesen	74	6
machen	74	6
gott	74	4
ins	73	3
abend	73	5
welt	73	4
kind	72	4
damit	70	5
herr	70	4
kinder	69	6
haus	68	4
hexe	68	4
wissen	67	6
sei	67	3
kam	67	3
musst	67	5
meiner	66	6
wirst	66	5
waren	65	5
augen	65	5
viele	65	5
musik	65	5
geht	64	4
arbeit	64	6
hause	64	5
wollen	64	6
jahre	63	5
hab	63	3
willst	62	6
lch	62	3
geld	61	4
macht	61	5
gegen	61	5
tod	61	3
könnte	60	6
vielleicht	59	10
tun	59	3
wäre	59	4
ob	59	2
lass	59	4
frauen	59	6
essen	58	5
deinen	58	6
wurden	58	6
sohn	58	4
weil	57	4
während	57	7
her	56	3
frantz	56	6
freund	56	6
menschen	55	8
meinem	55	6
vergessen	55	9
seinen	55	6
herz	54	4
viel	54	4
hexen	54	5
jim	54	3
tochter	53	7
ihrer	53	5
ihrem	53	5
ersten	53	6
hand	53	4
alten	53	5
unsere	52	6
hätte	50	5
andere	50	6
big	50	3
bevor	49	5
wollte	49	6
gesehen	49	7
dort	49	4
kannst	49	6
heiraten	49	8
sagte	48	5
wohl	48	4
also	48	4
gab	48	3
dieses	48	6
unser	48	5
bruder	48	6
seit	47	4
raus	47	4
finden	47	6
glaube	47	6
geben	47	5
maria	47	5
hände	47	5
möchte	47	6
ab	46	2
leute	46	5
kleine	46	6
glauben	46	7
lange	46	5
hütte	46	5
georgia	46	7
messala	46	7
schnell	45	7
ging	45	4
sah	45	3
bleiben	45	7
zusammen	45	8
jungen	45	6
tot	45	3
tage	45	4
gemacht	44	7
einmal	44	6
glück	44	5
jahr	44	4
mädchen	44	7
all	44	3
sicher	43	6
gerade	43	6
hin	43	3
deiner	43	6
konnte	43	6
dachte	42	6
jahren	42	6
weit	42	4
gehört	42	6
arme	42	4
jeden	41	5
gesagt	41	6
wegen	41	5
lasst	41	5
warten	40	6
einfach	40	7
liegt	40	5
nehmen	40	6
genau	40	5
wasser	40	6
lieber	40	6
seid	40	4
sieh	40	4
schwester	40	9
weiter	39	6
deinem	39	6
zwischen	39	8
richter	39	7
retten	39	6
maid	39	4
männer	38	6
sag	38	3
angst	38	5
wirklich	37	8
keinen	37	6
leid	37	4
anderen	37	7
land	37	4
römer	37	5
zampano	37	7
prinz	37	5
könig	37	5
paris	37	5
bild	37	4
sagt	36	4
gleich	36	6
tut	36	3
hoch	36	4
familie	36	7
seinem	36	6
david	36	5
madame	36	6
jean	36	4
mr	35	2
dieb	35	4
besser	35	6
niemand	35	7
wahr	35	4
darf	34	4
gehe	34	4
gefunden	34	8
glücklich	34	9
namen	34	5
ganze	34	5
fort	34	4
hexerei	34	7
große	34	5
seele	34	5
böse	34	4
film	33	4
dazu	33	4
paar	33	4
kraft	33	5
uhr	33	3
allein	32	6
getan	32	5
schön	32	5
hören	32	5
sterben	32	7
meister	32	7
eure	32	4
erde	32	4
neue	31	4
steht	31	5
hund	31	4
jede	31	4
geh	31	3
verloren	31	8
drei	30	4
person	30	6
tom	30	3
treffen	30	7
beim	30	4
hilfe	30	5
recht	30	5
erste	30	5
weißt	30	5
genug	30	5
scharfrichter	30	13
herrn	30	5
feuer	30	5
freunde	30	7
de	30	2
sprechen	30	8
mittelalter	30	11
kerlchen	30	8
würden	29	6
sollen	29	6
schwer	29	6
hatten	29	6
sogar	29	5
bringt	29	6
davon	29	5
sondern	29	7
erst	29	4
jeder	29	5
ach	29	3
denken	29	6
lang	29	4
nächsten	29	8
dame	29	4
alte	29	4
bösen	29	5
tür	28	3
polizei	28	7
vier	28	4
reden	28	5
sofort	28	6
oft	28	3
hör	28	3
teil	28	4
körper	28	6
bekommen	28	8
gar	28	3
schuld	28	6
endlich	28	7
sollst	28	6
sehe	28	4
sonne	28	5
carlotta	28	8
wendy	28	5
verrückt	27	8
sollte	27	6
später	27	6
letzten	27	7
ganzen	27	6
stehen	27	6
gekommen	27	8
habt	27	4
na	27	2
schicksal	27	9
ruhe	27	4
rom	27	3
alt	27	3
peter	27	5
adele	27	5
fahren	26	6
stunde	26	6
arbeiten	26	8
erzählen	26	8
herren	26	6
einzige	26	7
beispiel	26	8
fünf	26	4
musste	26	6
hört	26	4
letzte	26	6
ziehen	26	6
judah	26	5
wagen	25	5
verlassen	25	9
darauf	25	6
krank	25	5
sollten	25	7
sieht	25	5
helfen	25	6
dafür	25	5
guten	25	5
wort	25	4
ehre	25	4
sonst	25	5
allen	25	5
armen	25	5
kopf	25	4
zeigen	25	6
himmel	25	6
platz	25	5
dies	25	4
marie	25	5
fragen	24	6
komme	24	5
sache	24	5
meines	24	6
mach	24	4
bring	24	5
seines	24	6
herzen	24	6
gesicht	24	7
folgt	24	5
gib	24	3
suchte	24	6
kleinen	24	7
bagdad	24	6
reddington	23	10
halten	23	6
büro	23	4
bringe	23	6
wusste	23	6
gebracht	23	8
wahrheit	23	8
daran	23	5
welche	23	6
beiden	23	6
seht	23	4
ruhig	23	5
mannes	23	6
dr	23	2
schlecht	23	8
mag	23	3
geist	23	5
reise	23	5
mama	23	4
bitten	23	6
nimm	23	4
geschichte	23	10
giovanni	23	8
hinter	22	6
fast	22	4
moment	22	6
hey	22	3
früh	22	4
beide	22	5
kapitel	22	7
mensch	22	6
jemand	22	6
frei	22	4
heißt	22	5
alter	22	5
hielt	22	5
suche	22	5
versprochen	22	11
alviano	22	7
mine	22	4
simonides	22	9
ben-hur	22	7
blut	21	4
ordnung	21	7
folgen	21	6
wollten	21	7
art	21	3
draußen	21	7
danke	21	5
the	21	3
bereits	21	7
rede	21	4
minuten	21	7
bett	21	4
holen	21	5
klänge	21	6
schwert	21	7
on	21	2
mörder	21	6
toten	21	5
solche	21	6
's	21	2
euer	21	4
leiden	21	6
felix	21	5
jude	21	4
jack	21	4
gallardo	21	8
xiaoping	20	8
li	20	2
luft	20	4
brüder	20	6
aller	20	5
pass	20	4
suchen	20	6
glaubst	20	7
unserer	20	7
schöne	20	6
großen	20	6
gefängnis	20	9
glaubt	20	6
hölle	20	5
niemals	20	7
sturm	20	5
zimmer	20	6
schatten	20	8
gold	20	4
jánošík	20	7
folgenden	20	9
fortsetzung	20	11
kameraden	20	9
phantom	20	7
antioch	20	7
halt	19	4
ihres	19	5
kenne	19	5
fand	19	4
kennen	19	6
ehemann	19	7
gegeben	19	7
wunderbar	19	9
rache	19	5
job	19	3
warst	19	5
neues	19	5
arm	19	3
allem	19	5
gefahr	19	6
dinge	19	5
tages	19	5
gestehen	19	8
akt	19	3
gebe	19	4
still	19	5
opfer	19	5
bald	19	4
braucht	19	7
schlaf	19	6
voll	19	4
hochzeit	19	8
christine	19	9
dürfen	18	6
wann	18	4
wen	18	3
außer	18	5
gestern	18	7
denen	18	5
vorbei	18	6
mache	18	5
damals	18	6
kleiner	18	7
schmidt	18	7
je	18	2
volk	18	4
stelle	18	6
tanzen	18	6
früher	18	6
gast	18	4
arbeiter	18	8
einst	18	5
liebst	18	6
deren	18	5
daß	18	3
zeiten	18	6
todes	18	5
holm	18	4
liebt	18	5
gute	18	4
häxan	18	5
prinzessin	18	10
lenin	18	5
hur	18	3
arrius	18	6
sucht	17	5
bereit	17	6
gleiche	17	7
gewesen	17	7
guter	17	5
seite	17	5
machte	17	6
wenig	17	5
sieben	17	6
rufen	17	5
strafe	17	6
warte	17	5
sobald	17	6
lieben	17	6
spielen	17	7
neuen	17	5
name	17	4
scheiterhaufen	17	14
kirche	17	6
tief	17	4
händen	17	6
kamen	17	5
schlafen	17	8
bleibt	17	6
untertitel	17	10
onkel	17	5
hut	17	3
heim	17	4
bergen	17	6
kári	17	4
lebt	17	4
sorgen	17	6
vergangenheit	17	13
fenster	17	7
caligari	17	8
doktor	17	6
herzog	17	6
marguerite	17	10
passiert	16	8
mund	16	4
darum	16	5
kindern	16	7
brauche	16	7
jedes	16	5
stark	16	5
stirbt	16	6
grund	16	5
eben	16	4
erzählt	16	7
versucht	16	8
keiner	16	6
dabei	16	5
denke	16	5
nürnberg	16	8
gottes	16	6
heiligen	16	8
reich	16	5
rat	16	3
nachdem	16	7
länger	16	6
unten	16	5
manchmal	16	8
erster	16	6
besten	16	6
findet	16	6
hoffnung	16	8
weinen	16	6
blick	16	5
zeigt	16	5
jesus	16	5
heilige	16	7
sklave	16	6
freundin	16	8
geschäft	16	8
gefallen	16	8
paul	16	4
bleibe	16	6
gern	16	4
schien	16	6
spricht	16	7
unschuldig	16	10
acht	16	4
geheimnis	16	9
silvester	16	9
junger	16	6
gaud	16	4
juden	16	5
patsy	16	5
lepic	16	5
eins	15	4
kümmern	15	7
siehst	15	6
melden	15	6
kurz	15	4
lizzy	15	5
gesucht	15	7
erhalten	15	8
fall	15	4
sage	15	4
solltest	15	8
machst	15	6
beste	15	5
lachen	15	6
arbeitet	15	8
kommst	15	6
ort	15	3
bekannt	15	7
vorstellen	15	10
jedem	15	5
groß	15	4
stand	15	5
vergiss	15	7
henker	15	6
barthel	15	7
unseren	15	7
arzt	15	4
licht	15	5
königin	15	7
zug	15	3
kleines	15	7
schlag	15	6
erwartet	15	8
gehst	15	5
kette	15	5
geboren	15	7
lebe	15	4
hunger	15	6
messer	15	6
tränen	15	6
plötzlich	15	9
kämpfen	15	7
freude	15	6
schönheit	15	9
cesare	15	6
jungs	15	5
schatz	15	6
florence	15	8
zauberer	15	8
zauberin	15	8
karna	15	5
dollar	15	6
monsieur	15	8
jill	15	4
keen	14	4
straße	14	6
schlüssel	14	9
getötet	14	7
spät	14	4
schicken	14	8
klar	14	4
hals	14	4
schreiben	14	9
hoffe	14	5
außerhalb	14	9
führt	14	5
ans	14	3
rest	14	4
auto	14	4
verstehen	14	9
versuchen	14	9
schau	14	5
nennen	14	6
kaum	14	4
meisten	14	7
wein	14	4
ertragen	14	8
nehme	14	5
angeklagte	14	10
einige	14	6
papa	14	4
beten	14	5
zog	14	3
gelsomina	14	9
bleib	14	5
denkt	14	5
matrosen	14	8
meer	14	4
sonntag	14	7
heraus	14	6
gesetz	14	6
regie	14	5
tante	14	5
heimlich	14	8
bezahlen	14	8
geschrieben	14	11
bilder	14	6
entgegen	14	8
hysterie	14	8
juan	14	4
salvago	14	7
larson	14	6
menachem	14	8
wakulintschuk	14	13
schlägt	13	7
schlagen	13	8
öffnen	13	6
hierher	13	7
nachricht	13	9
zehn	13	4
verheiratet	13	11
großes	13	6
wünschte	13	8
richtig	13	7
heißen	13	6
brücke	13	6
verdienen	13	9
bord	13	4
namens	13	6
geheimen	13	8
verändert	13	9
überall	13	7
geworden	13	8
genommen	13	8
rücken	13	6
of	13	2
voller	13	6
diener	13	6
idee	13	4
setzen	13	6
fiel	13	4
anders	13	6
spielt	13	6
folter	13	6
dorothea	13	8
schmerz	13	7
gestohlen	13	9
geht's	13	6
verbrannt	13	9
freiheit	13	8
lieb	13	4
singen	13	6
vaters	13	6
oben	13	4
bisschen	13	8
zuerst	13	6
könntest	13	8
see	13	3
süden	13	5
schrecklichen	13	13
traum	13	5
nachts	13	6
stimme	13	6
geister	13	7
male	13	4
verhext	13	7
erfahren	13	8
lhr	13	3
willkommen	13	10
harold	13	6
salbe	13	5
unbekannte	13	10
ruhm	13	4
wochen	13	6
träume	13	6
werk	13	4
mond	13	4
vasseur	13	7
black	13	5
huhn	13	4
odessa	13	6
raoul	13	5
nahe	12	4
fliegen	12	7
vorsichtig	12	10
monat	12	5
geglaubt	12	8
versteckt	12	9
höre	12	4
falls	12	5
wert	12	4
geschenk	12	8
jemals	12	6
etwa	12	4
hasse	12	5
wohin	12	5
ufer	12	4
ließ	12	4
schwöre	12	7
liegen	12	6
schauen	12	7
denkst	12	6
schaffen	12	8
seltsam	12	7
römischen	12	9
stolz	12	5
räuber	12	6
verbrechen	12	10
tat	12	3
natürlich	12	9
verlieren	12	9
beruf	12	5
nahmen	12	6
medizin	12	7
vielen	12	6
lag	12	3
tausende	12	8
willen	12	6
rosa	12	4
dorf	12	4
klettern	12	8
gegangen	12	8
stille	12	6
wollt	12	5
gutes	12	5
großer	12	6
professor	12	9
kloster	12	7
gestorben	12	9
schiff	12	6
abendessen	12	10
menschheit	12	10
geliebt	12	7
ist's	12	5
aktes	12	5
muß	12	3
entfernt	12	8
armand	12	6
krafft	12	6
hotel	12	5
brief	12	5
ägypter	12	7
druckers	12	8
weberin	12	7
gelehrter	12	9
jahrhunderte	12	12
gestalt	12	7
signora	12	7
yann	12	4
orlac	12	5
rotfuchs	12	8
jerusalem	12	9
gratus	12	6
esther	12	6
pierrette	12	9
geschäftsleitung	12	16
krankenhaus	11	11
fürchte	11	7
darüber	11	7
verstanden	11	10
hätten	11	6
sitzt	11	5
sitzen	11	6
fühle	11	5
lüge	11	4
erreichen	11	9
besessenheit	11	12
wiedersehen	11	11
sir	11	3
klingt	11	6
möglich	11	7
befehl	11	6
weniger	11	7
kennst	11	6
fühlte	11	6
direkt	11	6
schritt	11	7
lebens	11	6
stellen	11	7
finger	11	6
unserem	11	7
verzeihung	11	10
kerl	11	4
sünder	11	6
georg	11	5
zwar	11	4
gesellschaft	11	12
saß	11	3
teufels	11	7
fertig	11	6
wär	11	3
geführt	11	7
behalten	11	8
rolle	11	5
gefangenen	11	10
reichen	11	7
schreckliche	11	12
urteil	11	6
nimmt	11	5
unglück	11	7
gekocht	11	7
steh	11	4
publikum	11	8
lust	11	4
hörst	11	5
weise	11	5
hässlich	11	8
zuhause	11	7
spiel	11	5
lande	11	5
frühling	11	8
bildern	11	7
island	11	6
halla	11	5
jung	11	4
träumen	11	7
brachte	11	7
liebte	11	6
erklären	11	8
friedrich	11	9
getrieben	11	9
solch	11	5
mitternacht	11	11
wartet	11	6
nirgendwo	11	9
sünde	11	5
forderungen	11	11
armee	11	5
krankheiten	11	11
verdammte	11	9
atmen	11	5
wahnsinn	11	8
persönlich	11	10
krieg	11	5
unterschied	11	11
passagier	11	9
general	11	7
pierre	11	6
west	11	4
fuìr	11	5
zerstören	11	9
merlin	11	6
brauchen	10	8
ruft	10	4
direktor	10	8
danach	10	6
he	10	2
rein	10	4
antworten	10	9
buch	10	4
erinnerung	10	10
kriegen	10	7
suppe	10	5
lasse	10	5
benutzt	10	7
baby	10	4
mitleid	10	7
beweisen	10	8
boden	10	5
pavlovich	10	9
wären	10	5
laut	10	4
ding	10	4
klein	10	5
deines	10	6
ewige	10	5
schande	10	7
juli	10	4
handeln	10	7
prof	10	4
matzeroth	10	9
scheint	10	7
solange	10	7
besuchen	10	8
wozu	10	4
stein	10	5
wahre	10	5
statt	10	5
fleisch	10	7
dank	10	4
setz	10	4
woche	10	5
füßen	10	5
preis	10	5
lässt	10	5
angeklagten	10	11
leuten	10	6
möge	10	4
elend	10	5
herum	10	5
isst	10	4
bloß	10	4
müsst	10	5
gerne	10	5
zirkus	10	6
dran	10	4
weis	10	4
verdammten	10	10
fallen	10	6
euren	10	5
eltern	10	6
spielte	10	7
nahm	10	4
hungrig	10	7
gedacht	10	7
würdest	10	7
selben	10	6
halte	10	5
werdet	10	6
könnten	10	7
einander	10	8
tagen	10	5
preben	10	6
baron	10	5
wahrscheinlich	10	14
graf	10	4
mord	10	4
teils	10	5
erfüllen	10	8
gerettet	10	8
armer	10	5
magische	10	8
liebling	10	8
gebt	10	4
pfarrer	10	7
kapitän	10	7
geliebte	10	8
ah	10	2
eigenen	10	7
übrig	10	5
henrik	10	6
erinnert	10	8
klinik	10	6
stierkampf	10	10
torero	10	6
turm	10	4
verehrer	10	8
chance	10	6
leer	10	4
einsam	10	6
partie	10	6
tinkerbell	10	10
finde	10	5
palast	10	6
prinzen	10	7
produktion	10	10
goldsucher	10	10
jims	10	4
goldmine	10	8
norden	10	6
tanzlokal	10	9
sylvester	10	9
hugh	10	4
dorothy	10	7
aussätzige	10	10
arlette	10	7
panzerkreuzer	10	13
borschtsch	10	10
geschwader	10	10
eule	10	4
barry	10	5
washington	9	10
rief	9	4
töten	9	5
sechs	9	5
stunden	9	7
wolle	9	5
theater	9	7
nummer	9	6
leider	9	6
verliebt	9	8
frage	9	5
fällt	9	5
sachen	9	6
bezahlt	9	7
kümmert	9	7
hattest	9	7
jemanden	9	8
führen	9	6
treten	9	6
konnten	9	7
bank	9	4
sagst	9	5
irgendwas	9	9
zieht	9	5
gehabt	9	6
geschickt	9	9
besuch	9	6
ritter	9	6
hinrichtung	9	11
einziges	9	8
nürnberger	9	10
begann	9	6
ansehen	9	7
worden	9	6
aberglaube	9	10
cunz	9	4
patienten	9	9
erinnern	9	8
entkommen	9	9
stellt	9	6
raum	9	4
daumenschraube	9	14
gesprochen	9	10
bedeutet	9	8
furcht	9	6
kreuz	9	5
geworfen	9	8
worte	9	5
sklaven	9	7
lernen	9	6
steig	9	5
stahl	9	5
signorina	9	9
wegehr	9	6
fahrt	9	5
bestimmt	9	8
müde	9	4
schluss	9	7
anna	9	4
fest	9	4
wach	9	4
nächste	9	7
hinein	9	6
heran	9	5
not	9	3
fremden	9	7
nah	9	3
lächeln	9	7
polizisten	9	10
schnee	9	6
unmöglich	9	9
oper	9	4
jedoch	9	6
letzter	9	7
solchen	9	7
diesmal	9	7
kleid	9	5
puppe	9	5
fuhrmann	9	8
kamera	9	6
edit	9	4
geistern	9	8
fahrer	9	6
gedanken	9	8
reicht	9	6
abschaum	9	8
tragen	9	6
john	9	4
mönch	9	5
mrs	9	3
narren	9	6
zauberei	9	8
gehalten	9	8
teufeln	9	7
sabbat	9	6
frommen	9	7
inquisitoren	9	12
jesper	9	6
folterkammer	9	12
zeichen	9	7
narr	9	4
schreiber	9	9
zwingt	9	6
massen	9	6
liebste	9	7
schätzen	9	8
vermögen	9	8
vitelozzo	9	9
tausend	9	7
sprichst	9	8
rose	9	4
nieder	9	6
mauern	9	6
zar	9	3
kalif	9	5
heimat	9	6
truppen	9	7
moan	9	4
sylvestre	9	9
goldrausch	9	10
einsamer	9	8
heiratsvermittler	9	17
völker	9	6
streik	9	6
hollywood	9	9
haltet	8	6
position	8	8
unterwegs	8	9
gefangene	8	9
wieso	8	5
monaten	8	7
sicherheit	8	10
verboten	8	8
größte	8	6
schule	8	6
ecke	8	4
eigentlich	8	10
tracy	8	5
war's	8	5
gegend	8	6
halben	8	6
spaß	8	4
probleme	8	8
beginnen	8	8
taten	8	5
anderes	8	7
verdient	8	8
dorthin	8	7
geduld	8	6
kunden	8	6
eilig	8	5
zweiten	8	7
drin	8	4
verdammt	8	8
dritten	8	7
läuft	8	5
plan	8	4
stärker	8	7
galgen	8	6
verbrennen	8	10
jorg	8	4
trifft	8	6
fluss	8	5
standen	8	7
mut	8	3
treu	8	4
marga	8	5
schrecklich	8	11
hof	8	3
lehre	8	5
bewusst	8	7
zukunft	8	7
fern	8	4
deshalb	8	7
wenigstens	8	10
pest	8	4
starb	8	5
leise	8	5
tode	8	4
brechen	8	7
bürger	8	6
setzt	8	5
hinweg	8	6
kunst	8	5
volkes	8	6
braut	8	5
dummkopf	8	8
new	8	3
hübsch	8	6
brust	8	5
haken	8	5
nerven	8	6
kleider	8	7
damen	8	5
künstler	8	8
-ja	8	3
tust	8	4
mantel	8	6
wind	8	4
st	8	2
schutz	8	6
kennt	8	5
eigene	8	6
hunde	8	5
sterne	8	6
vergisst	8	8
kannte	8	6
terje	8	5
tanz	8	4
leicht	8	6
neuer	8	5
witwe	8	5
szenen	8	6
ejvind	8	6
offen	8	5
verwalter	8	9
pflicht	8	7
reiten	8	6
kuss	8	4
behandelt	8	9
betrogen	8	8
gnädige	8	7
bewegen	8	7
geraubt	8	7
hass	8	4
wahl	8	4
somnambulen	8	11
geschehen	8	9
erfüllt	8	7
wachen	8	6
mögen	8	5
ring	8	4
schönste	8	8
henry	8	5
verzweiflung	8	12
sorge	8	5
liebhaber	8	9
zahlen	8	6
sprach	8	6
wünscht	8	7
besitz	8	6
freitag	8	7
sicht	8	5
gebunden	8	8
magischen	8	9
kranke	8	6
trank	8	5
fuchs	8	5
verwandelt	8	10
jene	8	4
donner	8	6
schauspieler	8	12
kampf	8	5
arena	8	5
schwarzen	8	9
hohen	8	5
eurer	8	5
adorno	8	6
antwort	8	7
great	8	5
bend	8	4
vore	8	4
irgendwo	8	8
frankreich	8	10
meere	8	5
tal	8	3
teppich	8	7
tote	8	4
verschollen	8	11
kehrt	8	5
hank	8	4
partner	8	7
millionär	8	9
berditschew	8	11
lenins	8	6
oz	8	2
fürchten	8	8
bethlehem	8	9
römische	8	8
gebieter	8	8
offizier	8	8
legionen	8	8
rennen	8	6
unrein	8	6
potemkin	8	8
schlagt	8	7
krankenwagen	7	12
amerika	7	7
jolene	7	6
parker	7	6
stimmt	7	6
verhalten	7	9
seien	7	5
nennt	7	5
daraus	7	6
hab's	7	5
halb	7	4
problem	7	7
leitung	7	7
verstehe	7	8
schlimmer	7	9
erkannt	7	7
darin	7	5
gefolgt	7	7
millionen	7	9
typ	7	3
rufe	7	4
dona	7	4
hältst	7	6
okay	7	4
alleine	7	7
füße	7	4
hubschrauber	7	12
genannt	7	7
nett	7	4
lustig	7	6
brand	7	5
weitere	7	7
großartig	7	9
weder	7	5
überhaupt	7	9
ganzes	7	6
wohnung	7	7
verdienst	7	9
gewalt	7	6
verbrecher	7	10
gericht	7	7
gezwungen	7	9
gefällt	7	7
entdeckt	7	8
schweren	7	8
knochen	7	7
gnade	7	5
langsam	7	7
berührt	7	7
zeig	7	4
auge	7	4
schein	7	6
haut	7	4
wunder	7	6
krämpfe	7	7
behandeln	7	9
schmerzen	7	9
straßen	7	7
schulter	7	8
täglich	7	7
hält	7	4
vergangen	7	9
mitte	7	5
stock	7	5
wand	7	4
mittelalterlichen	7	17
mai	7	3
weint	7	5
gebrauchen	7	10
vorher	7	6
hohe	7	4
allmächtige	7	11
wichtig	7	7
führte	7	6
stimmen	7	7
sam	7	3
william	7	7
richtige	7	8
bekommt	7	7
-ich	7	4
lumpen	7	6
brennt	7	6
jagd	7	4
wenn's	7	6
'ne	7	3
spiele	7	6
lied	7	4
wärst	7	5
seil	7	4
reisen	7	6
welches	7	7
morgens	7	7
weib	7	4
osten	7	5
fuß	7	3
königs	7	6
zuletzt	7	7
deck	7	4
heut	7	4
blumen	7	6
anfang	7	6
hol	7	3
süße	7	4
verlor	7	6
heiße	7	5
akts	7	4
schloss	7	7
feigling	7	8
küssen	7	6
lebte	7	5
bat	7	3
gelebt	7	6
langen	7	6
leo	7	3
gebeten	7	7
martin	7	6
scheinen	7	8
laune	7	5
fräulein	7	8
traurig	7	7
könne	7	5
aimée	7	5
augenblick	7	10
jugend	7	6
seltsamen	7	9
geschah	7	7
zelle	7	5
anderer	7	7
gleichen	7	8
legen	7	5
genuine	7	7
befragung	7	9
welch	7	5
wunsch	7	6
verschwinden	7	12
einsame	7	7
folgende	7	8
versprechen	7	11
beeil	7	5
erschöpft	7	9
ständig	7	7
bete	7	4
blei	7	4
übersetzung	7	11
gaston	7	6
geliebter	7	9
höhle	7	5
hilf	7	4
nr	7	2
ziemlich	7	8
yquem	7	5
voraus	7	6
besorgt	7	7
daher	7	5
mary	7	4
näher	7	5
seilen	7	6
kuh	7	3
gaben	7	5
seltsame	7	8
beine	7	5
form	7	4
danken	7	6
gefährlich	7	10
knoten	7	6
zerstört	7	8
mysteriösen	7	11
begegnung	7	9
betreten	7	8
helden	7	6
ferne	7	5
väter	7	5
schönen	7	7
wahrlich	7	8
blieb	7	5
sieg	7	4
getrunken	7	9
verlorenen	7	10
rote	7	4
allah	7	5
briefe	7	6
pan	7	3
feen	7	4
piraten	7	7
öffnet	7	6
tore	7	4
tapfer	7	6
befreier	7	8
paimpol	7	7
mademoiselle	7	12
antworte	7	8
verging	7	7
alaska	7	6
haufen	7	6
magen	7	5
berühmt	7	7
uscher	7	6
braìutigam	7	11
masse	7	5
lm	7	2
josef	7	5
comte	7	5
m.	7	2
signal	7	6
maschinen	7	9
ziel	6	4
versprich	6	9
zeitung	6	7
dieselbe	6	8
organisation	6	12
verfolgen	6	9
route	6	5
helikopter	6	10
gilt	6	4
zeugen	6	6
arbeitete	6	9
whitefog	6	8
liebsten	6	8
boot	6	4
neu	6	3
wär's	6	5
existiert	6	9
ahnung	6	6
herausfinden	6	12
bote	6	4
woods	6	5
tabak	6	5
anrufen	6	7
botschaft	6	9
schuhe	6	6
staub	6	5
erinnerst	6	9
gerufen	6	7
liz	6	3
ehrlichkeit	6	11
aufhalten	6	9
schlimmste	6	10
verspreche	6	10
gearbeitet	6	10
gelegenheit	6	11
agent	6	5
angekommen	6	10
hart	6	4
zustand	6	7
nase	6	4
erlauben	6	8
erledigen	6	9
beweise	6	7
hättest	6	7
irgendein	6	9
versteck	6	8
punkt	6	5
verraten	6	8
angestellt	6	10
vierten	6	7
anfangen	6	8
jemandem	6	8
by	6	2
richten	6	7
wille	6	5
dauert	6	6
amt	6	3
stöhnt	6	6
april	6	5
verheißungsvolle	6	16
klang	6	5
durchaus	6	8
passieren	6	9
besonders	6	9
menge	6	5
üblich	6	6
gestellt	6	8
kuriose	6	7
zweite	6	6
leichen	6	7
haar	6	4
indem	6	5
herein	6	6
ehrliche	6	8
unbedingt	6	9
wichtige	6	8
dunkel	6	6
tatsächlich	6	11
schreibt	6	8
geöffnet	6	8
elender	6	7
reue	6	4
selber	6	6
erlebt	6	6
erhoben	6	7
seltenen	6	8
eigenes	6	7
verlangen	6	9
für	6	4
york	6	4
reichtum	6	8
dach	6	4
eisen	6	5
gibt's	6	6
end	6	3
hinterher	6	9
trinken	6	7
aufhören	6	8
pferd	6	5
möchten	6	7
gewarnt	6	7
schwestern	6	10
tier	6	4
erlaubt	6	7
fieber	6	6
englische	6	9
reiche	6	6
brot	6	4
längst	6	6
toll	6	4
unterstützt	6	11
gesundheit	6	10
vergib	6	6
ankunft	6	7
rechnung	6	8
fremder	6	7
schlau	6	6
kämpft	6	6
ehe	6	3
schaf	6	5
nebel	6	5
fliehen	6	7
berge	6	5
gehörte	6	7
seelen	6	6
herrschte	6	9
adieu	6	5
ergreift	6	8
verstand	6	8
irene	6	5
lie-be	6	6
heilig	6	6
gattin	6	6
schuldig	6	8
fordern	6	7
herzens	6	7
wünsche	6	7
drang	6	5
jenen	6	5
fühlt	6	5
werner	6	6
schlief	6	7
begehen	6	7
wild	6	4
gewöhnlich	6	10
ernst	6	5
fährt	6	5
lebenden	6	8
zurückkehren	6	12
gebet	6	5
genauso	6	7
verstehst	6	9
gesichter	6	9
einigen	6	7
lhre	6	4
süßer	6	5
blume	6	5
butler	6	6
leidenschaft	6	12
möchtest	6	8
dessen	6	6
getroffen	6	9
luxus	6	5
einbruch	6	8
einzigen	6	8
don	6	3
anka	6	4
führer	6	6
pferde	6	6
kerker	6	6
bauern	6	6
verborgen	6	9
dummer	6	6
bekannter	6	9
unschuld	6	8
schließen	6	9
personen	6	8
lloyd	6	5
frühstück	6	9
unglücklich	6	11
karten	6	6
trotz	6	5
historischer	6	12
persien	6	7
gelehrte	6	8
französische	6	12
maspero	6	7
kulturen	6	8
universums	6	10
verführten	6	10
erdkern	6	7
betrachtete	6	11
schicht	6	7
bahn	6	4
zehnten	6	7
französischen	6	13
kessel	6	6
monster	6	7
mittelalters	6	12
üblicherweise	6	13
schlichen	6	9
nackt	6	5
hexensabbats	6	12
hexensalbe	6	10
satan	6	5
flogen	6	6
kräfte	6	6
rauben	6	6
brocken	6	7
sündigen	6	8
verhexen	6	8
gefesselt	6	9
bleis	6	5
drucker	6	7
wunden	6	6
bedroht	6	7
hexenpulver	6	11
gesegnetem	6	10
hänge	6	5
rasmus	6	6
besen	6	5
begangen	6	8
einiger	6	7
brennen	6	7
hexenzeitalter	6	14
grunde	6	6
zogen	6	5
gestanden	6	9
tieren	6	6
geständnisse	6	12
regnard	6	7
halsband	6	8
nonne	6	5
befallen	6	8
unglücklichen	6	13
gelitten	6	8
ausbrach	6	8
einzig	6	6
echt	6	4
nervöse	6	7
hysterische	6	11
adresse	6	7
barbarischen	6	12
gewinnen	6	8
sol	6	3
rinconada	6	9
eroberer	6	8
nosferatu	6	9
rettung	6	7
qualen	6	6
allzu	6	5
lebendig	6	8
almosen	6	7
eiland	6	6
blicken	6	7
sprich	6	6
rasch	6	5
treiben	6	7
zügen	6	5
zeug	6	4
wehe	6	4
schrei	6	6
fürst	6	5
ginevra	6	7
erfolgreich	6	11
bill	6	4
schließt	6	8
zeige	6	5
vogel	6	5
iwan	6	4
vergiftet	6	9
nana	6	4
geburtstag	6	10
rosenstrauch	6	12
dennoch	6	7
kristall	6	8
islandfischer	6	13
gedenken	6	8
francois	6	8
a.	6	2
jeddy	6	5
vasseurs	6	8
machten	6	7
curtis	6	6
mckay	6	5
gedächtnis	6	10
miss	6	4
sylvesterfeier	6	14
blinder	6	7
währenddessen	6	13
salman	6	6
revolution	6	10
partei	6	6
stärke	6	6
hamilton	6	8
fur	6	3
königreich	6	10
legion	6	6
nazareth	6	8
tirzah	6	6
israel	6	6
römischer	6	9
galeeren	6	8
scheich	6	7
araber	6	6
verlust	6	7
ägypten	6	7
pilatus	6	7
chagny	6	6
amsler	6	6
jeanne	6	6
vissoy	6	6
würmer	6	6
persenning	6	10
schießen	6	8
löffel	6	6
panzerkreuzers	6	14
affe	6	4
bulldogge	6	9
streiken	6	8
kapital	6	7
lohnerhöhung	6	12
vincent	6	7
adeles	6	6
chattanooga	6	11
china	5	5
aufgehört	5	9
aussteigen	5	10
gezogen	5	7
fanden	5	6
verletzt	5	8
vorstellung	5	11
tisch	5	5
neben	5	5
irgendwann	5	10
beobachten	5	10
chinesischen	5	12
team	5	4
ändern	5	6
entlang	5	7
fbi	5	3
evakuierung	5	11
schickte	5	8
woher	5	5
gemeldet	5	8
keller	5	6
wunderschön	5	11
schöner	5	7
stecken	5	7
vernichten	5	10
fingerabdrücke	5	14
hallo	5	5
p.	5	2
repariert	5	9
liste	5	5
liefern	5	7
eile	5	4
schade	5	6
spur	5	4
kümmere	5	7
wofür	5	5
angetan	5	7
angezogen	5	9
griff	5	5
boote	5	5
versuch	5	7
bekam	5	5
laufen	5	6
vorsicht	5	8
daumen	5	6
gebrochen	5	9
handgelenk	5	10
gelassen	5	8
lediglich	5	9
herauszufinden	5	14
beeilen	5	7
bedeckt	5	7
lagen	5	5
welcher	5	7
quelle	5	6
verhaftet	5	9
geheiratet	5	10
tropfen	5	7
spüren	5	6
nachdenken	5	10
werkstatt	5	9
richtigen	5	9
erinnere	5	8
aufmerksam	5	10
unheilvolle	5	11
besiegelt	5	9
tu	5	2
frieden	5	7
höchste	5	7
verstummt	5	9
unehrlich	5	9
treibende	5	9
mehrere	5	7
hingerichtet	5	12
gerichtet	5	9
maylanndt	5	9
liefert	5	7
beschreibt	5	10
versteht	5	8
aufgabe	5	7
quellen	5	7
freiwillig	5	10
rechte	5	6
eher	5	4
bezirk	5	6
schreien	5	8
beschützen	5	10
antrag	5	6
bürgerrecht	5	11
natur	5	5
teilen	5	6
mark	5	4
reihe	5	5
heutigen	5	8
runter	5	6
ärger	5	5
riskieren	5	9
obwohl	5	6
ließen	5	6
denk	5	4
hans	5	4
hätt	5	4
heirat	5	6
lenkt	5	5
bisher	5	6
völlig	5	6
tagelang	5	8
verdacht	5	8
schuster	5	8
instrumente	5	11
frühen	5	6
solcher	5	7
nägel	5	5
besessen	5	8
erkennen	5	8
verurteilt	5	10
goldene	5	7
trennen	5	7
beschlossen	5	11
sünden	5	6
deswegen	5	8
satz	5	4
christus	5	8
befreien	5	8
grab	5	4
härter	5	6
lungen	5	6
trompete	5	8
entschuldigen	5	13
passen	5	6
hängen	5	6
bleibst	5	7
ll	5	2
matto	5	5
achtung	5	7
passt	5	5
telefon	5	7
holt	5	4
kalt	5	4
hebt	5	4
meinst	5	6
wüsste	5	6
schläft	5	7
soll's	5	6
scheune	5	7
leg	5	3
holz	5	4
eintritt	5	8
kannten	5	7
aufgenommen	5	11
stoff	5	5
gäste	5	5
haaren	5	6
litt	5	4
ward	5	4
bestand	5	7
last	5	4
hob	5	3
herbei	5	6
stieg	5	5
fuhr	5	4
gefangen	5	8
hafen	5	5
unterhalten	5	11
lebten	5	6
schafe	5	6
kiste	5	5
könnt	5	5
verbergen	5	9
feind	5	5
nachrichten	5	11
handschuhe	5	10
lächerlich	5	10
heirate	5	7
hinauf	5	6
zufrieden	5	9
lippen	5	6
gewissen	5	8
getragen	5	8
akten	5	5
schaut	5	6
kohl	5	4
vergeblich	5	10
begrüßt	5	7
stücke	5	6
schönes	5	7
keinerlei	5	9
wem	5	3
netz	5	4
gespannt	5	8
gräfin	5	6
geheimnisvollen	5	15
gestärkt	5	8
seitdem	5	7
schutznetz	5	10
hoffnungen	5	10
zauber	5	6
spitzen	5	7
geheimnisse	5	11
begreife	5	8
beobachtet	5	10
umher	5	5
wahn	5	4
percy	5	5
lage	5	4
gewöhnlicher	5	12
studiert	5	8
meisters	5	8
derjenige	5	9
merkwürdige	5	11
betrunken	5	9
qual	5	4
darfst	5	6
überraschung	5	12
erfolg	5	6
weine	5	5
überzeugt	5	9
begegnen	5	8
erreicht	5	8
ernte	5	5
gelaunt	5	7
selten	5	6
vergnügen	5	9
verkaufen	5	9
flügel	5	6
wünschen	5	8
jener	5	5
untertanen	5	10
goldstücke	5	10
töpfe	5	5
van	5	3
pflege	5	6
schleicht	5	9
besucher	5	8
schuft	5	6
fühlen	5	6
uniform	5	7
bekannten	5	9
mütter	5	6
fuhren	5	6
mittagessen	5	11
dankbar	5	7
dargestellt	5	11
starken	5	7
kugel	5	5
zähnen	5	6
figur	5	5
mussten	5	7
hahnenschrei	5	12
unterirdische	5	13
sinne	5	5
männlichen	5	10
umgehend	5	8
küsse	5	5
vorhaben	5	8
abenteuer	5	9
riemen	5	6
hochgezogen	5	11
reisende	5	8
mächtiger	5	9
beschuldigt	5	11
länge	5	5
rückwärts	5	9
letztes	5	7
verschont	5	9
großmutter	5	10
grausam	5	7
trat	5	4
fluch	5	5
räder	5	5
drehen	5	6
peitschen	5	9
weigern	5	7
test	5	4
düster	5	6
bedenke	5	7
duft	5	4
innerhalb	5	9
fähigkeiten	5	11
heftig	5	6
zeigte	5	6
schauspielerin	5	14
lief	5	4
fürchtet	5	8
taube	5	5
deutlich	5	8
leidet	5	6
melde	5	5
ständigen	5	9
diebstähle	5	10
laden	5	5
idol	5	4
sevilla	5	7
is	5	2
kutsche	5	7
neuigkeiten	5	11
wohlhabenden	5	12
carmen	5	6
gruppe	5	6
schlechte	5	9
presse	5	6
präsident	5	9
tolle	5	5
befehle	5	7
gestochen	5	9
galaz	5	5
zweiter	5	7
beute	5	5
tiefer	5	6
verzeiht	5	8
ln	5	2
signor	5	6
unsrer	5	6
frech	5	5
eurem	5	5
malen	5	5
schweigt	5	8
größer	5	6
geschaffen	5	10
jenem	5	5
froh	5	4
glückliche	5	10
edle	5	4
krone	5	5
höher	5	5
samstag	5	7
stellung	5	8
bolton	5	6
geschafft	5	9
unternehmen	5	11
clair	5	5
assad	5	5
ebenso	5	6
kalifen	5	7
königlicher	5	11
hinab	5	5
giftmischer	5	11
neun	5	4
michael	5	7
hurra	5	5
zwanzig	5	7
weiße	5	5
besiegt	5	7
vorbereitungen	5	14
indien	5	6
mongolen	5	8
insel	5	5
mächtige	5	8
ahmet	5	5
wache	5	5
apfel	5	5
heilen	5	6
armeen	5	6
zurück	5	7
friedhof	5	8
bolschewiki	5	11
g.	5	2
sergej	5	6
firma	5	5
füttern	5	7
eduard	5	6
annette	5	7
fressen	5	7
kruel	5	5
llderim	5	7
ilderim	5	7
charley	5	7
daae	5	4
buquet	5	6
drehbuch	5	8
eisenstein	5	10
romeo	5	5
dennin	5	6
wonach	4	6
laurel	4	6
paket	4	5
abgeliefert	4	11
nochmal	4	7
sekunden	4	8
ok	4	2
drum	4	4
leiche	4	6
pavlovich-brüder	4	16
soweit	4	6
spezialisiert	4	13
lösegeld	4	8
geheimes	4	8
landen	4	6
langley	4	7
meldet	4	6
typen	4	5
verhaftung	4	10
geschenkt	4	9
blieben	4	7
nationalarchiv	4	14
instinkt	4	8
dreck	4	5
gelangen	4	8
ausgesucht	4	10
dienst	4	6
symir	4	5
abgeholt	4	8
trug	4	4
gang	4	4
hole	4	4
code	4	4
lederweste	4	10
autos	4	5
kopie	4	5
dauern	4	6
verbindungen	4	12
hilft	4	5
gebäude	4	7
halifax	4	7
agro-chem	4	9
wette	4	5
drinnen	4	7
meinung	4	7
befriedigung	4	12
verschwinde	4	11
aufzuhalten	4	11
gefühl	4	6
sahen	4	5
schuh	4	5
gemalt	4	6
archimedes	4	10
archimedische	4	13
prinzip	4	7
heureka	4	7
en	4	2
fracht	4	6
rolph	4	5
cisco	4	5
handschellen	4	12
wehzutun	4	8
enden	4	5
zuvor	4	5
weggehen	4	8
ruhen	4	5
gedanke	4	7
busch	4	5
umgebracht	4	10
verzweifelt	4	11
dadurch	4	7
entführt	4	8
gebrüder	4	8
brennenden	4	10
beinahe	4	7
kehle	4	5
schnurrbart	4	11
verwendet	4	9
mühe	4	4
bewegung	4	8
hinterlassen	4	12
bekomme	4	7
besorgen	4	8
tue	4	3
kamst	4	5
minute	4	6
schnappen	4	9
benutzen	4	8
einiges	4	7
erstes	4	6
geburt	4	6
raunen	4	6
trotzdem	4	8
abdecker	4	8
ehrbare	4	7
kultureller	4	11
spitze	4	6
angestrengt	4	11
sanfte	4	6
seither	4	7
spannungsvolle	4	14
tagebuch	4	8
karriere	4	8
historiker	4	10
schrieb	4	7
freier	4	6
einzelne	4	8
dient	4	5
kleinem	4	7
bestraft	4	8
richte	4	6
fehler	4	6
generation	4	10
zeig's	4	6
galt	4	4
durfte	4	6
seiten	4	6
respekt	4	7
gehören	4	7
sorgt	4	5
gestank	4	7
frag	4	4
seufzt	4	6
versuchte	4	9
fürs	4	4
versorgen	4	9
gegrüßt	4	7
fett	4	4
verarbeitet	4	11
menschliche	4	11
häufig	4	6
hingerichteten	4	14
gehirn	4	6
verkauft	4	8
kräftig	4	7
balken	4	6
henkers	4	7
verbrennt	4	9
solches	4	7
beraten	4	7
einziger	4	8
frommer	4	7
pro	4	3
teuer	4	5
magd	4	4
anwenden	4	8
kammer	4	6
geständnissen	4	13
kapelle	4	7
höhe	4	4
aufpassen	4	9
schmerzhafte	4	12
bedrohliche	4	11
traurige	4	8
erfahrung	4	9
außerdem	4	8
sauber	4	6
göttliche	4	9
wiederhergestellt	4	17
vergeben	4	8
lesen	4	5
erlösung	4	8
befreit	4	7
hängt	4	5
steine	4	6
legten	4	6
städte	4	6
getrennt	4	8
heiliger	4	8
vergebung	4	9
unrecht	4	7
manche	4	6
sphäre	4	6
ii	4	2
jungfrau	4	8
götter	4	6
zuflucht	4	8
jones	4	5
ärmste	4	6
tanzt	4	5
flaschen	4	8
künstlerin	4	10
zentimeter	4	10
ausdehnung	4	10
besteht	4	7
schwache	4	8
wegsehen	4	8
schick	4	6
bittet	4	6
nimmst	4	6
-nichts	4	7
zahle	4	5
-das	4	4
geblieben	4	9
tomaten	4	7
hinaus	4	6
esse	4	4
dasselbe	4	8
eingeladen	4	10
verrückte	4	9
zelt	4	4
fliegt	4	6
tiere	4	5
geb	4	3
einfache	4	8
überzeugen	4	10
bläst	4	5
probieren	4	9
beruhige	4	8
loszuwerden	4	11
ändert	4	6
kochen	4	6
köstlich	4	8
zweck	4	5
streichhölzer	4	13
gift	4	4
richtung	4	8
verzeihen	4	9
umbringen	4	9
iss	4	3
fehlt	4	5
schritte	4	8
strand	4	6
verwandte	4	9
maul	4	4
vigen	4	5
ebenfalls	4	9
gewiss	4	6
mannschaft	4	10
trunk	4	5
hing	4	4
krankheit	4	9
scheu	4	5
holte	4	5
blinde	4	6
jacht	4	5
bringst	4	7
schrie	4	6
weh	4	3
klarheit	4	8
easy	4	4
street	4	6
hörte	4	5
brauchst	4	8
zuliebe	4	7
strengen	4	8
gesetze	4	7
björn	4	5
arnes	4	5
steck	4	5
büttel	4	6
aufs	4	4
größten	4	7
erzählte	4	8
sagtest	4	7
tiefen	4	6
pastor	4	6
bot	4	3
spuren	4	6
bandit	4	6
ehefrau	4	7
unsichtbare	4	11
herrscher	4	9
schönsten	4	9
eis	4	3
warm	4	4
einsamkeit	4	10
glücklicher	4	11
sechsten	4	8
leide	4	5
haare	4	5
sternen	4	7
gingen	4	6
gemeinsam	4	9
komödie	4	7
charpentier	4	11
maskeradgatan	4	13
eifersüchtig	4	12
wells	4	5
richtiger	4	9
el	4	2
weißer	4	6
armes	4	5
schah	4	5
fragte	4	6
brutal	4	6
wahnsinnig	4	10
zuschauer	4	9
eifer	4	5
schwach	4	7
gefasst	4	7
erinnerte	4	9
eröffnet	4	8
vorüber	4	7
vernunft	4	8
salto	4	5
mortale	4	7
kälte	4	5
schlossen	4	9
lockte	4	6
träne	4	5
cabinet	4	7
iahrmarkt	4	9
böser	4	5
somnambule	4	10
geheimnisvoller	4	15
instrument	4	10
rätsel	4	6
universität	4	11
veröffentlicht	4	14
stets	4	5
umständen	4	9
v.	4	2
maske	4	5
krieges	4	7
verantwortlich	4	14
laßt	4	4
neffe	4	5
enkel	4	5
töte	4	4
beweis	4	6
bewegten	4	8
geschlagen	4	10
georges	4	7
jahres	4	6
freuen	4	6
nächstes	4	8
annehmen	4	8
aufschub	4	8
wolltest	4	8
lügner	4	6
weinst	4	6
derselbe	4	8
erlöst	4	6
jacke	4	5
belohnt	4	7
angezündet	4	10
schuppen	4	8
reine	4	5
schuss	4	6
kaufen	4	6
wege	4	4
arcchancellor	4	13
kameliendame	4	12
grafen	4	6
überraschen	4	11
methoden	4	8
nichette	4	8
dürfte	4	6
pflegen	4	7
manon	4	5
besitzt	4	7
erbe	4	4
besitze	4	7
aufgeben	4	8
vergangenen	4	11
gelobt	4	6
niemandem	4	9
zeuge	4	5
šándor	4	6
wahren	4	6
ware	4	4
rettet	4	6
ball	4	4
gibst	4	5
linke	4	5
star	4	4
erfolgreicher	4	13
irgendwelche	4	12
finderlohn	4	10
city	4	4
unterstützen	4	12
schickt	4	7
andern	4	6
gatten	4	6
warnen	4	6
schützen	4	8
welchem	4	7
saulsbourg	4	10
deutschen	4	9
telegramm	4	9
charles	4	7
rückfall	4	8
kapiteln	4	8
produzierte	4	11
richard	4	7
erklärung	4	9
glaubte	4	7
höchsten	4	8
feuers	4	6
umgeben	4	7
bildes	4	6
quälen	4	6
symbol	4	6
teilnehmen	4	10
kreuzes	4	7
erweisen	4	8
erweichen	4	9
fromme	4	6
spenden	4	7
neugier	4	7
schlimm	4	7
ursache	4	7
gestört	4	7
dreckiges	4	9
dämon	4	5
edward	4	6
darstellen	4	10
offenbaren	4	10
grausame	4	8
dienerin	4	8
nächte	4	6
pergament	4	9
schweigen	4	9
gesteht	4	7
halfen	4	6
mahl	4	4
stirn	4	5
widerstand	4	10
leinwand	4	8
bewahren	4	8
untergeht	4	9
süßen	4	5
total	4	5
hauses	4	6
hexenhaar	4	9
mystische	4	9
knöchel	4	7
drehten	4	7
verzweifelte	4	12
wenigsten	4	9
nehmt	4	5
durchs	4	6
verwandten	4	10
schlafwandlerin	4	15
verwirrten	4	10
berühmter	4	9
stört	4	5
klammert	4	8
gefühle	4	7
raten	4	5
sperren	4	7
wohlhabend	4	10
mysteriösem	4	11
bullen	4	6
harten	4	6
antonio	4	7
plumitas	4	8
spanien	4	7
matador	4	7
feier	4	5
berühmte	4	8
kämpften	4	8
aufmerksamkeit	4	14
that	4	4
nähe	4	4
todsünden	4	9
weilt	4	5
mücken	4	6
plage	4	5
träumt	4	6
öden	4	4
schiffes	4	8
matrose	4	7
vampiren	4	8
entstand	4	8
redet	4	5
begehrt	4	7
meint	4	5
stiehlt	4	7
reiter	4	6
fisch	4	5
hättet	4	6
albern	4	6
blickt	4	6
sanften	4	7
kappe	4	5
haupt	4	5
gewonnen	4	8
hüten	4	5
tamare	4	6
furchtbar	4	9
flieht	4	6
treibt	4	6
fände	4	5
früchte	4	7
liebster	4	8
glühende	4	8
sommernacht	4	11
entsetzlich	4	11
bestien	4	7
stellte	4	7
trost	4	5
brach	4	5
mildred	4	7
scheitern	4	9
mittwoch	4	8
warenhaus	4	9
stubbs	4	6
stockwerke	4	10
geschäftsmann	4	13
kleidung	4	8
verkauf	4	7
buren	4	5
hochhaus	4	8
rückt	4	5
schwierigkeiten	4	15
ernste	4	6
chaplin	4	7
besprechen	4	10
porträt	4	7
harun	4	5
al	4	2
königlichen	4	11
wunschring	4	10
stehlen	4	7
george	4	6
zurückkommen	4	12
fingerhut	4	9
zumindest	4	9
nachkommen	4	10
pirat	4	5
warnung	4	7
sand	4	4
garten	4	6
inseln	4	6
passes	4	6
seltenste	4	9
baroncelli	4	10
cnc	4	3
gaos	4	4
yanns	4	5
juni	4	4
w.	4	2
russland	4	8
wests	4	5
ellie	4	5
begrüßen	4	8
januar	4	6
chilkoot	4	8
sourdough	4	9
verschwindet	4	12
verlierer	4	9
justiz	4	6
spinne	4	6
herrschen	4	9
frauenheld	4	10
anständigen	4	11
ödet	4	4
tanze	4	5
maultier	4	8
bestreiten	4	10
tramp	4	5
erschrecken	4	11
gammler	4	7
proviant	4	8
müden	4	5
millionäre	4	10
schwielen	4	9
gratuliere	4	10
stolperte	4	9
elemente	4	8
lachten	4	7
brüllten	4	8
donnerten	4	9
mister	4	6
stieß	4	5
held	4	4
erwartete	4	9
expedition	4	10
hanks	4	5
romantik	4	8
summte	4	6
feixte	4	6
genoss	4	6
wärme	4	5
aufräumen	4	9
foto	4	4
blinden	4	7
happy	4	5
kimbak	4	6
bejla	4	5
schadchen	4	9
versichert	4	10
gluìck	4	7
dampfer	4	7
proletariat	4	11
proletariats	4	12
temperatur	4	10
herztätigkeit	4	13
bpm	4	3
russlands	4	9
bühne	4	5
levet	4	5
lepics	4	6
huhnerstall	4	11
nachttopf	4	9
mathilde	4	8
liess	4	5
premierminister	4	15
papiere	4	7
bewacht	4	7
syrer	4	5
griechen	4	8
dunkelheit	4	10
hirten	4	6
grieche	4	7
balthasar	4	9
unruhen	4	7
knechtschaft	4	12
amrah	4	5
stattlich	4	9
regiert	4	7
untergang	4	9
messias	4	7
bekämpften	4	10
jehovah	4	7
cäsar	4	5
römern	4	6
fasst	4	5
galeere	4	7
rande	4	5
quintus	4	7
golthar	4	7
adoptivsohn	4	11
ehrt	4	4
ben-hurs	4	8
geizhals	4	8
nazarener	4	9
kaufmann	4	8
behalte	4	7
streitwagen	4	11
soldat	4	6
gesamten	4	8
drängte	4	7
roms	4	4
statthalter	4	11
pontius	4	7
aussätzigen	4	11
pöbel	4	5
auferstehen	4	11
kellern	4	7
vorführung	4	10
dorfvorsteher	4	13
dutois	4	6
empfindsam	4	10
wandte	4	6
russischen	4	10
matjuschenko	4	12
reihen	4	6
wut	4	3
faules	4	6
giljarowski	4	11
zudecken	4	8
schießt	4	7
gewehre	4	7
aufstand	4	8
mole	4	4
odessas	4	7
taurien	4	7
aufständischen	4	14
holzbein	4	8
proletkult	4	10
organisiert	4	11
einheit	4	7
fabrikbezirk	4	12
provocateurs	4	12
acht-stunden-arbeitstag	4	23
sorgfalt	4	8
prügelt	4	7
provokation	4	11
feuerwehr	4	9
staatlichen	4	11
fabio	4	5
penelli	4	7
verjüngte	4	9
parma	4	5
western	4	7
atlantic	4	8
marietta	4	8
lokomotive	4	10
lokführer	4	9
shanty	4	6
rock	4	4
river	4	5
linien	4	6
yukon	4	5
kapitals	4	8
arbeitslager	3	12
beeilt	3	6
hisbollah	3	9
beunruhigt	3	10
wussten	3	7
gegenüber	3	9
vermisst	3	8
verhält	3	7
entführungen	3	12
leibwächter	3	11
politischen	3	11
cia	3	3
waffenprogramm	3	14
rendezvous	3	10
vermutlich	3	10
geändert	3	8
donald	3	6
negativ	3	7
entsorgt	3	8
zugang	3	6
beschäftigt	3	11
kocht	3	5
sofortige	3	9
anfühlen	3	8
identifizieren	3	14
checken	3	7
sandkorn	3	8
fahrgast	3	8
vierte	3	6
pagosa	3	6
springs	3	7
kaputt	3	6
wolf	3	4
müsste	3	6
jedenfalls	3	10
betrifft	3	8
motor	3	5
getestet	3	8
mais	3	4
zielperson	3	10
buchstaben	3	10
koche	3	5
merkwürdig	3	10
einsperren	3	10
bestellt	3	8
flüssigkeit	3	11
fassen	3	6
netter	3	6
waffen	3	6
beziehung	3	9
daddy	3	5
arbeitest	3	9
absetzen	3	8
ehrlich	3	7
lampe	3	5
agentin	3	7
geschieht	3	9
parkers	3	7
interesse	3	9
entschuldigung	3	14
stoßen	3	6
erhielt	3	7
befürchte	3	9
provinz	3	7
herauszuholen	3	13
ausgehen	3	8
roger	3	5
protokoll	3	9
schleichen	3	10
nationalen	3	10
programm	3	8
steckst	3	7
brüdern	3	7
herrlich	3	8
mom	3	3
kriegt	3	6
aussehen	3	8
braver	3	6
knietief	3	8
aufgeregt	3	9
weiterhin	3	9
gesteckt	3	8
wetten	3	6
verfahren	3	9
versichere	3	10
flucht	3	6
schaue	3	6
zufall	3	6
schauten	3	8
wirkt	3	5
egal	3	4
komplett	3	8
erzähl	3	6
ausführen	3	9
vollstrecken	3	12
allmächtigen	3	12
dramatische	3	11
führe	3	5
ausgegrenzt	3	11
blüte	3	5
ausschließlich	3	14
steigt	3	6
vollstreckung	3	13
urteile	3	7
september	3	9
harrington	3	10
schlotfeger	3	11
vollstreckt	3	11
solle	3	5
hinrichtungen	3	13
anstellung	3	10
insgesamt	3	9
wenige	3	6
schreie	3	7
bricht	3	6
rad	3	3
deutsche	3	8
artikel	3	7
abschneiden	3	11
diebstahl	3	9
enthauptet	3	10
beigebracht	3	11
halswirbel	3	10
gebaut	3	6
umsonst	3	7
bedeutung	3	9
henkersknecht	3	13
zuhören	3	7
rechtliche	3	10
taufe	3	5
dicht	3	5
städtischen	3	11
bevölkerung	3	11
unehrlichkeit	3	13
wichtiger	3	9
melancholische	3	14
mitten	3	6
erhält	3	6
schweine	3	8
wohnt	3	5
meiden	3	6
triste	3	6
gewollt	3	7
wetter	3	6
anstellen	3	9
tritt	3	5
körperteile	3	11
dritte	3	6
bein	3	4
schädel	3	7
anfälle	3	7
zähne	3	5
empfohlen	3	9
sogenannte	3	10
streifen	3	8
bauch	3	5
binden	3	6
frisch	3	6
unglaublich	3	11
geheilt	3	7
prückner	3	8
ungeschickter	3	13
gesellen	3	8
kreis	3	5
löwe	3	4
überrascht	3	10
diebe	3	5
ärmsten	3	7
nebeneinander	3	13
derart	3	6
weigert	3	7
nötig	3	5
herausholen	3	11
passierte	3	9
zunächst	3	8
berühren	3	8
bauer	3	5
wimmert	3	7
verursacht	3	10
schwarze	3	8
dagegen	3	7
sollt	3	5
armesünder	3	10
königliche	3	10
falschen	3	8
sowie	3	5
stück	3	5
lautet	3	6
rumpf	3	5
weich	3	5
stadtmauern	3	11
stimmengewirr	3	13
weltliche	3	9
inszenierung	3	12
inszeniert	3	10
außen	3	5
gesamte	3	7
prozess	3	7
geraten	3	7
spielten	3	8
paradies	3	8
überwinden	3	10
aufruhr	3	7
heutige	3	7
wenigen	3	7
aufbewahrt	3	10
plant	3	5
abzuholen	3	9
kauft	3	5
erobern	3	7
originalen	3	10
lernst	3	6
.ooo	3	4
lire	3	4
kilo	3	4
halbes	3	6
käse	3	4
muskeln	3	7
platzt	3	6
trommel	3	7
übermorgen	3	10
weist	3	5
schlafe	3	7
-wir	3	4
beides	3	6
-in	3	3
flasche	3	7
gegessen	3	8
fühl	3	4
-ist	3	4
amerikaner	3	10
-du	3	3
wartest	3	7
lohn	3	4
-da	3	3
komische	3	8
-kommen	3	7
vögelchen	3	9
zweimal	3	7
schafft	3	7
attraktion	3	10
kleinste	3	8
tödliche	3	8
verehrtes	3	9
herzlich	3	8
soldaten	3	8
schluck	3	7
lauf	3	4
kaffee	3	6
trink	3	5
starker	3	7
gab's	3	5
scherz	3	6
tolles	3	6
schief	3	6
weltberühmten	3	13
scher	3	5
beginnt	3	7
vernünftig	3	10
vergehen	3	8
beleidigt	3	9
versuch's	3	9
gefragt	3	7
mitkommen	3	9
jünger	3	6
ziehst	3	6
woanders	3	8
leb	3	3
entdeckung	3	10
öl	3	2
wasche	3	6
nämlich	3	7
sterbe	3	6
silberne	3	8
bescheidenen	3	12
erledige	3	8
zuchthaus	3	9
kirmes	3	6
gesungen	3	8
weinte	3	6
anblick	3	7
fahr	3	4
fass	3	4
säufer	3	6
restauriert	3	11
wohnte	3	6
aug	3	3
bauen	3	5
winter	3	6
wiege	3	5
rot	3	3
sang	3	4
gebot	3	5
tauchte	3	7
schweden	3	8
verließ	3	7
meinten	3	7
heimlichen	3	10
trieb	3	5
sinken	3	6
starke	3	6
verspielt	3	9
wilden	3	6
glaub	3	5
bewunderer	3	10
retter	3	6
bohnen	3	6
fehlten	3	7
cent	3	4
dollars	3	7
filminstitut	3	12
zweier	3	6
banditen	3	8
historischen	3	12
schwager	3	8
probe	3	5
märchen	3	7
brunnen	3	7
feinde	3	6
gehorchen	3	9
loswerden	3	9
gelogen	3	7
verräter	3	8
schneesturm	3	11
erhebt	3	6
küss	3	4
offenen	3	7
spiegelt	3	8
wider	3	5
erreichten	3	10
ebene	3	5
wüste	3	5
fünften	3	7
abwaschen	3	9
gabst	3	5
kehre	3	5
zitterten	3	9
verlangte	3	9
pelzhändler	3	11
rüsselkäfer	3	11
entscheiden	3	11
fliege	3	6
süßigkeiten	3	11
gewöhnen	3	8
schaname	3	8
tariel	3	6
geliebten	3	9
werfen	3	6
kehrte	3	6
antwortete	3	10
tragisch	3	8
übrigens	3	8
freundes	3	8
nützlich	3	8
gekauft	3	7
modell	3	6
wiederkommen	3	12
irren	3	5
derselben	3	9
miteinander	3	11
gewohnt	3	7
falle	3	5
scheidung	3	9
müsstest	3	8
leolein	3	7
duell	3	5
verheiraten	3	11
bruders	3	7
selbstbewusst	3	13
zweifelte	3	9
überlegen	3	9
kindheit	3	8
ruiniert	3	8
benefiz-veranstaltung	3	21
verführt	3	8
sensationellen	3	14
pfeil	3	5
alan	3	4
holstenwall	3	11
franzis	3	7
sonderbaren	3	11
verehrten	3	9
iii	3	3
ermordet	3	8
untersuchen	3	11
stich	3	5
lenken	3	6
villa	3	5
uppsala	3	7
pläne	3	5
märz	3	4
nachmittag	3	10
verdorben	3	9
monats	3	6
laß	3	3
engel	3	5
mittag	3	6
opfern	3	6
eingeschlafen	3	13
verflucht	3	9
victor	3	6
schwindsucht	3	12
kranken	3	7
ereignisse	3	10
silvesterabend	3	14
tötete	3	6
irre	3	4
rechten	3	7
anfühlt	3	7
streichen	3	9
eisige	3	6
streiten	3	8
verlockend	3	10
entscheidung	3	12
samen	3	5
dornen	3	6
lungenentzündung	3	16
situation	3	9
empfangen	3	9
geerntet	3	8
heilsarmee	3	10
feiern	3	6
erden	3	5
toter	3	5
rausch	3	6
gemordet	3	8
unheil	3	6
quält	3	5
diejenigen	3	10
reifen	3	6
versprach	3	9
kummer	3	6
matratze	3	8
russische	3	9
leuchten	3	8
jagt	3	4
vergnügens	3	10
duval	3	5
vollkommen	3	10
spielzeug	3	9
zugvogel	3	8
varville	3	8
rechts	3	6
prudence	3	8
bordeaux	3	8
clo	3	3
gesund	3	6
zählen	3	6
armands	3	7
fürsorge	3	8
sommer	3	6
gautier	3	7
begriff	3	7
gewinner	3	8
verlasse	3	8
schulde	3	7
dezember	3	8
gläubiger	3	9
besitztümer	3	11
media	3	5
group	3	5
fernsehen	3	9
rekonstruktion	3	14
gezeigt	3	7
version	3	7
schafswirt	3	10
nachbarin	3	9
fronarbeit	3	10
schergen	3	8
gräber	3	6
verfluchte	3	10
herrschaft	3	10
fangen	3	6
hain	3	4
edelmann	3	8
schenken	3	8
groschen	3	8
abgeben	3	7
steuer	3	6
befolgen	3	8
do	3	2
pfad	3	4
freunden	3	8
pfarre	3	6
merk	3	4
jagen	3	5
aufhält	3	7
lebend	3	6
kritiker	3	8
rückzug	3	7
kindes	3	6
achten	3	6
abends	3	6
eifersucht	3	10
bereiten	3	8
margot	3	6
ausgegangen	3	11
benötige	3	8
sinn	3	4
geschäfte	3	9
stiegen	3	7
tiergartenstr	3	13
heller	3	6
betrag	3	6
gestatten	3	9
treue	3	5
länder	3	6
gnädigen	3	8
koffer	3	6
irrtum	3	6
verzeih	3	7
tor	3	3
ruht	3	4
beibringen	3	10
patientin	3	9
übel	3	4
behandlung	3	10
donnerstag	3	10
irgendwie	3	9
ausgebrochen	3	12
aufregend	3	9
präsentation	3	12
benjamin	3	8
christensen	3	11
fotografie	3	10
johan	3	5
ankerstjerne	3	12
künstlerische	3	13
louw	3	4
hauptquellen	3	12
filmprogramm	3	12
mystik	3	6
geheimnisvolles	3	15
primitive	3	9
unerklärlichem	3	14
konfrontiert	3	12
phantasiewesen	3	14
rawlinson	3	9
ältesten	3	8
heimisch	3	8
resultat	3	8
naiver	3	6
vorstellungen	3	13
beschaffenheit	3	14
vorstellten	3	11
glaubten	3	8
umschlossen	3	11
pfeilern	3	8
hingen	3	6
lampen	3	6
gewölbt	3	7
terrassen	3	9
gestaltet	3	9
vergangener	3	11
folklore	3	8
herumschlichen	3	14
späteren	3	8
feststehende	3	12
gewässern	3	9
stellten	3	8
planeten	3	8
bewegende	3	9
himmelskörper	3	13
planet	3	6
transparente	3	12
bewegliche	3	10
planetenbahnen	3	14
fixsterne	3	9
kristallbahn	3	12
engelschören	3	12
weltenmaschinerie	3	17
oberen	3	6
lacroix	3	7
stopfen	3	7
gießt	3	5
ekligen	3	7
schwefel	3	8
horn	3	4
sickernd	3	8
scharfen	3	8
mechanische	3	11
abbildung	3	9
verständnis	3	11
glaubens	3	8
gefürchtet	3	10
unehrenhaften	3	13
packt	3	5
schwebende	3	10
lüfte	3	5
scheiterhaufens	3	15
deutsches	3	9
melkt	3	5
axtstiel	3	8
zirkeln	3	7
zusammenkunft	3	13
stall	3	5
verhexten	3	9
winklige	3	8
stalltür	3	8
geritzt	3	7
naiven	3	6
zeichnung	3	9
flüche	3	6
pudern	3	6
tränken	3	7
zauberern	3	9
straften	3	8
beachte	3	7
allgemeiner	3	11
genannten	3	9
einschmieren	3	12
zauberkraft	3	11
erlaubte	3	8
doktoren	3	8
bourneville	3	11
teinturier	3	10
ritus	3	5
entweihung	3	10
beteiligten	3	11
teufelsnamen	3	12
zeremonielles	3	13
festmahl	3	8
abgehalten	3	10
sabbatessen	3	11
zubereitet	3	10
hinterns	3	8
vergnügten	3	10
hexensabbat	3	11
renaissance	3	11
günstig	3	7
galgenhügel	3	11
uhh	3	3
diebes	3	6
diebesfinger	3	12
ausgetrocknet	3	13
gebräu	3	6
heilenden	3	9
verleihen	3	9
passanten	3	9
liebestrank	3	11
katzenkot	3	9
taubenherzen	3	12
mondlicht	3	9
getränk	3	7
stärkeren	3	9
verspielten	3	11
schwalbe	3	8
behalt	3	6
hübsche	3	7
riech	3	5
schmier	3	7
drauf	3	5
hungrige	3	8
dreisten	3	8
unpassende	3	10
friedhofs	3	9
teufelswerk	3	11
ehrbarer	3	8
alptraum	3	8
wütender	3	8
verführer	3	9
gefährtin	3	9
häufiger	3	8
betrinkst	3	9
abendglocke	3	11
einläutet	3	9
asche	3	5
apelone	3	7
apelones	3	8
traumschloss	3	12
franz	3	5
heinemanns	3	10
rechtspflege	3	12
inqusitionsrichtern	3	19
verdächtigte	3	12
sittengeschichte	3	16
stütze	3	6
schwimmt	3	8
sinkt	3	5
verhandlung	3	11
stattfand	3	9
papst	3	5
deutschland	3	11
sendete	3	7
schwindelanfällen	3	17
getröstet	3	9
saturn	3	6
erlaube	3	7
schwindelanfälle	3	16
heiliges	3	8
bettelnd	3	8
jesu	3	4
jüngste	3	7
inquisition	3	11
wechselt	3	8
berührte	3	8
vorwirfst	3	9
todfeinde	3	9
abheben	3	7
mäuse	3	5
hausdamen	3	9
verstecktes	3	11
diktiert	3	8
freundlich	3	10
stur	3	4
bestreitet	3	10
mentale	3	7
wörter	3	6
gekreuzigten	3	12
wachs	3	5
corpus	3	6
christi	3	7
missetaten	3	10
härte	3	5
hexenkörper	3	11
löse	3	4
beizeiten	3	9
schraube	3	8
gestehe	3	7
gebar	3	5
gesamter	3	8
hexenzirkel	3	11
trina	3	5
eingeschmiert	3	13
nichtswürdige	3	13
geflogen	3	8
trinas	3	6
genügend	3	8
spuckten	3	8
kröten	3	6
ungetauften	3	11
anbrachte	3	9
hintern	3	7
küssten	3	7
annas	3	5
zärtlich	3	8
küsste	3	6
sissel	3	6
elsa	3	4
martins	3	7
mondhellen	3	10
warfen	3	6
begannen	3	8
endlos	3	6
beschuldigte	3	12
stadtaufseher	3	13
spukhaus	3	8
sündige	3	7
entblöße	3	8
gesundbeten	3	11
verzaubert	3	10
verführen	3	9
gepackt	3	7
jungfräulichkeit	3	16
aufgegeben	3	10
auszusagen	3	10
unterziehen	3	11
dreifaltigkeit	3	14
bunde	3	5
drohung	3	7
rauszufinden	3	12
außerordentlichen	3	17
verhielten	3	10
schenke	3	7
verhöhnt	3	8
kreatur	3	7
gerichtshof	3	11
stadttore	3	9
donnern	3	7
offenbarst	3	10
demzufolge	3	10
speichel	3	8
beschmieren	3	11
unehrenhafter	3	13
ausgestoßener	3	13
hexennachwuchs	3	14
wörtern	3	7
aussagen	3	8
nachher	3	7
gefängnistore	3	13
wandernder	3	10
steinmetz	3	9
abgebrühte	3	10
erbauung	3	8
brannte	3	7
hexenwahn	3	9
wütete	3	6
spirituelle	3	11
auftauchten	3	11
hexengeständnisse	3	17
katzen	3	6
altar	3	5
besudelten	3	10
kirchentür	3	10
wachten	3	7
hochzeitsbett	3	13
knüpfen	3	7
schwangerschaft	3	15
metalkreuzen	3	12
tricks	3	6
angewandt	3	9
destruktiven	3	12
effekt	3	6
requisiten	3	10
genauer	3	7
zuzugeben	3	9
befestigt	3	9
handgelenke	3	11
befestigten	3	11
stangen	3	7
feuerschüssel	3	13
bewegungen	3	10
halsbandes	3	10
bohrten	3	7
vorzugsweise	3	12
leichteren	3	10
darstellerinnen	3	15
auszuprobieren	3	14
preisgeben	3	10
klöstern	3	8
eskalierte	3	10
hoffnungslose	3	13
zahlreich	3	9
bedauerlichen	3	13
selbstbestrafungen	3	18
schriften	3	9
überlebt	3	8
berührender	3	11
einfachheit	3	11
niedergeschrieben	3	17
durchdrang	3	10
weiche	3	6
beistehen	3	9
cecilia	3	7
verschwört	3	10
aufgaben	3	8
biografien	3	10
ausruf	3	6
drüben	3	6
zungen	3	6
großteil	3	8
organisationen	3	14
schwesternheimen	3	16
eigenschaften	3	13
auffallen	3	9
hexenverfolgung	3	15
drehpause	3	9
müdes	3	5
bettkante	3	9
einverständnis	3	14
gebetsbuch	3	10
erschöpfung	3	11
erklärt	3	7
erläutern	3	9
verschiedene	3	12
nervösen	3	8
störungen	3	9
fürchtete	3	9
entzünden	3	9
todesangst	3	10
kämpfe	3	6
hexenhaftes	3	11
streichhölzern	3	14
schlummernden	3	13
haushalt	3	8
verfassung	3	10
benommenen	3	10
verfassungen	3	12
nervenkrankheit	3	15
modernen	3	8
hysterischen	3	12
nächtliche	3	10
besuche	3	7
populärer	3	9
geistlicher	3	11
zweifelsfrei	3	12
berühmtheiten	3	13
bewusstlose	3	11
leidende	3	8
künstlichen	3	11
eigenheiten	3	11
verschwanden	3	12
fühlst	3	6
taubheit	3	8
symptom	3	7
unschöne	3	8
konflikt	3	8
ausweisen	3	9
gewaltsam	3	9
weggesperrt	3	11
unglückliche	3	12
gebrochene	3	10
grad	3	4
gebundenes	3	10
russisches	3	10
russisch	3	8
nachzugehen	3	11
starren	3	7
angsterfüllt	3	12
teufelsfresken	3	14
dächer	3	6
allgegenwärtig	3	14
oftmals	3	7
bitterlich	3	10
hysterisch	3	10
heutzutage	3	10
irrenanstalt	3	12
moderne	3	7
beruhigen	3	9
dusche	3	6
ersetzt	3	7
beteiligung	3	11
anstatt	3	7
sohnes	3	6
for	3	3
bekommst	3	8
menschlichen	3	12
schwäche	3	8
jose	3	4
lob	3	3
mekka	3	5
spaniens	3	8
schiffe	3	7
vorwurf	3	7
it	3	2
to	3	2
stierkämpfer	3	12
schmutzige	3	10
erreichte	3	9
onkels	3	6
zeitpunkt	3	9
verlässt	3	8
verachtet	3	9
seltsamer	3	9
bestie	3	6
kisten	3	6
maat	3	4
erkrankt	3	8
gäbe	3	4
vampir	3	6
feldern	3	7
beieinander	3	11
klauen	3	6
alb	3	3
varna	3	5
august	3	6
dritter	3	7
ratten	3	6
türen	3	5
pracht	3	6
sprachst	3	8
räume	3	5
sprecht	3	7
vergesst	3	8
bettler	3	7
notar	3	5
kurze	3	5
vergaß	3	6
elysium	3	7
bauten	3	6
prangenden	3	10
wundern	3	7
sinnen	3	6
sorglos	3	7
podestá	3	7
schenkung	3	9
beglückt	3	8
genuas	3	6
freien	3	6
überbringen	3	11
versammlung	3	11
madonna	3	7
herde	3	5
hilflos	3	7
mächtig	3	7
nützt	3	5
bedenken	3	8
eingang	3	7
seltene	3	7
blüht	3	5
bäume	3	5
gelingt	3	7
leuchtende	3	10
wuchs	3	5
malte	3	5
adliger	3	7
rücksicht	3	9
kavalier	3	8
sog	3	3
pfand	3	5
gedulde	3	7
warf	3	4
leeren	3	6
grotte	3	6
schöpfer	3	8
wilde	3	5
verdamme	3	8
fügen	3	5
blauen	3	6
zart	3	4
fingern	3	7
reis	3	4
klage	3	5
sehnsucht	3	9
solchem	3	7
harte	3	5
bewegt	3	6
bitt	3	4
spiegel	3	7
verbannt	3	8
baum	3	4
wegs	3	4
worten	3	6
küsst	3	5
brauch	3	6
dunkle	3	6
quälte	3	6
carlottas	3	9
gefiel	3	6
vertraut	3	8
betrat	3	6
trösten	3	7
spürst	3	6
eilen	3	5
apollo	3	6
krönt	3	5
geschändet	3	10
alberghi	3	8
wahrer	3	6
scotti	3	6
eh	3	2
erwachte	3	8
gezeichnet	3	10
verlange	3	8
sprühten	3	8
kirchweih	3	9
schwarm	3	7
log	3	3
helft	3	5
ausgerechnet	3	12
brieftasche	3	11
tiffany's	3	9
verantwortung	3	13
abgeschlossen	3	13
nachtwächter	3	12
dreißig	3	7
verliere	3	8
gefeuert	3	8
gauner	3	6
jahrestag	3	9
dienste	3	7
auskommen	3	9
hochklettern	3	12
club	3	4
ausweg	3	6
stockwerk	3	9
losgeworden	3	11
verletzen	3	9
julian	3	6
öffne	3	5
vertreten	3	9
erledigt	3	8
ausgesperrt	3	11
spar	3	4
laufe	3	5
draus	3	5
revel	3	5
reichste	3	8
paulette	3	8
atelier	3	7
abreise	3	7
vergingen	3	9
maries	3	6
ewiges	3	6
unfall	3	6
geschichten	3	11
großvezier	3	10
schornstein	3	11
verliert	3	8
gemäß	3	5
wagt	3	4
morgengrauen	3	12
mangel	3	6
erscheinen	3	10
begleitet	3	9
zählte	3	6
väterchen	3	9
kreml	3	5
lebensende	3	10
julia	3	5
füllte	3	6
italien	3	7
unabhängig	3	10
darling	3	7
schaute	3	7
beherrschen	3	11
mami	3	4
heult	3	5
bewachen	3	8
erwachsen	3	9
million	3	7
neverland	3	9
nimmerland	3	10
captain	3	7
kompliment	3	10
erscheint	3	9
tschüss	3	7
schwebte	3	8
strolche	3	8
amerikanische	3	13
fang	3	4
bereite	3	7
schurke	3	7
ei	3	2
james	3	5
bin's	3	5
betrachte	3	9
fröhlich	3	8
ostens	3	6
anhalten	3	8
geschenke	3	9
toren	3	5
palastes	3	8
basar	3	5
paläste	3	7
reitet	3	6
titel	3	5
erneut	3	6
siebten	3	7
schicke	3	7
mondes	3	6
wohne	3	5
entschluss	3	10
propheten	3	9
roman	3	5
isländischen	3	13
zurückgekehrt	3	14
horizont	3	8
verbrachte	3	10
schlug	3	6
gefecht	3	7
reede	3	5
heiß	3	4
trafen	3	6
erkenne	3	7
productions	3	11
redaktion	3	9
goskino	3	7
hauptstadt	3	10
shban	3	5
bolschewiken	3	12
fahne	3	5
betrachtet	3	10
moskau	3	6
henri	3	5
legt	3	4
pariser	3	7
zärtlichen	3	10
mörders	3	7
halbe	3	5
schließlich	3	11
haftbefehl	3	10
nera	3	4
langweile	3	9
getanzt	3	7
fassung	3	7
nordens	3	7
fielen	3	6
eisigen	3	7
löcher	3	6
kleinsten	3	9
appetit	3	7
heiligtum	3	9
einsames	3	8
schlummerten	3	12
fehlen	3	6
export	3	6
tisse	3	5
versichern	3	10
muìssen	3	8
hitze	3	5
versicherung	3	12
gouverneur	3	10
jarmolinzy	3	10
letitschew	3	10
rubel	3	5
angeblich	3	9
bourgeoisie	3	11
kapitalistischen	3	16
erholen	3	7
veratmung	3	9
iljitschs	3	9
hoffnungslos	3	12
trauer	3	6
udssr	3	5
england	3	7
anerkannt	3	9
gefolgschaft	3	12
kämpfte	3	7
regieassistent	3	14
großartige	3	10
übernachten	3	11
mitnehmen	3	9
drama	3	5
konnen	3	6
verfluchten	3	11
union	3	5
erinnerungen	3	12
virginia	3	8
pearson	3	7
kynd	3	4
aktion	3	6
ärmel	3	5
vogelscheuche	3	13
kansas	3	6
n.	3	2
umschlag	3	8
verwandeln	3	10
schinken	3	8
morgenstille	3	12
japan	3	5
kommend	3	7
heidnische	3	10
ahnentafel	3	10
vierter	3	7
mission	3	7
fünfter	3	7
links	3	5
strom	3	5
wütende	3	7
sichere	3	7
beleidigen	3	10
bergbewohner	3	12
volle	3	5
unterdrückten	3	13
ziegen	3	6
gerächt	3	7
anmarsch	3	8
ater	3	4
chase	3	5
remington	3	9
lon	3	3
chaney	3	6
norman	3	6
kerry	3	5
ledoux	3	6
opernhaus	3	9
joseph	3	6
mittwochabend	3	13
gerüchte	3	8
siegen	3	6
mlle	3	4
p.s.	3	4
phantoms	3	8
übernehmen	3	10
würgers	3	7
feld	3	4
regieassistenten	3	16
arbeitern	3	9
admiral	3	7
dhulip	3	6
diamant	3	7
spion	3	5
stoppen	3	7
davor	3	5
fabrik	3	6
hinsetzen	3	9
staatlicher	3	11
vereitelt	3	9
erwischt	3	8
genossen	3	8
broadway	3	8
reite	3	5
park	3	4
pfersh	3	6
spielst	3	7
johnnie	3	7
pfeife	3	6
erbarme	3	7
grenze	3	6
getreide	3	8
flachs	3	6
handelsorganisation	3	19
samojeden	3	9
changzhou	2	9
jiangsu	2	7
heranzoomen	2	11
abspielen	2	9
technische	2	10
hochschule	2	10
burdell	2	7
maryland	2	8
zähle	2	5
vorderen	2	8
dränge	2	6
zwölf	2	5
epinephrin	2	10
adrenalin	2	9
d.c	2	3
hingebracht	2	11
morduntersuchung	2	16
dayton	2	6
zustößt	2	7
computer	2	8
druck	2	5
unberechenbar	2	13
meldete	2	7
auftrag	2	7
kontrolle	2	9
irrational	2	10
paranoid	2	8
generals	2	8
kostete	2	7
schnelle	2	8
kontakt	2	7
geldwäscher	2	11
wissenschaftlerin	2	17
yunnan	2	6
immunologin	2	11
bakterielle	2	11
erkrankungen	2	12
haft	2	4
andrews	2	7
eskortieren	2	11
informieren	2	11
echo	2	4
tango	2	5
hieß	2	4
verfolgt	2	8
ressler	2	7
anne	2	4
arundel	2	7
flugzeug	2	8
crofton	2	7
worüber	2	7
bescheid	2	8
waffe	2	5
biologische	2	11
chinesen	2	8
internationalen	2	15
zwischenfall	2	12
constitution	2	12
hinweis	2	7
radford-bank	2	12
adams	2	5
morgan	2	6
anrufe	2	6
esszimmer	2	9
kochst	2	6
anstrengend	2	11
billy	2	5
salter	2	6
gassi	2	5
bantam	2	6
finance	2	7
konto	2	5
delta	2	5
sierra	2	6
spottdrossel	2	12
emotionalen	2	11
ungeheurer	2	10
verrat	2	6
geschäftlich	2	12
sex	2	3
gedulden	2	8
hinweise	2	8
dna	2	3
speziellen	2	10
kompressor	2	10
forensik	2	8
analysieren	2	11
abgesetzt	2	9
manor	2	5
hall	2	4
cindy	2	5
sowieso	2	7
führerschein	2	12
kopieren	2	8
geoffrey	2	8
seevers	2	7
standorte	2	9
wasserpumpe	2	11
creek	2	5
schnauzer	2	9
gespräch	2	8
dembe	2	5
flugsicherheitsbehörde	2	22
helikopters	2	11
positiv	2	7
ethephon	2	8
tabakanbau	2	10
regierung	2	9
farmer	2	6
anzubauen	2	9
chemischen	2	10
eingesetzt	2	10
querverweis	2	11
elf	2	3
block	2	5
außenkameras	2	12
preston	2	7
sabusawa	2	8
ideal	2	5
ecuador	2	7
church	2	6
raymond	2	7
seriennummer	2	12
ordnungszahl	2	12
periodensystem	2	14
v-g	2	3
avgolemono	2	10
eigelb	2	6
zitronensaft	2	12
auftauchen	2	10
angesetzt	2	9
freue	2	5
angefleht	2	9
braunen	2	7
lederschuhe	2	11
date	2	4
musstest	2	8
schuhen	2	7
geste	2	5
tatest	2	6
funktionierte	2	13
nackte	2	6
mathematische	2	13
formel	2	6
besagt	2	6
aram	2	4
verdrängen	2	10
küstenwache	2	11
fotos	2	5
ladungspapiere	2	14
durst	2	5
benutzten	2	9
il	2	2
verwendung	2	10
angeht	2	6
nutzte	2	6
chesapeake	2	10
bay	2	3
geschmuggelt	2	12
pfannkuchen	2	11
brich	2	5
geländer	2	8
beschatter	2	10
komisch	2	7
blacklist	2	9
bedrohung	2	9
thailänder	2	10
fersen	2	6
zweifel	2	7
ergibt	2	6
behauptet	2	9
eingesperrt	2	11
leiten	2	6
koordinieren	2	12
anpassung	2	9
sagten	2	6
kompromittiert	2	14
sheriffs	2	8
berichtet	2	9
flugobjekt	2	10
nation	2	6
geächtet	2	8
geteilt	2	7
geschnappt	2	10
radford	2	7
getätigt	2	8
beinah	2	6
aufgeführt	2	10
außergewöhnliche	2	16
schmutz	2	7
durchführen	2	11
befunden	2	8
kontaktieren	2	12
benzin	2	6
mieten	2	6
liefere	2	7
botengänge	2	10
aufschreiben	2	12
verbringen	2	10
zurückgeben	2	11
hubschraubers	2	13
verstecken	2	10
festgehalten	2	12
ausreden	2	8
irgendeine	2	10
zurückrufen	2	11
verschwendet	2	12
verurteilung	2	12
vergeltung	2	10
aufgestanden	2	12
sprache	2	7
ladungsverzeichnisse	2	20
kerle	2	5
geheimnissen	2	12
stünde	2	6
packen	2	6
schmuggelware	2	13
suchst	2	6
pancakes	2	8
begonnen	2	8
höflich	2	7
heinrich	2	8
wünsch	2	6
knecht	2	6
aufschreie	2	10
freie	2	5
streng	2	6
geregelt	2	8
zusammensetzt	2	13
breitet	2	7
abscheu	2	7
ominöse	2	7
flüsternd	2	9
düstere	2	7
söldner	2	7
strang	2	6
listet	2	6
älteste	2	7
abschrift	2	9
stammt	2	6
joel	2	4
stadtbibliothek	2	15
offenbart	2	9
datum	2	5
strafen	2	7
letztlich	2	9
anschließend	2	12
verbrechern	2	11
straftäter	2	10
unheilvoller	2	12
vollem	2	6
glieder	2	7
aufgerichtet	2	12
nowosadtko	2	10
treuer	2	6
rates	2	5
schlimmsten	2	11
metallischer	2	12
welchen	2	7
durchgeführt	2	12
söhne	2	5
vergeht	2	7
gebüsch	2	7
wehren	2	6
trauen	2	6
einflussreichen	2	15
genießen	2	8
ehrbaren	2	8
trist	2	5
prozent	2	7
schutzlos	2	9
besitzen	2	8
augenlicht	2	10
unehrenhaft	2	11
gewisses	2	8
stückchen	2	9
markt	2	5
steuern	2	7
feuerholz	2	9
privilegien	2	11
unehrlichen	2	11
pegnitz	2	7
üblen	2	5
herkunft	2	8
gewachsen	2	9
'nen	2	4
heilkunst	2	9
klopft	2	6
menschenfett	2	12
schlimme	2	8
zahnschmerzen	2	13
heiler	2	6
bestimmte	2	9
geliefert	2	9
tierreich	2	9
sowohl	2	6
ganzer	2	6
bereich	2	7
samt	2	4
moos	2	4
hirn	2	4
wirken	2	6
bildung	2	7
kopfschmerzen	2	13
gegerbte	2	8
gliedern	2	8
menschenhaut	2	12
schlange	2	8
seinerzeit	2	10
sodass	2	6
gicht	2	5
anschauen	2	9
medizinischer	2	13
gewirkt	2	7
angespannte	2	11
gesellschaftlich	2	16
verwehrt	2	8
lehrling	2	8
tölpel	2	6
gelandet	2	8
handwerk	2	8
ehrgeiz	2	7
reichsten	2	9
einzelnen	2	9
rathaus	2	7
wohlstand	2	9
offenbar	2	8
sanft	2	5
vorzustellen	2	12
konsequenzen	2	12
nachrichter	2	11
tja	2	3
unheimliche	2	11
loch	2	4
zellen	2	6
ausgeschlossen	2	14
eimer	2	5
aufenthalt	2	10
gulden	2	6
unterstützung	2	13
sogenannten	2	11
schlechten	2	10
geständnis	2	10
möglichst	2	9
verhör	2	6
hoffmännin	2	10
bürg	2	4
befragt	2	7
hat's	2	5
schwillt	2	8
möglichkeiten	2	13
einsatz	2	7
gelegt	2	6
fällen	2	6
bahrprobe	2	9
opfers	2	6
dünn	2	4
blass	2	5
ertränkt	2	8
schäden	2	7
verletzungen	2	12
verbinden	2	9
ewigkeit	2	8
welten	2	6
ruhiger	2	7
ausgepeitscht	2	13
gejagt	2	6
töchtern	2	8
erfährt	2	7
gehängt	2	7
geliehen	2	8
wertsachen	2	10
mehreren	2	8
bürgern	2	7
erbeutet	2	8
schwierigste	2	12
breiten	2	7
klinge	2	6
vorne	2	5
erfordert	2	9
schwung	2	7
offiziell	2	9
gemeinschaft	2	12
rabenstein	2	10
öffentliche	2	11
dienen	2	6
bereue	2	6
schandtaten	2	11
öffentlich	2	10
öffentlichkeit	2	14
barmherzig	2	10
oevermann	2	9
irdische	2	8
seelenheil	2	10
religiöse	2	9
religiösen	2	10
unfehlbaren	2	11
göttlichen	2	10
ewig	2	4
trennt	2	6
klingen	2	7
verheerend	2	10
getreu	2	6
bekennt	2	7
gesündigt	2	9
bibel	2	5
zuzusehen	2	9
schluchzen	2	10
professionell	2	13
gewährt	2	7
ernannt	2	7
jahrzehntelang	2	14
gmbh	2	4
karthago	2	8
priester	2	8
begeben	2	7
feldherrn	2	9
zentrum	2	7
laufpass	2	8
jackson	2	7
argwohn	2	7
gereist	2	7
bestimmen	2	9
subtitles	2	9
fahrrad	2	7
ähnlich	2	7
hunden	2	6
schal	2	5
pures	2	5
sprenge	2	7
aushalten	2	9
bluten	2	6
klamotten	2	9
elegant	2	7
reist	2	5
funken	2	6
buh	2	3
-los	2	4
posse	2	5
gewehr	2	6
enten	2	5
ente	2	4
jäger	2	5
esel	2	4
-zampano	2	8
bedienung	2	9
-nein	2	5
ragout	2	6
roten	2	5
kellner	2	7
rotschopf	2	9
lokal	2	5
zigarette	2	9
assistentin	2	11
marke	2	5
stinkt's	2	8
stell	2	5
hinten	2	6
einsteigen	2	10
aufgewacht	2	10
gesät	2	5
schieb	2	6
-hör	2	4
verehrte	2	8
hochzeitsgäste	2	14
bajazzo	2	7
-danke	2	6
oswaldo	2	7
werd	2	4
küche	2	5
bestimme	2	8
anzüge	2	6
keinem	2	6
lehren	2	6
-weil	2	5
quatsch	2	7
absolute	2	8
-die	2	4
feste	2	5
streit	2	6
wovon	2	5
schließe	2	8
bravo	2	5
überlass	2	8
-sei	2	4
verkrochen	2	10
blöden	2	6
witze	2	5
begabung	2	8
aufgepasst	2	10
posaune	2	7
spreche	2	7
lauft	2	5
kriegst	2	7
arbeite	2	7
freigelassen	2	12
gewisser	2	8
pech	2	4
knast	2	5
weglaufen	2	9
-was	2	4
spas	2	4
amüsieren	2	9
bücher	2	6
herrgott	2	8
sinnlos	2	7
begreift	2	8
verbrenne	2	9
niemanden	2	9
breche	2	6
zweites	2	7
gewinnt	2	7
regnet	2	6
schmeiß	2	7
trommelwirbel	2	13
reinkommen	2	10
gerührt	2	7
internationale	2	14
unseres	2	7
verpflichtung	2	13
hälfte	2	6
bürgermeister	2	13
-lass	2	5
ausgang	2	7
landstreicher	2	13
originale	2	9
films	2	5
nachempfunden	2	13
groll	2	5
zumal	2	5
herbst	2	6
fein	2	4
lachend	2	7
ernsthaft	2	9
traf	2	4
daheim	2	6
sprang	2	6
allmählich	2	10
kreuzer	2	7
türe	2	4
fischerboot	2	11
gutem	2	5
gewann	2	6
ruder	2	5
kaufte	2	6
beugte	2	6
erblich	2	7
graue	2	5
kund	2	4
keins	2	5
gehorcht	2	8
mylord	2	6
mylady	2	6
schwang	2	7
sorg	2	4
trägt	2	5
schleppt	2	8
beut	2	4
dar	2	3
quitt	2	5
half	2	4
flagge	2	6
empor	2	5
gras	2	4
nächstenliebe	2	13
tapferen	2	8
rette	2	5
yacht	2	5
gekleidet	2	9
brown	2	5
commodore	2	9
la	2	2
della	2	5
likör	2	5
wirkung	2	7
pleite	2	6
digitale	2	8
restaurierung	2	13
bergstéinsson	2	13
gemeindebüttel	2	14
flechten	2	8
milch	2	5
schmecken	2	9
findest	2	7
entkommt	2	8
schneller	2	9
würdet	2	6
ersparen	2	8
gemeinen	2	8
aufgeht	2	7
schafstall	2	10
hasste	2	6
floh	2	4
wirf	2	4
armut	2	5
heulen	2	6
blauer	2	6
hügel	2	5
berg-ejvind	2	11
freiem	2	6
morgenröte	2	10
segne	2	5
heiratest	2	9
sitte	2	5
vorwärts	2	8
farben	2	6
schlamm	2	7
binde	2	5
tota	2	4
fällst	2	6
wäsche	2	6
weitermachen	2	12
schaden	2	7
haust	2	5
heißem	2	6
geküsst	2	7
stillen	2	7
beißt	2	5
lehrte	2	6
betet	2	5
holst	2	5
zwischentitel	2	13
entomologie	2	11
himmelfahrt	2	11
markvard	2	8
nichte	2	6
zusammenleben	2	13
ips	2	3
typographus	2	11
geehrter	2	8
erzengel	2	8
bildhauer	2	9
süßes	2	5
marte	2	5
f.	2	2
salz	2	4
mehl	2	4
e-wig-keit	2	10
premiere	2	8
lieblingsfrau	2	13
schahs	2	6
einig	2	5
mitgenommen	2	11
immerhin	2	8
prolog	2	6
kostet	2	6
kürschner	2	9
womöglich	2	9
endet	2	5
karte	2	5
geschossen	2	10
überreden	2	9
anwalt	2	6
ginge	2	5
schliff	2	7
bereitet	2	8
hochachtungsvoll	2	16
zurückzubringen	2	15
klopfen	2	7
souper	2	6
ältere	2	6
hellgrünen	2	10
pause	2	5
benehmen	2	8
ungefähr	2	8
bezauberte	2	10
gelernt	2	7
ermutigt	2	8
wartete	2	7
elternlos	2	9
schwindelgefühl	2	15
erstaunen	2	9
anblicken	2	9
lakaien	2	7
inzwischen	2	10
trapez	2	6
anvertrauen	2	11
lade	2	4
akrobaten	2	9
plakat	2	6
ekel	2	4
rächen	2	6
vagabund	2	8
höhen	2	5
atem	2	4
gestürzt	2	8
spektakel	2	9
carl	2	4
ausstattung	2	11
walter	2	6
krauss	2	6
conrad	2	6
veidt	2	5
photographie	2	12
erlaubnis	2	9
schauobjekt	2	11
ununterbrochen	2	14
dunklen	2	7
belohnung	2	9
heimweg	2	7
ergriffen	2	9
morden	2	6
helfe	2	5
begräbnis	2	9
kranker	2	7
kasten	2	6
jenes	2	5
schlafenden	2	11
wahnsinnige	2	11
wählen	2	6
gewohnheit	2	10
maler	2	5
gebannt	2	7
priesterin	2	10
grausamkeit	2	11
besiegten	2	9
friseur	2	7
exakt	2	5
lächelt	2	7
florian	2	7
einnehmen	2	9
zurückgekehrt	2	13
größe	2	5
elenden	2	7
sterbenden	2	10
gustavsson	2	10
kutscher	2	8
wisst	2	5
entlasten	2	9
lebende	2	7
härtere	2	7
nich	2	4
ergangen	2	8
verzweifeln	2	11
leeres	2	6
herzlos	2	7
gesichtern	2	10
gefriert	2	8
gepäck	2	6
keime	2	5
schenk	2	6
glückliches	2	11
erhört	2	6
entkommst	2	9
gefangener	2	10
einladung	2	9
enttäuscht	2	10
hinunter	2	8
zusehen	2	7
huste	2	5
bitterem	2	8
mitmenschen	2	11
hoffte	2	6
gering	2	6
zusammengebracht	2	16
neujahrsgebet	2	13
reife	2	5
zurücklassen	2	12
wenden	2	6
gebote	2	6
ewiger	2	6
finsternis	2	10
verschone	2	9
kehr	2	4
gustafsson	2	10
unheimlich	2	10
büßen	2	5
wegging	2	7
gerede	2	6
entfliehen	2	10
versuche	2	8
wohnten	2	7
besinnen	2	8
kreaturen	2	9
rechtzeitig	2	11
lügst	2	5
scheinwerfer	2	12
duftet	2	6
insekt	2	6
kämme	2	5
garage	2	6
ford	2	4
bell-wettbewerb	2	15
henrietta	2	9
langer	2	6
kick	2	4
verschwörer	2	11
schweiz	2	7
hiervon	2	7
gummikugeln	2	11
repariere	2	9
beliebt	2	7
kriegsschulden	2	14
meinte	2	6
bolschewistische	2	16
bonbon	2	6
platzen	2	7
camille	2	7
magisches	2	9
glücksritterin	2	14
glanz	2	5
nutzlose	2	8
verzierung	2	10
flüchtiges	2	10
polarlicht	2	10
student	2	7
edelstein	2	9
einfaches	2	9
juwelen	2	7
oho	2	3
verwandter	2	10
dahin	2	5
lescaut	2	7
heimatland	2	10
ketten	2	6
überredet	2	9
närrin	2	6
automobil	2	9
spanischen	2	10
aufzugeben	2	10
verlobt	2	7
hassen	2	6
gebrochenen	2	11
zurückgezogen	2	13
gesprengt	2	9
bezahle	2	7
begleichen	2	10
ausgabe	2	7
sdi	2	3
bratislava	2	10
stumme	2	6
versionen	2	9
tschechoslowakei	2	16
slowakischen	2	12
richtete	2	8
grüssgott	2	9
vorhin	2	6
bekannte	2	8
beschützer	2	10
miene	2	5
springen	2	8
gehetzt	2	7
dukaten	2	7
terchová	2	8
hrajnoha	2	8
eigentum	2	8
verschonen	2	10
wände	2	5
ungarische	2	10
noblesse	2	8
révay	2	5
zoll	2	4
geholfen	2	8
wirt	2	4
räubern	2	7
dulden	2	6
befehlen	2	8
euere	2	5
liest	2	5
greis	2	5
säge	2	4
and	2	3
verurteilet	2	11
schuldspruch	2	12
chaplins	2	8
wohlfahrtsklinik	2	16
morgenspaziergang	2	17
trottel	2	7
gaszähler	2	9
abgeklappert	2	12
dienstschluss	2	13
herzlichen	2	10
glückwunsch	2	11
gestrigen	2	9
auftritt	2	8
schlage	2	7
wange	2	5
lauter	2	6
berechnen	2	9
flatterhaft	2	11
ordentliche	2	11
genesung	2	8
morgendämmerung	2	15
thomas	2	6
schröter	2	8
untertitelung	2	13
imitation	2	9
hmm	2	3
aussieht	2	8
handelt	2	7
verschwunden	2	12
weiteren	2	8
jahrgang	2	8
ferner	2	6
harry	2	5
migräne	2	7
erzählung	2	9
hochinteressant	2	15
verlöbnisses	2	12
neutralen	2	9
briefumschlag	2	13
genügen	2	7
ähnlichkeit	2	11
zugrunde	2	8
schwebt	2	7
kommissar	2	9
vertauschung	2	12
bemerkt	2	7
beamten	2	7
würdig	2	6
gelangt	2	7
drückt	2	6
bewahrt	2	7
ausgesetzt	2	10
lmmerkrank	2	10
sanatorium	2	10
magnolia	2	8
meadows	2	7
doc	2	3
lst	2	3
per	2	3
gehalt	2	6
psst	2	4
betrügerischer	2	14
saulsbourgs	2	11
ideen	2	5
puls	2	4
normal	2	6
komplikationen	2	14
entfernung	2	10
gefährliche	2	11
zurecht	2	7
eigentümlich	2	12
tanzten	2	7
eigentümliche	2	13
werfend	2	7
tanzte	2	6
geheimer	2	8
satanischer	2	11
erklärten	2	9
schrieen	2	8
beschäftigten	2	13
unfehlbarem	2	11
ansteckendem	2	12
portraitieren	2	13
mildtemperierte	2	15
spor	2	4
verkörpern	2	10
entweder	2	8
bilde	2	5
aufgrund	2	8
anteil	2	6
angelegenheiten	2	15
kurzer	2	6
riefen	2	6
zapaterin	2	9
toreros	2	7
chiripa	2	7
schlechter	2	10
juanillo	2	8
förderer	2	8
madre	2	5
mia	2	3
gallardos	2	9
national	2	8
wechseln	2	8
erfunden	2	8
früheren	2	8
füssen	2	6
präsidenten	2	11
marquis	2	7
stiere	2	6
neid	2	4
widme	2	5
wunderbaren	2	11
stier	2	5
anerkennung	2	11
interessiert	2	12
gelacht	2	7
diplomaten	2	10
verdreht	2	8
sende	2	5
saison	2	6
erziehung	2	9
no	2	2
you	2	3
seville	2	7
week	2	4
woman	2	5
gewöhnliche	2	11
she	2	3
famous	2	6
abende	2	6
anwesen	2	7
vergebe	2	7
falsch	2	6
schrecken	2	9
vampyren	2	8
erschrökklichten	2	16
zaubereyen	2	10
belials	2	7
höhlen	2	6
gottverfluchter	2	15
dichs	2	5
verdriessen	2	11
ängstige	2	8
bekrallet	2	9
selbiger	2	8
sauget	2	6
höllischem	2	10
lebenstranke	2	12
habet	2	5
alp	2	3
graussigen	2	10
beschwere	2	9
ladung	2	6
empusa	2	6
wisborg	2	7
stückgut	2	8
experimentierzwecken	2	20
transsylvanien	2	14
häfen	2	5
meeres	2	6
pestepidemie	2	12
wundmale	2	8
ärzten	2	6
rätselhaft	2	10
sämtliche	2	9
pestverdächtigen	2	16
gesperrt	2	8
besatzung	2	9
steuermann	2	10
bürgerschaft	2	12
hochlöbliche	2	12
magistrat	2	9
pestverdächtige	2	15
sindemalen	2	10
fürhanden	2	9
sey	2	3
sündlos	2	7
weyb	2	4
vampyre	2	7
schrey	2	6
hahnen	2	6
sonder	2	6
zwange	2	6
zaubereien	2	10
entmutigen	2	10
saugt	2	5
höllischen	2	10
lebenstrank	2	11
heimsucht	2	9
kurs	2	4
windrichtung	2	12
wirr	2	4
sündenlose	2	10
nächten	2	7
bietet	2	6
gier	2	4
gärten	2	6
feinsten	2	8
geschmack	2	9
erliege	2	7
geistes	2	7
strahle	2	7
fliehst	2	7
lhrer	2	5
wirklichkeit	2	12
krüppel	2	7
käm	2	3
vergällte	2	9
geschüttelt	2	11
gassen	2	6
bedacht	2	7
unterirdischen	2	14
saal	2	4
wortlaut	2	8
fassungslos	2	11
unsel'ger	2	9
sahst	2	5
ritt	2	4
karossen	2	8
schlichtes	2	10
genua	2	5
raubt	2	5
töchter	2	7
unsre	2	5
klagen	2	6
bangen	2	6
verwirrt	2	8
geblendet	2	9
wart	2	4
amüsiert	2	8
gäb	2	3
grade	2	5
stumm	2	5
hindern	2	7
herzogs	2	7
edlen	2	5
wahrhaftig	2	10
gotteswillen	2	12
schellen	2	8
passte	2	6
häuschen	2	8
plätze	2	6
milde	2	5
dünkt's	2	7
versunken	2	9
purpurn	2	7
schleier	2	8
gespenstischen	2	14
voran	2	5
antlitz	2	7
schuldet	2	8
wesen	2	5
pack	2	4
spott	2	5
ohn	2	3
schmach	2	7
regeln	2	6
gefühlen	2	8
formt	2	5
knie	2	4
fleht	2	5
nannte	2	6
böses	2	5
mögest	2	6
alvianos	2	8
locken	2	6
flammen	2	7
abgrund	2	7
haha	2	4
lasters	2	7
entfesselt	2	10
hüte	2	4
feine	2	5
weibes	2	6
begeistert	2	10
irrt	2	4
trübe	2	5
freundschaft	2	12
weiten	2	6
blüten	2	6
bedrückt	2	8
entriss	2	7
beete	2	5
schönster	2	9
fändet	2	6
scheußliches	2	12
untier	2	6
unsagbar	2	8
hässlichkeit	2	12
herrin	2	6
lüften	2	6
hörtet	2	6
verlobten	2	9
innen	2	5
erwarten	2	8
verhüllt	2	8
glücklichen	2	11
beruhigt	2	8
sommernachtsreigen	2	18
kobolden	2	8
knabe	2	5
gesang	2	6
lugt	2	4
scheusal	2	8
rosen	2	5
aha	2	3
volks	2	5
anklag	2	6
schändung	2	9
verfallen	2	9
bann	2	4
verteidige	2	10
stehn	2	5
rührt	2	5
raubte	2	6
seh	2	3
blicke	2	6
rang	2	4
tanzenden	2	9
stürzte	2	7
verzerrt	2	8
züge	2	4
fiedel	2	6
wolkenkratzer	2	13
sonnenaufgang	2	13
limpy	2	5
medaillon	2	9
auftreiben	2	10
ike's	2	5
pfandleihe	2	10
plattenspieler	2	14
schallplatten	2	13
miete	2	5
benachrichtigung	2	16
montag	2	6
dienstag	2	8
design	2	6
verbessern	2	10
wächst	2	6
fortschritte	2	12
städtische	2	10
handtuchwäscherei	2	17
längste	2	7
zugebracht	2	10
abteilungsleiter	2	16
freizeit	2	8
samstags	2	8
zeigten	2	7
taylor	2	6
schubst	2	7
verbundenen	2	11
platin	2	6
silverstein	2	11
mutters	2	7
yard	2	4
wundervollste	2	13
angebote	2	8
wickeln	2	7
w-u-n-d-e-r-v-o-l-l-e	2	21
überwachen	2	10
europäischer	2	12
käufer	2	6
hemdsärmeln	2	11
eindruck	2	8
klingeln	2	8
personals	2	9
ohnmacht	2	8
geschäftswelt	2	13
hunderte	2	8
werbewirkung	2	12
titelseiten	2	11
bolton-hochhaus	2	15
aufgetragen	2	11
überschwemmen	2	13
wolkenkratzers	2	14
tinte	2	5
starten	2	7
kletterst	2	9
e-i-n	2	5
herunterfallen	2	14
deriot	2	6
medallion	2	9
ankommen	2	8
ausmacht	2	8
perlen	2	6
treffe	2	6
herausforderung	2	15
hochklettert	2	12
vermeiden	2	9
eingeschlossen	2	14
viertel	2	7
fahrkarten	2	10
entschlossen	2	12
verabschiede	2	12
verschieben	2	11
dreht	2	5
launen	2	6
trüffel	2	7
anmerkung	2	9
arbeitszimmer	2	13
nebenan	2	7
voreilig	2	8
schlechtes	2	10
respektiert	2	11
tröstet	2	7
ruf	2	3
angerufen	2	9
unsinn	2	6
katze	2	5
einladen	2	8
heilt	2	5
ripper	2	6
russen	2	6
raschid	2	7
schach	2	6
schachmatt	2	10
shiraz	2	6
mischen	2	7
kleidern	2	8
stundenglas	2	11
augenblicke	2	11
glas	2	4
rollen	2	6
tauschen	2	8
geträumt	2	8
l'immagine	2	10
ritrovata	2	9
bologna	2	7
liebesbriefe	2	12
baronin	2	7
galeen	2	6
schillingshof	2	13
gefeiert	2	8
alfred	2	6
bella	2	5
lacht	2	5
gespielt	2	8
genova	2	6
rapallo	2	7
geopfert	2	8
mitgebracht	2	11
blonden	2	7
darstellung	2	11
verteilt	2	8
feenstaub	2	9
kinderzimmer	2	12
show	2	4
j.	2	2
dienstmädchen	2	13
unwohl	2	6
weigere	2	7
nachtlichter	2	12
tink	2	4
wehtun	2	6
fee	2	3
faszinierend	2	12
hook	2	4
krokodil	2	8
schütteln	2	9
bedingung	2	9
beschützt	2	9
tiger	2	5
junggesellen	2	12
wunderbare	2	10
geschlossen	2	11
jolly	2	5
echten	2	6
hoffen	2	6
vereinigten	2	11
staaten	2	7
jukes	2	5
genießt	2	7
schießpulver	2	12
gesetzt	2	7
tiefe	2	5
napoleon	2	8
lady	2	4
derer	2	5
moschee	2	7
versammelt	2	10
schätze	2	7
erklimmen	2	9
asien	2	5
ho-sho	2	6
himmlische	2	10
majestät	2	8
dynastie	2	8
melodie	2	7
denjenigen	2	10
seltenes	2	8
rubinen	2	7
händler	2	7
dick	2	4
wak	2	3
erhabene	2	8
affen	2	5
geheimtür	2	9
sendet	2	6
seltensten	2	10
verzehrt	2	8
jenseits	2	8
tagesreise	2	10
karawanen-station	2	17
hierhin	2	7
verwunschenen	2	13
such	2	4
rarität	2	7
fliegende	2	9
mitternacht-sees	2	16
pegasus	2	7
gewähren	2	8
sechste	2	7
seltener	2	8
unsichtbarkeit	2	14
fliegenden	2	10
jacques	2	7
unterstützung	2	14
szenenbild	2	10
via	2	3
mével	2	6
verlobte	2	8
männer	2	7
vermählung	2	11
später	2	7
rückkehr	2	9
ploubazlanec	2	12
wäre	2	5
februar	2	7
gauds	2	5
länger	2	7
märz	2	5
plötzlich	2	10
müssen	2	7
nächsten	2	9
bretagne	2	8
tonkin	2	6
weißen	2	6
berthe	2	6
verstorben	2	10
hiermit	2	7
samuel	2	6
gewagt	2	6
léopoldine	2	11
alexander	2	9
cowboy	2	6
podobed	2	7
absicht	2	7
yorker	2	6
zeitschriften	2	13
mitzunehmen	2	11
l.	2	2
bolschewik	2	10
herzliche	2	9
amerikanischen	2	14
zeitungen	2	9
räubers	2	7
miliz	2	5
chefs	2	5
bolschoi-theater	2	16
s.	2	2
empfehle	2	8
madge	2	5
grüße	2	5
funkstation	2	11
himmels	2	7
dinger	2	6
handschrift	2	11
staatsanwalt	2	12
gelockt	2	7
ahnten	2	6
bittere	2	7
nahrung	2	7
erwarteten	2	10
menschlicher	2	12
ausdauer	2	8
entmutigt	2	9
durchhielten	2	12
glücksgriff	2	11
tobte	2	5
festtagsessen	2	13
stößt	2	5
larsen	2	6
mckays	2	6
appetitlich	2	11
goldberg	2	8
goldrauschs	2	11
enttäuschter	2	12
hacke	2	5
schaufel	2	8
eingebracht	2	11
monte	2	5
carlo	2	5
fremde	2	6
giftnudel	2	9
getue	2	5
freche	2	6
katzensprung	2	12
irrte	2	5
ziellos	2	7
solang	2	6
bettelte	2	8
borgte	2	6
schippte	2	8
frohes	2	6
scotty	2	6
auld	2	4
syne	2	4
registerbüro	2	12
stapft	2	6
verzeihe	2	8
beschwerlichen	2	14
wonnige	2	7
ahnungslosigkeit	2	16
frühstücksvorbereitungen	2	24
welle	2	5
erfolgs	2	7
segelten	2	8
multimillionäre	2	15
veröffentlichen	2	15
erfolgsstory	2	12
goldsucheranzug	2	15
zwischendeck	2	12
buchte	2	6
buchten	2	7
story	2	5
stummfilms	2	10
erzählten	2	9
dialog	2	6
ergänzt	2	7
alaskas	2	7
hartgesottene	2	13
sirene	2	6
unerforschte	2	12
gefilde	2	7
goldminen	2	9
ungeahntes	2	10
starben	2	7
stärksten	2	9
hielten	2	7
furchtloser	2	11
goldsuche	2	9
unbekümmert	2	11
stapfte	2	7
kolumbus	2	8
karge	2	5
einöde	2	6
stoppte	2	7
schlitterte	2	11
hinkommen	2	9
eiswüste	2	8
tristen	2	7
einsamen	2	8
hauste	2	6
räuberischer	2	12
ächzenden	2	9
gastlichkeit	2	12
streckte	2	8
eisiger	2	7
pfiff	2	5
lärm	2	4
ächzend	2	7
stöhnte	2	7
liefen	2	6
kerze	2	5
widerlich	2	9
veräppelst	2	10
schlitz	2	7
knabbern	2	8
plagte	2	6
thanksgiving	2	12
bissen	2	6
feldmaus	2	8
quälende	2	8
anfällen	2	8
nervensäge	2	10
donnerte	2	8
schuhbraten	2	11
heiz	2	4
kindisch	2	8
flinte	2	6
verlierst	2	9
weckte	2	6
mach's	2	6
gefreut	2	7
betrug	2	6
schurken	2	8
übeltaten	2	9
verdiente	2	9
wildnis	2	7
füllten	2	7
impulsiv	2	8
verlorener	2	10
drehte	2	6
zünftiges	2	9
blamieren	2	9
armseligsten	2	12
unerschrocken	2	13
hütete	2	6
tapfere	2	7
angeln	2	6
aufsetzen	2	9
stehender	2	9
ingenieur	2	9
gelegentlich	2	12
dufteten	2	8
dampfte	2	7
erholte	2	7
larsons	2	7
eintrat	2	7
erstrahlte	2	10
ungeübte	2	8
vorstellte	2	10
wärmten	2	7
kicherten	2	9
ratsam	2	6
hochnehmen	2	10
hockten	2	7
zwielicht	2	9
naives	2	6
flirtete	2	8
streichelte	2	11
anlächelte	2	10
stuhls	2	6
liebreiz	2	8
leere	2	5
tristes	2	7
dasein	2	6
äh	2	2
abgemacht	2	9
daraufhin	2	9
erdenklichen	2	12
hebel	2	5
sylvesterabend	2	14
entzückte	2	9
verlangten	2	10
stotterte	2	9
brötchentanz	2	12
dämmerte	2	8
autoritäten	2	11
leichtfertig	2	12
erwähnen	2	8
reif	2	4
schläge	2	7
untergewicht	2	12
übersah	2	7
beleidigung	2	11
aufmöbeln	2	9
lammkotelett	2	12
mischte	2	7
graute	2	6
leberbeschwerden	2	16
schaukeln	2	9
rüber	2	5
kippt	2	5
drunter	2	7
aufregen	2	8
holzkopf	2	8
weißglut	2	8
bewahrst	2	8
charakter	2	9
psychologie	2	11
selbstbeherrschung	2	18
ungastlichen	2	12
schlaraffenland	2	15
schwelgen	2	9
umgarnte	2	8
luxuskabine	2	11
hofierte	2	8
nöcher	2	6
maniküren	2	9
reporter	2	8
menschlichkeit	2	14
gesuchten	2	9
einbuchten	2	10
entschuldigte	2	13
sammelte	2	8
pal	2	3
fps	2	3
geeignet	2	8
willi	2	5
sequenzen	2	9
photoplay	2	9
präsentiert	2	11
titra	2	5
mendel	2	6
jossele	2	7
sascha	2	6
epstein	2	7
itzig	2	5
kimbaks	2	7
handel	2	6
pesja	2	5
laìuft	2	7
anzubieten	2	10
waisen	2	6
geschaìft	2	10
apotheker	2	9
menachem-mendel	2	15
hirsch	2	6
braìute	2	8
aussteuer	2	9
waìr	2	5
leuchtturm	2	10
jarmolinzer	2	11
einverstanden	2	13
pfaden	2	6
gehilfe	2	7
greifen	2	7
trauung	2	7
dziga	2	5
vertov	2	6
benannten	2	9
schoss	2	6
attentat	2	8
fabriken	2	8
werktätigen	2	11
bourgoisie	2	10
bauernschaft	2	12
führung	2	7
ausbeuter	2	9
kommunistische	2	14
konsortium	2	10
ledermacher	2	11
telegram	2	8
kpr	2	3
oktober	2	7
schlosser	2	9
arbeiterinnen	2	13
iljitsch	2	8
münchen	2	7
pleasure	2	8
garden	2	6
zeile	2	5
verlobter	2	9
leisten	2	7
taxi	2	4
irgendetwas	2	11
kostüm	2	6
plantage	2	8
übersee	2	7
urlaub	2	6
hughs	2	5
cuddles	2	7
penny	2	5
jungsten	2	8
gymnasium	2	9
ausstehen	2	9
alteste	2	7
schone	2	6
ernestine	2	9
nachsten	2	8
begleiten	2	9
uber	2	4
ehrenwort	2	9
unglucklich	2	11
kandidieren	2	11
lhm	2	3
larry	2	5
semon	2	5
frank	2	5
lies	2	4
blechmann	2	9
em	2	2
hardy	2	5
rechtmäßige	2	11
herrscherin	2	11
hiergelassen	2	12
verhindern	2	10
zukünftige	2	10
feindliche	2	10
korea	2	5
seoul	2	5
weben	2	5
fadens	2	6
gespinnst	2	9
getrocknet	2	10
felsen	2	6
verstorbenen	2	12
missionär	2	9
missionstation	2	14
pater	2	5
weisheit	2	8
i.	2	2
missionar	2	9
außenposten	2	11
missionsstation	2	15
feierliche	2	10
spendung	2	8
täufling	2	8
sapho	2	5
sappie	2	6
kassierer	2	9
zenit	2	5
eisernen	2	8
erschütterte	2	12
beteten	2	7
judea	2	5
israels	2	7
trümmern	2	8
erobert	2	7
unterdrückt	2	11
endloser	2	8
reisenden	2	9
joppa-tor	2	9
verordnet	2	9
besteuert	2	9
jedermann	2	9
geburtsort	2	10
wandern	2	7
anzumalen	2	9
abgekämpfte	2	11
bestrebt	2	8
befinden	2	8
gasthof	2	7
sternenhimmel	2	13
grau	2	4
ausgeruht	2	9
verweilten	2	10
strömten	2	8
prophezeiungen	2	14
weisen	2	6
brachten	2	8
geborenen	2	9
melchior	2	8
hindu	2	5
caspar	2	6
wehmütigen	2	10
mürrische	2	9
tyrann	2	6
hur-palast	2	10
mächtigen	2	9
jüdischen	2	9
verwitwete	2	10
vertrauter	2	10
leibeigener	2	11
vorgeladen	2	10
vergleichsweise	2	15
format	2	6
anfragen	2	8
entschuldigungen	2	16
auferstanden	2	12
sonderbar	2	9
aussiehst	2	9
geneckt	2	7
kühn	2	4
halsstarrige	2	12
rasse	2	5
gebietern	2	9
unterzuordnen	2	13
geiste	2	6
wühlt	2	5
bitterkeit	2	10
hochverrat	2	10
prophezeit	2	10
erheben	2	7
abgenutzten	2	11
grauen	2	6
salomons	2	8
redeten	2	7
nubien	2	6
kelten	2	6
britannien	2	10
helvetische	2	11
thraker	2	7
krieger	2	7
reiches	2	7
erbittert	2	9
unnachgiebig	2	12
peinigen	2	8
bombo	2	5
ziegel	2	6
ödflächen	2	9
zimmermanns	2	11
zimmermann	2	10
trennten	2	8
marias	2	6
nachtragende	2	12
hur-geld	2	8
zähen	2	5
besetzten	2	9
leids	2	5
tribun	2	6
befehlshaber	2	12
flotte	2	6
barmherzige	2	11
galeerensklave	2	14
kalender	2	8
räumt	2	5
decks	2	5
bezieht	2	7
kettet	2	6
befrei	2	6
hortator	2	8
treib	2	5
wovor	2	5
zeus	2	4
tödlichen	2	9
sturmböcken	2	11
eisern	2	6
düsterer	2	8
hohn	2	4
landsleute	2	10
aussetzen	2	9
erkauf	2	6
beschließen	2	11
jupiter	2	7
gepriesen	2	9
schlacht	2	8
wendete	2	7
glorreicheren	2	13
ausdauernd	2	10
großartigste	2	12
athlet	2	6
geplagt	2	7
noble	2	5
zollt	2	5
tribut	2	6
-mal	2	4
erfuhr	2	6
einstige	2	8
hofmeister	2	10
boten	2	5
gerecht	2	7
abstreiten	2	10
segen	2	5
labyrinth	2	9
unterhalb	2	9
jerusalems	2	10
gefängniswärtern	2	16
endlose	2	7
unterdrückung	2	13
hofften	2	7
siloam	2	6
sprachen	2	8
versprochene	2	12
prediger	2	8
gleichnissen	2	12
predigten	2	9
unfriede	2	8
überlastet	2	10
schild	2	6
farbenfroh	2	10
heidnisch	2	9
stadtrand	2	9
feurig	2	6
galoppierenden	2	14
zelte	2	5
errichtet	2	9
jüngere	2	7
unbekannt	2	9
entfallen	2	9
stellst	2	7
nachfahre	2	9
hur-geschlechts	2	15
ergebnisloser	2	13
reichtümer	2	10
hur-familie	2	11
hängte	2	6
trage	2	5
überrede	2	8
demütigen	2	9
erbin	2	5
kaufmanns	2	9
sklavenmädchen	2	14
flusses	2	7
römerviertel	2	12
verweilte	2	9
lras	2	4
ertränken	2	9
wünschst	2	8
nils	2	4
gescheitert	2	11
llderims	2	8
trainingstages	2	14
-hörnigen	2	9
ziege	2	5
ranor	2	5
ägypterin	2	9
vergöttern	2	10
gezähmt	2	7
wagenräder	2	10
ersticken	2	9
neugierde	2	9
frisst	2	6
trittst	2	7
fürchtest	2	9
fetten	2	6
sanballat	2	9
neck	2	4
schikanier	2	10
blamier	2	7
zwing	2	5
verliebst	2	9
schneckentempo	2	14
entschädigung	2	13
erkenntlich	2	11
bilanz	2	6
idiotischen	2	11
ängste	2	6
zaum	2	4
betrüger	2	8
circus	2	6
maximus	2	7
herumlungerten	2	14
quote	2	5
unbekannten	2	11
nobler	2	6
brüllender	2	10
wettet	2	6
quoten	2	6
zermalmen	2	9
niederreiten	2	12
zertrampeln	2	11
widerwärtiger	2	13
furien	2	6
abertausende	2	12
wettrennen	2	10
foulst	2	6
entledigt	2	9
ersetzen	2	8
fesseln	2	7
abstoßen	2	8
weiser	2	6
erweist	2	7
überbringe	2	10
stern	2	5
angekündigte	2	12
anhänger	2	8
ausrufen	2	8
gelöbnis	2	8
folge	2	5
aufzustellen	2	12
voneinander	2	11
werfe	2	5
fischern	2	8
genezareth	2	10
wüstenland	2	10
hörten	2	6
palmenwedel	2	11
handlung	2	8
freizulassen	2	12
aufgezeichnet	2	13
sonnenuntergang	2	15
setzte	2	6
abgekämpft	2	10
anhängern	2	9
führten	2	7
übergaben	2	9
bunt	2	4
gemischten	2	10
turbulenter	2	11
purpur	2	6
voraussagte	2	11
entsteht	2	8
übergab	2	7
leidensweg	2	10
kämpfender	2	10
.facher	2	7
vergolten	2	9
erbarmen	2	8
verlosten	2	9
breitete	2	8
bebte	2	5
judeas	2	6
friedlich	2	9
feinden	2	7
währt	2	5
weiterleben	2	11
ergangenheit	2	12
olk	2	3
ergiss	2	6
iras	2	4
ilderims	2	8
erwähnt	2	7
urteilskraft	2	12
pardon	2	6
erschießen	2	10
berühmten	2	9
philbin	2	7
arthur	2	6
simon	2	5
gibson	2	6
philip	2	6
florine	2	7
papillon	2	8
edwards	2	7
folterkammern	2	13
versteckten	2	11
direktoren	2	10
loge	2	4
operngeist	2	10
eifersüchtige	2	13
stören	2	6
anstelle	2	8
erschien	2	8
faust	2	5
darauffolgenden	2	15
monate	2	6
erik	2	4
rätselhafte	2	11
eriks	2	5
triumphalen	2	11
bal	2	3
masque	2	6
biest	2	5
musiker	2	7
saint-luc	2	9
oberwallis	2	10
dorfvorstehers	2	14
frühlingsmorgen	2	15
verhindert	2	10
heimgesucht	2	11
vina	2	4
forest	2	6
houyez	2	6
marie-laurent	2	13
schock	2	6
ernstes	2	7
damm	2	4
kanonikus	2	9
taillier	2	8
jeans	2	5
pate	2	4
normale	2	7
alltag	2	6
schmerzte	2	9
vernachlässigt	2	14
zerrissene	2	10
lächelte	2	8
nahte	2	5
sankt-martins-tag	2	17
zahltag	2	7
pachtzins	2	9
rachel	2	6
devirys	2	7
peyran	2	6
verschuldet	2	11
johannistag	2	11
eheleute	2	8
porchet	2	7
behutsam	2	8
vorbereiten	2	11
patenkind	2	9
erklommen	2	9
kirchturm	2	9
heu	2	3
eingefahren	2	11
feierte	2	7
erzogen	2	7
vorsätze	2	8
elternhaus	2	10
jahrelang	2	9
buntstifte	2	10
schläfst	2	8
flurs	2	5
traurigen	2	9
verträumten	2	11
faul	2	4
nachmittags-brot	2	16
streitet	2	8
gegenseitig	2	11
brosche	2	7
feindseligkeit	2	14
dachboden	2	9
aufgeräumt	2	10
gefälligst	2	10
hassten	2	7
verlorene	2	9
herunter	2	8
ausmass	2	7
erahnen	2	7
verirrt	2	7
lawine	2	6
lösung	2	6
gequält	2	7
ausgelöscht	2	11
vorwürfe	2	8
umarme	2	6
verzeihst	2	9
umarmen	2	7
kinofilm	2	8
serie	2	5
goskino-fabrik	2	14
produktionsleitung	2	18
blioch	2	6
n.f	2	3
agadshanowa-schutko	2	19
s.m	2	3
alexandrow	2	10
tissé	2	5
antonow	2	7
gomorow	2	7
ljowschin	2	9
strauch	2	7
aufnahmeleiter	2	14
a.p	2	3
krjukow	2	7
i.a	2	3
kotoschew	2	9
gewaltiger	2	10
vollzog	2	7
zahllosen	2	9
individualität	2	14
elan	2	4
freiwache	2	9
wachsam	2	7
ungelenk	2	8
neuling	2	7
kränkend	2	8
worauf	2	6
schiffsarzt	2	11
smirnow	2	7
kriecht	2	7
fliegenlarven	2	13
sole	2	4
verpflegt	2	9
widerrede	2	9
ohnmächtige	2	11
kochte	2	6
schiffskantine	2	14
tendra	2	6
kommandant	2	10
golikow	2	7
maate	2	5
wegtreten	2	9
rahe	2	4
vorwand	2	7
geschützturm	2	12
mehrzahl	2	8
versuchten	2	10
admiralsluke	2	12
kanaillen	2	9
knalle	2	6
ungehorsamen	2	12
drachen	2	7
chaldäer	2	8
fraß	2	4
tragische	2	9
momente	2	7
tschaikowski	2	12
verblutend	2	10
wutentbrannten	2	14
wakulintschuks	2	14
ermordeter	2	10
blutdurstigen	2	13
unterdrückern	2	13
gefallenen	2	10
kämpfern	2	8
henkern	2	7
selbstherrschaft	2	16
feindschaft	2	11
delegierter	2	11
entscheidend	2	12
bund	2	4
treppe	2	6
kosaken	2	7
gräueltaten	2	11
militärmachthaber	2	17
granaten	2	8
generalstab	2	11
dauerten	2	8
stürmischen	2	11
versammlungen	2	13
landung	2	7
admiralsgeschwader	2	18
einmütig	2	8
unruhe	2	6
dunkeln	2	7
kroch	2	5
heiser	2	6
kehlen	2	6
stockend	2	8
äußerste	2	8
minenboot	2	9
greift	2	6
schussweite	2	11
köpfe	2	5
zaristischen	2	12
admirale	2	8
dröhnte	2	7
brüderliche	2	11
wehte	2	5
aufständische	2	13
geschwaders	2	11
katherine	2	9
diktatur	2	8
pletnjew	2	8
arbeiter-theater	2	16
rakhals	2	7
arbeiterklasse	2	14
praktischen	2	11
berichterstattung	2	17
bestrafen	2	9
zuständige	2	10
agents	2	6
auffrischen	2	11
patriarch	2	9
landmann	2	8
soja	2	4
schneider	2	9
schäferhund	2	11
treffpunkt	2	10
aktive	2	6
enge	2	4
agitiert	2	8
klemme	2	6
geheimtreffen	2	13
akkordeonbegleitung	2	19
unverschämter	2	13
untergrund	2	10
mikrometer	2	10
mikrometers	2	11
beträgt	2	7
diebstahls	2	10
yakov	2	5
gießerei	2	8
wehr	2	4
arbeitertribunal	2	16
schmelzöfen	2	11
betrieb	2	7
nachahmend	2	10
beruht	2	6
formuliert	2	10
faire	2	5
polizeiwache	2	12
feiglinge	2	9
verteidigen	2	11
aktionäre	2	9
zitiere	2	7
sechs-stunden-arbeitstag	2	24
minderjährige	2	13
politik	2	7
unverschämtheit	2	15
pressen	2	7
saft	2	4
größtmöglichen	2	14
erwogen	2	7
nette	2	5
flohmarkt	2	9
tabakbeutel	2	11
erwägend	2	8
unpraktikabel	2	13
gründen	2	7
ungesetzlich	2	12
ausgemachten	2	12
ziviles	2	7
vorgehen	2	8
bedingungslos	2	13
zwangsarbeit	2	12
absage	2	6
gegenstimmen	2	12
minderheit	2	10
zerstörung	2	10
zaristische	2	11
zimperlich	2	10
fragwürdiges	2	12
riesig	2	6
kadushkino	2	10
zähe	2	4
skrupellose	2	11
gewissenlos	2	11
gros	2	4
stückweise	2	10
weitergabe	2	10
kriegsrat	2	9
spirituosenladen	2	16
einschlagen	2	11
feueralarm	2	10
taste	2	5
drücken	2	7
wodka	2	5
provozieren	2	11
provokateure	2	12
sackgasse	2	9
kämpfend	2	8
durchgebrochen	2	14
spülen	2	6
streikenden	2	11
verwüstet	2	9
geplündert	2	10
wasserschläuchen	2	16
zerstreut	2	9
angespannt	2	10
befürchtet	2	10
gouverneurs	2	11
schmiede	2	8
vorschlaghämmern	2	16
quartieren	2	10
eingedrungen	2	12
niederlage	2	10
blutenden	2	9
unvergesslichen	2	15
narben	2	6
lena	2	4
talka	2	5
zlatoist	2	8
yaroslaw	2	8
tsaritsin	2	9
kostrom	2	7
regisseurs	2	10
studios	2	7
agentes	2	7
giesserei	2	9
ige	2	3
grösst	2	6
möglichen	2	9
schnapsladen	2	12
evakuierungsbefehl	2	18
mieter	2	6
belcher	2	7
orchester	2	9
stil	2	4
scheiden	2	8
nachzuforschen	2	14
zieh	2	4
präsentieren	2	12
niederzuknien	2	13
empfängt	2	8
theaterleiter	2	13
belle	2	5
versinkt	2	8
regen	2	5
talent	2	6
perfekt	2	7
verjüngt	2	8
stars	2	5
geplant	2	7
esst	2	4
echte	2	5
großvater	2	9
opa	2	3
linken	2	6
schwiegersohn	2	13
rasieren	2	8
flyer	2	5
sumter	2	6
beschossen	2	10
eingeholt	2	9
eisenbahngesellschaft	2	21
nützlicher	2	10
lüg	2	3
trägst	2	6
feldlager	2	9
nördlich	2	8
thatcher	2	8
chef-spion	2	10
hauptmann	2	9
anderson	2	8
ausgesuchten	2	12
männern	2	7
zivilisten	2	10
kentucky	2	8
anschließen	2	11
brücken	2	7
niederbrennen	2	13
nachschub	2	9
deserteure	2	10
weitem	2	6
überzahl	2	8
frierend	2	8
überraschungsangriff	2	20
rebellen	2	8
überquert	2	9
gepäckwagen	2	11
feindlichen	2	11
gebiet	2	6
ruhigen	2	7
erholsamen	2	10
nachtruhe	2	9
bevorstehenden	2	14
angriff	2	7
leutnant	2	8
parker's	2	8
feindes	2	7
versorgungstruppen	2	18
gewalttätig	2	11
ire	2	3
edith	2	5
aktionär	2	8
kolonien	2	8
badet	2	5
tundra	2	6
ozean	2	5
kaukasus	2	8
komi	2	4
polarfuchs	2	10
rentiere	2	8
spinnt	2	6
polarkreis	2	10
büffel	2	6
sowjetunion	2	11
herden	2	6
endlosen	2	8
felle	2	5
kooperative	2	11
sozialistischen	2	15
milliliter	1	10
vermisstenfall	1	14
visier	1	6
genaues	1	7
verwarnen	1	9
thai-restaurant	1	15
spüre	1	5
beeinflusst	1	11
tätig	1	5
desorientiert	1	13
akutes	1	6
entführten	1	10
organisieren	1	12
sammelten	1	9
erfahrungen	1	11
jugoslawienkrieg	1	16
milosevićs	1	10
ziele	1	5
zugriffe	1	8
dissidenten	1	11
schleuste	1	9
undercover-team	1	15
deutete	1	7
nähern	1	6
übergabepunkt	1	13
bodentransport	1	14
gefährdet	1	9
beta-protokoll	1	14
abgestürztes	1	12
brennendes	1	10
evakuiert	1	9
unsicher	1	8
fahndungsfotos	1	14
heimatschutz	1	12
inlandsgeheimdienstes	1	21
biologischen	1	12
weltweit	1	8
entwürfen	1	9
geheimdienstcoup	1	16
kampfstoffe	1	11
flugzeuges	1	10
laufenden	1	9
öffentlichen	1	12
telefonzellen	1	13
erwürgen	1	8
zuckerrausch	1	12
fruchtriegeln	1	13
ausflugs	1	8
umrühren	1	8
fen	1	3
nachgelaufen	1	12
einzugreifen	1	12
standpunkt	1	10
missbrauch	1	10
neulich	1	7
dreckig	1	7
produkt	1	7
einbildung	1	10
unmittelbar	1	11
verbrannten	1	11
gefälschte	1	10
kennzeichen	1	11
lackierung	1	10
analysen	1	8
wärmeaustausch	1	14
überprüft	1	9
treibstoff	1	10
differentialrechnung	1	20
tutorin	1	7
bh	1	2
federnder	1	9
kreditkarte	1	11
transporte	1	10
lieferungen	1	11
stadtbücherei	1	13
berg	1	4
ansiedeln	1	9
teddybär	1	8
reparierte	1	10
vergesse	1	8
päckchen	1	8
gaschromatographie	1	18
schmiermittel	1	13
laborbericht	1	12
wachstumsregulator	1	18
komponente	1	10
zuckermais	1	10
pestizidhersteller	1	18
tabakfarmer	1	11
belieferte	1	10
umstieg	1	7
flugreichweite	1	14
lieferadressen	1	14
betonkasten	1	11
vie	1	3
ück	1	3
rückbleiben	1	11
hintereinander	1	14
hühnerbrühe	1	11
hinterließ	1	10
kraftfahrzeugbehörde	1	20
überprüfen	1	10
erreiche	1	8
xianoping	1	9
lis	1	3
standort	1	8
vergeudet	1	9
schwanger	1	9
drittes	1	7
viertes	1	7
ausgeliehen	1	11
aufwachte	1	9
niedliche	1	9
statische	1	9
auftrieb	1	8
getauchten	1	10
einwirkt	1	8
wasserverdrängung	1	17
hafenbehörden	1	13
ostküste	1	8
versenden	1	9
pav	1	3
ovich-brüder	1	12
dama	1	4
gefeilscht	1	10
zurückkommt	1	11
auben	1	5
frachtschiff	1	12
frachtrouten	1	12
schmuggeloperation	1	18
vater-tochter-beziehung	1	23
pavlovich-brüdern	1	17
deckung	1	7
fesselst	1	8
schließfach	1	11
chinesisches	1	12
geheimprojekt	1	13
private	1	7
geflüchtet	1	10
anstrengen	1	10
liebenswürdig	1	13
rücksichtsvoll	1	14
elizabeth	1	9
drohst	1	6
zuzuhören	1	9
zählt	1	5
unmittelbare	1	12
ergeben	1	7
impfprogramm	1	12
weltgesundheitsorganisation	1	27
cc	1	2
zoomen	1	6
vermisstenmeldung	1	17
überein	1	7
zustoßen	1	8
schreibtisch	1	12
antesten	1	8
wusstest	1	8
geprägt	1	7
zuversichtlich	1	14
rahmen	1	6
ermittlungen	1	12
funktion	1	8
zusammengearbeitet	1	18
ermorden	1	8
reaktionär	1	10
abwarten	1	8
gange	1	5
staffel	1	7
episode	1	7
brothers	1	8
übersetzt	1	9
scratch	1	7
vikaay	1	6
sanni	1	5
tvuser.de	1	9
subcentral.de	1	13
extraktionsteam	1	15
sicherheitsgarde	1	16
milosevic	1	9
sporen	1	6
ethnischen	1	10
säuberungen	1	11
balkankrieges	1	13
agenda	1	6
extraktionen	1	12
kidnappings	1	11
extraktion	1	10
politischer	1	11
überläufer	1	10
benennt	1	7
wissenschaftslabor	1	18
virale	1	6
signalisierte	1	13
agenten	1	7
verrats	1	7
zeitplan	1	8
air	1	3
force	1	5
base	1	4
debrieft	1	8
abholort	1	8
glaubwürdige	1	12
vorsichtsmaßnahme	1	17
transport	1	9
arrangiert	1	10
beta	1	4
kra	1	3
county	1	6
department	1	10
abgestürzten	1	12
meilen	1	6
einheiten	1	9
cia-protokoll	1	13
routen	1	6
alternativ	1	10
lufttransport	1	13
ansässig	1	8
rausschleichen	1	14
homeland	1	8
visagen	1	7
malik	1	5
geheimdienste	1	13
anruft	1	6
krankheitserregende	1	19
andeutete	1	9
herstellungsweise	1	17
nachrichtendienstliche	1	22
coup	1	4
krankheitserregern	1	18
triff	1	5
abgestürzte	1	11
krankgemeldet	1	13
kurzen	1	6
einlegte	1	8
münztelefonen	1	13
rollwagen	1	9
schwierig	1	9
herumzusitzen	1	13
hervorragendem	1	14
topf	1	4
naja	1	4
fruchtrollen	1	12
einpackt	1	8
teuflischen	1	11
zuckerschock	1	12
kiddies	1	7
ausflug	1	7
buchen	1	6
schwören	1	8
aussah	1	6
eingepfercht	1	12
rühre	1	5
anruf	1	5
weiterleiten	1	12
fordere	1	7
nachgegangen	1	12
einschlägt	1	10
hilfreich	1	9
blickwinkel	1	11
verletzung	1	10
schmutzig	1	9
waten	1	5
fantasievorstellung	1	19
heli	1	4
luftfahrzeugkennzeichen	1	23
gefälscht	1	9
lackiert	1	8
tiefgründigere	1	14
forensische	1	11
analyse	1	7
partikel	1	8
wärmetauscher	1	13
feuchtigkeit	1	12
infinitesimalrechnung	1	21
ableitungen	1	11
lehrerin	1	8
büstenhalter	1	12
wippte	1	6
kooperiere	1	10
kreditkarten	1	12
vergewissern	1	12
botengang	1	9
leihbücherei	1	12
wahnsinnsberg	1	13
bergvolk	1	8
teddy	1	5
bär	1	3
örtlichen	1	9
verarztet	1	9
zufällig	1	8
wasserpumpen	1	12
auftraggeber	1	12
stattgefunden	1	13
gaschromatografie	1	17
getriebeschmierung	1	18
laborergebnisse	1	15
us-flugsicherheitsbehörde	1	25
individuelle	1	12
zusammensetzungen	1	17
reifegas	1	8
tabakproduktion	1	15
bundesregierung	1	15
angebaut	1	8
zusammensetzung	1	15
anbau	1	5
pestizid-hersteller	1	19
ursprünglich	1	12
tabak-anbauer	1	13
beliefert	1	9
übergewechselt	1	14
flugweite	1	9
restlichen	1	10
anlage	1	6
neulackierung	1	13
extraktions-auftrag	1	19
betonbunker	1	11
exzellent	1	9
erspar	1	6
genugtuung	1	10
dräng	1	5
beinhaltet	1	10
geflügelfond	1	12
buchstabenkombination	1	21
kfz-zulassungen	1	15
festhielten	1	11
ausgespielt	1	11
red	1	3
geradewegs	1	10
juckt	1	5
verbringst	1	10
ziehe	1	5
gewisse	1	7
ausgleicht	1	10
halstead	1	8
bestellten	1	10
liehen	1	6
schrank	1	7
netteste	1	8
funktioniert	1	12
auftriebskraft	1	14
getaucht	1	8
verdrängung	1	11
mitzuteilen	1	11
hafenbehörde	1	12
östlichen	1	9
küste	1	5
verschiffen	1	11
aufgetaucht	1	11
größeren	1	8
deal	1	4
abzuschließen	1	13
profitieren	1	11
bakterieller	1	12
kriegsführung	1	13
verhältnis	1	10
beidseitigen	1	12
nutzen	1	6
verhandeln	1	10
verhandlungen	1	13
schiefgegangen	1	14
frachter	1	8
zeitpläne	1	9
schiffswege	1	11
schmuggelei	1	11
abstatten	1	9
vater-tochter-ding	1	18
anlegst	1	7
kistennummer	1	12
lebewohl	1	8
change	1	6
time	1	4
josh	1	4
projekt	1	7
schlechtesten	1	13
hein-	1	5
rich	1	4
frantzen	1	8
schmieds	1	8
schmied	1	7
müllerssohn	1	11
müller	1	6
scharfrichters	1	14
aussuchen	1	9
aufheben	1	8
vors	1	4
makel	1	5
lastet	1	6
abzuwenden	1	10
abenteuerliche	1	14
ehrfurchtsvolle	1	15
deutscher	1	9
reichsstadt	1	11
wirtschaftlicher	1	16
gesellschaftliche	1	17
politische	1	10
patrizierfamilien	1	17
bedrohlicher	1	12
seuchen	1	7
missernten	1	10
hungerkrisen	1	12
teuerungen	1	10
wirtschaftlichen	1	16
aufschwung	1	10
stagnieren	1	10
kriminalitätsrate	1	17
klima	1	5
unsicherheit	1	12
fordert	1	7
entschiedene	1	12
verfolgung	1	10
straftätern	1	11
gesetzes	1	8
optimistischer	1	14
zuständig	1	9
gottesfürchtig	1	14
fügt	1	4
hin-	1	4
hergerissen	1	11
götzn	1	5
steffan	1	7
schwab	1	6
jacob	1	5
seytzen	1	7
altheim	1	7
rossdieb	1	8
julius	1	6
-jährigen	1	9
original	1	8
bislang	1	7
todesjahr	1	9
dokument	1	8
inventarliste	1	13
umfassendes	1	11
arbeitsprotokoll	1	16
hinzurichten	1	12
vermute	1	7
aufzeichnungen	1	14
umso	1	4
umstände	1	8
wiederzuerlangen	1	16
unterteilt	1	10
exekutionen	1	11
körperstrafen	1	13
dokumentiert	1	12
protokolliert	1	13
leibesstrafen	1	13
erfolgte	1	8
anfangs	1	7
informationen	1	13
berichte	1	8
detailreicher	1	13
gedämpfte	1	9
brutalste	1	9
rädern	1	6
wagenrad	1	8
bewusstsein	1	11
hannß	1	5
kolben	1	6
gewaltverbrecher	1	16
abgestoßen	1	10
dreiviertelstunde	1	17
serienmörder	1	12
kindsmörder	1	11
wegelagerer	1	11
umbrachten	1	10
schrecklichsten	1	15
schrecklichste	1	14
verdienten	1	10
leitfaden	1	9
allgemeine	1	10
strafgesetzbuch	1	15
constitutio	1	11
criminalis	1	10
carolina	1	8
vielzahl	1	8
todesstrafen	1	12
angewendet	1	10
gotteslästerern	1	15
zunge	1	5
dieben	1	6
ermessensfall	1	13
abhacken	1	8
erststraftäter	1	14
wiederholungstäter	1	18
droht	1	5
todesstrafe	1	11
reserviert	1	10
sodomie	1	7
brandstiftung	1	13
verurteilte	1	11
schnellste	1	10
tötungsart	1	10
gnadenstrafe	1	12
vereidigt	1	9
verhängt	1	8
vollziehen	1	10
bedrückende	1	11
gerechtigkeit	1	13
eingeschärft	1	12
hirte	1	5
erschreckend	1	12
fertigkeit	1	10
erlernbar	1	9
weitergegeben	1	13
aufgebaut	1	9
lehrberuf	1	9
gesellenbrief	1	13
lehrbrief	1	9
tötungshandwerk	1	15
profession	1	10
ordnungsgemäß	1	13
nachfolger	1	10
trau	1	4
wasserplätschern	1	16
verspottet	1	10
galgenvogel	1	11
dreckiger	1	9
betrübte	1	8
mittelalterliche	1	16
auswirkungen	1	12
kirchlich	1	9
henkerhaus	1	10
handlungsmöglichkeiten	1	22
einschränkte	1	12
bezeichnen	1	10
soziale	1	7
dimension	1	9
ehrbar	1	6
gelten	1	6
patrizier	1	9
stadtadel	1	9
klerus	1	6
großkaufleuten	1	14
juristen	1	8
elite	1	5
kleinhändler	1	12
handwerker	1	10
hohes	1	5
geschlechtern	1	13
stigma	1	6
spielleute	1	10
schäfer	1	7
sozial	1	6
weitgehend	1	10
damaligen	1	9
verzichtet	1	10
ehrmaß	1	6
gesindel	1	8
abgegeben	1	9
fahrendem	1	9
gelästert	1	9
kirchenstrafen	1	14
ehrkonzept	1	10
börse	1	5
gehandelt	1	9
maß	1	3
erhöhen	1	7
au	1	2
kindergeschrei	1	14
hintergrund	1	11
gedemütigt	1	10
chancen	1	7
aufzusteigen	1	12
finanziell	1	10
topverdiener	1	12
zahlt	1	5
kollegen	1	8
geräumige	1	9
quadratmeter	1	12
eigener	1	7
badestube	1	9
verfügung	1	9
kostenlos	1	9
zusatzleistungen	1	16
regelmäßig	1	10
quieken	1	7
trügt	1	5
hauseingang	1	11
ställen	1	7
säumarktes	1	10
direkter	1	8
nachbarschaft	1	13
wassertürme	1	11
abseits	1	7
noblen	1	6
stadtviertel	1	12
angesehenen	1	11
zudem	1	5
abwässer	1	8
vorherige	1	9
reinigung	1	9
geleitet	1	8
hierarchischen	1	14
totengräber	1	11
schämen	1	7
sanfter	1	7
versprech	1	9
spuckt	1	6
mehrfach	1	8
zuversichtlicher	1	16
angewiesen	1	10
unrechts	1	8
vorbildlicher	1	13
region	1	6
gottesfürchtiger	1	16
unmögliche	1	10
wiederherzustellen	1	18
reibendes	1	9
geräusch	1	8
scammonium	1	10
hermodactyli	1	12
turbithwurzel	1	13
berufung	1	8
sinnvolles	1	10
hebamme	1	7
grüß	1	4
plagen	1	6
könntet	1	7
vorbestellen	1	12
schilling	1	9
unze	1	4
zusätzlich	1	10
therapien	1	9
stammen	1	7
straftat	1	8
jütte	1	5
antike	1	6
bereiche	1	8
arzneien	1	8
pflanzenreich	1	13
mineralienreich	1	15
stoffe	1	6
lebendigen	1	10
urin	1	4
leichenmedizin	1	14
entwickelt	1	10
körpers	1	7
arzneistoff	1	11
organe	1	6
historische	1	11
arzneibücher	1	12
auskunft	1	8
hirnschale	1	10
harn	1	4
substanzen	1	10
gebräuchliche	1	13
grundstoffe	1	11
arzneimittelherstellung	1	23
pulver	1	6
aufgelöst	1	9
heilmittel	1	10
kopfkrankheiten	1	15
gelbsucht	1	9
vergiftungen	1	12
kropfs	1	6
destilliertes	1	13
getrocknetes	1	12
frisches	1	8
epileptische	1	12
verspielte	1	10
hüpfende	1	8
geraspelter	1	11
karies	1	6
pulve-	1	6
risierte	1	8
allheilmittel	1	13
gichtanfälle	1	12
knochenpulver	1	13
hauthandschuh	1	13
lahmen	1	6
leichenfett	1	11
verabreichungen	1	15
heilerischen	1	12
grundprinzip	1	12
ähnliches	1	9
ähnlichem	1	9
schwangeren	1	11
lindern	1	7
hebammen	1	8
menschenleder	1	13
apotheken	1	9
winkler'schen	1	13
stadtapotheke	1	13
innsbruck	1	9
exemplar	1	8
mindestens	1	10
privatbesitz	1	12
gerben	1	6
geschnitten	1	11
länglichen	1	10
schwangerschafts-	1	17
nöten	1	5
handschuhen	1	11
pantoffeln	1	10
verarbeiten	1	11
auflegen	1	8
behüt	1	5
kundin	1	6
zufriedengestellt	1	17
mittel	1	6
reiner	1	6
basis	1	5
naturwissenschaftlichen	1	23
placebo-	1	8
forschung	1	9
zimmermannsmeister	1	18
angesehener	1	11
höhergestellt	1	13
desto	1	5
heiltätigkeit	1	13
geschätzt	1	9
verweist	1	8
beschweren	1	10
plagt	1	5
wundarzt	1	8
paradoxerweise	1	14
brauchten	1	9
anfassen	1	8
nürnbergs	1	9
spürt	1	5
berührungsängste	1	16
deutlichsten	1	12
wirtshaus	1	9
käme	1	4
verrenkt	1	8
oje	1	3
mhm	1	3
bengel	1	6
jag	1	3
stöhnen	1	7
nachwuchs	1	9
barrikaden	1	10
ungnade	1	7
gesetzlichen	1	12
einschrän-	1	10
kungen	1	6
wiederherstellen	1	16
entscheidet	1	11
exklusiver	1	10
angesehensten	1	13
familien	1	8
geschicke	1	9
regelt	1	6
detail	1	6
kontrolliert	1	12
moralverhalten	1	14
arbeitgeber	1	11
gehilfen	1	8
assistiert	1	10
folterungen	1	11
selbstmördern	1	13
vorladungen	1	11
bestechliche	1	12
stadtwachen	1	11
kerkermeister	1	13
zusätzliches	1	12
einkommen	1	9
beschlüsse	1	10
unterzeichnung	1	14
respektieren	1	12
schöffe	1	7
vertrau	1	7
antrags	1	7
turbulente	1	10
tadelloses	1	10
protokollen	1	11
rats	1	4
stadtoberen	1	11
ungewöhnliche	1	13
ersuchen	1	8
ausführlich	1	11
diskutiert	1	10
vorgesetzten	1	12
privileg	1	8
vorgänger	1	9
vorbildlich	1	11
gewissenhaft	1	12
zurückhielt	1	11
betrank	1	7
ungewöhnlich	1	12
familienvater	1	13
volltreffer	1	11
justizsystem	1	12
strafverfolgung	1	15
untersuchungsgefängnis	1	22
kalter	1	6
feuchter	1	8
kapitalverbrecher	1	17
brandstifter	1	12
todesurteil	1	11
haftstrafen	1	11
notwendigsten	1	13
pritsche	1	8
möbliert	1	8
heizbecken	1	10
kohle	1	5
heizen	1	6
aufkommen	1	9
stiftern	1	8
geräumigeren	1	12
stockzellen	1	11
verleumder	1	10
kriegsgefangene	1	15
querulanten	1	11
untergebracht	1	13
unbequem	1	8
geschnallt	1	10
haltung	1	7
ausharren	1	9
bewegungsfreiheit	1	17
notdurft	1	8
vorrichtung	1	11
insassen	1	8
r.	1	2
narz	1	4
unterzubringen	1	14
haftbedingungen	1	15
auszusetzen	1	11
erwirkt	1	7
datiert	1	7
neugeborenes	1	12
erdrosselt	1	10
einzugestehen	1	13
bedenkzeit	1	10
hinzuzufügen	1	12
abrupt	1	6
irrigen	1	7
anschauung	1	10
beweissicherung	1	15
beweises	1	8
erzwungen	1	9
deckenform	1	10
foltergeräte	1	12
trockene	1	8
befragten	1	9
seilwinde	1	9
luftschacht	1	11
ratssaal	1	8
neuzeit	1	7
häufigsten	1	10
kriminalmuseum	1	14
rothenburg	1	10
tauber	1	6
ausgestellt	1	11
gestuft	1	7
metallplatten	1	13
gequetscht	1	10
nagel	1	5
nagelbett	1	9
hervortrat	1	10
beinschraube	1	12
schienbein	1	10
streckbank	1	10
kienspan	1	8
geschoben	1	9
vermeintlicher	1	14
blutet	1	6
überführt	1	9
unterzogen	1	10
kerzen	1	6
weiher	1	6
hermelßhof	1	10
ums	1	3
schreit	1	7
waage	1	5
inquisiten	1	10
möglich-	1	8
keit	1	4
bleibenden	1	10
irreparablen	1	12
ausrenken	1	9
einrenken	1	9
verursachen	1	11
spannungsfeld	1	13
durchzuführen	1	13
taufen	1	6
wandeln	1	7
sag's	1	5
bedrohlich	1	10
arznei	1	6
atmet	1	5
erleichtert	1	11
steigendem	1	10
folterer	1	8
mäßigender	1	10
einflussnahme	1	13
ratskonsulenten	1	15
strafverfahren	1	14
humaner	1	7
kontext	1	7
ruten	1	5
ausgestrichen	1	13
vermeintlichen	1	14
kindsmörderin	1	13
überführe	1	9
guck	1	4
treibender	1	10
kressern	1	8
taler	1	5
hohem	1	5
nennung	1	7
gestrickte	1	10
seidenstrümpfe	1	14
kronen	1	6
armbänder	1	9
angabe	1	6
betrügerischem	1	14
ehrenvollste	1	12
dynamische	1	10
richtschwert	1	12
flachen	1	7
religiöser	1	10
spruch	1	6
eingraviert	1	11
schwerpunkt	1	11
schaft	1	6
schlagkraft	1	11
garantieren	1	11
zweihändig	1	10
bewegungsablauf	1	15
schwerthieb	1	11
körperliche	1	11
präzision	1	9
waagerechten	1	12
aufbauen	1	8
energie	1	7
geschwindigkeit	1	15
schwertes	1	9
kippen	1	6
stabes	1	6
schmerzlos	1	10
mitmachst	1	9
vorn	1	4
aufrichtig	1	10
bereust	1	7
glockenläuten	1	13
armesünderglocke	1	16
richtplätze	1	11
stätte	1	6
abschreckung	1	12
bestätigung	1	11
barmherzigkeit	1	14
endliche	1	8
rechtstag	1	9
theatralische	1	13
volksfestartig	1	14
riechen	1	7
prozessionen	1	12
richtstätte	1	11
erlebbar	1	8
begreifbar	1	10
symbolgeladen	1	13
insofern	1	8
weißes	1	6
hemd	1	4
aufgebrachtes	1	13
hadere	1	6
ungestraft	1	10
vergegenwärtigen	1	16
geheim	1	6
hinzugezogen	1	12
ritual	1	6
verurteilten	1	12
unordnung	1	9
aufgebrachte	1	12
gnädig	1	6
frömmigkeit	1	11
jahrhundert	1	11
irdisches	1	9
ewigen	1	6
ausgerichtet	1	12
vorzubereiten	1	13
eingebettet	1	11
hinabfährt	1	10
gottlosen	1	9
auffährt	1	8
inszenieren	1	11
zuge	1	4
reformation	1	11
werkzeugen	1	10
durchsetzen	1	11
gekreuzigte	1	11
sündhaftigkeit	1	14
schuldige	1	9
aufrichtige	1	11
reumütige	1	9
walte	1	5
amtes	1	5
aufgebracht	1	11
besonnen	1	8
verhüten	1	8
bereuen	1	7
angegriffen	1	11
putzen	1	6
enthaupten	1	10
putzt	1	5
wirbel	1	6
beispielsweise	1	14
hinbekommen	1	11
euphemistisch	1	13
skurril	1	7
einzelfällen	1	12
hinrichtungsplätze	1	18
gestürmt	1	8
auswahl	1	7
anstellten	1	10
kriterium	1	9
danebengeschlagen	1	17
gelingen	1	8
hm	1	2
habgier	1	7
verdammnis	1	10
barmherzigen	1	12
gnaden	1	6
jubel	1	5
gewollte	1	8
parallelität	1	12
ausgesprochenen	1	15
kirchlichen	1	11
werkzeug	1	8
hinrichtet	1	10
katharina	1	9
unter-	1	6
obrigkeit	1	9
delinquenten	1	12
legitimation	1	12
gehoben	1	7
wasserdicht	1	11
gemurmel	1	8
gedämpft	1	8
verstummen	1	10
gerechten	1	9
walten	1	6
qualvollen	1	10
ehrenvoller	1	11
metallisches	1	12
oberste	1	7
streichmusik	1	12
gelehrt	1	7
notiere	1	7
einsetze	1	8
höchst	1	6
ausgeübt	1	8
bereichen	1	9
gefangennahme	1	13
zusätzliche	1	11
gehaltserhöhungen	1	17
hoffnungsvolle	1	14
hervorragender	1	14
leistungen	1	10
niederlegen	1	11
offizielle	1	10
wiederherstellung	1	17
kaiser	1	6
ferdinand	1	9
imposante	1	9
berufsstand	1	11
abspannmusik	1	12
omnimago	1	8
zdf	1	3
niederen	1	8
übermacht	1	9
liebes-verweigerung	1	19
belagern	1	8
hasdrubal	1	9
besänftigen	1	11
weigerung	1	9
abgott	1	6
baal-moloch	1	11
library	1	7
congress	1	8
nationales	1	10
audiovisuelle	1	13
konservierung	1	13
lindy	1	5
lädt	1	5
reinkommt	1	9
plötzlicher	1	12
erweckt	1	7
notiz	1	5
fängt	1	6
auszugeben	1	10
fährt	1	6
gescannt	1	8
mm-nitratkopie	1	14
navone	1	6
kollektion	1	10
subturtles	1	10
tüchtig	1	7
zugegeben	1	9
gutmütig	1	8
folgsam	1	7
rosas	1	5
hungerleider	1	12
singst	1	6
reparieren	1	10
lernt	1	5
salami	1	6
-bedankt	1	8
-wann	1	5
liebes	1	6
abfahrt	1	7
anspannung	1	10
luftschlauch	1	12
aufblasen	1	9
ader	1	4
spucke	1	6
mailand	1	7
kg-mann	1	7
sehkraft	1	8
augapfel	1	8
schweinefraß	1	12
regnet's	1	8
-regnet	1	7
-ach	1	4
-di	1	3
costanzo	1	8
wohlsein	1	8
schwaches	1	9
dalli	1	5
gabe	1	4
gedankt	1	7
-tür	1	4
dicker	1	6
-tag	1	4
zingaro	1	7
erfreut	1	7
lammbraten	1	10
-lamm	1	5
nudeln	1	6
lamm	1	4
liter	1	5
-aus	1	4
watte	1	5
zehen	1	5
-gerne	1	6
-dieses	1	7
irgendwoher	1	11
-möglich	1	8
reisender	1	9
l-a	1	3
zugreifen	1	9
feuerwerk	1	9
-geht	1	5
-hörst	1	6
stimmt's	1	8
ess	1	3
undank	1	6
komischen	1	9
sandgruben	1	10
gefährt	1	7
häuser	1	6
drüber	1	6
tomatensamen	1	12
-willst	1	7
redest	1	6
brautpaar	1	9
-sie	1	4
-komm	1	5
hau	1	3
loslässt	1	8
'n	1	2
hochzeiten	1	10
nascht	1	6
aufseherin	1	10
rum	1	3
regnete	1	7
lerne	1	5
weiber	1	6
rauchen	1	7
flennst	1	7
rauf	1	4
gefällt's	1	9
gefährlichste	1	13
portion	1	7
spaghetti	1	9
ablenkung	1	9
einzigartigen	1	13
darbietung	1	10
serviette	1	9
trattoria	1	9
-eine	1	5
'nem	1	4
gesoffen	1	8
chefin	1	6
chef	1	4
mitnahm	1	7
herumgekommen	1	13
plane	1	5
wegfliegen	1	10
gage	1	4
einsammelt	1	10
rumgehen	1	8
-dann	1	5
fangt	1	5
material	1	8
sitzplätze	1	10
stehplätze	1	10
engagiert	1	9
artist	1	6
ketten-nummer	1	13
kapiert	1	7
wichtigtuer	1	11
girafa	1	6
glied	1	5
spanne	1	6
brustkastens	1	12
brustmuskeln	1	12
zersprenge	1	10
angesägt	1	8
flecken	1	7
bravissimo	1	10
bohrt	1	5
ochsen	1	6
begreifen	1	9
einmaligen	1	10
stählerne	1	9
eiserne	1	7
übermenschliche	1	15
dumpfen	1	7
trommelschlag	1	13
entschuldige	1	12
saukerl	1	7
reg	1	3
-hier	1	5
rechne	1	6
zigeunerin	1	10
-leider	1	7
gekannt	1	7
methode	1	7
-verschwinde	1	12
wundervoll	1	10
geige	1	5
schleichst	1	10
trauriges	1	9
zusammensein	1	12
schadet	1	7
intelligenz	1	11
unterbrechen	1	12
stehe	1	5
probieren's	1	11
dreimal	1	7
manege	1	6
läufst	1	6
regle	1	5
vagabunden	1	10
zigeuner	1	8
zurückbleiben	1	13
abgeführt	1	9
-bei	1	4
grobian	1	7
freu	1	4
motorrad	1	8
-gelsomina	1	10
trecker	1	7
runterlassen	1	12
geschlafen	1	10
scheußlich	1	10
morgenrock	1	10
komisches	1	9
artischocke	1	11
glotzen	1	7
heidenspaß	1	10
visage	1	6
juckt's	1	7
heisen	1	6
vorschlage	1	10
scheinwerferlicht	1	17
dummheiten	1	10
mitmachen	1	9
behält	1	6
weggelaufen	1	11
verprügelt	1	10
gucken	1	6
kläffen	1	7
ungebildet	1	10
gelesen	1	7
-welcher	1	8
-zu	1	3
artischockengesicht	1	19
kaufe	1	5
zünde	1	5
matratzen	1	9
decken	1	6
lege	1	4
wird's	1	6
langweilig	1	10
überm	1	5
genick	1	6
entlassen	1	9
maschine	1	8
kaserne	1	7
andenken	1	8
zirkusleute	1	11
-hättest	1	8
gürtel	1	6
enger	1	5
schnallen	1	9
-nie	1	4
gewitter	1	8
magliano	1	8
km	1	2
noch'benzin	1	11
-gut	1	4
wasch	1	5
waschen	1	7
heist	1	5
geschirr	1	8
-und	1	4
weltliches	1	10
klammern	1	8
-möchten	1	8
besichtigen	1	11
tauge	1	5
-aber	1	5
ehrwürdige	1	10
oberin	1	6
gastfreundschaft	1	16
-noch	1	5
kaputtgemacht	1	13
hanswurst	1	9
-er	1	3
empfindlich	1	11
wegschauen	1	10
dringt	1	6
fängt's	1	7
flennen	1	7
halt's	1	6
-es	1	3
zugehauen	1	9
nasenbluten	1	11
fausthieben	1	11
weiterziehen	1	12
kilometer	1	9
galavorstellung	1	15
medini	1	6
attraktionen	1	12
orientalische	1	13
künstlerinnen	1	13
nummern	1	7
unternehmens	1	12
-nur	1	4
tüte	1	4
zitrone	1	7
landstreicherin	1	15
geredet	1	7
totlachen	1	9
durchmesser	1	11
halber	1	6
purem	1	5
brustmuskel	1	11
schützt	1	7
erspart	1	7
blutigen	1	8
hakens	1	6
störst	1	6
-kellner	1	8
besäuft	1	7
-hundesohn	1	10
auf's	1	5
aufhört	1	7
-fass	1	5
nitratkopie	1	11
dup-negativs	1	12
digital	1	7
bildschirmtexte	1	15
norwegisch	1	10
farbton	1	7
farbe	1	5
schärenreich	1	12
blitzte	1	7
reih	1	4
festland	1	8
wogenden	1	8
gans	1	4
gen	1	3
strich	1	6
brigg	1	5
just	1	4
fiel's	1	6
arg	1	3
ankerten	1	8
sehnend	1	7
lugte	1	5
gardine	1	7
haspelte	1	8
lein	1	4
mägdlein	1	8
vigens	1	6
gemüt	1	5
verwunderlich	1	13
fröhlichsten	1	12
lieder	1	6
derweil	1	7
kriegsjahr	1	10
mancher	1	7
dräu'n	1	6
misswachs	1	9
darbte	1	6
heuerer	1	7
bootsmann	1	9
weilchen	1	8
wiederum	1	8
wogendes	1	8
wählt	1	5
skagenfahrt	1	11
mast	1	4
segel	1	5
sicherste	1	9
meerflut	1	8
wandelbar	1	9
stücklein	1	9
drohte	1	6
jütische	1	8
riff	1	4
adleraugen	1	10
mars	1	4
fladstrand	1	10
wertvolle	1	9
fleck	1	5
darbten	1	7
erstürb	1	7
gäsling	1	7
schär	1	5
homborgsund	1	11
steven	1	6
anführer	1	8
hieb's	1	6
nachens	1	7
ärmlichen	1	9
streckt	1	7
ärmchen	1	7
bangt	1	5
schwamm	1	7
sank	1	4
teure	1	5
fischten	1	8
bracht	1	6
lächelten	1	9
schwieg	1	7
gescheh'n	1	9
verschloss	1	10
sorgenlast	1	10
prison	1	6
nacken	1	6
heimwehträumen	1	14
norweger	1	8
ging's	1	6
lotsenpatent	1	12
dünkte	1	6
blond	1	5
empfingen	1	9
gemeinsames	1	11
schärvogt	1	9
armenhausgrund	1	14
getreulich	1	10
lots	1	4
äußersten	1	9
schar	1	5
blitzt	1	6
bangens	1	7
mondscheinabend	1	15
lotsen	1	6
großsegel	1	9
fock	1	4
zerfetzt	1	8
stag	1	4
riese	1	5
reicher	1	7
gesind	1	6
heil	1	4
brandung	1	8
surrte	1	6
lotse	1	5
gewann's	1	8
landeinwärts	1	12
engländers	1	10
prächtige	1	9
späte	1	5
leewärts	1	8
gäslingriff	1	11
steuergriff	1	11
jähem	1	5
stoße	1	5
durchbohrt	1	10
erbebte	1	7
krach	1	5
jolle	1	5
seegang	1	7
gesunken	1	8
tonnen	1	6
korn	1	4
kniete	1	6
korvette	1	8
segeltest	1	9
geringes	1	8
todmüde	1	7
höhntest	1	8
fußbreit	1	8
terjes	1	6
stirne	1	6
wies	1	4
wildbach	1	8
glich	1	5
geknickt	1	8
beginn	1	6
lord	1	4
vorbeikam	1	9
hesnässund	1	10
norwegens	1	9
fjäres	1	6
schutzes	1	8
schattens	1	9
bar	1	3
stachlig	1	8
durchblüht	1	10
christoph	1	9
jahn	1	4
polizist	1	8
runde	1	5
gas	1	3
friede	1	6
abenteurer	1	10
morgendliches	1	13
bad	1	3
müder	1	5
jemandes	1	8
slick	1	5
rasur	1	5
gefängniswärter	1	15
heilquelle	1	10
molla	1	5
salute	1	6
schütt	1	6
gläschen	1	8
heilwasser	1	10
nüchtern	1	8
tocher	1	6
rollerlärm	1	10
taschendieb	1	11
fraülein	1	8
lieg	1	4
ober	1	4
kafee	1	5
jeztz	1	5
engangieren	1	11
vorschuss	1	9
schwedische	1	11
dup-negativ	1	11
unvollständigen	1	15
-mm-zelluloid-kopie	1	19
cinématèque	1	11
royale	1	6
belgique	1	8
eingefügt	1	9
schwarzweißkopien	1	17
institutsarchivs	1	16
ausgangsmaterial	1	16
kolorierung	1	11
diente	1	6
analogkopie	1	11
referenz	1	8
akte	1	4
jahrhunderts	1	12
hauptfiguren	1	12
basiert	1	7
tatsachen	1	9
hadla	1	5
ausgesprochen	1	13
kauri	1	5
dänischen	1	9
unruhig	1	7
wanderarbeiter	1	14
sack	1	4
nennst	1	6
schmeckt	1	8
kräftige	1	8
großzügige	1	10
nachbar	1	7
tragt	1	5
angeritten	1	10
verstorbener	1	12
geduldet	1	8
zeigst	1	6
rietst	1	6
befriedigen	1	11
verberge	1	8
erging	1	6
sähe	1	4
wiese	1	5
königstochter	1	13
decke	1	5
besäße	1	6
spätsommer	1	10
rennt	1	5
trügen	1	6
erntefest	1	9
lachst	1	6
rutscht	1	7
brauen	1	6
verärgert	1	9
anwesenheit	1	11
genügt	1	6
unterrichten	1	12
erkannte	1	8
peinlichkeiten	1	14
anschuldigen	1	12
hervorbringst	1	13
traust	1	6
hießest	1	7
seist	1	5
falsche	1	7
anschuldigungen	1	15
biete	1	5
unterhaltsameres	1	16
umgeht	1	6
ehrlicher	1	9
herausreden	1	11
belügen	1	7
borgen	1	6
pastors	1	7
versuchung	1	10
überkam	1	7
bedecken	1	8
prächtigen	1	10
verurteilter	1	12
behörden	1	8
schwieriger	1	11
schließ	1	7
zweifle	1	7
schwägerin	1	10
entlaufene	1	10
sträfling	1	9
festnehmen	1	10
anbruch	1	7
ansiehst	1	8
streichelt	1	10
gletscher	1	9
farblos	1	7
zweieinhalb	1	11
blau	1	4
wasserfall	1	10
zitterst	1	8
fußspuren	1	9
ängstigt	1	8
anhang	1	6
schweiß	1	7
trübseliger	1	11
grüne	1	5
sprösslinge	1	11
sitze	1	5
dritt	1	5
überlassen	1	10
behandle	1	8
gemeinsamen	1	11
winternacht	1	11
gräser	1	6
nagte	1	5
banden	1	6
geknüpft	1	8
dampfend	1	8
schäm	1	5
hungers	1	7
pferdes	1	7
meinetwillen	1	12
flüsse	1	6
hindurchzuwaten	1	15
schliefen	1	9
ersteche	1	8
johannes	1	8
geheiligt	1	9
herrlichkeit	1	12
amen	1	4
träumte	1	7
friere	1	6
allmächtiger	1	12
zueinander	1	10
vignetten	1	9
herstellung	1	11
glanzlichter	1	12
maniküre	1	8
buntfutterer	1	12
illustrieren	1	12
beschäftigen	1	12
lebensgewohnheiten	1	18
käfer	1	5
zerfallen	1	9
gruppen	1	7
lehrreich	1	9
rotfleckigen	1	12
optionale	1	9
polygamie	1	9
blauvioletten	1	13
monogamie	1	9
wichtigste	1	10
bigamie	1	7
zugeben	1	7
regel	1	5
begnügt	1	7
zweien	1	6
moll	1	4
luftfahrt	1	9
gestrichen	1	10
brenne	1	6
pferden	1	7
herüberkommen	1	13
flieger	1	7
strolch	1	7
paragrafen	1	10
ehegesetz	1	9
bindet	1	6
krawatte	1	8
ikarus	1	6
schornsteinen	1	13
schweben	1	8
sidonius	1	8
irenchen	1	8
pers.	1	5
benötigt	1	8
schafbrust	1	10
od	1	2
sattel	1	6
kl	1	2
kohlkopf	1	8
pfeffer	1	7
butter	1	6
kaltes	1	6
ballettfantasie	1	15
abteilungen	1	11
kurt	1	4
atterberg	1	9
carina	1	6
ari	1	3
oscàr	1	5
jugendfreund	1	12
anzustiften	1	11
weigerte	1	8
begrüßte	1	8
begehre	1	7
applaudieren	1	12
kinopublikum	1	12
umarmte	1	7
überflüssig	1	11
pralinen	1	8
werte	1	5
pajazzo	1	7
liebestragödie	1	14
erleben	1	7
besserer	1	8
boa	1	3
jawohl	1	6
dingen	1	6
hellichten	1	10
gespenster	1	10
kompromittieren	1	15
gewissheit	1	10
weggefahren	1	11
jederzeit	1	9
benachrichtigen	1	15
missfällt	1	9
bestechen	1	9
hinters	1	7
hutmacherin	1	11
leugnen	1	7
leugne	1	6
rechenschaft	1	12
bekennen	1	8
hingehen	1	8
hinge	1	5
trauerspiel	1	11
freundchen	1	10
satt	1	4
kolossal	1	8
unangenehm	1	10
herausfordern	1	13
wiedergutmachung	1	16
pistole	1	7
wissenschaft	1	12
anklagen	1	8
bücherwurm	1	10
jenny	1	5
spediteur	1	9
luxuspuppe	1	10
besonderes	1	10
zurückzukommen	1	14
auszurichten	1	12
veranlassen	1	11
zurückzukehren	1	14
wiederzukommen	1	14
betrogener	1	10
abhandlung	1	10
blaufleckigen	1	13
polygamistische	1	15
tendenzen	1	9
ersuche	1	7
respektvoll	1	11
stehenden	1	9
dispensiert	1	11
unannehmlichkeiten	1	18
niedergeschmettert	1	18
schicksalhaften	1	15
fehlers	1	7
hausfreund	1	10
-kronen-boa	1	11
luise	1	5
sensationelle	1	13
teuflische	1	10
fantastischen	1	13
sehnsuchtsvoll	1	14
zuschauern	1	10
ausdruckslosen	1	14
adolf	1	5
ahnte	1	5
stallburschen	1	13
begehren	1	8
entsprach	1	9
habitué	1	7
vollblütern	1	11
erahnte	1	7
fixen	1	5
andeutung	1	9
verwirrende	1	11
leichtem	1	8
wagte	1	5
innere	1	6
schüchternheit	1	14
naiv	1	4
sprung	1	6
cechi	1	5
akrobatiklehrer	1	15
adoptiert	1	9
enkelkinder	1	11
gnädiger	1	8
benötigen	1	9
mädchenhaftes	1	13
bemerkte	1	8
anzufangen	1	10
erlauchten	1	10
ahnen	1	5
urgroßmutter	1	12
zertrümmert	1	11
erblickte	1	9
augenlidern	1	11
friedrichs	1	10
überwindet	1	10
vorabend	1	8
café	1	4
besucht	1	7
zirkuswelt	1	10
mädels	1	6
trinkt	1	6
erstaufführung	1	14
spannenden	1	10
auffälliges	1	11
anlocken	1	8
gesunden	1	8
reaktion	1	8
reinen	1	6
verstandes	1	10
oberflächlichkeit	1	17
innerliche	1	10
achatfarbenen	1	13
spiegelte	1	9
verdüstert	1	10
geschwächt	1	10
vorwerfen	1	9
entkleiden	1	10
scheinwelt	1	10
akrobat	1	7
schwindelgefühle	1	16
hingebung	1	9
vera	1	4
davonlaufen	1	11
unüberwindlicher	1	16
strudel	1	7
erloschen	1	9
palais	1	6
genannte	1	8
zahlreiche	1	10
tragödie	1	8
waghalsige	1	10
geübt	1	5
irgend	1	6
entzogen	1	8
began	1	5
gefürchtete	1	11
sprunges	1	8
aimées	1	6
auffangen	1	9
unauffällig	1	11
trocknete	1	9
entlocken	1	9
filmspiel	1	9
mayer	1	5
janowitz	1	8
robert	1	6
wiene	1	5
dekorative	1	10
hermann	1	7
reimann	1	7
köhrig	1	6
hauntrollen	1	11
fehér	1	5
lil	1	3
dagover	1	7
heinz	1	5
twardowski	1	10
rudolph	1	7
vettinger	1	9
willy	1	5
hameister	1	9
uberaall	1	8
herd	1	4
geteiben	1	8
bravt	1	5
dagewesen	1	9
schaustellungen	1	15
stadtsekretär	1	13
ausstellen	1	10
fürein	1	6
somnambuler	1	11
herrrrreinspazient	1	18
deiser	1	6
srich	1	5
einein	1	6
stadtsekretärs	1	14
herbeigeführt	1	13
herrrrreinspaziert	1	18
dreiundziwanzig	1	15
iahre	1	5
dreivnzwanzig	1	13
iahren	1	6
totenstarre	1	11
erstehen	1	8
herreinspaziert	1	15
erwache	1	7
augenbllicke	1	12
herrschaften	1	12
cesar	1	5
beantworten	1	11
überrzeugen	1	11
morgengrave	1	11
ausfallen	1	9
prophezeiung	1	12
furchtbaren	1	11
ringsum	1	7
ermächtigung	1	12
erwirken	1	8
sumnambulen	1	11
wecken	1	6
gelöst	1	6
doppelmörder	1	12
mordversuch	1	11
ausbleiben	1	10
ebensolchen	1	11
dolch	1	5
medizinalrat	1	12
olfen	1	5
stundenlang	1	11
iv	1	2
zurückgekommen	1	14
beobachtung	1	11
eamelwerk	1	9
spezialstudium	1	14
zoß	1	3
stüdten	1	7
italians	1	8
mystiker	1	8
dr.caligari	1	11
genant	1	6
jahrmarkte	1	10
monade	1	6
panik	1	5
morde	1	5
ansgeführt	1	10
vollständig	1	11
unsführung	1	10
ahenteuerlichen	1	15
veranlaßte	1	10
nachgebildete	1	13
abwesenden	1	10
täterschaft	1	11
beseitigen	1	10
meiniagebuch	1	12
heutemeldeteman	1	15
einlieferung	1	12
derwunsch	1	9
unerbittliche	1	13
jetztwerdeichdas	1	16
psychiatrische	1	14
losen	1	5
ergrunden	1	9
zuhandlungengezwungenwerdenkann	1	31
verabscheuen	1	12
wahst	1	5
schlafende	1	10
nord	1	4
zwangsvorstellungen	1	19
dringen	1	7
must	1	4
dravssen	1	8
felde	1	5
scehen	1	6
wahrsagen	1	9
jane	1	4
königinnen	1	10
unsen	1	5
mystischen	1	10
gesundung	1	9
vampirs	1	7
täglicher	1	9
lieblingsgeschichte	1	19
religion	1	8
ritaule	1	7
wechselfälle	1	12
verfeindeten	1	12
stämmen	1	7
entführung	1	10
sklavenmarkt	1	12
stranden	1	8
stammes	1	7
guyard	1	6
mittags	1	7
irgendjemandem	1	14
provisionen	1	11
häßlichkeit	1	11
verlieben	1	9
verdächtige	1	11
präzise	1	7
einfinden	1	9
florians	1	8
teilt	1	5
reagieren	1	9
wieviel	1	7
instinkten	1	10
leiter	1	6
neger	1	5
wunderschöner	1	13
unwiderstehliche	1	16
list	1	4
vollführen	1	10
köstlichsten	1	12
schmuckstücke	1	13
heldenhafteste	1	14
prüfen	1	6
selma	1	5
lagerlöf	1	8
sjöström	1	8
heilsarmee-	1	11
schwelle	1	8
galoppierender	1	14
ausgehalten	1	11
bettes	1	6
heilsarmee-schwester	1	20
stattfanden	1	11
anzustoßen	1	10
gespenstischer	1	14
kumpel	1	6
lustiger	1	8
veränderung	1	11
uralten	1	7
zügel	1	5
erdenjahre	1	10
hingeht	1	7
todeskutscher	1	13
ankomme	1	7
bewirkt	1	7
verleitet	1	9
suff	1	4
absitzen	1	8
gefängnisstrafe	1	15
ließest	1	7
wegzuschleichen	1	15
tiefstes	1	8
inneres	1	7
soviel	1	6
heilsarmee-station	1	18
entstanden	1	10
sterilisierofen	1	15
anstrengender	1	13
verschwenden	1	12
einatmete	1	9
winters	1	7
ausbessert	1	10
ausmachen	1	9
gewöhnt	1	7
gebetet	1	7
zwitschern	1	10
einnimmst	1	9
angesteckt	1	10
sterbebett	1	10
kutschbock	1	10
verließt	1	8
bürde	1	5
freilassen	1	10
irdischen	1	9
schlimmes	1	9
zugestehen	1	10
wendest	1	7
schwindsüchtig	1	14
vorgibt	1	7
diejenige	1	9
überwunden	1	10
widerstandsfähigkeit	1	20
letztem	1	7
infizieren	1	10
wegzulaufen	1	11
liebend	1	7
neujahrsgruß	1	12
verpflichtet	1	12
zulassen	1	8
unschuldigen	1	12
geschöpfe	1	9
flehe	1	5
verurteile	1	10
trauern	1	7
geweigert	1	9
davongeschwemmt	1	15
heilsarmeeschwester	1	19
heftige	1	7
be-	1	3
kameradin	1	9
nirgends	1	8
herbringen	1	10
begleite	1	8
gespenstern	1	11
mitternachtsläuten	1	18
erzähle	1	7
silvestergeschichte	1	19
totenwagen	1	10
hinkommt	1	8
lebender	1	8
ehrbares	1	8
fange	1	5
vorwarnung	1	10
wuchsen	1	7
rachedurst	1	10
unermessliche	1	13
eröffnete	1	9
stützpunkt	1	10
ansteckend	1	10
hergeschickt	1	12
ansteckungsgefahr	1	17
ausgekühlt	1	10
genäht	1	6
bemüht	1	6
ankam	1	5
übernimmst	1	10
todkrank	1	8
freigeworden	1	12
gestiftet	1	9
verderben	1	9
willkommensversammlung	1	22
scherze	1	7
unerträglich	1	12
durchgerungen	1	13
umpflanzen	1	10
widerstandskräfte	1	17
verhängnis	1	10
anstecken	1	9
konntest	1	8
neujahrsbotschaft	1	17
verstoßen	1	9
bessern	1	7
herausgeweint	1	13
vermieterin	1	11
kriegsschuld	1	12
lkw	1	3
anzumelden	1	10
rassen	1	6
krümel	1	6
telefon-service	1	15
fliegen-zeit	1	12
gelegen	1	7
blue	1	4
sunday	1	6
stichwort	1	9
funktionieren	1	13
bolschewiken-bonbon	1	19
keese	1	5
öffnete	1	7
gehäuse	1	7
austernladen	1	12
festessen	1	9
amalgamated	1	11
producing	1	9
company	1	7
stan	1	4
lucky	1	5
dog	1	3
polierpaste	1	11
reißzwecke	1	10
wirtin	1	6
truck	1	5
teilzunehmen	1	12
hunde-ausstellung	1	17
reinrassige	1	11
exemplare	1	9
deppen	1	6
telefon-auskunft	1	16
streich	1	7
eingenommen	1	11
eintreffenden	1	13
trauriger	1	9
getrennte	1	9
muscheln	1	8
austern-restaurant	1	18
überlässt	1	9
heraufbeschwören	1	16
schauspielern	1	13
dumas	1	5
unsterbliche	1	12
porträtiert	1	11
schößchenjacken	1	15
krinolinen	1	10
fröhlichkeit	1	12
pulsiert	1	8
grimmige	1	8
note	1	4
tragik	1	6
rieux	1	5
kindertagen	1	11
blasiert	1	8
offensichtlich	1	14
höheren	1	7
kommilitonen	1	12
jura	1	4
studieren	1	9
schmarotzte	1	11
jüngeren	1	8
erfolgreicheren	1	15
abendgesellschaft	1	17
nanine	1	6
verschütten	1	11
aufmerksamkeiten	1	16
hartnäckig	1	10
absichten	1	9
verhehlt	1	8
bescheidene	1	11
jedermanns	1	10
schneiderei	1	11
ersticke	1	8
husten	1	6
verdirbt	1	8
unwürdig	1	8
dienstbote	1	10
umhegen	1	7
ergebenheit	1	11
erkennungszeichen	1	17
kamelie	1	7
hegt	1	4
entfalten	1	9
leichteste	1	10
berührung	1	9
welkt	1	5
schmarotzer	1	11
bewies	1	6
zärtliche	1	9
ergebenst	1	9
lauschte	1	8
exil	1	4
hingab	1	6
unbestimmten	1	12
vorahnung	1	9
geringste	1	9
geringen	1	8
hinabziehen	1	11
anzunehmen	1	10
zukünftiges	1	11
verkaufsliste	1	13
unterzeichnen	1	13
opferst	1	7
offeriert	1	9
bevollmächtige	1	14
duvernoy	1	8
gegenstände	1	11
diamantring	1	11
duvals	1	6
überschreiben	1	13
berauben	1	8
erbes	1	5
pfennig	1	7
verkaufe	1	8
appelliere	1	10
strebt	1	6
skandal	1	7
verknüpft	1	9
fängt	1	5
fortgehen	1	9
gekettet	1	8
eskapade	1	8
hazard	1	6
d'or	1	4
eleganteste	1	11
spielkasino	1	11
nachstand	1	9
benahm	1	6
wahnsinniger	1	12
parties	1	7
betäubt	1	7
aufregungen	1	11
aufzupassen	1	11
neuankömmling	1	13
prahlt	1	6
käuflich	1	8
ausgehenden	1	11
hochzeitstag	1	12
hinzugehen	1	10
versteigerung	1	13
angeordnet	1	10
ausnahme	1	8
kostbarste	1	10
besonderem	1	10
ray	1	3
northam	1	7
tschechoslowakische	1	19
slowakische	1	11
dramaturg	1	9
schnitt	1	7
music	1	5
tonzusammenarbeit	1	17
produzent	1	9
gedreht	1	7
usa	1	3
závodný	1	7
produziert	1	10
tschechoslowakischen	1	20
hauptredaktion	1	14
programme	1	9
widmet	1	6
spielfilm	1	9
leitete	1	7
architekt	1	9
drall	1	5
geharnt	1	7
zuviel	1	6
prost	1	5
anièka	1	6
pišta	1	5
ladenschwengel	1	14
schnurbart	1	10
tuch	1	4
truhe	1	5
fron	1	4
fünfzig	1	7
stocke	1	6
sparen	1	6
beerdigung	1	10
überleg	1	7
behindert	1	9
einhundert	1	10
ungerufene	1	10
bestohlen	1	9
ausgetrieben	1	12
forstbruderschaft	1	17
gerechter	1	9
anderswie	1	9
wohlergehen	1	11
dien	1	4
grafs	1	5
šándors	1	7
üppigen	1	7
edelmannes	1	10
sorten	1	6
edelmännern	1	11
benachbarten	1	12
aberja	1	6
rechnungen	1	10
beglichen	1	9
ch	1	2
bloßstellen	1	11
aufwand	1	7
abkaufen	1	8
edelmannsehre	1	13
währe	1	5
bauersleute	1	11
zurückzahlen	1	12
ordnen	1	6
strängen	1	8
gebietet	1	8
wehrt	1	5
gestockt	1	8
dan	1	3
billig	1	6
blendend	1	8
bude	1	4
schuften	1	8
klug	1	4
scheues	1	7
schmalreh	1	9
trotzig	1	7
nest	1	4
väterlichen	1	11
beschützers	1	11
beurteilen	1	10
armselige	1	9
gequälten	1	9
erbarmung	1	9
armseligen	1	10
gekümmert	1	9
konferenz	1	9
graffs	1	6
höhepunkt	1	9
prügeln	1	7
entfliest	1	9
gau	1	3
säubern	1	7
kommisaar	1	9
ausgelegt	1	9
versöhnt	1	8
oma	1	3
hergeführt	1	10
beichte	1	7
aberjetzt	1	9
beichten	1	8
mädel	1	5
wiest	1	5
michal	1	6
rüttelt	1	7
meirhof	1	7
pistolen	1	8
fertigmachen	1	12
gefährten	1	9
bestrafft	1	9
schwären	1	8
exempel	1	7
hüfte	1	5
aufgehenkt	1	10
verzögerung	1	11
ausgeführt	1	10
kämpfer	1	7
waisenkindes	1	12
deins	1	5
münze	1	5
guido	1	5
impresario	1	10
wohltätigkeit	1	13
bezirksarzt	1	11
ahhh	1	4
zuwendung	1	9
rekonvaleszenz	1	14
polizeianzeiger	1	15
aufsicht	1	8
bezirkswaisenhaus	1	17
habseligkeiten	1	14
haftet	1	6
gestohlene	1	10
-jähriger	1	9
obengenannte	1	12
ausbezahlt	1	10
traumland	1	9
einkaufen	1	9
verzaubere	1	10
auserwählter	1	12
texte	1	5
arnwoldson	1	10
waisenkind	1	10
landarzt	1	8
polizeiblatt	1	12
regionales	1	10
waisenhaus	1	10
direktion	1	9
haftbar	1	7
wertgegenstände	1	15
tragbares	1	9
mitgroßen	1	9
ausgezahlt	1	10
traumwelt	1	9
spritztour	1	10
schlepp	1	7
kämpfende	1	9
börsianer	1	9
makler	1	6
ankündigen	1	10
gelungene	1	9
bitterste	1	9
mußte	1	5
europa	1	6
brillantenbörse	1	15
bureau	1	6
gnädigste	1	9
forster	1	7
verbleib	1	8
verrinnt	1	8
verbring	1	8
deux	1	4
servieren	1	9
schildkrötensuppe	1	17
gebackene	1	9
austern	1	7
pâté	1	4
foie	1	4
croûte	1	6
weißem	1	6
portwein	1	8
sodann	1	6
roastbeef	1	9
coeur	1	5
d'artichauts	1	12
champignons	1	11
sauce	1	5
rémoulade	1	9
feurigen	1	8
chambertin	1	10
süßspeise	1	9
gebacken	1	8
heidsieck	1	9
goût	1	4
américain	1	9
soeben	1	6
reisegepäck	1	11
upton	1	5
zwischenzeit	1	12
allerdings	1	10
wußte	1	5
betreffende	1	11
künftigen	1	9
zwecklos	1	8
anzukämpfen	1	11
erholt	1	6
neugierig	1	9
weiterging	1	10
gemahlin	1	8
abgewiesen	1	10
kennengelernt	1	13
wa	1	2
lauer	1	5
ereignete	1	9
rätselhaftes	1	12
begründung	1	10
koste	1	5
gewißheit	1	9
vorzustrecken	1	13
verlaß	1	6
kraftdroschke	1	13
freut	1	5
teuerste	1	8
vernachlässigen	1	15
konsul	1	6
herrchen	1	8
allemal	1	7
enthüllen	1	9
geschworen	1	10
außerordentliche	1	16
schrift	1	7
herumgetrieben	1	14
befangen	1	8
verschlossen	1	12
alledem	1	7
gewußt	1	6
schicksalsstunde	1	16
aufzurichten	1	12
vergiß	1	6
versöhnung	1	10
beleidiger	1	10
entfernen	1	9
rings	1	5
sogleich	1	8
geeilt	1	6
anzeige	1	7
erstatten	1	9
erachtens	1	9
vorgenommen	1	11
kurzem	1	6
gefahren	1	8
zivil	1	5
angelegenheit	1	13
armem	1	5
verdachtes	1	10
treibst	1	7
gefaßt	1	6
rubin	1	5
juwelensammlung	1	15
axminster	1	9
verübt	1	6
alibi	1	5
tagebuchs	1	9
wintergarten	1	12
aufbewahre	1	10
bezeugen	1	8
schuldbeladenes	1	15
besseres	1	8
gesühnt	1	7
unwandelbare	1	12
english	1	7
neil	1	4
mcglone	1	7
mädchens	1	8
immerkrank	1	10
ludwig	1	6
behandlungsgebühr	1	17
gleicht	1	7
abgedunkelten	1	13
medikamente	1	11
beratenden	1	10
entschieden	1	11
verlegen	1	8
tapetenwechsel	1	14
unerlässlich	1	12
hufeisenwerfen	1	14
zweitgrößte	1	11
lndustriezweig	1	14
krocket	1	7
arbeitszeiten	1	13
us$	1	3
nurnoch	1	7
kassieren	1	9
medizinköfferchen	1	17
marta	1	5
sonny	1	5
fleming	1	7
schulhaus	1	9
abgebrannt	1	10
angefordert	1	11
eintreffen	1	10
medikament	1	10
verschreibe	1	11
hornissennest	1	13
schlimmstem	1	11
umweg	1	5
feines	1	6
pokerrunde	1	10
gesamtes	1	8
pussyfoot	1	9
verwaltet	1	9
kriegsgeheul	1	12
sheriff	1	7
scott	1	5
ez	1	2
showdown	1	8
hellen	1	6
jetziger	1	8
kauz	1	4
glückstag	1	9
haskell	1	7
hervorragenden	1	14
facharzt	1	8
beratung	1	8
jamison	1	7
welse	1	5
pik-bube	1	8
gesichtsfarbe	1	13
kurieren	1	8
unregelmäßig	1	12
höchstwahrscheinlich	1	20
beachten	1	8
pupillenreflex	1	14
hinstellen	1	10
dreiste	1	7
frechheit	1	9
ufern	1	5
rettendes	1	9
verabschieden	1	13
humpy	1	5
logan	1	5
grundstück	1	10
bumm-budi-bumm	1	14
auslösen	1	8
papperlapapp	1	12
aufregung	1	9
quittiere	1	9
blank	1	5
hauptstraße	1	11
speiend	1	7
satanischen	1	11
beteiligt	1	9
schrien	1	7
ansteckenden	1	12
porträtieren	1	12
vollführte	1	10
zeichnete	1	9
mild	1	4
temperierte	1	11
reizes	1	6
versammelte	1	11
spanier	1	7
angeboren	1	9
barbarei	1	8
sonnige	1	7
geburtsstätte	1	13
schattigen	1	10
vorortes	1	8
feria	1	5
schlachthaus	1	12
schlachter	1	10
schmerzlich	1	11
ermüdet	1	7
fehlens	1	7
sattler	1	7
grossen	1	7
übernommen	1	10
encarnocion	1	11
nutzlosen	1	9
andalusischen	1	13
vorgebirgen	1	11
gassenkindern	1	13
wanderte	1	8
festtagen	1	9
amateure	1	8
sport	1	5
rodolfo	1	7
valentino	1	9
blickwinkeln	1	12
reward	1	6
pesetas	1	7
offered	1	7
capture	1	7
unterhallt	1	10
audios	1	6
pesete	1	6
tracht	1	6
prügel	1	6
encarnacion	1	11
bereitest	1	9
seidenen	1	8
tücher	1	6
verbreiteten	1	12
weckten	1	7
nationalsportes	1	15
second-hand	1	11
anzug	1	5
orangen	1	7
abwerfen	1	8
dröhnen	1	7
domglocken	1	10
verdeutlichte	1	13
vorbeleilen	1	11
gesegnet	1	8
tapferkeit	1	10
stiefbruder	1	11
flor	1	4
spielkameradin	1	14
hinzuschauen	1	12
stadtteil	1	9
joselito	1	8
menschentums	1	12
philosoph	1	9
umgab	1	5
überresten	1	10
grauenvolle	1	11
zeugnisse	1	9
unmenschlichen	1	14
verhaltens	1	10
gewillt	1	7
hauptbuch	1	9
verzeichnete	1	12
interessierte	1	13
cafés	1	5
manager	1	7
entschied	1	9
sports	1	6
erfahrener	1	10
angeführt	1	9
existenz	1	8
potaje	1	6
einreitet	1	9
ponteriro	1	9
garabato	1	8
galardo	1	7
wahrend	1	7
stiefbruders	1	12
aalte	1	5
beißen	1	6
gefälligkeit	1	12
höflichkeit	1	11
glaubensfigur	1	13
giralda	1	7
schöre	1	6
schwank	1	7
stierkämpfern	1	13
bezahlte	1	8
heimliche	1	9
philosophen	1	11
aufging	1	7
flüchtigen	1	10
parallel	1	8
unumgänglich	1	12
madrid	1	6
grosse	1	6
gläubig	1	7
gomez	1	5
meistens	1	8
improvisierte	1	13
begrüßung	1	9
ruiz	1	4
gladiatoren	1	11
brächten	1	8
stalljunge	1	10
verbandes	1	9
moraima	1	7
züchter	1	7
schüssel	1	8
stierstall	1	10
nationen	1	8
stierer	1	7
ehren	1	5
gröbsten	1	8
zürcher	1	7
nachbargrundstück	1	17
wagemut	1	7
verzückt	1	8
ägyptischen	1	11
botschafters	1	12
könige	1	6
übliche	1	7
dye	1	3
neffen	1	6
ständiger	1	9
gehörst	1	7
my	1	2
dear	1	4
secret	1	6
have	1	4
been	1	4
what	1	4
represents	1	10
more	1	4
afraid	1	6
than	1	4
beasts	1	6
has	1	3
courtesy	1	8
accept	1	6
lady's	1	6
invitation	1	10
verhöhnst	1	9
affäre	1	6
sols	1	4
hobby	1	5
gehofft	1	7
termin	1	6
entzückt	1	8
widerworte	1	10
created	1	7
happiness	1	9
but	1	3
instead	1	7
destroyed	1	9
tranquility	1	11
world	1	5
wundervolle	1	11
moraimas	1	8
niece	1	5
senille	1	7
beautiful	1	9
returned	1	8
rumored	1	7
longer	1	6
wears	1	5
which	1	5
once	1	4
belonged	1	8
cleopatra	1	9
now	1	3
adorns	1	6
ave	1	3
purisma	1	7
abergläubisch	1	13
santa	1	5
flamme	1	6
ausgebrannt	1	11
geschwärzte	1	11
ruß	1	3
beenden	1	7
rinconarda	1	10
zukommen	1	8
bedeutendsten	1	13
verschönert	1	11
wundervolles	1	12
freudinnen	1	10
fehl	1	4
teufelsschlange	1	15
glühte	1	6
lädst	1	5
denselben	1	9
gewählt	1	7
taktlosigkeit	1	13
zusprechen	1	10
ungewöhnlicher	1	14
stiert	1	6
frühstückst	1	11
senior	1	6
ausgehe	1	7
raust	1	5
abgeschossen	1	12
anbieten	1	8
banditenfreund	1	14
annehmlicher	1	12
besenstiel	1	10
vergangene	1	10
chaos	1	5
sorglose	1	8
vergeudung	1	10
klatsch	1	7
aufhöre	1	7
zopf	1	4
gespart	1	7
unbeständig	1	11
beifall	1	7
zurief	1	6
kamerad	1	7
waghalsig	1	9
plumbitas	1	9
blockierte	1	10
rechter	1	7
waghalsigkeit	1	13
standfestigkeit	1	15
zehntausend	1	11
köpfen	1	6
erstund	1	7
vampyr	1	6
lebet	1	5
nähret	1	6
blute	1	5
unerlöset	1	9
hauset	1	6
erschrökklichen	1	15
gefüllet	1	8
seyen	1	5
aeckern	1	7
schwartzen	1	10
hingerafft	1	10
eigenartigen	1	12
ausser	1	6
verbietet	1	9
strassen	1	8
verschleppt	1	11
ernährt	1	7
unerlöst	1	8
grabkammern	1	11
särgen	1	6
gefüllt	1	7
hafenverwaltung	1	15
verladehafen	1	12
dieselben	1	9
ursprung	1	8
dardanellen	1	11
ssw	1	3
unbekannter	1	11
zehnter	1	7
schiffsboden	1	12
pestgefahr	1	10
bekanntmachung	1	14
kenntnis	1	8
untersagt	1	9
zwang	1	5
widert	1	6
entsetzt	1	8
der's	1	5
ersonnen	1	8
ausgebrütet	1	11
ahnt	1	4
würzend	1	7
willig	1	6
durstender	1	10
verschmachten	1	13
gehöhnt	1	7
geschunden	1	10
fratze	1	6
höcker	1	6
hüter	1	5
lauern	1	6
bestochen	1	9
übertreibst	1	11
skrupel	1	7
fürwahr	1	7
platze	1	6
bauerndirnen	1	12
mägden	1	6
krämertöchtern	1	14
freudenmädchen	1	14
begnügen	1	8
erwählen	1	8
unsern	1	6
losung	1	6
bezwingenden	1	12
glorie	1	6
dringe	1	6
sehrender	1	9
blendet	1	7
schufst	1	7
meldest	1	7
grüßte	1	6
ringen	1	6
herzbrechend	1	12
zürnen	1	6
alissa	1	6
jüdin	1	5
hei	1	3
reizende	1	8
biparetto	1	9
dichters	1	8
entzückend	1	10
alltagbeschwerten	1	17
entreißen	1	9
unerfahren	1	10
liebeskünsten	1	13
unverstandne	1	12
engen	1	5
zimmern	1	7
weite	1	5
verschwiegener	1	14
morgenlandsträume	1	17
gehn	1	4
erfüllung	1	9
ersehnt	1	7
jählings	1	8
ward's	1	6
überzeugend	1	11
mir's	1	5
wohlgestalt	1	11
anmut	1	5
begabt	1	6
festen	1	6
zög	1	3
grausen	1	7
überschätzt	1	11
gewaltig	1	8
schönheitsempfinden	1	19
frühlingsnächte	1	15
fenstern	1	8
schwülen	1	8
blumengeruch	1	12
betäubend	1	9
fiebern	1	7
dirnchen	1	8
verkommnes	1	10
heischt	1	7
laterne	1	7
mustert	1	7
schmachvoll	1	11
adern	1	5
gerann	1	6
wirkte	1	6
geschminkten	1	12
gleißen	1	7
elends	1	6
furchtbare	1	10
unflät'ge	1	9
verhießen	1	9
gewähr	1	6
fehlte	1	6
bespein	1	7
entweihn	1	8
lenznacht	1	9
gnäd'ger	1	8
stande	1	6
unbesorgt	1	9
vertraun	1	8
wasserspielen	1	13
unerhörten	1	10
seit'nen	1	8
freigeb'ger	1	11
vermacht	1	8
ew'ge	1	5
wandtest	1	8
verschwendend	1	13
dämmrung	1	8
beisein	1	7
senates	1	7
großem	1	6
gepräng	1	7
geladen	1	7
lieferst	1	8
scheut	1	6
meidet	1	6
künftig	1	7
erwart	1	6
obliegt	1	7
festzusetzen	1	12
paragraphe	1	10
verspätet	1	9
merken's	1	8
sancta	1	6
geschehn	1	8
dacht	1	5
göttin	1	6
schweig	1	7
municipium	1	10
irgend'ner	1	10
gasterei	1	8
festivität	1	10
goldnen	1	7
gruß	1	4
signori	1	7
gewürdigt	1	9
besuchs	1	7
illustrer	1	9
edler	1	5
bescheiden	1	10
durchschritten	1	14
ihresgleichen	1	13
ritterschaft	1	12
stirnen	1	7
lest	1	4
erlauchter	1	10
geschlechter	1	12
vielliebe	1	9
sinns	1	5
mögt	1	4
achtet	1	6
zuleide	1	7
normen	1	6
bewund'rung	1	11
hochherzigkeit	1	14
besondere	1	9
vergönnt	1	8
priese	1	6
so's	1	4
genehm	1	6
delegieret	1	10
senate	1	6
freudiges	1	9
kündet	1	6
bedeutend	1	9
unerwartet	1	10
wahrt	1	5
kärgliche	1	9
zerrinnt	1	8
mühselig	1	8
erworben	1	8
mehren	1	6
drückend	1	8
lasten	1	6
haben's	1	7
geduldig	1	8
zumeist	1	7
murrend	1	7
hort	1	4
heiligkeit	1	10
bricht's	1	8
machtlos	1	8
sendung	1	7
lichtstrahl	1	11
eilands	1	7
glückkündenden	1	14
omen	1	4
dess	1	4
rappe	1	5
scheute	1	7
gold'nen	1	8
einspruchs	1	10
abhängig	1	8
blitzende	1	9
darob	1	5
zügeln	1	6
ross	1	4
unfreiwill'gem	1	14
fußfall	1	7
gehuldigt	1	9
strecken	1	8
siegesgewissen	1	14
säh	1	3
niedrig	1	7
erreichbar	1	10
ringt	1	5
opfert	1	6
minnelohn	1	9
eilst	1	5
lumpigen	1	8
müssen's	1	8
verzieht	1	8
senat	1	5
erbittet	1	8
genehmigung	1	11
verschmähn	1	10
erschrak	1	8
grifft	1	6
wurdet	1	6
kindskopf	1	9
blinzeln	1	8
verstohlenes	1	12
winken	1	6
skulptur	1	8
verfiel	1	7
lebensunkundig	1	14
einfältig	1	9
umgang	1	6
kommt's	1	7
erstaunt	1	8
seen	1	4
gelingt's	1	9
liegt's	1	7
dünkt	1	5
modelle	1	7
geglückt	1	8
erstand	1	7
wundersam	1	9
hässlicher	1	10
kinn	1	4
sehet	1	5
sann	1	4
bastelnd	1	8
mühte	1	5
unversehens	1	11
tückisch	1	8
schleicht's	1	11
pinseln	1	7
möcht	1	5
musst's	1	7
nähmet	1	6
wärt	1	4
schlangen	1	9
lockenden	1	9
besinnt	1	7
gemälde	1	7
wirksam	1	7
kontrast	1	8
ner	1	3
buckel	1	6
gespött	1	7
verewigt	1	8
auftut	1	6
campagna	1	8
zeitiger	1	8
frühe	1	5
blassfahle	1	10
matt	1	4
umspielt	1	8
gesäumt	1	7
zypressen	1	9
schrittet	1	9
gebückt	1	7
misstrauisch	1	12
musternd	1	8
gardinen	1	8
späherin	1	8
bargen	1	6
saht	1	4
glühend	1	7
leuchtend	1	9
herolden	1	8
nahen	1	5
kündend	1	7
armsel'ge	1	9
wand'rer	1	8
muskel	1	6
spannte	1	7
straff	1	6
schmächtigen	1	12
hoben	1	5
gebreitet	1	9
glast	1	5
riesenhaft	1	10
klopfte	1	7
entgegenschreitend	1	18
trunkene	1	8
beschämt	1	8
zumut	1	5
vollende	1	8
katz	1	4
maus	1	4
branciforte	1	11
verwöhnt	1	8
einerseits	1	10
erfreulich	1	10
anderseits	1	10
adel	1	4
bedauern	1	8
wertvoll	1	8
spräche	1	7
entschiede	1	10
gunsten	1	7
billigkeit	1	10
geböten	1	7
müsse	1	5
ähnliche	1	8
phrasen	1	7
neidet	1	6
zuwider	1	7
preist	1	6
ahnend	1	6
stimmung	1	8
bange	1	5
verachte	1	8
wunde	1	5
ätzen	1	5
gelächter	1	9
tollheit	1	8
erkenn	1	6
hofes	1	5
glänzendster	1	12
geehrt	1	6
vergöttert	1	10
tollsten	1	8
fremd	1	5
born	1	4
durstigen	1	9
reckt	1	5
zerwühlte	1	9
mieden	1	6
klagte	1	6
demüt'gung	1	10
erkläre	1	7
unebenbürtig	1	12
bürgerlich	1	10
heischte	1	8
begehrte	1	8
ungereimt	1	9
müht	1	4
ergründen	1	9
auszudeuten	1	11
höfischer	1	9
durchwacht	1	10
geschwellt	1	10
werbung	1	7
erröten	1	7
ehr	1	3
andrae	1	6
hintrat	1	7
befiel	1	6
zagen	1	5
kühl	1	4
staunend	1	8
kleinmütig	1	10
hochfahrend	1	11
rau	1	3
brächte	1	7
selbstverstümmlung	1	18
geholt	1	6
vollends	1	8
besinnung	1	9
gütern	1	6
stammelt	1	8
wirre	1	5
umfangend	1	9
manchem	1	7
wüsst	1	5
verhasst	1	8
warner	1	6
werbe	1	5
kenn	1	4
hoff	1	4
wüte	1	4
verzweifle	1	10
wirf's	1	6
mundes	1	6
odem	1	4
getränkt	1	8
haares	1	6
dirne	1	5
sandten	1	7
übergeh	1	7
verruchten	1	10
herrliche	1	9
eigens	1	6
liebesfesten	1	12
erschließt	1	10
künstliche	1	10
betrittst	1	9
umglitzert	1	10
schwere	1	7
düfte	1	5
verwirren	1	9
lrrlichtern	1	11
rötlich	1	7
zuckende	1	8
gesänge	1	7
schmaler	1	8
dichte	1	6
rosengehege	1	11
verschleiern	1	12
hässlichster	1	12
abenteuers	1	10
verwirklichten	1	14
schönheitsgedankens	1	19
bereut	1	6
fackeln	1	7
vergoldet	1	9
taumel	1	6
orgie	1	5
gegensätze	1	10
schwinden	1	9
gezüchtet	1	9
sumpfblüten	1	11
giftkraut	1	9
einzudämmen	1	11
maßlosigkeit	1	12
brunst	1	6
drängt	1	6
schenkungsdrange	1	16
einhalt	1	7
gebieten	1	8
volksbeglücker	1	14
kannt	1	5
lernte	1	6
antwerpens	1	10
schlanke	1	8
zartem	1	6
geäder	1	6
grobe	1	5
derbknochige	1	12
männerfäuste	1	12
beringte	1	8
üppig	1	5
nägeln	1	6
spitz	1	5
rosig	1	5
blinkend	1	8
blassen	1	7
blutes	1	6
krallte	1	7
blühendes	1	9
andre	1	5
pflückte	1	8
grünem	1	6
reckend	1	7
bleich	1	6
wächsern	1	8
dürren	1	6
umkrampft	1	9
sickerte	1	8
unterdrücktes	1	13
wimmerndes	1	10
todesbang	1	9
verhaltener	1	11
empfunden	1	9
lebenswegen	1	11
sinnbetörender	1	14
schöpfte	1	8
seelisch	1	8
körperlich	1	10
krankte	1	7
unbarmherzige	1	13
zuckenden	1	9
krampft	1	7
ruh	1	3
leugnet	1	7
ängstlich	1	9
verbrochen	1	10
tändeln	1	7
schlimm'res	1	11
eures	1	5
gesichts	1	8
teuflin	1	7
verderbt	1	8
schildert	1	9
zürnt	1	5
begreif	1	7
fürcht	1	6
undenkbar	1	9
warmer	1	6
neigung	1	7
verheißung	1	10
gäb's	1	5
elende	1	6
trostwort	1	9
unding	1	6
pochender	1	9
entgegenstrebte	1	15
hasst	1	5
räumen	1	6
bewohnt	1	7
entflieht	1	9
maientag	1	8
furche	1	6
frühlings	1	9
blätter	1	7
welken	1	6
einz'ge	1	7
sonnigen	1	8
gingt	1	5
wusstet	1	7
herrlichste	1	11
blühendste	1	10
bangigkeit	1	10
andermal	1	8
regentagen	1	10
männlein	1	8
verrunzelt	1	10
ansah	1	5
einfält'gen	1	11
merke	1	5
weicht	1	6
bedenkt	1	7
senkt	1	5
verscheucht	1	11
strahlendem	1	11
lichte	1	6
ungeliebt	1	9
gebrechliches	1	13
stütz	1	5
heil'gen	1	8
weihn	1	5
unendlich	1	9
silbernes	1	9
täuschung	1	9
betratet	1	8
güte	1	4
schweigsam	1	10
zeigtet	1	7
unfassbar	1	9
auszusinnen	1	11
vermochte	1	9
zaubers	1	7
wirkten	1	7
donna	1	5
verbergt	1	8
vollendet	1	9
erschlafft	1	10
ärmer	1	5
höchstes	1	8
zwiespältig	1	11
teilnahme	1	9
weckt	1	5
wachruft	1	8
heimlicher	1	10
vermischt	1	9
behexenden	1	10
kräutern	1	8
herzblut	1	8
liebtollen	1	10
gebraut	1	7
furchtbarer	1	11
preisgegeben	1	12
lüsternen	1	9
herrlichen	1	10
schamvoll	1	9
nacktheit	1	9
räkelnd	1	7
reize	1	5
entfaltend	1	10
liebenden	1	9
jünglings	1	9
glücktrunknem	1	13
lodernder	1	9
zerrissen	1	9
gütigen	1	7
hüllt	1	5
bändigt	1	7
unsel'ge	1	8
sagtet	1	6
verdankt	1	8
marter	1	6
verdiene	1	8
gelüsten	1	8
ereilt	1	6
verleumden	1	10
erhaben	1	7
verworfen	1	9
führ	1	4
schwärzliches	1	13
verkriechen	1	11
eintauchen	1	10
leuchtendes	1	11
fliehe	1	6
s'	1	2
hell	1	4
seid's	1	6
schmucker	1	9
wohlig	1	6
linde	1	5
darfst's	1	8
umspannt	1	8
lind	1	4
süß	1	3
schallt	1	7
klüften	1	7
vertausendfacht	1	15
spottlied	1	9
gebüschen	1	9
hecken	1	6
glitzert	1	8
irrwisch	1	8
hetzt	1	5
bergauf	1	7
talab	1	5
äther	1	5
sümpfe	1	6
bringer	1	7
will's	1	6
musen	1	5
rosenkranzkrone	1	15
genuesisches	1	12
betörte	1	7
füchse	1	6
vertrackten	1	11
neider	1	6
verleumdung	1	11
höret	1	5
erheb	1	5
zeih	1	4
mädchenraubs	1	12
verführung	1	10
zücht'gen	1	9
jungfrauen	1	10
kuppelei	1	8
verleitung	1	10
dehnen	1	6
zeihen	1	6
satans	1	6
dämonen	1	7
behexung	1	8
verheert	1	8
brutstatt	1	9
teuflischer	1	11
läuft's	1	7
bestiehlt	1	9
gönnt	1	5
erschlagt	1	9
schufte	1	7
cimbeln	1	7
flöten	1	6
harfen	1	6
peinlich	1	8
befragen	1	8
erkläret	1	8
himmelswillen	1	13
heischend	1	9
floht	1	5
dämmert	1	7
menaldo	1	7
negroni	1	7
zusammenhänge	1	13
horde	1	5
wüster	1	6
riss	1	4
warb	1	4
wüstling	1	8
zerfleischte	1	12
lauscht	1	7
verrucht	1	8
jauchzen	1	8
geschändeten	1	12
irrst	1	5
hinüberschliefe	1	15
and're	1	6
and'res	1	7
verfluchen	1	10
besaß	1	5
bliebe	1	6
versteh	1	7
weher	1	5
zurückgestoßen	1	14
mordest	1	7
erschaut	1	8
wähntest	1	8
wichst	1	6
zitternd	1	8
feige	1	5
herbe	1	5
flügellahm	1	10
unfrei	1	6
verzagt	1	7
deinesgleichen	1	14
kostbare	1	8
grell	1	5
trugbild	1	8
nächtlicher	1	11
spuk	1	4
nahmst	1	6
fährst	1	6
enthülle	1	8
grausig	1	7
ahnst	1	5
werten	1	6
freudlos	1	8
siechen	1	7
verklärung	1	10
brünst'ger	1	10
umarmung	1	8
selig	1	5
baten	1	5
schonung	1	8
stammelten	1	10
uralte	1	6
angstvollen	1	11
sichwehrens	1	11
flehten	1	7
munde	1	5
qualvoll	1	8
bekenntnis	1	10
entsetzen	1	9
unbändig	1	8
entfachter	1	10
begierde	1	8
schuf	1	5
glitzernden	1	11
lachenden	1	9
gesellte	1	8
trunkener	1	9
jauchzte	1	8
gierte	1	6
wissend	1	7
rollt	1	5
fletscht	1	8
ballt	1	5
fäuste	1	6
seligste	1	8
buckliger	1	9
fiedler	1	7
erschlagen	1	10
erwürg	1	6
stirb	1	5
verruchter	1	10
nachtgesicht	1	12
hu	1	2
silbernen	1	9
beschaffe	1	9
mitarbeiter-eingang	1	19
zurückbringen	1	13
stehengeblieben	1	15
muskulös	1	8
lohntüte	1	8
einfluss	1	8
verhafte	1	8
steaks	1	6
waffeln	1	7
medaillon-ketten	1	16
überrasche	1	10
-dollar-rechnung	1	16
geschäftsführer	1	15
beschwerde-karte	1	16
angestellter	1	12
geschäftsführers	1	16
kultivierte	1	11
elegante	1	8
papierkorb	1	10
kleinlichen	1	11
beschwerden	1	11
erscheinungsbild	1	16
belästigt	1	9
feuerübung	1	10
teste	1	5
handtasche	1	10
vorgehensweise	1	14
himmelstoren	1	12
werbeleiter	1	11
todesverachtendem	1	17
nervenkitzel	1	12
erklimmt	1	8
aufragenden	1	11
schauplatz	1	10
kunststücks	1	11
ziegfeld	1	8
follies	1	7
schlüpfst	1	9
merken	1	6
geheimnisvolle	1	14
blackstone's	1	12
kaliforniens	1	12
bestes	1	6
schaffe	1	7
schaffst	1	8
fotograf	1	8
schlummerfrosch	1	15
korrekturen+timing	1	18
allerersten	1	11
tiffany	1	7
zusenden	1	8
angestellten	1	12
lager	1	5
ander	1	5
muskelös	1	8
permanenten	1	11
eigenhändigen	1	13
schulterklopfen	1	15
schlingel	1	9
einfluß	1	7
durchkommen	1	11
demonstrieren	1	13
knien	1	5
verhaften	1	9
bespiel	1	7
medallions	1	10
orndnung	1	8
generalmanager	1	14
berichten	1	9
managers	1	8
absolut	1	7
vornehme	1	8
kultur	1	6
sorte	1	5
mitarbeit	1	9
verzichten	1	10
flüchtiger	1	10
mußt	1	4
mülleimer	1	9
unbedeutenden	1	13
perfektes	1	9
tests	1	5
feuern	1	6
verwaltung	1	10
entsprechen	1	11
erklettern	1	10
verziert	1	8
schecks	1	7
journalisten	1	12
tonikum	1	7
mysteriöser	1	11
todesmutige	1	11
mittelpunkt	1	11
akrobatik	1	9
klettertour	1	11
theatralischen	1	14
bemerken	1	8
mysteriöse	1	10
stockerk	1	8
hindernis	1	9
fotograph	1	9
missverständnisse	1	17
betonen	1	7
auftrete	1	8
verfolgte	1	9
lieblosen	1	9
elternhauses	1	12
zukunftsplänen	1	14
zugemacht	1	9
aufnehmen	1	9
beziehen	1	8
wecke	1	5
kauf	1	4
packe	1	5
schreckliches	1	13
zauberstadt	1	11
glücksrad	1	9
lebemann	1	8
vernichtet	1	10
trostlosen	1	10
sorglosen	1	9
junggeselle	1	11
jungfern	1	8
lebenskünstler	1	14
kochkunst	1	9
parfümierten	1	12
taschentücher	1	13
verpesten	1	9
champagner	1	10
schweinen	1	9
aufgestöberten	1	14
säuen	1	5
clairs	1	6
appartement	1	11
fifi	1	4
genuss	1	6
faulste	1	7
verschläfst	1	11
revels	1	6
verlobung	1	9
angekündigt	1	11
vereinigung	1	11
deprimiert	1	10
quartier	1	8
latin	1	5
vorbeischauen	1	13
och	1	3
gemütliche	1	10
party	1	5
entfremdet	1	10
förmlichkeit	1	12
vorbeikommst	1	12
details	1	7
robe	1	4
trauerst	1	8
kosten	1	6
feinheiten	1	10
anzusehen	1	9
aufwühlen	1	9
dilemma	1	7
frauchen	1	8
launisch	1	8
steckt	1	6
dahinter	1	8
lügnerin	1	8
herumzureiten	1	13
therese	1	7
scheinheilige	1	13
mucks	1	5
verabredung	1	11
millets	1	7
wohnhaft	1	8
glücks	1	6
hingabe	1	7
vergrößert	1	10
leni	1	4
fantasievoller	1	14
dichter	1	7
stundenlohn	1	11
werbetätigkeit	1	14
wachsfigurenkabinett	1	20
bewerbungen	1	11
rummel	1	6
spannende	1	9
kunstwerke	1	10
faszinierendste	1	15
emil	1	4
jannings	1	8
raschids	1	8
abgebrochen	1	11
romantischste	1	13
übermütigste	1	12
eintönigkeit	1	12
zarah	1	5
pastetenbäckers	1	15
verfettete	1	10
rauch	1	5
assads	1	6
verspotten	1	10
rauchmacher	1	11
bäckersfrau	1	11
flirtet	1	7
tollpatsch	1	10
frauenzimmern	1	13
benimmt	1	7
kuchenbäckers	1	13
verlegt	1	7
verkleidet	1	10
unters	1	6
bedürftigen	1	11
aufzusuchen	1	11
haruns	1	6
tagewerk	1	8
bewundernden	1	12
großveziers	1	11
stürmische	1	10
zarahs	1	6
entflammt	1	9
anzuziehen	1	10
indessen	1	8
bäcker	1	6
nachtigall	1	10
geringsten	1	10
innig	1	5
täubchen	1	8
augenblicklich	1	14
dicken	1	6
wegstehle	1	9
wachsfigur	1	10
imitationsring	1	14
leibhaftig	1	10
unversehrt	1	10
pastetenbäcker	1	14
blutrünstiges	1	13
friedhöfe	1	9
verwandelte	1	11
diadem	1	6
moderndem	1	9
gebein	1	6
zepter	1	6
axt	1	3
kronsaal	1	8
minister	1	8
sterndeuter	1	11
kremls	1	6
todesqualen	1	11
vergifteten	1	11
weiden	1	6
persönliche	1	11
zaren	1	5
iwans	1	5
lieblingsspielzeug	1	18
sandkörnchen	1	12
erahnend	1	8
zugegen	1	7
lenke	1	5
hochzeitsnacht	1	14
umdrehend	1	9
berüchtigte	1	11
unvermittelt	1	12
wallmüller	1	10
manuskript	1	10
reno	1	4
bertone	1	7
gewohnte	1	8
bridgepartie	1	12
hausherr	1	8
entbehren	1	9
memo	1	4
benassi	1	7
italia	1	6
heißeste	1	8
eiskalt	1	7
kur	1	3
osteria	1	7
vista	1	5
landstraße	1	10
spazieren	1	9
freuden	1	7
ginetta	1	7
desdemona	1	9
mazza	1	5
giovannis	1	9
casino	1	6
riviera	1	7
summen	1	6
futsch	1	6
fahrschein	1	10
margherita	1	10
langschläfer	1	12
fähig	1	5
blonde	1	6
schmuck	1	7
gartenterrasse	1	14
verdächtig	1	10
törless	1	7
märchens	1	8
realistischen	1	13
kindlichen	1	10
erwachsenen	1	11
jugendlichen	1	12
bärten	1	6
koboldkönigs	1	12
stücks	1	6
notwendig	1	9
aalehop	1	7
barrie	1	6
wählerisch	1	10
babysitter	1	10
einsetzen	1	9
baden	1	5
tollpatschig	1	12
welpen	1	6
etage	1	5
nähen	1	5
spürte	1	6
luftzug	1	7
eilte	1	5
entkam	1	6
knallte	1	7
fing	1	4
lichtkugel	1	10
huschte	1	7
zurückholen	1	11
schokoriegel	1	12
dad	1	3
jun	1	3
mammi	1	5
geweckt	1	7
wittert	1	7
müssten	1	7
babys	1	5
beständig	1	9
schublade	1	9
moira	1	5
angela	1	6
wohnst	1	6
geradeaus	1	9
dämmerung	1	9
angeklebt	1	9
annähen	1	7
doodel	1	6
doo	1	3
angeber	1	7
geschickter	1	11
rannte	1	6
langweilen	1	10
lachte	1	6
zerbrach	1	8
hüpften	1	7
tinker	1	6
bell	1	4
feentöpfe	1	9
-kessel	1	7
idiot	1	5
lost	1	4
boys	1	4
kinderwagen	1	11
kindermädchen	1	13
abgelenkt	1	9
erzählst	1	8
flickst	1	7
socken	1	6
deckst	1	6
sicherlich	1	10
meerjungfrauen	1	14
rothäute	1	8
heben	1	5
pusten	1	6
wald	1	4
illusionen	1	10
zittert	1	7
gegenwart	1	9
abgeschnitten	1	13
mochte	1	6
schlucken	1	9
vorbeikommt	1	11
ticken	1	6
aussahen	1	8
schieße	1	7
verflixte	1	9
zögern	1	6
prallte	1	7
klopfer	1	7
angreifen	1	9
tigerlilie	1	10
heimelige	1	9
schöneres	1	9
lächelnden	1	10
vorgetäuscht	1	12
empfindest	1	10
hingebungsvollen	1	16
beunruhigend	1	12
lily	1	4
beneiden	1	8
lästigen	1	8
verbrachten	1	11
zurückflogen	1	12
zurückkam	1	9
gentleman	1	9
adoptieren	1	10
betten	1	6
schlafzimmer	1	12
vorhang	1	7
unterwäsche	1	11
zwingen	1	7
indianer	1	8
tamtam	1	6
sieges	1	6
redskins	1	8
genommenn	1	9
liegst	1	6
schwächer	1	9
ausgeht	1	7
klatsche	1	8
leuchtet	1	8
kid's	1	5
creak	1	5
immun	1	5
ankerkette	1	10
sirenen	1	7
planke	1	6
kabinenjungen	1	13
gentlemen	1	9
hymne	1	5
versprichst	1	11
neunschwänzige	1	14
kabine	1	6
kikeriki	1	8
aufgeschlitzt	1	13
cecco	1	5
eindringling	1	12
schmeißt	1	8
doodle-doo	1	10
piratenschiffes	1	15
erstaunlich	1	11
behaltet	1	8
schwerter	1	9
frecher	1	7
geschlüpft	1	10
absoluter	1	9
verachtung	1	10
auszudrücken	1	12
fingerhüten	1	11
zurückkamen	1	11
thema	1	5
wendys	1	6
hochheben	1	9
baumes	1	6
lobet	1	5
allah-	1	6
wohltätigen	1	11
könig-	1	6
universums-	1	11
koran	1	5
ermahnenden	1	11
missgeschicke	1	13
völkern	1	7
passierten	1	10
einleitung	1	10
geldbeutel	1	10
korb	1	4
ispahán	1	7
dschinn	1	7
geflochten	1	10
gläubige	1	8
empfangt	1	8
mühseliger	1	10
lügt	1	4
mythos	1	6
bagdads	1	7
peitschenhiebe	1	14
juwels	1	6
halunke	1	7
mongolen-prinz	1	14
dei	1	3
träger	1	6
köstlichkeiten	1	14
werben	1	6
krummsäbel-träger	1	17
inmitten	1	8
orientalischen	1	14
anzuhalten	1	10
veranda	1	7
juwel	1	5
herzensbrecher	1	14
reichweite	1	10
wachsamen	1	9
harun-	1	6
al-rashid	1	9
betäubten	1	9
leichten	1	8
schleppten	1	10
geschmückt	1	10
hundertausenden	1	15
finster	1	7
schläfrigen	1	11
flinken	1	7
verhelfen	1	9
feyjoo	1	6
schmalz	1	7
gefüttert	1	9
cham	1	4
shang	1	5
wah-hoo	1	7
leite	1	5
konzentriert	1	12
wäret	1	5
mongolische	1	11
dreckskerl	1	10
misstraut	1	9
zweifachen	1	10
thronsaal	1	9
hochwohlgeborene	1	16
erwählte	1	8
schmücken	1	9
thronfolger	1	11
einwände	1	8
vorgebracht	1	11
zipressen	1	9
verlöbnis	1	9
beraubt	1	7
ehrwürdigen	1	11
verstoßener	1	11
veränderte	1	10
arabische	1	9
peitscht	1	8
gerissen	1	8
perle	1	5
wähle	1	5
hinauszuzögern	1	14
zuz	1	3
siebente	1	8
entführen	1	9
tunnel	1	6
entstehen	1	9
geläutert	1	9
jammert	1	7
pfui	1	4
gewand	1	6
errichte	1	8
demut	1	5
jegliches	1	9
bauwerk	1	7
errichten	1	9
zahl	1	4
führet	1	6
pfades	1	6
großte	1	6
magie	1	5
enthält	1	7
spione	1	6
eremit	1	6
bedenket	1	8
eiliger	1	7
jüngling	1	8
verzehrende	1	11
gestalten	1	9
hundert	1	7
mittleren	1	9
talisman	1	8
bagdad-	1	7
gemächern	1	9
beschwerlich	1	12
persische	1	9
verkrüppelter	1	13
unbezahlbares	1	13
bewiesen	1	8
harter	1	6
vergessenes	1	11
götzenbild	1	10
kandahar	1	8
fünfte	1	6
sees	1	4
umhüllt	1	7
stern-förmigen	1	14
stern-förmige	1	13
einlass	1	7
hofmagier	1	9
schrein	1	7
fischer	1	7
mondzitadelle	1	13
eingehüllt	1	10
erfahrene	1	9
zakariya	1	8
kufa	1	4
wolken	1	6
goldenen	1	8
übertrumpfen	1	12
anspruch	1	8
verriet	1	7
notlage	1	7
magischer	1	9
barte	1	5
gewusst	1	7
kommem	1	6
nutzlos	1	7
zwanzigtausend	1	14
nachzudenken	1	12
aufzuheitern	1	12
gebadet	1	7
eur	1	3
magier	1	6
hundert-	1	8
umstellt	1	8
geflohen	1	8
khan	1	4
blockiert	1	9
teppich-	1	8
lobster	1	7
anhand	1	6
originalnegativs	1	16
c.	1	2
sicherheitsfilms	1	16
farbgebung	1	10
original-diacetat-kopie	1	23
digitalisiert	1	13
les	1	3
sandra	1	6
milovanoff	1	10
vanel	1	5
berühmten	1	10
loti	1	4
mme	1	3
boyer	1	5
yvonne	1	6
san	1	3
juana	1	5
dumisnil	1	8
kostümbild	1	11
maison	1	6
chabrier	1	8
juni-abend	1	10
eifrig	1	6
beschäftigt	1	12
grüße	1	6
gaos-sohn	1	9
rickawick	1	9
fünfzehn	1	9
fischerberuf	1	12
kabeljau	1	8
einzeln	1	7
neufundland	1	11
hingegen	1	8
islandfischerei	1	15
fernab	1	6
feierst	1	7
mädchen	1	8
vermählen	1	10
hochzeitsball	1	13
knapp	1	5
begleitete	1	10
militärdienst	1	14
weigerst	1	8
überbringen	1	12
schuldete	1	9
überquerte	1	11
mauer	1	5
vermissten	1	10
cadic	1	5
lidou	1	5
brune	1	5
schöne	1	7
aufgesucht	1	10
geschäftliche	1	14
gründe	1	7
unterdessen	1	11
hinausgefahren	1	14
toppgast	1	8
mastkorb	1	8
beliebte	1	8
auseinanderzureißen	1	19
liebten	1	7
aufgebrochen	1	12
lebensunterhalt	1	15
geldanlagen	1	11
vermögen	1	9
verschlungen	1	12
möbel	1	6
feuertaufe	1	10
patrouille	1	10
versank	1	7
halong	1	6
krankenhausschiff	1	17
circé	1	6
zögert	1	7
erhellte	1	8
sylvestres	1	10
tragischen	1	10
singapur	1	8
fahl	1	4
trübselig	1	10
gehüllt	1	8
bisweilen	1	9
nebels	1	6
brüllen	1	8
hinwies	1	7
getötet	1	8
aufgelöst	1	10
männern	1	8
azénide	1	8
wrack	1	5
fjord	1	5
heimkehrte	1	10
seemannsamts	1	12
lässt	1	6
jean-marie-sylvestre	1	20
registriert	1	11
kennnummer	1	10
bien-hoa	1	8
verwechselte	1	12
wähnte	1	7
vorhergesagt	1	12
saßen	1	5
anbrach	1	7
wohnen	1	6
aufschlagen	1	11
kehrten	1	7
könnt	1	6
plaudern	1	8
tatsächlich	1	12
führte	1	7
ausschweifendes	1	15
grosser	1	7
hättet	1	7
garstigen	1	9
hätte	1	6
könnten	1	8
hochzeitsgesellschaft	1	21
dreifaltigkeitskapelle	1	22
hochzeitsmahl	1	13
unzufrieden	1	11
wiederhaben	1	11
stachen	1	7
island-schiffe	1	14
könnte	1	7
azénid	1	7
rückweg	1	8
islandschiffe	1	13
heimgekehrt	1	11
yvon	1	4
yves	1	4
über	1	5
perros	1	6
besanstagsegel	1	14
augustnacht	1	11
küste	1	6
islands	1	7
vermählt	1	9
isländische	1	12
fuße	1	4
witwenkreuzes	1	13
kupisch	1	7
md	1	2
birgit	1	6
kämper	1	7
yankees	1	7
kino-werkstatt	1	14
lew	1	3
kuleschow	1	9
lewitzki	1	8
boris	1	5
barnet	1	6
morgenpost	1	10
porfiri	1	7
christlichen	1	12
vereins	1	7
mutigen	1	7
zustände	1	8
empfehlen	1	9
dringend	1	8
collagan	1	8
typische	1	8
vornehmer	1	9
mitreisender	1	12
senka	1	5
swistsch	1	8
charlampijew	1	12
sockenhalter-system	1	19
standhaft	1	9
komfort	1	7
relativer	1	9
wacht	1	5
ästhet	1	6
hochstapler	1	11
wsewolod	1	8
pudowkin	1	8
geck	1	4
leonid	1	6
obolenski	1	9
alexandra	1	9
chochlowa	1	9
sachs	1	5
einäugige	1	9
komarow	1	7
riecht	1	6
jeddys	1	6
amerikanerin	1	12
walentina	1	9
lopatina	1	8
zutritt	1	7
unbefugte	1	9
jed	1	3
obdach	1	6
treuen	1	6
bande	1	5
wirft	1	5
netze	1	5
aktentasche	1	11
rachen	1	6
entblößte	1	9
kulturvollsten	1	14
staates	1	7
zugezogen	1	9
vorzuschlagen	1	13
notwendigste	1	12
verhafteten	1	11
landsmann	1	9
überfallen	1	10
einflusses	1	10
papuas	1	6
barbaren	1	8
kaiserliche	1	11
eintauschen	1	11
grausamen	1	9
tee	1	3
sowjetische	1	11
gegangenen	1	10
ausfindig	1	9
beschreibung	1	12
schonend	1	8
pjotr	1	5
galadschew	1	10
sletow	1	6
latischewski	1	12
aussehende	1	10
dummen	1	6
kommissare	1	10
haussuchung	1	11
erwartung	1	9
leuchteffekte	1	13
überbringer	1	11
abwesenheit	1	11
bewohner	1	8
kinderheims	1	11
funk	1	4
sowjetrussland	1	14
moskaus	1	7
volkskommissariat	1	17
post	1	4
telegrafie	1	10
diamant-berger	1	14
rené	1	4
geschriebenen	1	13
inszenierten	1	12
fragt	1	5
eiffelturms	1	11
polizeichef	1	11
flughafen	1	9
erstarrt	1	8
turms	1	5
läden	1	5
langweilt	1	9
avenue	1	6
taschentuch	1	11
verhängnisvolle	1	15
strahl	1	6
ausgesandt	1	10
versetzen	1	9
ixe	1	3
aufwecken	1	9
selbe	1	5
erfindung	1	9
orlacs	1	6
montgeron	1	9
leichnam	1	8
zugunglück	1	10
schädelfraktur	1	14
operieren	1	9
weile	1	5
heimkommen	1	10
teilweise	1	9
wiederzusehen	1	13
wunderschönen	1	13
bandagen	1	8
gehimnis	1	8
beherrscht	1	10
kuß	1	3
streicheln	1	10
seral	1	5
raubmörders	1	11
erfaßt	1	6
erbarmungslos	1	13
eien	1	4
kontrollieren	1	13
pauls	1	5
haßt	1	4
befugt	1	6
mittellos	1	9
gleiten	1	7
erzittert	1	9
weitergehen	1	11
verweigerte	1	11
umgibt	1	6
experiment	1	10
assistent	1	9
überalldeutlich	1	15
sichtbar	1	8
abdrücke	1	8
stammte	1	7
x.	1	2
beschwören	1	10
abendzeitungen	1	14
guillotine	1	10
aussage	1	7
assistant	1	9
serral	1	6
talentiertesten	1	15
erpresser	1	9
wachsabdrücke	1	13
gummihandschuhe	1	15
fingerabdrücken	1	15
älteren	1	7
geldverleiher	1	13
brötchen-tanz	1	13
durchschlummerten	1	17
raus!"sagte	1	11
hier!"sagte	1	11
essen!"schrie	1	13
die?"sagte	1	10
du!"sagte	1	9
machtein	1	8
da!"rief	1	8
hörgeschädigte	1	14
zusammenarbeit	1	14
cineteca	1	8
di	1	2
at	1	2
criterion	1	9
collection	1	10
legte	1	5
synchronisierter	1	16
erzählerstimme	1	14
entfernte	1	9
arrangierte	1	11
verwarf	1	7
ursprüngliche	1	13
privater	1	8
sammler	1	7
-mm-kopie	1	9
neuauflage	1	10
fragmenten	1	10
film-	1	5
fernseharchiv	1	13
rekonstruieren	1	14
bildqualität	1	12
verschiedenen	1	13
unterschiedlich	1	15
meisterwerk	1	11
nahezu	1	6
ursprünglichen	1	14
angesehen	1	9
kevin	1	5
brownlow	1	8
gill	1	4
roy	1	3
s.a.s	1	5
restauration	1	12
alexej	1	6
granowski	1	9
natan	1	5
altman	1	6
isaak	1	5
babel	1	5
solomon	1	7
michoels	1	8
mojsche	1	7
goldblat	1	8
tewje	1	5
chasak	1	6
ida	1	3
abraham	1	7
tamara	1	6
adelgejm	1	8
taschraz	1	8
iossif	1	6
schidlo	1	7
rachil	1	6
imenitowa	1	9
ilja	1	4
rogaler	1	7
regieassistenz	1	14
grigori	1	7
gritscher-tscherikower	1	22
regiegehilfen	1	13
ingster	1	7
krull	1	5
oberbefehlshaber	1	16
menachems	1	9
verliebte	1	9
auãerdem	1	9
koìchin	1	8
vertraute	1	9
genieãen	1	9
todesfall	1	9
oj	1	2
geschaìfte	1	11
reingesetzt	1	11
tropf	1	5
beschlieãen	1	12
gemeinsame	1	10
herberge	1	8
inhaberin	1	9
jesselbon	1	9
gefilten	1	8
hamsterrad	1	10
manufaktur-	1	11
galanteriewaren	1	15
inhaber	1	7
h.	1	2
pipek	1	5
haìtte	1	7
praìchtigen	1	12
busen	1	5
laìsst	1	7
gewerbeschein	1	13
gnaìdiger	1	10
moìchte	1	8
korsetts	1	8
geplatzt	1	8
verstorbene	1	11
haube	1	5
schnappt	1	8
sinnt	1	5
erteil	1	6
lektion	1	7
verkuppeln	1	10
anstaìndiger	1	13
schlieãen	1	10
zugunsten	1	9
zukuìnftigen	1	13
equitable	1	9
berditschews	1	12
kreisen	1	7
amuìsiert	1	10
krumme	1	6
groãen	1	7
wohnerlaubnis	1	13
schmuggelgut	1	12
gebuìhr	1	8
polizeirevier	1	13
belaja	1	6
zerkow	1	6
unverschaìmt	1	13
schoìnes	1	9
dreckige	1	8
unterhosen	1	10
verzeichnis	1	11
braìuten	1	9
kuppler	1	7
plunder	1	7
zuruìck	1	8
klappt	1	6
versicherungen	1	14
gluchow	1	7
jefim	1	5
balasny	1	7
rasiert	1	7
bruìnette	1	10
jampol	1	6
mejscha	1	7
neureicher	1	10
dringendst	1	10
doppelt	1	7
gegenseite	1	10
fertiger	1	8
echter	1	6
faìhrst	1	8
verkuppelst	1	11
vergnuìgst	1	11
hochzeitsfeier	1	14
schoìn	1	7
juìdische	1	10
gemeinde	1	8
verschifft	1	10
braìute-posten	1	15
globaler	1	8
ehevermittlungs-trust	1	21
co.	1	3
braìute-fracht	1	15
berditschew-odessa	1	18
zerbrechlich	1	12
exportware	1	10
dicke	1	5
amerikas	1	8
rothschild	1	10
verladen	1	8
kapitaìn	1	9
hievt	1	5
einzelbestellung	1	16
groãversand	1	12
verladung	1	9
faìhrt	1	7
muìsst	1	7
durchdrehen	1	11
koìnig	1	7
hemisphaìren	1	13
toilette	1	8
getraìumt	1	10
reb	1	3
erstklassige	1	12
kiew	1	4
schmerinka	1	10
krummen	1	7
juìdischen	1	11
gluìcks	1	8
jarmonlinzy	1	11
belanglosigkeiten	1	17
tuìchtig	1	9
uìberaus	1	9
schlaìft	1	9
verehrtester	1	12
kljatschkin	1	11
zugfahrt	1	8
angeboten	1	9
zweistoìckigen	1	15
ziegelbau	1	9
nichtsnutz	1	10
heiã	1	5
schiebt	1	7
kryschopol	1	10
besichtigt	1	10
fabrikant	1	9
schoìnheit	1	11
moìglich	1	9
wintermantel	1	12
pension	1	7
schtschupak	1	11
durchreisende	1	13
nikolaus	1	8
schoìner	1	9
bringt's	1	8
ungluìck	1	9
verwende	1	8
reines	1	6
gaìnseschmalz	1	14
scherben	1	8
teller	1	6
mitgift	1	7
riesengroã	1	11
fallsuìchtig	1	13
staìndig	1	9
anfaìlle	1	9
verdanken	1	9
kljatschkins	1	12
allerfeinsten	1	13
blamiert	1	8
schimpf	1	7
uìber	1	6
ran	1	3
wasserkutscher	1	14
saiten	1	6
reiãen	1	7
boìgen	1	7
kljatschkina	1	12
provision	1	9
herumtreiben	1	12
neuem	1	5
kino-pravda	1	11
film-wahrheit	1	13
lenin-kino-pravda	1	17
kultkino	1	8
sozialrevolutionärin	1	20
kaplan	1	6
browning-revolver	1	17
kremlhof	1	8
verteidigt	1	10
terror	1	6
ausbeutung	1	10
beeinflussung	1	13
wirbt	1	5
denkens	1	7
wollens	1	7
fühlens	1	7
komintern	1	9
linie	1	5
stürzen	1	7
wiedererrichtung	1	16
jochs	1	5
lohnsklaverei	1	13
revolutionären	1	14
avantgarde	1	10
mitzureisen	1	11
stillstand	1	10
industrie	1	9
hungersnot	1	10
epidemien	1	9
zerstörte	1	9
mühsam	1	6
zugleich	1	8
stufe	1	5
welthistorischen	1	16
wirtschaftspolitik	1	18
nizhegorodsky	1	13
betriebsmaschinen	1	17
elektrifizierung	1	16
elektrischen	1	12
pflugmaschinen	1	14
wöchentliches	1	13
eiserene	1	8
großpapa	1	8
wladimir	1	8
lljitsch	1	8
bergarbeiter	1	12
shterbinovsky	1	13
minen	1	5
senden	1	6
schulferien	1	11
schulkindern	1	12
narkomzdrav	1	11
semashko	1	8
genereller	1	10
zufriedenstellend	1	17
hartnäckige	1	11
sklerose	1	8
ergebnis	1	8
enormen	1	7
stresses	1	8
geistigen	1	9
desaster	1	8
zimovev	1	7
dzierżyński	1	11
frunze	1	6
krasin	1	6
stalin	1	6
jaroslavsky	1	11
kalinin	1	7
clara	1	5
zetkin	1	6
woroschilow	1	11
budjonny	1	8
gegenwärtig	1	11
schadenfrohe	1	12
leninismus	1	10
norwegen	1	8
roter	1	5
maschinenfabrik	1	15
aufruf	1	6
maxim	1	5
myasoyedov	1	10
gießer	1	6
nikolai	1	7
kireev	1	6
zubkov	1	6
efim	1	4
meshkov	1	7
kranfahrer	1	10
weibliche	1	9
arbeiterkongress	1	16
unrealisierbarer	1	16
begonnene	1	9
fortzusetzen	1	12
beziehungen	1	11
hitchcock	1	9
titelgestalter	1	14
produzenten	1	11
balcon	1	6
gedrehte	1	8
englisch-deutsche	1	17
koproduktion	1	12
regisseur	1	9
beliebten	1	9
revuen	1	6
exquisite	1	9
refrainzeile	1	12
locke	1	5
kluge	1	5
cheyne	1	6
empfehlungsschreiben	1	20
bahnhof	1	7
anstellt	1	8
ensemble	1	8
generalprobe	1	12
bühnenmanager	1	13
charleston	1	10
ungern	1	6
pfund	1	5
jills	1	5
mitbewohnerin	1	13
fielding	1	8
probiert	1	8
revue	1	5
hamiltons	1	9
stationiert	1	11
zweimonatigen	1	13
ivan	1	4
gratulieren	1	11
auftreten	1	9
hinzugeben	1	10
bühnentürkatern	1	15
ablenken	1	8
naive	1	5
jugendliebe	1	11
theaterwelt	1	11
möblierte	1	9
billigen	1	8
unterkünften	1	12
zugeneigt	1	9
eingedenk	1	9
versprechens	1	12
mätresse	1	8
tatenlos	1	8
wegwirfst	1	9
zufälligen	1	10
chor	1	4
angebellt	1	9
fair	1	4
weiterarbeiten	1	14
hocharbeiten	1	12
hochzeitsreise	1	14
flitterwochen	1	13
comer	1	5
diebischen	1	10
gören	1	5
weggeworfen	1	11
verwelkt	1	8
arbeitend	1	9
ungesunder	1	10
europäer	1	8
verlobungsring	1	14
heiratet	1	8
leihen	1	6
erwischen	1	9
herumalbern	1	11
eingeschlagenem	1	15
gehenlassen	1	11
benutze	1	7
hereingebracht	1	14
herausgestellt	1	14
hinwegzukommen	1	14
blind	1	5
funf	1	4
jules	1	5
renard	1	6
julien	1	6
duvivier	1	8
provinzstadt	1	12
klatschhaft	1	11
scheinheilig	1	12
gemein	1	6
gleichgultig	1	12
egoistisch	1	10
lud	1	3
klatschweiber	1	13
ausgiebig	1	9
lastern	1	7
schnabel	1	8
elstern	1	7
rupel	1	5
heisse	1	6
kirschen	1	8
arbeitsam	1	9
lieblingssohn	1	13
lhrem	1	5
kreisstadt	1	10
jungste	1	7
spross	1	6
endgultig	1	9
aufsatz	1	7
kunstler	1	8
-lokal	1	6
chansonsangerin	1	15
milon	1	5
ferienanfang	1	12
naher	1	5
ruckte	1	6
gelungen	1	8
bedien	1	6
melone	1	6
ubrig	1	5
ausserdem	1	9
magst	1	5
melonen	1	7
wurdest	1	7
stuck	1	5
kompott	1	7
lhnen	1	5
verlangt	1	8
huhner	1	6
geprugelt	1	9
sahne	1	5
bauernhof	1	9
uberlegt	1	8
grillen	1	7
ohren	1	5
heul	1	4
ohrfeigen	1	9
ausnutzen	1	9
erkundigungen	1	13
vermogen	1	8
vermogend	1	9
schliessen	1	10
draussen	1	8
angsthase	1	9
gib's	1	5
hingestellt	1	11
ruhetag	1	7
spaziergang	1	11
stossen	1	7
hasslich	1	8
verbitte	1	8
weggegangen	1	11
heimkam	1	7
anderte	1	7
waise	1	5
herkommen	1	9
fahre	1	5
zuruck	1	6
besorge	1	7
zufallig	1	8
entdeckte	1	9
ungerecht	1	9
schimpft	1	8
dauernd	1	7
weiss	1	5
glucklich	1	9
merkt	1	5
lmmer	1	5
weisst	1	6
abordnung	1	9
burgermeisteramt	1	16
angebot	1	7
vollig	1	6
wahrenddessen	1	13
ereggte	1	7
aufsehen	1	8
hierzubleiben	1	13
francs	1	6
kalb	1	4
landet	1	6
schliesslich	1	12
gefangnis	1	9
reicht's	1	8
burgermeister	1	13
namlich	1	7
abzubringen	1	11
bekraftige	1	10
dreifaches	1	10
ldeal	1	5
gleichheit	1	10
moral	1	5
offentlichen	1	12
befassen	1	8
privaten	1	8
kummern	1	7
lhren	1	5
taugt	1	5
naturlich	1	9
uberhaupt	1	9
antun	1	5
armseliges	1	10
lmmerhin	1	8
spat	1	4
verziehen	1	9
zweit	1	5
noesls	1	6
christian	1	9
stonner	1	7
widmung	1	7
sprachschatz	1	12
süßeres	1	7
unterhaltung	1	12
erwachten	1	9
neugeborene	1	11
unmut	1	5
vorfinden	1	9
heimtückischen	1	14
ernannten	1	9
swickard	1	8
fähige	1	6
gehilfin	1	8
vishuss	1	7
willigen	1	8
handlanger	1	10
botschafter	1	11
wikked	1	6
otto	1	4
lederer	1	7
kruels	1	6
erregten	1	8
brikant	1	7
washburn	1	8
sprecher	1	8
rückkehr	1	8
rechtmäßigen	1	12
zustande	1	8
quacksalber	1	11
jasager	1	7
premierministers	1	16
murray	1	6
skeptiker	1	9
lautete	1	7
korbes-	1	7
frederic	1	8
ko	1	2
vert	1	4
blödsinn	1	8
opi	1	3
farm	1	4
erblühte	1	8
dorothys	1	8
carr	1	4
entfernter	1	10
märchenhaften	1	13
oliver	1	6
snowball-	1	9
vielversprechender	1	18
melancholie	1	11
howe	1	4
ohr	1	3
hauen	1	5
frühjahr	1	8
schweift	1	8
fantasie	1	8
lutschern	1	9
beigelegte	1	10
mittagszeit	1	11
ruin	1	4
ma	1	2
vergrub	1	7
entschlossener	1	14
papieren	1	8
gemeine	1	7
krönung	1	7
neumond	1	7
beschaff	1	8
vernichte	1	9
beseitige	1	9
verbreiten	1	10
überraschungsfeier	1	18
versiegelter	1	12
finanzielle	1	11
vereinbarung	1	12
herausfinde	1	11
papier	1	6
besorg	1	6
unermesslicher	1	14
gräbt	1	5
fakten	1	6
boss	1	4
wisset	1	6
königreichs	1	11
thron	1	5
besteigen	1	9
großmeister	1	11
eindringlinge	1	13
unfug	1	5
schwindler	1	10
patsche	1	7
herrscht	1	8
diktator	1	8
unsichtbar	1	10
jubeln	1	6
zweifeln	1	8
verwandlungen	1	13
vollbracht	1	10
bursche	1	7
blechhaufen	1	11
tribunal	1	8
übeltäter	1	9
fernhielten	1	11
schuldigen	1	10
vorübergehend	1	13
wikk	1	4
zufriedenheit	1	13
einsetzt	1	8
hosenbandordens	1	15
metall	1	6
anhaben	1	7
wal	1	3
gästezimmer	1	11
unliebsame	1	10
burschen	1	8
hereinzulegen	1	13
komplott	1	8
hintergehen	1	11
anfasst	1	7
trete	1	5
streuner	1	8
dunkles	1	7
zurückließ	1	10
fraktion	1	8
erzabt	1	6
weber	1	5
ottilien	1	8
reiseroute	1	10
fusan	1	5
wonsan	1	6
diamantenberge	1	14
chinesische	1	11
mandschurei	1	11
koreanische	1	11
halbinsel	1	9
fernsten	1	8
westen	1	6
haupstadt	1	9
belebten	1	8
steinpagode	1	11
kaisers	1	7
straßenmarkt	1	12
einkäufen	1	9
rechenmaschine	1	14
ochsenmarkt	1	11
ochse	1	5
beschlagen	1	10
schneeschmelze	1	14
reisfeld	1	8
saatbeet	1	8
pflänzchen	1	10
felder	1	6
versetzt	1	8
einfachen	1	9
dreschflegeln	1	13
reiskörner	1	10
abgeklopft	1	10
getaner	1	7
manch	1	5
ursprüngliches	1	14
gewerbe	1	7
schusterwerkstatt	1	17
holz-	1	5
tuchschuhen	1	11
strohschuhe	1	11
töpfer	1	6
kleinere	1	8
glaciert	1	8
erdofens	1	8
hausindustrie	1	13
spinnen	1	7
aufhaspeln	1	10
haspel	1	6
abgenommen	1	10
holzasche	1	9
bestreut	1	8
ausgekocht	1	10
kaltem	1	6
abgekühlt	1	9
zurichten	1	9
gespinnstes	1	11
reiskleister	1	12
bestrichen	1	10
kohlenfeuer	1	11
aufstellen	1	10
webstuhles	1	10
buddhismus	1	10
volksglaube	1	11
bizarre	1	7
wegweiser	1	9
buddhistischen	1	14
kwan	1	4
sa	1	2
torhalle	1	8
himmelskönigen	1	14
gebetstrommel	1	13
chorgebet	1	9
mönche	1	6
glocke	1	6
feierlichen	1	11
zierliche	1	9
läßt	1	4
äbtegalerie	1	11
kostbarer	1	9
aufnahmen	1	9
unbemerkt	1	9
fensterscheiben	1	15
klosters	1	8
paik-wha-am	1	11
diamantenbergen	1	15
verehrung	1	9
pilger	1	6
meißeln	1	7
felswände	1	9
tiefster	1	8
buddhistische	1	13
frauenklöster	1	13
scheuen	1	7
bonzessinnen	1	12
steinen	1	7
opfergaben	1	10
volksglauben	1	12
austreiben	1	10
vergraben	1	9
begräbnisfeier	1	14
geisterglaube	1	13
ahnenkult	1	9
zeremonie	1	9
stärkung	1	8
totenreich	1	10
eingeflößt	1	10
verlassene	1	10
trauernden	1	10
angehörigen	1	11
steifen	1	7
trauermütze	1	11
beileidsbezeugungen	1	19
trauerrede	1	10
verdienste	1	10
verlesen	1	8
grabe	1	5
abgeschiedenen	1	14
ehrenplatz	1	10
pietätvoll	1	10
jahrtage	1	8
dargebracht	1	11
steinernen	1	10
plumpen	1	7
yi	1	2
begründerin	1	11
häusern	1	7
schachspiel	1	11
buddhistischer	1	14
übungen	1	7
werkstätten	1	11
systematischer	1	14
handwerken	1	10
besseren	1	8
nötigen	1	7
meßwein	1	7
missionäre	1	10
weinrebe	1	8
lasset	1	6
wehret	1	6
mc	1	2
simbunim	1	8
grüßen	1	6
richtlinien	1	11
schulen	1	7
eccli	1	5
xvi	1	3
schulprüfung	1	12
klosterschule	1	13
heranbildung	1	12
einheimischen	1	13
priestern	1	9
aufnahmeprüfung	1	15
chinesisch	1	10
latein	1	6
priesterseminar	1	15
ryonsan	1	7
koreanischen	1	12
priesters	1	9
andreas	1	7
kim	1	3
hauptstation	1	12
missionsarbeit	1	14
rüstet	1	6
empfang	1	7
oberhirten	1	10
erwachsene	1	10
missionskirchlein	1	17
faßt	1	4
empfange	1	8
heiles	1	6
bischof	1	7
getauft	1	7
entsündigung	1	12
firmung	1	7
firmungs	1	8
examen	1	6
hofe	1	4
neugegründeten	1	14
dankbaren	1	9
christen	1	8
denkmal	1	7
ripped	1	6
peterlin	1	8
marriage	1	8
bunk	1	4
romaine	1	7
dressing	1	8
geangelt	1	8
frischluft	1	10
entertainer	1	11
lücke	1	5
finanzen	1	8
sappie's	1	8
charly	1	6
geldnote	1	8
apfelmus	1	8
spitzenwagen	1	12
lieferung	1	9
bürgersteig	1	11
assistieren	1	11
ichliebtesie	1	12
vermögens	1	9
vertrauen	1	9
undzubeten	1	10
sdl	1	3
or	1	2
ergessen	1	8
olle	1	4
erzeih	1	6
erflucht	1	8
ergebung	1	8
erwalter	1	8
aters	1	5
ermögen	1	7
ergisst	1	7
ermögens	1	8
ertrauen	1	8
orten	1	5
vorhof	1	6
hinterhof	1	9
widerspricht	1	12
invalide	1	8
verreisen	1	9
anzahlung	1	9
monatsraten	1	11
ungeborenen	1	11
elefanten	1	9
ausgestopft	1	11
stoßzähnen	1	10
gratis	1	6
tabasco-insel	1	13
verkäufer	1	9
federhalter	1	11
camping-reise	1	13
schiffsreise	1	12
salzluft	1	8
füllfederhaltern	1	16
bergblick	1	9
-distrikt	1	9
eifersüchtiger	1	14
misstrauischer	1	14
gatte	1	5
klingel	1	7
hintereingang	1	13
bleistifte	1	10
schreibtischunterlagen	1	22
ablegens	1	8
füllern	1	7
schrieben	1	9
sicheren	1	8
trag	1	4
schiffszimmermann	1	17
johnstown-flut	1	14
schiffs	1	7
zusammengehalten	1	16
reederei	1	8
ertrinken	1	9
rettungsboot	1	12
ungeheuerlich	1	13
treibendes	1	10
torpedo	1	7
rettungsringe	1	13
rettungsboote	1	13
schwimme	1	8
erstaunlicherweise	1	18
impfung	1	7
geimpft	1	7
verkraften	1	10
christiane	1	10
habich	1	6
wien	1	4
laemmle	1	7
leroux	1	6
ruper	1	5
vicomte	1	7
carewe	1	6
gowland	1	7
salnpolis	1	9
srilla	1	6
fabian	1	6
liedliebhaber	1	13
edel	1	4
mitteralterliche	1	16
verliese	1	8
flure	1	5
korridore	1	9
büros	1	5
außergewöhnlicher	1	17
vertrag	1	7
siegel	1	6
notars	1	6
besitzer	1	8
bedienstete	1	11
erkunden	1	8
schwerzen	1	9
besetzt	1	7
verhüllte	1	9
herauf	1	6
grauer	1	6
rießig	1	6
grauenhafte	1	11
grinsenden	1	10
totenkopf	1	9
lepröses	1	8
gelbe	1	5
eng	1	3
hervorstehende	1	14
kulissenlager	1	13
kellers	1	7
schattenblitz	1	13
lieblingsprimadonna	1	19
marguritte	1	10
jeglicher	1	9
ihrerseits	1	10
ängstigen	1	9
daaé	1	4
singend	1	7
mysteriöses	1	11
bevorzugt	1	9
bruder-	1	7
verwirklicht	1	12
wändern	1	7
melodische	1	10
engels	1	6
ausmaß	1	6
verliehen	1	9
verehren	1	8
warne	1	5
weltlichen	1	10
briefsendung	1	12
weiterer	1	8
schwarz	1	7
umrandet	1	8
morgend	1	7
daaes	1	5
verschwören	1	11
werdendas	1	9
verweigen	1	9
vorführen	1	9
trotzte	1	7
belegtem	1	8
beabsichtigen	1	13
singt	1	5
kronleuchter	1	12
herunterzuholen	1	15
abzuholen-	1	10
wartend	1	7
zuneigung	1	9
liedes	1	6
dunkler	1	7
erwwartet	1	9
hervorgerufen	1	13
reinheit	1	8
traumlosen	1	10
menschheitshass	1	15
namenlose	1	9
legende	1	7
phantomtragödie	1	15
opernsängerin	1	13
kronleuchterkatastrophe	1	23
unbestimmter	1	12
gräuel	1	6
gequälte	1	8
berührst	1	8
sofern	1	6
überwindet.erik	1	15
triumphierend	1	13
erklingt	1	8
unterton	1	8
ergötze	1	7
überhäufe	1	9
allein!"christine	1	17
vermischte	1	10
ungeachtet	1	10
standes	1	7
fröhlichen	1	10
närrischen	1	10
l'opera	1	7
festlichkeiten	1	14
geisterhafte	1	12
gefolteter	1	10
straft	1	6
heiterkeit	1	10
mitbekommen	1	11
monster-	1	8
widerliches	1	11
fluches	1	7
wegbringen	1	10
bühnentür	1	9
weg-	1	4
-erik-geboren	1	13
boulevardmassakers	1	18
autodiktatischer	1	16
teufelsinsel	1	12
kriminelle	1	10
geisteskranke	1	13
geflohenjetzt	1	13
le	1	2
prefet	1	6
rundbauseite	1	12
westtor	1	7
plan-	1	5
bewahre	1	7
unverzüglich	1	12
trockne	1	7
beeile	1	6
baumelnd	1	8
pandschab-lasso	1	15
strick	1	6
tiefsten	1	8
schliche	1	8
kennen-und	1	10
geheimpolizei	1	13
untersucht	1	10
schlinge	1	8
wickelt	1	7
falltür	1	7
belogen	1	7
betrügen	1	8
undankbare	1	10
beseelt	1	7
verschmäht	1	10
kröte	1	5
faulen	1	6
hasses	1	6
absondert	1	9
vieler	1	6
nah-	1	4
abgereist	1	9
unerträgliche	1	13
bietest	1	7
überleben	1	9
bevorzugst	1	10
skorpion	1	8
drehst	1	6
dreh	1	4
grasshüpfer	1	11
explotiert	1	10
rettest	1	7
philbinviconte	1	14
edmund	1	6
carawe	1	6
gowlandcomte	1	12
sainpolis	1	9
snitz	1	5
ritz-carlton	1	12
fünfzehn	1	8
zuschnappt	1	10
grant	1	5
hunderten	1	9
charleys	1	8
bräutigam	1	9
geistlichen	1	11
anrief	1	6
jagdhund	1	8
mitbringt	1	9
abgelehnte	1	10
schmuggler	1	10
sprengen	1	8
verstaucht	1	10
auflösen	1	8
gerücht	1	7
großartiges	1	11
südsee	1	6
bananen	1	7
pflücken	1	8
brautvater	1	10
kandidaten	1	10
katherines	1	10
anhielten	1	9
hafenbecken	1	11
nordwestwind	1	12
marine	1	6
untröstliche	1	12
selbstmord	1	10
umkehren	1	8
kaptain	1	7
untergehen	1	10
holzbein-brief	1	14
goskinofabrik	1	13
filmzyklus	1	10
arbeiterbewegung	1	16
aufstachelung	1	13
streikt	1	7
komitee	1	7
r.s.d.r.p	1	9
strongin	1	8
zusammenschließen	1	17
bestellungen	1	12
lebensmittelgeschäft	1	20
reparaturen	1	11
herumgekriegt	1	13
streiks	1	7
geschwätz	1	9
blutbad	1	7
erschaffen	1	10
entwicklung	1	11
filmkunst	1	9
film-fabrik	1	11
gorki	1	5
rekonstruiert	1	13
stacheln	1	8
strongen	1	8
zusammenschliessen	1	18
rumgekriegt	1	11
streikes	1	8
vereiteln	1	9
massaker	1	8
ehemännern	1	10
geschiedenen	1	12
aktiv	1	5
diamanten	1	9
auflagen	1	8
widersetzen	1	11
extravagant	1	11
zimmermädchen	1	13
häng	1	4
anmieten	1	8
gemietet	1	8
verbarrikadieren	1	16
geringerer	1	10
höchstpersönlich	1	16
integrität	1	10
aktueller	1	9
landurlaub	1	10
florida	1	7
trautes	1	7
schulden	1	8
ex-mann	1	7
diamantenmine	1	13
afrika	1	6
kilometerlange	1	14
kautschukplantage	1	17
alvira	1	6
outlaws	1	7
vorgeben	1	8
schluckauf	1	10
luftballons	1	11
vinzenz	1	7
vorschein	1	9
notenzeilen	1	11
haimana	1	7
nachthemd	1	9
hummer	1	6
aß	1	2
rohling	1	7
aufgeweckt	1	10
stef	1	4
ionesco	1	7
hal	1	3
roach	1	5
herausragende	1	13
kurz-	1	5
spielfilme	1	10
gewinn	1	6
titels	1	6
comic-duetts	1	12
kino	1	4
erhaltenen	1	10
restaurierten	1	13
comic-meisterwerke	1	18
medien	1	6
übertragen	1	10
enthalten	1	9
kirchgroup	1	10
klassiker	1	9
kinos	1	5
generationen	1	12
schelmische	1	11
unnahbare	1	9
buhlten	1	7
ungerechtfertigter	1	18
geschenken	1	10
bewunderern	1	11
aufgehalten	1	11
folgten	1	7
schwanden	1	9
laroux	1	6
monatelang	1	10
theaterbüros	1	12
wartezimmer	1	11
jubelnde	1	8
sähen	1	5
ließe	1	5
unwissend	1	9
identität	1	9
leihe	1	5
schirm	1	6
runternehmen	1	12
theaterpensionen	1	16
vorstadt	1	8
bedeuten	1	8
regnerische	1	11
schönem	1	7
segelt	1	6
geschlossenes	1	13
maurice	1	7
ebenbild	1	8
schönheitschirurgen	1	19
verjüngen	1	9
meins	1	5
glaubhaft	1	9
ihretwillen	1	11
intelligent	1	11
gewartet	1	8
gelaufen	1	8
aufleben	1	8
plastische	1	10
chirurgie	1	9
kontinenten	1	11
debüt	1	5
gigantischen	1	12
revival	1	7
grosses	1	7
verblüffenden	1	13
neuigkeit	1	9
beaus	1	5
hinreißende	1	11
witz	1	4
reservieren	1	11
wiederauferstehung	1	18
mitzuerleben	1	12
größere	1	7
füchsin	1	7
applaus	1	7
dinnerparty	1	11
rückzieher	1	10
hartnäckigster	1	14
kümmerte	1	8
morgige	1	7
verdauungsstörungen	1	19
kopfweh	1	7
bereithielt	1	11
regnerischen	1	12
kennenlernen	1	12
verjüngung	1	10
leber	1	5
major	1	5
anstruthers	1	11
lehnten	1	7
armband	1	7
längerer	1	8
geheimnisvoll	1	13
plötzliche	1	10
erkenntnis	1	10
unwissentlich	1	13
haushälterin	1	12
reizendere	1	10
schokolade	1	10
fossilien	1	9
süßeste	1	7
schöpft	1	7
reizender	1	9
begehrenswerter	1	15
betrügerin	1	10
liebenswerte	1	12
einzumischen	1	12
duellieren	1	10
schütze	1	7
fleischwunde	1	12
badeschönheiten-parade	1	22
gefühlsbetonte	1	14
täte	1	4
ebenem	1	6
pfändungsbefehl	1	15
erlassen	1	8
orville	1	7
phantasien	1	10
bowling	1	7
gloria	1	6
swanson	1	7
pickfords	1	9
rasen	1	5
pola	1	4
negri	1	5
kegel	1	5
aufgestellt	1	11
vivien	1	6
oakland	1	7
verschwenderischen	1	18
zerlegen	1	8
bürgerkrieg	1	11
betrügern	1	9
vieh-geschäft	1	13
theda	1	5
bara	1	4
bade-schönheiten	1	16
draufgänger	1	11
dave	1	4
atmenden	1	8
verächtliches	1	13
schnauben	1	9
film-gag	1	8
bankraub	1	8
kugeln	1	6
regisseuren	1	11
fluren	1	6
hausdetektiv	1	12
badezimmer	1	10
hausdetektivs	1	13
k.	1	2
hohl	1	4
schwarzhändler	1	14
lauten	1	6
bankräuber	1	10
killer	1	6
geschubst	1	9
hungernder	1	10
wackelig	1	8
aufzustehen	1	11
steffen	1	7
bieker	1	6
diskutierten	1	12
missionarsarbeit	1	16
radioansagern	1	13
lebertran	1	9
etikett	1	7
scotch	1	6
whiskey	1	7
orlamond	1	8
zukünftiger	1	11
pferdeschau	1	11
veranstalten	1	12
tänze	1	5
wiederaufleben	1	14
hootchie	1	8
kootchie	1	8
benefizaufführung	1	17
probte	1	6
corliss	1	7
palmer	1	6
verdirbst	1	9
ruinierst	1	9
inspizienten	1	12
romeos	1	6
akteurs	1	7
ausstopfen	1	10
schwämme	1	8
shakespeare-revivals	1	20
textes	1	6
shakespeare	1	11
riesen	1	6
training	1	8
treibe	1	6
alkohol	1	7
schwarzbrennern	1	15
drink	1	5
julias	1	6
telefonnummer	1	13
balkonszene	1	11
worum	1	5
geisterszene	1	12
hamlet	1	6
vollmond	1	8
stund	1	5
wandelt	1	7
dachten	1	7
ablehnen	1	8
barkeeper	1	9
eisenbahnstrecke	1	16
südens	1	6
vorrücken	1	9
teile	1	5
verwundet	1	9
südarmee	1	8
zurückzuziehen	1	14
siegreiche	1	10
nordstaatenarmee	1	16
feindesland	1	11
versorgungszüge	1	15
raub	1	4
zuges	1	5
kriege	1	6
südlichen	1	9
versorgungszügen	1	16
sammeln	1	7
nordstaaten-division	1	20
nähert	1	6
durchwaten	1	10
ausziehen	1	9
einschreiben	1	12
gray	1	4
schreib	1	7
barmixer	1	8
eingeschrieben	1	14
unabhängigen	1	12
südstaatlern	1	12
anzuschließen	1	13
passagiere	1	10
versorgungslinie	1	16
army	1	4
durchtrennen	1	12
parkervorrücken	1	15
südstaaten	1	10
erfolgreiche	1	12
nordstaaten	1	11
vereinen	1	8
flanke	1	6
tagesanbruch	1	12
feuerholzsammeln	1	16
zukünftigen	1	11
wespennest	1	10
stechen	1	7
auslöst	1	7
fahrkarte	1	9
steigen	1	7
gloom	1	5
philadelphia	1	12
republikaner	1	12
demokrat	1	8
abnehmen	1	8
verrücktheit	1	12
ungefährlich	1	12
üben	1	4
irr	1	3
benimm	1	6
begegnet	1	8
entflohen	1	9
mozart	1	6
square	1	6
patient	1	7
airdales	1	8
einmann-hund	1	12
dodo	1	4
junges	1	6
frische	1	7
harrison	1	8
stecke	1	6
kongress	1	8
erwische	1	8
kopfs	1	5
hausarzt	1	8
vermutet	1	8
häuptling	1	9
lachgas	1	7
brillanter	1	10
filmische	1	9
unexpected	1	10
london	1	6
kulešov-kollektivs	1	18
viktor	1	6
šklovskij	1	9
lev	1	3
kulešov	1	7
assistenz	1	9
b.	1	2
svešnikov	1	9
konstantin	1	10
kuznecov	1	8
goldfieber	1	10
vladimir	1	8
fogel	1	5
vorstandsvorsitzende	1	20
nelson	1	6
schwede	1	7
komarov	1	7
nelsons	1	7
engländerin	1	11
aleksandra	1	10
chochlova	1	9
dutchy	1	6
porfirij	1	8
harkey	1	6
petr	1	4
galadev	1	7
rausholen	1	9
anderswo	1	8
aktiengesellschaft	1	18
hold	1	4
goldwäsche	1	10
goldgewinnung	1	13
wäscherin	1	9
jäh	1	3
überflutet	1	10
unwetter	1	8
mordopfer	1	9
grüften	1	7
vereiste	1	8
oberfläche	1	10
lähmender	1	9
ediths	1	6
geburtstagsgeschenk	1	19
rasier	1	6
rechnen	1	7
gerichtsverfahren	1	17
englischem	1	10
untertan	1	8
angeklagter	1	11
victoria	1	8
urteilen	1	8
geschworenen	1	12
-jetzt	1	6
festgesetzte	1	12
reuigen	1	7
österreichisches	1	16
filmmuseum	1	10
roswitha	1	8
fraller	1	7
sechstel	1	8
vertrieb	1	8
sovkino	1	7
autor-leiter	1	12
e.	1	2
svilova	1	7
chefkameramann	1	14
kaufman	1	7
kameraleute	1	11
beljakov	1	8
benderskij	1	10
zotov	1	5
konstantinov	1	12
lemberg	1	7
strukov	1	7
toltschan	1	9
foxtrott	1	8
belustigung	1	11
schokoladenkinder	1	17
spielsachen	1	11
kanonen	1	7
untergangs	1	10
vergnügt	1	8
meeresbrandung	1	14
bach	1	4
aulen	1	5
dagestan	1	8
sibirischen	1	11
taiga	1	5
verirren	1	8
petschora	1	9
abgeworfen	1	10
landes	1	6
tartaren	1	8
burjaten	1	8
usbeken	1	7
kalmücken	1	9
chakassen	1	9
fernen	1	6
aul	1	3
rentierrennen	1	13
ziegenschlachtens	1	17
zurna	1	5
weintrauben	1	11
rohes	1	5
rentierfleisch	1	14
mutterbrust	1	11
trinkst	1	7
rüstiger	1	8
hundertjähriger	1	15
ausspannst	1	10
wäschst	1	7
zuschauerraum	1	13
spinnstube	1	10
sowjetischen	1	12
matotschkin	1	11
meeresenge	1	10
buchara	1	7
noworossijsk	1	12
leningrad	1	9
steinadler	1	10
kirgisen	1	8
eiderenten	1	10
eismeers	1	8
eulen	1	5
möwen	1	5
meers	1	5
ulu-usen	1	8
kamele	1	6
kirgisischen	1	12
steppe	1	6
sibirische	1	10
eichhörnchen	1	12
fangeisen	1	9
marder	1	6
braunbär	1	8
zobel	1	5
karakulschaf	1	12
werke	1	5
erdöl	1	5
baumwolle	1	9
feldwege	1	8
bergpfade	1	9
kamelkarawanen	1	14
zweirädrigen	1	12
karren	1	6
vorgespannt	1	11
nomaden	1	7
überqueren	1	10
verpackt	1	8
wogule	1	6
aufbindet	1	9
gostorg	1	7
staatliche	1	10
zisternen	1	9
tanks	1	5
sonnenblumenöl	1	14
kaviar	1	6
verfrachtet	1	11
rinder	1	6
zement	1	6
ausländische	1	12
frachtschiffe	1	13
fließt	1	6
tausenden	1	9
werst	1	5
frost	1	5
schneeverwehungen	1	17
nächstgelegenen	1	15
sammelstelle	1	12
abliefern	1	9
ausfuhr	1	7
andauert	1	8
unbeweglich	1	11
novaja	1	6
zemlja	1	6
textilien	1	9
grammophon	1	10
pelztierfelle	1	13
leipziger	1	9
messe	1	5
tungusen	1	8
ostjaken	1	8
eingetauscht	1	12
produzieren	1	11
baut	1	4
proletarischen	1	14
patriarchat	1	11
handels	1	7
sozialismus	1	11
mittel-	1	7
kleinbauern	1	11
traktor	1	7
kollektive	1	10
bewirtschaftung	1	15
bodens	1	6
