word_form	frequency	length
de	3367	2
que	2539	3
la	2182	2
no	1846	2
el	1806	2
en	1618	2
es	1251	2
un	1091	2
lo	916	2
por	890	3
los	826	3
una	745	3
se	715	2
me	611	2
con	592	3
para	584	4
te	578	2
su	558	2
qué	514	3
las	468	3
mi	462	2
del	454	3
pero	415	4
tu	400	2
como	392	4
si	378	2
bien	371	4
está	364	4
al	346	2
eso	339	3
esta	318	4
yo	304	2
le	284	2
aquí	265	4
más	252	3
muy	239	3
todo	237	4
esto	229	4
este	212	4
ahora	198	5
así	196	3
cuando	194	6
sí	190	2
ya	189	2
hay	183	3
vamos	175	5
estoy	174	5
algo	170	4
tengo	168	5
todos	162	5
él	154	2
soy	151	3
eres	150	4
fue	149	3
ese	147	3
tú	145	2
sus	142	3
noche	142	5
nos	136	3
casa	133	4
ha	132	2
vez	131	3
hacer	130	5
son	130	3
cómo	128	4
tiene	127	5
ella	127	4
nada	122	4
tan	121	3
ser	119	3
solo	118	4
tienes	116	6
estás	116	5
bueno	115	5
oh	115	2
mejor	113	5
vida	113	4
entonces	113	8
señor	112	5
puedo	112	5
nunca	111	5
esa	111	3
gracias	110	7
dos	109	3
también	105	7
stubby	103	6
uno	102	3
sobre	102	5
tiempo	101	6
porque	101	6
hasta	99	5
ti	99	2
dónde	98	5
siempre	96	7
hace	95	4
verdad	95	6
puede	95	5
quiero	93	6
era	92	3
padre	92	5
años	91	4
mí	89	2
día	88	3
sin	88	3
mucho	84	5
les	84	3
dios	83	4
voy	82	3
quién	81	5
trabajo	80	7
gran	80	4
ver	80	3
chicos	80	6
sabes	79	5
creo	78	4
favor	78	5
cálido	78	6
va	77	2
están	77	5
antes	76	5
sé	76	2
mundo	76	5
usted	75	5
después	75	7
tenemos	74	7
he	74	2
fiesta	74	6
hola	73	4
hombre	72	6
quieres	72	7
decir	71	5
estaba	70	6
siento	69	6
ahí	68	3
ni	68	2
donde	68	5
cosas	68	5
arsenio	68	7
caliente	67	8
dante	67	5
otra	66	4
amigo	66	5
alguien	66	7
gente	66	5
poco	65	4
freddy	65	6
puedes	64	6
nosotros	64	8
nuevo	63	5
ellos	63	5
dinero	63	6
parte	63	5
mis	62	3
ve	61	2
estamos	61	7
ven	61	3
lugar	61	5
amor	61	4
sólo	61	4
tipo	61	4
tres	60	4
ir	60	2
mierda	60	6
tus	59	3
mary	59	4
tal	58	3
has	58	3
ustedes	56	7
hacia	56	5
estar	56	5
estas	56	5
nuestro	55	7
nueva	55	5
mira	55	4
hijo	55	4
omc	55	3
sea	54	3
desde	54	5
buena	54	5
quien	54	5
dejiko	54	6
mas	54	3
lupin	54	5
seguro	53	6
nadie	53	5
mismo	53	5
otro	52	4
madre	52	5
mal	52	3
muerte	52	6
vas	51	3
menos	51	5
parece	51	6
mamá	51	4
sargento	50	8
ray	50	3
mañana	49	6
será	48	4
policía	48	7
cada	47	4
todas	46	5
luego	46	5
pasa	45	4
fuera	44	5
entre	44	5
gusta	44	5
hoy	44	3
estado	44	6
gema	44	4
izquierda	43	9
veo	43	3
hecho	43	5
tienen	43	6
había	43	5
camino	43	6
elvira	43	6
buen	42	4
espera	42	6
nombre	42	6
toda	42	4
han	42	3
contigo	42	7
señorita	42	8
quiere	42	6
pasado	42	6
hija	42	4
acuerdo	41	7
dijo	41	4
van	41	3
haber	41	5
amigos	40	6
adiós	40	5
deja	40	4
guerra	39	6
conmigo	39	7
veces	39	5
mujer	39	5
hablar	39	6
sido	39	4
realmente	39	9
ciudad	39	6
momento	38	7
fin	38	3
dije	38	4
hemos	38	5
josephine	38	9
hora	37	4
tanto	37	5
necesito	37	8
cabeza	37	6
ah	37	2
cuenta	37	6
agua	37	4
mío	36	3
mientras	36	8
podemos	36	7
diosa	36	5
eh	36	2
aqui	36	4
ey	36	2
idiota	36	6
tener	35	5
hombres	35	7
pueblo	35	6
bella	35	5
perro	34	5
historia	34	8
importa	34	7
esos	34	4
días	34	4
haciendo	34	8
poder	34	5
chica	34	5
contra	33	6
saber	33	5
primer	33	6
dice	33	4
hizo	33	4
nuestra	33	7
bajo	33	4
sabe	33	4
cuidado	32	7
pronto	32	6
juntos	32	6
crees	32	5
cutter	32	6
comida	31	6
realidad	31	8
rápido	31	6
digo	31	4
allí	31	4
sigue	31	5
cara	31	4
nyo	31	3
cosa	30	4
muchas	30	6
nuestros	30	8
suerte	30	6
haces	30	5
lado	30	4
unos	30	4
niño	30	4
clarisse	30	8
asi	30	3
kevin	30	5
din	30	3
sahib	30	5
demasiado	29	9
visto	29	5
serio	29	5
entiendo	29	8
esas	29	4
manos	29	5
tras	29	4
querida	29	7
joven	29	5
virgilio	29	8
listo	28	5
cama	28	4
pueden	28	6
espero	28	6
ves	28	3
alguna	28	6
estos	28	5
libro	28	5
cariño	28	6
nyu	28	3
tarde	28	5
futuro	28	6
suficiente	28	10
mayor	28	5
otros	28	5
comercio	28	8
soldado	27	7
debe	27	4
dormir	27	6
iba	27	3
vaya	27	4
loco	27	4
papá	27	4
llegar	27	6
ayuda	27	5
primera	27	7
final	27	5
sueño	27	5
volver	27	6
tierra	27	6
debería	27	7
mundial	27	7
problema	27	8
director	27	8
vete	26	4
hermano	26	7
buenas	26	6
primero	26	7
ojos	26	4
casi	26	4
cuerpo	26	6
todavía	26	7
claro	26	5
aunque	26	6
conferencia	26	11
crucifijo	26	9
príncipe	26	8
bob	26	3
personas	26	8
atrás	25	5
podría	25	6
vino	25	4
medio	25	5
clase	25	5
señora	25	6
doctor	25	6
genial	25	6
puchiko	25	7
supongo	25	7
demonios	25	8
venga	25	5
hubiera	25	7
reina	25	5
maldito	25	7
ladrón	25	6
infierno	25	8
abuela	25	6
país	24	4
problemas	24	9
idea	24	4
abajo	24	5
debo	24	4
parís	24	5
justo	24	5
durante	24	7
cierto	24	6
cielo	24	5
fui	24	3
llega	24	5
manera	24	6
bebé	24	4
ok	24	2
cuarto	24	6
película	24	8
kyung	24	5
jae	24	3
rey	24	3
tesoro	24	6
conroy	23	6
escucha	23	7
traje	23	5
noticias	23	8
palabra	23	7
cerca	23	5
pensé	23	5
déjame	23	6
vista	23	5
esposa	23	6
corazón	23	7
último	23	6
viene	23	5
persona	23	7
año	23	3
grande	23	6
minutos	23	7
ante	23	4
sr	23	2
adelante	22	8
ejército	22	8
orden	22	5
tenía	22	5
debes	22	5
arriba	22	6
familia	22	7
grandes	22	7
algún	22	5
necesita	22	8
diablos	22	7
pasar	22	5
río	22	3
vi	22	2
nuestras	22	8
algunos	22	7
dicho	22	5
monstruo	22	8
organización	22	12
ballantine	22	10
paso	21	4
meses	21	5
niños	21	5
alto	21	4
coronel	21	7
noches	21	6
comer	21	5
oye	21	3
última	21	6
forma	21	5
guardia	21	7
salir	21	5
horas	21	5
di	21	2
iré	21	3
pregunta	21	8
dentro	21	6
accidente	21	9
tienda	21	6
hacerlo	21	7
dame	21	4
baile	21	5
oro	21	3
puente	21	6
necesitas	20	9
queda	20	5
dejar	20	5
somos	20	5
jugar	20	5
hermana	20	7
luz	20	3
puerta	20	6
sonrisa	20	7
escuela	20	7
pequeño	20	7
guau	20	4
adios	20	5
collar	20	6
odio	19	4
mano	19	4
semana	19	6
miedo	19	5
llama	19	5
fuego	19	5
hice	19	4
fueron	19	6
posible	19	7
aún	19	3
encontrar	19	9
misma	19	5
jamás	19	5
paz	19	3
quería	19	6
música	19	6
tenga	19	5
gustaría	19	8
papel	19	5
bonita	19	6
criatura	19	8
punto	19	5
estrella	19	8
jennifer	19	8
países	19	6
eran	18	4
robert	18	6
cualquier	18	9
oficial	18	7
da	18	2
dices	18	5
verte	18	5
línea	18	5
razón	18	5
felicidad	18	9
estabas	18	7
sola	18	4
triste	18	6
caso	18	4
incluso	18	7
gerente	18	7
bastante	18	8
oportunidad	18	11
secreto	18	7
acto	18	4
sitio	18	5
cuanto	18	6
maldita	18	7
duque	18	5
d'andresy	18	9
crucifijos	18	10
poetas	18	6
conde	18	5
comisario	18	9
york	18	4
australia	18	9
duro	17	4
feliz	17	5
demás	17	5
carta	17	5
cuánto	17	6
hambre	17	6
hiciste	17	7
lejos	17	5
extraño	17	7
pobre	17	5
sucede	17	6
sol	17	3
haré	17	4
amo	17	3
teoría	17	6
deberías	17	8
juego	17	5
usar	17	4
querido	17	7
significa	17	9
siente	17	6
tomar	17	5
recuerda	17	8
armando	17	7
edad	17	4
siguiente	17	9
siquiera	17	8
encima	17	6
tambien	17	7
-no	17	3
ud	17	2
darnay	17	6
muertos	17	7
czerneck	17	8
karadjordje	17	11
real	16	4
derecha	16	7
único	16	5
cartas	16	6
fuerte	16	6
círculo	16	7
sería	16	5
minuto	16	6
culpa	16	5
morir	16	5
haz	16	3
terminar	16	8
buenos	16	6
siendo	16	6
habitación	16	10
ello	16	4
suena	16	5
negocios	16	8
rayo	16	4
trae	16	4
visita	16	6
quieren	16	7
negocio	16	7
haya	16	4
jefe	16	4
ido	16	3
hey	16	3
os	16	2
subtítulos	16	10
dong	16	4
barco	16	5
asesino	16	7
beaumagnan	16	10
superchico	16	10
estaban	15	7
increíble	15	9
malo	15	4
muchachos	15	9
trabajar	15	8
exactamente	15	11
hogar	15	5
hacemos	15	7
través	15	6
mitad	15	5
poner	15	5
servicio	15	8
venir	15	5
precioso	15	8
conviértete	15	11
estuvo	15	6
boca	15	4
sistema	15	7
piedra	15	6
honor	15	5
vacaciones	15	10
cubierta	15	8
tío	15	3
cual	15	4
au	15	2
revoir	15	6
woo	15	3
viejo	15	5
muerta	15	6
padres	15	6
universidad	15	11
bruja	15	5
auto	15	4
phil	15	4
presentación	15	12
yes	15	3
murray	15	6
joey	15	4
francia	14	7
ayudar	14	6
cuatro	14	6
saben	14	5
batalla	14	7
basta	14	5
dan	14	3
perfecto	14	8
afuera	14	6
vivir	14	5
dar	14	3
propio	14	6
esperando	14	9
muchacho	14	8
diga	14	4
vuelve	14	6
llevar	14	6
hablando	14	8
finalmente	14	10
inquebrantable	14	14
anime	14	5
resto	14	5
ojo	14	3
láser	14	5
dijiste	14	7
libre	14	5
sexo	14	4
chico	14	5
partir	14	6
dado	14	4
club	14	4
so	14	2
quisiera	14	8
cree	14	4
sangre	14	6
matar	14	5
policías	14	8
hank	14	4
unruh	14	5
men	14	3
turcos	14	6
macchesney	14	10
margarita	14	9
basura	13	6
quieto	13	6
pie	13	3
dio	13	3
preocupes	13	9
llegado	13	7
peor	13	4
habla	13	5
seré	13	4
adentro	13	7
herida	13	6
vidas	13	5
pueda	13	5
frente	13	6
buscar	13	6
voz	13	3
entrar	13	6
llamada	13	7
pude	13	4
verme	13	5
trata	13	5
disculpe	13	8
principal	13	9
mucha	13	5
mirábamos	13	9
decíamos	13	8
​​favor	13	7
apresúrate	13	10
vago	13	4
implacable	13	10
pintado	13	7
sal	13	3
movimiento	13	10
akihabara	13	9
queremos	13	8
amante	13	6
nyon	13	4
falta	13	5
cambiado	13	8
haga	13	4
hospital	13	8
vivo	13	4
muerto	13	6
gusto	13	5
cine	13	4
robo	13	4
eddie	13	5
constanti	13	9
harás	13	5
acá	13	3
alejate	13	7
annie	13	5
recibe	13	6
hardy	13	5
thugs	13	5
escarabajo	13	10
seis	12	4
llamado	12	7
soldados	12	8
alemanes	12	8
especial	12	8
perder	12	6
olsen	12	5
supuesto	12	8
detrás	12	6
difícil	12	7
hagamos	12	7
caballeros	12	10
estará	12	6
verdadero	12	9
tuvo	12	4
debemos	12	7
bienvenida	12	10
tercer	12	6
igual	12	5
corre	12	5
mago	12	4
llevo	12	5
compañía	12	8
toma	12	4
consejo	12	7
sino	12	4
sabía	12	5
deben	12	5
anoche	12	6
puesto	12	6
teléfono	12	8
propia	12	6
conocido	12	8
lamento	12	7
cuál	12	4
fácil	12	5
alma	12	4
perdón	12	6
correcto	12	8
éxito	12	5
encuentra	12	9
pequeña	12	7
solución	12	8
escuché	12	7
chi	12	3
ho	12	2
mujeres	12	7
corte	12	5
preguntas	12	9
maldición	12	9
creen	12	5
par	12	3
hacen	12	5
creer	12	5
original	12	8
lleva	12	5
robó	12	4
perdóname	12	9
dime	12	4
leonard	12	7
dirección	12	9
grandioso	12	9
diez	12	4
ahi	12	3
pues	12	4
burk	12	4
desarrollo	12	10
vienen	11	6
allá	11	4
schroeder	11	9
pasando	11	7
tampoco	11	7
ataque	11	6
médico	11	6
busca	11	5
sueños	11	6
listos	11	6
hijos	11	5
acaba	11	5
hará	11	4
déjalo	11	6
ganar	11	5
rosa	11	4
terrible	11	8
haría	11	5
doy	11	3
algunas	11	7
guerrero	11	8
dejiko-chan	11	11
cansado	11	7
artículo	11	8
espacio	11	7
pensar	11	6
personal	11	8
ricos	11	5
pobres	11	6
raro	11	4
pagar	11	5
mantener	11	8
inocente	11	8
vuelta	11	6
novia	11	5
vayas	11	5
hagas	11	5
hermosa	11	7
seguros	11	7
intertítulos	11	12
frankenstein	11	12
daré	11	4
reconoce	11	8
fuerza	11	6
estan	11	5
mil	11	3
general	11	7
permite	11	7
gonk	11	4
manette	11	7
papi	11	4
tommy	11	5
almas	11	5
interior	11	8
libertad	11	8
empleados	11	9
serbios	11	7
gunga	11	5
kali	11	4
mac	11	3
backine	11	7
eduardo	11	7
tranquilo	10	9
jóvenes	10	7
armas	10	5
atención	10	8
pies	10	4
perrito	10	7
alegría	10	7
puedas	10	6
segura	10	6
cálmate	10	7
base	10	4
regimiento	10	10
misión	10	6
salvar	10	6
pone	10	4
hablas	10	6
capitán	10	7
reglas	10	6
vengan	10	6
diferencia	10	10
lindo	10	5
malos	10	5
tuyo	10	4
murió	10	5
valor	10	5
irme	10	4
regreso	10	7
viaje	10	5
pasó	10	4
vienes	10	6
piensa	10	6
deber	10	5
escrito	10	7
voces	10	5
temprano	10	8
estaría	10	7
hablamos	10	8
dolor	10	5
pecho	10	5
segunda	10	7
fotos	10	5
diablo	10	6
pudo	10	4
respecto	10	8
diciendo	10	8
malas	10	5
asunto	10	6
empezar	10	7
segundo	10	7
jugadores	10	9
ten	10	3
vemos	10	5
niña	10	4
salud	10	5
placer	10	6
cantidad	10	8
pollo	10	5
supone	10	6
tomas	10	5
lister	10	6
gustan	10	6
pena	10	4
nivel	10	5
ninguna	10	7
mio	10	3
piensas	10	7
funciona	10	8
pide	10	4
piso	10	4
pene	10	4
mente	10	5
tenido	10	6
olvídalo	10	8
tratando	10	8
cocina	10	6
café	10	4
rostro	10	6
mirar	10	5
amaba	10	5
vayan	10	5
ama	10	3
oficina	10	7
henriette	10	9
derecho	10	7
dreux-soubise	10	13
puertas	10	7
divina	10	6
excelencia	10	10
bonnetot	10	8
jean	10	4
show	10	4
vegas	10	5
tia	10	3
fallwell	10	8
dejo	10	4
enseguida	10	9
londres	10	7
mami	10	4
éste	10	4
torre	10	5
andy	10	4
barry	10	5
esclavo	10	7
india	10	5
destacamento	10	12
higginbotham	10	12
sentí	9	5
enemigo	9	7
quizá	9	5
suelo	9	5
oír	9	3
división	9	8
yanqui	9	6
desea	9	5
gas	9	3
hablo	9	5
orgulloso	9	9
llegó	9	5
tendrás	9	7
cielos	9	6
trajo	9	5
muchos	9	6
mire	9	4
entiendes	9	9
tonto	9	5
calma	9	5
marcha	9	6
horrible	9	8
miren	9	5
héroe	9	5
hago	9	4
bosque	9	6
sientes	9	7
cena	9	4
prisa	9	5
sentido	9	7
perdido	9	7
meta	9	4
mejores	9	7
recuerdo	9	8
principio	9	9
unas	9	4
acabo	9	5
tuve	9	4
trato	9	5
dulce	9	5
darme	9	5
pregunto	9	8
moe	9	3
venido	9	6
decirlo	9	7
error	9	5
ningún	9	6
importante	9	10
podrías	9	7
entra	9	5
mía	9	3
serás	9	5
vuelto	9	6
irse	9	4
encantado	9	9
tradición	9	9
aquellos	9	8
beber	9	5
canción	9	7
vayamos	9	7
segundos	9	8
estaré	9	6
largo	9	5
nazo	9	4
totalmente	9	10
tanque	9	6
aun	9	3
repente	9	7
probablemente	9	13
completamente	9	13
iremos	9	6
rimmer	9	6
humano	9	6
confío	9	6
modo	9	4
fun	9	3
estábamos	9	9
perra	9	5
deseo	9	5
dejen	9	5
trasero	9	7
come	9	4
causa	9	5
trabajando	9	10
mesa	9	4
defensa	9	7
llamas	9	6
fe	9	2
llevan	9	6
mapa	9	4
señal	9	5
plan	9	4
roger	9	5
esperanza	9	9
morgana	9	7
cae	9	3
sra	9	3
locos	9	5
aqui­	9	5
lengua	9	6
flarion	9	7
marqués	9	7
carton	9	6
alrededor	9	9
ed	9	2
iac	9	3
poeta	9	5
comerciales	9	11
pobreza	9	7
zapatos	9	7
sprat	9	5
serbia	9	6
bal	9	3
milord	9	6
lorenzo	9	7
babitch	9	7
jack	9	4
figgs	9	5
puso	8	4
semanas	8	7
dé	8	2
diferente	8	9
sentado	8	7
órdenes	8	7
alemán	8	6
estadounidense	8	14
quédate	8	7
bordo	8	5
juro	8	4
periódicos	8	10
iban	8	4
desayuno	8	8
herido	8	6
adorable	8	8
deberíamos	8	10
tiro	8	4
cinco	8	5
descanso	8	8
trampa	8	6
necesitamos	8	11
hicieron	8	8
encontré	8	8
habrá	8	5
ventana	8	7
tendré	8	6
piel	8	4
baño	8	4
esperaba	8	8
loca	8	4
juntas	8	6
salga	8	5
vio	8	3
rose	8	4
convertido	8	10
estudiante	8	10
maravilloso	8	11
llamar	8	6
esperar	8	7
sale	8	4
charat	8	6
demonio	8	7
dejiko~nyo	8	10
convierte	8	9
dejaré	8	6
ocular	8	6
espíritu	8	8
volveré	8	7
formas	8	6
viva	8	4
mala	8	4
educación	8	9
bolsa	8	5
debido	8	6
escapar	8	7
pantalla	8	8
compañero	8	9
centro	8	6
eras	8	4
existe	8	6
mes	8	3
tio	8	3
cerrado	8	7
dejame	8	6
ayudarte	8	8
arma	8	4
matado	8	6
dejes	8	5
kim	8	3
tijeras	8	7
kurt	8	4
esté	8	4
nervioso	8	8
oído	8	4
tipos	8	5
baja	8	4
cómics	8	6
seguir	8	6
acaso	8	5
dicen	8	5
contar	8	6
solos	8	5
tendrá	8	6
hermoso	8	7
pm	8	2
lección	8	7
periodista	8	10
vive	8	4
tenían	8	6
siglos	8	6
peligro	8	7
ropa	8	4
corto	8	5
conseguir	8	9
dile	8	4
obra	8	4
alza	8	4
deténgase	8	9
dígale	8	6
hechos	8	6
apúrate	8	7
ninguno	8	7
raoul	8	5
abbey	8	5
condesa	8	7
cardenal	8	8
vuelva	8	6
aparece	8	7
cómplice	8	8
louvre	8	6
pintura	8	7
ejemplo	8	7
naturaleza	8	10
kasselbach	8	10
sernin	8	6
amanecer	8	8
pruebas	8	7
hotel	8	5
sacar	8	5
talbot	8	6
tenia	8	5
murio	8	5
vincent	8	7
digamos	8	7
lucie	8	5
bernice	8	7
árboles	8	7
heliogábalo	8	11
aúun	8	4
mitchell	8	8
té	8	2
corneta	8	7
ponche	8	6
wladimiro	8	9
miguel	8	6
gloster	8	7
jersey	8	6
figgsy	8	6
garrison	8	8
liz	8	3
abran	7	5
estarás	7	7
salvó	7	5
estados	7	7
unidos	7	6
apenas	7	6
amistad	7	7
pelotón	7	7
señores	7	7
picnic	7	6
encontró	7	8
mascota	7	7
entendido	7	9
empieza	7	7
militar	7	7
tengan	7	6
ojalá	7	5
nuevos	7	6
tengamos	7	8
acción	7	6
deberían	7	8
caballo	7	7
oficiales	7	9
calle	7	5
tendremos	7	9
caballos	7	8
caer	7	4
metros	7	6
encantaría	7	10
cuándo	7	6
valiente	7	8
agradecerle	7	11
grave	7	5
tengas	7	6
descansar	7	9
acabó	7	5
terminó	7	7
terminado	7	9
traer	7	5
martes	7	6
sigo	7	4
hablarme	7	8
usando	7	6
además	7	6
sentir	7	6
olvida	7	6
pedazos	7	7
rabi~en	7	7
usada	7	5
acciones	7	8
misterio	7	8
melonpan	7	8
comprar	7	7
castillo	7	8
puntos	7	6
pesar	7	5
gi	7	2
digas	7	5
intenta	7	7
quizás	7	6
palabras	7	8
pui-nyu	7	7
abrázame	7	8
asustado	7	8
cierra	7	6
dama	7	4
alegre	7	6
castigo	7	7
divertido	7	9
definitivamente	7	15
sabemos	7	7
escuchar	7	8
molesta	7	7
pensando	7	8
verlo	7	5
medicina	7	8
sean	7	4
tomates	7	7
aire	7	4
quiera	7	6
vosotros	7	8
humana	7	6
volviendo	7	9
llamo	7	5
podía	7	5
suyo	7	4
archivos	7	8
restauración	7	12
termine	7	7
hagámoslo	7	9
haremos	7	7
estemos	7	7
uso	7	3
acerca	7	6
imposible	7	9
ambiente	7	8
luces	7	5
comienza	7	8
verdadera	7	9
lee	7	3
creí	7	4
espalda	7	7
rico	7	4
hee	7	3
vieja	7	5
beso	7	4
decisión	7	8
juventud	7	8
próxima	7	7
cállate	7	7
labios	7	6
sigan	7	5
video	7	5
cuántos	7	7
áfrica	7	6
decirte	7	7
salgan	7	6
puta	7	4
nelly	7	5
anhelo	7	6
muestra	7	7
pierna	7	6
estupidez	7	9
suzanne	7	7
llevó	7	5
nuevamente	7	10
breve	7	5
traigan	7	7
encanta	7	7
culpable	7	8
déjeme	7	6
iglesia	7	7
sarah	7	5
asesinato	7	9
estación	7	8
mató	7	4
mientes	7	7
museo	7	5
pieza	7	5
familiar	7	8
permítame	7	9
deje	7	4
artistas	7	8
cabezas	7	7
dolares	7	7
patty	7	5
ti­a	7	4
mi­	7	3
vinnie	7	6
empleo	7	6
marido	7	6
revolución	7	10
pára	7	4
amable	7	6
-y	7	2
philip	7	6
serpiente	7	9
troya	7	5
ordena	7	6
vías	7	4
textiles	7	8
tratamos	7	8
básicamente	7	11
parecen	7	7
mcdonald's	7	10
djordje	7	7
tantrapur	7	9
templo	7	6
ricardo	7	7
marzo	6	5
mires	6	5
new	6	3
entrenamiento	6	13
filas	6	5
oíste	6	5
perros	6	6
duerme	6	6
saltar	6	6
usa	6	3
hacía	6	5
convertirse	6	11
milagro	6	7
luchar	6	6
gaston	6	6
amiguito	6	8
tomo	6	4
carne	6	5
simple	6	6
ocho	6	4
monsieur	6	8
esperábamos	6	11
salimos	6	7
tuya	6	4
mando	6	5
pelear	6	6
acabar	6	6
cabo	6	4
superior	6	8
extraña	6	7
a.	6	2
llegue	6	6
llena	6	5
contrario	6	9
conoces	6	7
domingo	6	7
memoria	6	7
tanta	6	5
recuerdas	6	9
completo	6	8
sirve	6	5
tercera	6	7
sentimientos	6	12
profundamente	6	13
secundaria	6	10
caja	6	4
dias	6	4
refiero	6	7
embargo	6	7
principales	6	11
chicas	6	6
puedan	6	6
alta	6	4
hechizo	6	7
menudo	6	6
encaja	6	6
bailemos	6	8
tócame	6	6
encontrado	6	10
tranquila	6	9
especiales	6	10
saltó	6	5
seamos	6	6
brillante	6	9
cambiar	6	7
ay	6	2
fortuna	6	7
deidad	6	6
amiga	6	5
información	6	11
cambió	6	6
enorme	6	6
irnos	6	5
linda	6	5
mismos	6	6
broma	6	5
evitar	6	6
productor	6	9
vacío	6	5
material	6	8
dejado	6	6
ja	6	2
ocupado	6	7
apariencia	6	10
dejará	6	6
ala	6	3
bote	6	4
estuve	6	6
diré	6	4
agradable	6	9
explica	6	7
efecto	6	6
riqueza	6	7
rica	6	4
millones	6	8
única	6	5
caminando	6	9
debajo	6	6
gato	6	4
desastre	6	8
er	6	2
despacio	6	8
libros	6	6
pienso	6	6
extraordinario	6	14
mierdas	6	7
arte	6	4
asuntos	6	7
obvio	6	5
delante	6	7
traducidos	6	10
parezco	6	7
profesor	6	8
copia	6	5
ley	6	3
hubo	6	4
examen	6	6
frase	6	5
solamente	6	9
otras	6	5
llorar	6	6
cha	6	3
trago	6	5
dejan	6	5
faltan	6	6
veras	6	5
cenar	6	5
haberte	6	7
conoce	6	6
mesada	6	6
siga	6	4
bastardo	6	8
promesa	6	7
cierren	6	7
ibas	6	4
esperamos	6	9
saliendo	6	8
título	6	6
grito	6	5
gobierno	6	8
débil	6	5
silencio	6	8
creíste	6	7
películas	6	9
estúpido	6	8
confianza	6	9
planeta	6	7
robar	6	5
bravo	6	5
descubierto	6	11
común	6	5
chance	6	6
contesta	6	8
lleno	6	5
ex	6	2
producto	6	8
hermanos	6	8
aquel	6	5
guión	6	5
departamento	6	12
ben	6	3
hur	6	3
entera	6	6
celoso	6	6
encuentran	6	10
vuelo	6	5
theophraste	6	11
ancestro	6	8
reputación	6	10
busco	6	5
darle	6	5
ad	6	2
lapidem	6	7
curebat	6	7
regina	6	6
jumieges	6	8
balsamo	6	7
misionero	6	9
justicia	6	8
necesitan	6	9
saberlo	6	7
daño	6	4
conocí	6	6
recuperar	6	9
abadías	6	7
trató	6	5
eterna	6	6
cerdo	6	5
objetivo	6	8
luciérnaga	6	10
azul	6	4
invitación	6	10
pintor	6	6
sala	6	4
aléjate	6	7
mataste	6	7
bomba	6	5
saca	6	4
alcor	6	5
bailarina	6	9
compromiso	6	10
venganza	6	8
enormes	6	7
damas	6	5
sera	6	4
manny	6	5
bienes	6	6
escuche	6	7
algun	6	5
nena	6	4
hablarle	6	8
podrias	6	7
recetas	6	7
podria	6	6
veamos	6	6
decide	6	6
luna	6	4
pantea	6	6
tumba	6	5
según	6	5
señala	6	6
papa	6	4
reino	6	5
simboliza	6	9
francesca	6	9
avaros	6	6
derrochadores	6	13
lago	6	4
arzobispo	6	9
griegos	6	7
iii	6	3
tratar	6	6
corporaciones	6	13
discurso	6	8
opinión	6	7
tropas	6	6
tema	6	4
banda	6	5
finlandia	6	9
líderes	6	7
norte	6	5
méxico	6	6
núumero	6	7
milos	6	5
elefante	6	8
deprisa	6	7
trono	6	5
tía	6	3
bettina	6	7
regente	6	7
silistria	6	9
darbois	6	7
kasalewsky	6	10
evidencia	6	9
franceses	5	9
vale	5	4
rompan	5	6
vámonos	5	7
conoció	5	7
muévanse	5	8
quedarse	5	8
junto	5	5
mayoría	5	7
europa	5	6
bienvenido	5	10
máscaras	5	8
ellas	5	5
das	5	3
pelea	5	5
llamarme	5	8
decía	5	5
regalo	5	6
adónde	5	6
decidido	5	8
estadounidenses	5	15
despierto	5	9
máscara	5	7
dámelo	5	6
roba	5	4
disculpa	5	8
delicioso	5	9
serán	5	5
reyes	5	5
gano	5	4
restaurante	5	11
seicheprey	5	10
tuviera	5	7
hicimos	5	7
seas	5	4
doc	5	3
regresa	5	7
lucha	5	5
regresar	5	8
pequeños	5	8
acabará	5	7
supo	5	4
despierta	5	9
cargo	5	5
george	5	6
batallas	5	8
brazos	5	6
viento	5	6
escucho	5	7
tomé	5	4
negro	5	5
quise	5	5
acuerdas	5	8
llamó	5	5
lista	5	5
escuchas	5	8
comido	5	6
horribles	5	9
viejos	5	6
modos	5	5
comienzo	5	8
destino	5	7
distancia	5	9
mirando	5	7
popular	5	7
artículos	5	9
campo	5	5
disfrutar	5	9
foto	5	4
tercero	5	7
nota	5	4
parecía	5	7
repentino	5	9
urgente	5	7
industria	5	9
personaje	5	9
siesta	5	6
pasos	5	5
felices	5	7
pocos	5	5
pasión	5	6
bien~nyo	5	8
chan	5	4
cabello	5	7
compras	5	7
guardiana	5	9
bushiro-chan	5	12
antiguo	5	7
empresa	5	7
escena	5	6
entrega	5	7
tamaño	5	6
espectáculo	5	11
isekai	5	6
comenzaron	5	10
debut	5	5
simplemente	5	11
llevará	5	7
necesidad	5	9
medios	5	6
época	5	5
animación	5	9
vean	5	4
intención	5	9
animales	5	8
continúa	5	8
relación	5	8
alcanzar	5	8
banco	5	5
máquinas	5	8
quita	5	5
necesitaba	5	10
quieras	5	7
abre	5	4
leyes	5	5
nave	5	4
locura	5	6
directamente	5	12
salvo	5	5
rescate	5	7
apuesto	5	7
dia	5	3
raza	5	4
deberes	5	7
asco	5	4
pillo	5	5
podremos	5	8
pones	5	5
corona	5	6
nitrato	5	7
galileo	5	7
descubre	5	8
teorías	5	7
junio	5	5
producción	5	10
min	5	3
quede	5	5
mayores	5	7
tomaré	5	6
aj	5	2
creas	5	5
llevaré	5	7
roja	5	4
hagan	5	5
cuerpos	5	7
notas	5	5
veinte	5	6
trabaja	5	7
artista	5	7
ocurre	5	6
asiento	5	7
diría	5	5
denme	5	5
vine	5	4
novio	5	5
coman	5	5
equivocado	5	10
mánager	5	7
actriz	5	6
filmación	5	9
quedarme	5	8
golpearme	5	9
posición	5	8
muera	5	5
temo	5	4
pidiendo	5	8
modelo	5	6
casarte	5	7
embarazada	5	10
equivocas	5	9
llegamos	5	8
papeles	5	7
inmediatamente	5	14
ruego	5	5
sigues	5	6
regla	5	5
drogas	5	6
tetas	5	5
jodido	5	6
matemáticas	5	11
propios	5	7
penes	5	5
aliens	5	6
orgullo	5	7
usas	5	4
firmes	5	6
dulzura	5	7
decirme	5	7
respuesta	5	9
siéntate	5	8
hubieran	5	8
tirando	5	7
salvajes	5	8
ensayo	5	6
molière	5	7
positivo	5	8
esclavitud	5	10
negra	5	5
pedro	5	5
famosa	5	6
crea	5	4
oz	5	2
agradecido	5	10
distrae	5	7
arresto	5	7
disparo	5	7
discutir	5	8
ladrones	5	8
despedida	5	9
invento	5	7
podrá	5	5
conozco	5	7
crimen	5	6
deme	5	4
cayó	5	4
primeras	5	8
conduzca	5	8
majestad	5	8
escuchen	5	8
traición	5	8
mentiroso	5	9
salvaste	5	8
imagen	5	6
anillo	5	6
perdona	5	7
conocer	5	7
confiar	5	7
robaste	5	7
vengar	5	6
sonríe	5	6
ramera	5	6
parecido	5	8
identidad	5	9
asesinado	5	9
buscado	5	7
ayúdame	5	7
precio	5	6
pierda	5	6
presento	5	8
louis	5	5
comenzar	5	8
víctima	5	7
vendrá	5	6
trabajos	5	8
colección	5	9
tome	5	4
viuda	5	5
trataba	5	7
rapido	5	6
prueba	5	6
tendre	5	6
testamento	5	10
moral	5	5
cuna	5	4
robin	5	5
carajo	5	6
barata	5	6
proyecto	5	8
unico	5	5
mentes	5	6
abogado	5	7
alli	5	4
castidad	5	8
salvaje	5	7
hare	5	4
mencionar	5	9
unica	5	5
hicistes	5	8
salva	5	5
famoso	5	6
cera	5	4
reparto	5	7
bastilla	5	8
inglaterra	5	10
laura	5	5
-kevin	5	6
encontraron	5	11
dr	5	2
psiquiatra	5	10
texas	5	5
martinis	5	8
maneras	5	7
cole	5	4
asqueroso	5	9
ambos	5	5
pepperoni	5	9
pizza	5	5
matarme	5	7
trataron	5	8
convertidos	5	11
negros	5	6
sumergidos	5	10
castigado	5	9
traidor	5	7
distintas	5	9
programa	5	8
conocemos	5	9
calles	5	6
líder	5	5
tropa	5	5
mayo	5	4
web	5	3
bush	5	4
política	5	8
gatt.org	5	8
temas	5	5
julio	5	5
coates	5	6
manifestantes	5	13
veremos	5	7
finca	5	5
civil	5	5
ésta	5	4
humanos	5	7
plattsburgh	5	11
reciclaje	5	9
olvidar	5	7
treinta	5	7
vuestros	5	8
matad	5	5
alteza	5	6
sobieski	5	8
olga	5	4
esgrima	5	7
pasajeros	5	9
telegrafista	5	12
duelo	5	5
l'arsouille	5	11
clarence	5	8
tráfico	5	7
tunney	5	6
diagonal	5	8
pondrás	4	7
uniforme	4	8
abril	4	5
luchando	4	8
íbamos	4	6
descansen	4	9
alguno	4	6
dejó	4	4
querrá	4	6
muro	4	4
menor	4	5
bendiga	4	7
preocupada	4	10
ruido	4	5
tren	4	4
mar	4	3
supe	4	4
habían	4	6
quedan	4	6
vinimos	4	7
decidieron	4	10
pasamos	4	7
dulces	4	6
diario	4	6
seria	4	5
paseo	4	5
partes	4	6
hermanas	4	8
viste	4	5
color	4	5
chef	4	4
cocinas	4	7
inglés	4	6
prisionero	4	10
aguanta	4	7
volvió	4	6
imaginar	4	8
proteger	4	8
frágil	4	6
estén	4	5
éramos	4	6
moverse	4	7
mortal	4	6
licencia	4	8
dijeron	4	7
pienses	4	7
bestia	4	6
firmar	4	6
recién	4	6
esfuerzo	4	8
bienvenidos	4	11
cámara	4	6
edoardo	4	7
ponti	4	5
perdí	4	5
esposo	4	6
cuelgue	4	7
exacto	4	6
nueve	4	5
assunta	4	7
vestido	4	7
sombrero	4	8
entender	4	8
actuando	4	8
decidí	4	6
hubiese	4	7
gritando	4	8
rojo	4	4
camisa	4	6
risa	4	4
vendedor	4	8
ocupada	4	7
tonta	4	5
número	4	6
absolutamente	4	13
vueltas	4	7
significado	4	11
cobarde	4	7
ayudarme	4	8
frío	4	4
vivido	4	6
montón	4	6
quedé	4	5
cualquiera	4	10
mirada	4	6
cuelga	4	6
diseño	4	6
dando	4	5
musgo	4	5
conocida	4	8
caí	4	3
huevo	4	5
permitiré	4	9
turno	4	5
aplausos	4	8
experiencia	4	11
arroz	4	5
aventura	4	8
vapor	4	5
arrogante	4	9
puchiko-chan	4	12
pato	4	4
tl	4	2
tuvimos	4	7
derrotar	4	8
trabajadores	4	12
ingreso	4	7
avergonzado	4	11
clientes	4	8
fotografía	4	10
detente	4	7
rato	4	4
actuación	4	9
ejem	4	4
pez	4	3
comen	4	5
fumar	4	5
fuiste	4	6
intentarlo	4	10
asombroso	4	9
molesto	4	7
nada~nyo	4	8
volví	4	5
raya	4	4
decidió	4	7
pensaría	4	8
efectivo	4	8
bushiroad	4	9
conocerlo	4	9
dispararon	4	10
reiwa	4	5
controlar	4	9
olvido	4	6
tomó	4	4
estilo	4	6
habló	4	5
malvados	4	8
comenzado	4	9
sucedido	4	8
disparar	4	8
barato	4	6
decidir	4	7
grupo	4	5
baila	4	5
pierdo	4	6
pensaba	4	7
sensación	4	9
deportes	4	8
amarillo	4	8
mensajes	4	8
devolver	4	8
suficientemente	4	15
sopa	4	4
pedir	4	5
preocupe	4	8
drama	4	5
alas	4	4
necesario	4	9
pudiera	4	7
presencia	4	9
yendo	4	5
teniendo	4	8
distrito	4	8
quedó	4	5
ii	4	2
lío	4	3
carga	4	5
realización	4	11
marcar	4	6
preocupa	4	8
importar	4	8
mr	4	2
máquina	4	7
comes	4	5
g.	4	2
cuello	4	6
puse	4	4
escribir	4	8
profundo	4	8
trajes	4	6
sonar	4	5
anuncio	4	7
terribles	4	9
roca	4	4
parar	4	5
intentando	4	10
hacerle	4	7
dimensional	4	11
buscando	4	8
universo	4	8
saludos	4	7
dormido	4	7
especialmente	4	13
laboratorio	4	11
abrir	4	5
llave	4	5
media	4	5
traducción	4	10
na	4	2
situación	4	9
bla	4	3
círculos	4	8
go	4	2
doncella	4	8
orleans	4	7
protección	4	10
rebelión	4	8
sabíamos	4	8
elegir	4	6
respeto	4	7
pierden	4	7
resultado	4	9
dedo	4	4
poniendo	4	8
absurdo	4	7
actuar	4	6
amenaza	4	7
alerta	4	6
cambio	4	6
divino	4	6
bendición	4	9
explicaré	4	9
queríamos	4	9
gestión	4	7
mmm	4	3
gracioso	4	8
centavo	4	7
pagaré	4	6
rechazada	4	9
sacaste	4	7
estudiar	4	8
tonterías	4	9
crecimiento	4	11
presente	4	8
enamorada	4	9
of	4	2
vender	4	6
interesado	4	10
acostarme	4	9
won	4	3
cárcel	4	6
flores	4	6
asistente	4	9
colegio	4	7
tocar	4	5
comienzan	4	9
levántese	4	9
jin	4	3
joo	4	3
arreglos	4	8
suficientes	4	11
ocultar	4	7
cumpleaños	4	10
hacerte	4	7
firme	4	5
permiso	4	7
ocurrió	4	7
cretino	4	7
soportarlo	4	10
sube	4	4
idiotas	4	7
duele	4	5
echa	4	4
daría	4	5
cuesta	4	6
vuelven	4	7
políticos	4	9
preguntaba	4	10
intentes	4	8
interesante	4	11
ame	4	3
amado	4	5
preocupante	4	11
denle	4	5
saldrán	4	7
hablan	4	6
compasión	4	9
economía	4	8
pido	4	4
intereses	4	9
siete	4	5
decidimos	4	9
comedia	4	7
teatro	4	6
invitado	4	8
convirtió	4	9
cuarta	4	6
boda	4	4
pareja	4	6
sobrina	4	7
toerless	4	8
experimento	4	11
pocas	4	5
prometida	4	9
visión	4	6
maligna	4	7
persiguiendo	4	12
momba	4	5
podre	4	5
farsa	4	5
libera	4	6
retrocede	4	9
lleves	4	6
entrenador	4	10
boxeo	4	5
oponente	4	8
vencerá	4	7
criminales	4	10
cuida	4	5
deténganse	4	10
espérame	4	8
aduanas	4	7
dorada	4	6
excitante	4	9
joyas	4	5
señoras	4	7
trate	4	5
admite	4	6
prima	4	5
estimado	4	8
confíe	4	6
olim	4	4
letras	4	6
octava	4	6
cochero	4	7
catedral	4	8
rouen	4	5
cagliostro	4	10
amantes	4	7
escribió	4	8
guardias	4	8
inmortal	4	8
bernardt	4	8
compartimento	4	13
próximo	4	7
buscan	4	6
detalle	4	7
habría	4	6
perdiste	4	8
leonardo	4	8
cluny	4	5
repugnante	4	10
miente	4	6
amas	4	4
estés	4	5
sientas	4	7
confía	4	6
preguntó	4	8
debí	4	4
puestos	4	7
podrás	4	6
arsene	4	6
matarse	4	7
traiga	4	6
sesos	4	5
comenzaré	4	9
dormirás	4	8
generoso	4	8
perdone	4	7
insistir	4	8
bailarín	4	8
marinero	4	8
casará	4	6
pertenece	4	9
trajiste	4	8
lámparas	4	8
escondió	4	8
hazlo	4	5
am	4	2
osa	4	3
criminal	4	8
nido	4	4
reloj	4	5
archiduque	4	10
emocionante	4	11
pájaro	4	6
spree	4	5
llegan	4	6
vieron	4	6
film	4	4
callate	4	7
calmate	4	7
llaman	4	6
tù	4	2
bola	4	4
-pero	4	5
dijistes	4	8
presentar	4	9
films	4	5
quizas	4	6
flamingo	4	8
u$	4	2
sabia	4	5
herencia	4	8
ultimo	4	6
tv	4	2
acojedora	4	9
gustaria	4	8
sorpresa	4	8
mostrar	4	7
presentes	4	9
sobrina-nieta	4	13
suma	4	4
algonquin	4	9
jamas	4	5
quedate	4	7
caiga	4	5
richard	4	7
abierta	4	7
objetivos	4	9
agente	4	6
crear	4	5
firma	4	5
creeme	4	6
oscuridad	4	9
razon	4	5
haria	4	5
uds	4	3
rara	4	4
edrazeba	4	8
enviado	4	7
leal	4	4
moralidad	4	9
navidad	4	7
varios	4	6
periódico	4	9
winnie	4	6
joe	4	3
belleza	4	7
aviador	4	7
aparato	4	7
estimada	4	8
orseolo	4	7
representa	4	10
beneficio	4	9
envía	4	5
sydney	4	6
jacques	4	7
reunión	4	7
sobrino	4	7
salida	4	6
-aqui	4	5
cortinas	4	8
toque	4	5
phillip	4	7
fingiendo	4	9
deberia	4	7
mercado	4	7
-promesa	4	8
família	4	7
edificio	4	8
ayer	4	4
imbecil	4	7
techo	4	5
pantalones	4	10
tratamiento	4	11
deberian	4	8
radio	4	5
ehh	4	3
arranca	4	7
darse	4	5
dejaron	4	7
beatriz	4	7
león	4	4
eterno	4	6
espíritus	4	9
glotones	4	8
condenados	4	10
bolsas	4	6
preguntan	4	9
enterrados	4	10
farinato	4	8
descienden	4	10
vigna	4	5
control	4	7
fraudulentos	4	12
gigantes	4	8
anteo	4	5
traidores	4	9
hielo	4	5
banquete	4	8
lucifer	4	7
monumento	4	9
italia	4	6
monte	4	5
jesucristo	4	10
clases	4	6
asta	4	4
nielsen	4	7
señales	4	7
despide	4	7
planta	4	6
von	4	3
wilcke	4	6
loni	4	4
heredero	4	8
paris	4	5
troyanos	4	8
alcanza	4	7
max	4	3
salón	4	5
turín	4	5
horario	4	7
pensamos	4	8
pueblos	4	7
primavera	4	9
e-mail	4	6
colinas	4	7
manejar	4	7
creemos	4	7
tampere	4	7
salzburgo	4	9
sirena	4	6
gerencial	4	9
deportivo	4	9
globalización	4	13
distinto	4	8
especie	4	7
decían	4	6
cnbc	4	4
granwyth	4	8
pensadores	4	10
eficiente	4	9
túu	4	3
podíamos	4	8
interés	4	7
infantil	4	8
sur	4	3
gabon	4	5
relaciones	4	10
hamburguesas	4	12
liberalización	4	14
cruzada	4	7
kinnithrung	4	11
hamburguesa	4	11
responde	4	8
votar	4	5
fines	4	5
derechos	4	8
quinta	4	6
ése	4	3
aleksandar	4	10
petrovic	4	8
petar	4	5
maten	4	5
duques	4	6
tumbas	4	6
rusia	4	5
telégrafo	4	9
thugee	4	6
pon	4	3
stebbins	4	8
formar	4	6
traído	4	6
elefantes	4	9
desátame	4	8
gurú	4	4
jurado	4	6
alexandra	4	9
instructor	4	10
varville	4	8
marie	4	5
empleada	4	8
enrique	4	7
lady	4	4
isabel	4	6
richmond	4	8
mónica	4	6
tómalo	4	6
bebes	4	5
alcalde	4	7
leo	4	3
teniente	4	8
donlan	4	6
tilden	4	6
gary	4	4
almorzar	4	8
ingleses	3	8
largos	3	6
pasas	3	5
equipo	3	6
trincheras	3	10
entró	3	5
encontraste	3	11
lástima	3	7
vernos	3	6
levanta	3	7
entrenó	3	7
hablaban	3	8
cuánta	3	6
aprender	3	8
escúchame	3	9
estaremos	3	9
francés	3	7
rayos	3	5
dará	3	4
quítense	3	8
ciudadano	3	9
cuidar	3	6
fila	3	4
saliste	3	7
borda	3	5
explicación	3	11
siguió	3	6
cuantos	3	7
pasaron	3	7
empezó	3	6
yanquis	3	7
francesa	3	8
disculparme	3	11
cocinero	3	8
napoleón	3	8
estómago	3	8
parecer	3	7
poquito	3	7
momentos	3	8
magia	3	5
cochonnet	3	9
pelota	3	6
podamos	3	7
hijas	3	5
menores	3	7
casarme	3	7
llegaron	3	8
traerlo	3	7
heridos	3	7
entendí	3	7
sector	3	6
pura	3	4
pase	3	4
mutuamente	3	10
gustas	3	6
avanzada	3	8
alemana	3	7
acuerda	3	7
sígueme	3	7
mantengan	3	9
abiertos	3	8
prometo	3	7
feroz	3	5
entero	3	6
extrañaba	3	9
quienes	3	7
mosqueteros	3	11
sobrevivir	3	10
volvamos	3	8
enviaron	3	8
pondrá	3	6
septiembre	3	10
muévete	3	7
galones	3	7
contó	3	5
fueran	3	6
oyeron	3	6
termina	3	7
m.	3	2
noviembre	3	9
tantos	3	6
murieron	3	8
logramos	3	8
recordaré	3	9
aliento	3	7
cenizas	3	7
vuelvo	3	6
costumbre	3	9
juicio	3	6
esconden	3	8
quejas	3	6
eco	3	3
corazones	3	9
estrellas	3	9
oídos	3	5
veas	3	4
asustada	3	8
pasan	3	5
poema	3	5
divertida	3	9
patas	3	5
hocico	3	6
pusiste	3	7
llame	3	5
olvidé	3	6
llamé	3	5
anda	3	4
llames	3	6
oyes	3	4
esperé	3	6
dejarlo	3	7
oía	3	3
moriré	3	6
cable	3	5
vestuario	3	9
sonido	3	6
dormida	3	7
corriendo	3	9
enfermedad	3	10
amar	3	4
remedio	3	7
hornear	3	7
usada-san	3	9
compañera	3	9
personajes	3	10
comenzando	3	10
cabaña	3	6
montaña	3	7
mikoto	3	6
construir	3	9
cartel	3	6
diferentes	3	10
casas	3	5
corporativo	3	11
inmediato	3	9
prefiero	3	8
presiona	3	8
boleto	3	6
detén	3	5
detener	3	7
legendarias	3	11
cantar	3	6
tarjetas	3	8
peligroso	3	9
pedido	3	6
agregar	3	7
parque	3	6
filtrado	3	8
demonio~nyo	3	11
-hola	3	5
convierto	3	9
elección	3	8
esto~nyo	3	8
buscas	3	6
gordo	3	5
arruinado	3	9
seguido	3	7
aquí~gema	3	9
gemido	3	6
orilla	3	6
batatas	3	7
mukatsuki	3	9
medidor	3	7
lugares	3	7
yema	3	4
preocuparte	3	11
capaz	3	5
lograr	3	6
suponía	3	7
brilla	3	6
pelos	3	5
dejiko-sama	3	11
sepa	3	4
ubicación	3	9
celebridad	3	10
escondida	3	9
tensión	3	7
llegada	3	7
pesado	3	6
enfermo	3	7
refleja	3	7
escalofríos	3	11
piadoso	3	7
pio	3	3
acabas	3	6
dejamos	3	7
tarea	3	5
amablemente	3	11
fama	3	4
sacrificio	3	10
calidad	3	7
podríamos	3	9
normalidad	3	10
redondo	3	7
seres	3	5
llevarse	3	8
llorando	3	8
episodio	3	8
disfrute	3	8
expresar	3	8
verás	3	5
celebración	3	11
uy	3	2
empiezo	3	7
movimientos	3	11
gigante	3	7
piernas	3	7
cierta	3	6
encantador	3	10
subir	3	5
harta	3	5
sentimiento	3	11
práctica	3	8
nostalgia	3	9
ingenua	3	7
abuelo	3	6
gorda	3	5
logrado	3	7
antigua	3	7
sabiduría	3	9
asociación	3	10
lancaster	3	9
posibilidades	3	13
realizar	3	8
deseos	3	6
cumplir	3	7
isla	3	4
v.	3	2
queria	3	6
sacando	3	7
comentario	3	10
bajando	3	7
cajas	3	5
gritar	3	6
pelo	3	4
seco	3	4
rastro	3	6
escoba	3	6
recordar	3	8
the	3	3
matarlo	3	7
necesitar	3	9
lanzador	3	8
leer	3	4
leyendo	3	7
revista	3	7
mono	3	4
cerebro	3	7
maletas	3	7
paras	3	5
miserable	3	9
oir	3	3
harían	3	6
saludo	3	6
ruso	3	4
acabado	3	7
genio	3	5
responsable	3	11
posibilidad	3	11
sucio	3	5
mzz	3	3
pechos	3	6
estúpida	3	8
funcionar	3	9
bebiendo	3	8
excusas	3	7
búsqueda	3	8
cocinera	3	8
experta	3	7
villa	3	5
nocturno	3	8
mozart	3	6
bodas	3	5
estudia	3	7
hoguera	3	7
circunstancias	3	14
inicio	3	6
razonable	3	9
ronda	3	5
preocupaciones	3	14
arruinada	3	9
caminos	3	7
decisiones	3	10
entienden	3	9
piensan	3	7
cobain	3	6
adultos	3	7
leen	3	4
virginidad	3	10
déjala	3	6
convertirme	3	11
bebida	3	6
volverá	3	7
estudios	3	8
tragos	3	6
apagar	3	6
perderás	3	8
logros	3	6
pito	3	4
desesperación	3	13
ritual	3	6
religiosa	3	9
universitario	3	13
hayas	3	5
hombro	3	6
metas	3	5
in	3	2
proceso	3	7
cultura	3	7
manejo	3	6
cómodo	3	6
alumna	3	6
coche	3	5
cerveza	3	7
mírate	3	6
encerrado	3	9
pedí	3	4
juegos	3	6
inversiones	3	11
invertir	3	8
televisión	3	10
conduce	3	7
jugador	3	7
bocas	3	5
sexy	3	4
autos	3	5
costa	3	5
hiciera	3	7
imagina	3	7
asustaste	3	9
jódete	3	6
volante	3	7
eun	3	3
hye	3	3
salgo	3	5
preparamos	3	10
filmar	3	6
gusten	3	6
veré	3	4
mellizos	3	8
importantes	3	11
dibujar	3	7
salen	3	5
querías	3	7
enamorado	3	9
huele	3	5
gracia	3	6
mendigos	3	8
gustó	3	5
estuviste	3	9
viejas	3	6
fueras	3	6
joong	3	5
ruda	3	4
devuélvemelo	3	12
prostituta	3	10
fábrica	3	7
juez	3	4
pensarlo	3	8
caído	3	5
guarda	3	6
piense	3	6
lloran	3	6
cocinar	3	7
rompe	3	5
viendo	3	6
hazte	3	5
soju	3	4
relleno	3	7
conocía	3	7
algodón	3	7
machos	3	6
siguieron	3	9
podían	3	6
viviendo	3	8
humanidad	3	9
costos	3	6
increíblemente	3	14
altos	3	5
cupones	3	7
sensible	3	8
sepas	3	5
resulta	3	7
delincuente	3	11
despiertos	3	10
mataré	3	6
casaste	3	7
irte	3	4
pésimo	3	6
bonitas	3	7
empleado	3	8
escándalo	3	9
importancia	3	11
hubiéramos	3	10
decente	3	7
váyanse	3	7
matones	3	7
maestro	3	7
artes	3	5
detengan	3	8
avaricia	3	8
voluntad	3	8
cuchillo	3	8
caminar	3	7
diferencias	3	11
h.	3	2
audiencia	3	9
cortesanos	3	10
monarca	3	7
palacio	3	7
lamentable	3	10
procurador	3	10
gravemente	3	10
repudiado	3	9
atraído	3	7
piedad	3	6
tutor	3	5
preparativos	3	12
unión	3	5
llevada	3	7
desaparece	3	10
fatal	3	5
mantén	3	6
mereces	3	7
miras	3	5
permitir	3	8
prisión	3	7
alimentar	3	9
hablaremos	3	10
barcos	3	6
papas	3	5
disculpas	3	9
extranjera	3	10
puerto	3	6
mías	3	4
permítanme	3	10
llegaremos	3	10
arrestarla	3	10
mataría	3	7
confiable	3	9
gatos	3	5
demos	3	5
esfuerzos	3	9
prisionera	3	10
reconozco	3	9
pacto	3	5
encantos	3	8
hipocresía	3	10
pecados	3	7
sirviente	3	9
esperas	3	7
arriesgar	3	9
límites	3	7
siglo	3	5
nacido	3	6
conocerte	3	9
provoca	3	7
trabajaba	3	9
privado	3	7
dormiste	3	8
haberlo	3	7
grita	3	5
acróbata	3	8
garras	3	6
sabrá	3	5
guillotina	3	10
revelan	3	7
impaciente	3	10
doctora	3	7
jura	3	4
violenta	3	8
dale	3	4
derrota	3	7
necesitábamos	3	13
sigamos	3	7
firmado	3	7
furia	3	5
cerrar	3	6
emperatriz	3	10
coincidencia	3	12
bicho	3	5
olvidas	3	7
acepto	3	6
traeme	3	6
boulevard	3	9
queden	3	6
seguridad	3	9
aguante	3	7
oferta	3	6
disculpo	3	8
san	3	3
exposición	3	10
salvas	3	6
cortada	3	7
goma	3	4
opuesto	3	7
mueva	3	5
condado	3	7
esperan	3	7
grand	3	5
opera	3	5
palo	3	4
engaña	3	6
sácame	3	6
asustes	3	7
crímenes	3	8
despiertes	3	10
dejas	3	5
intenso	3	7
poderes	3	7
defender	3	8
botín	3	5
inteligente	3	11
correr	3	6
voló	3	4
ventaja	3	7
pasaje	3	6
moto	3	4
juegas	3	6
aseguro	3	7
presenten	3	9
salto	3	5
urban	3	5
gad	3	3
verano	3	6
colina	3	6
tragedia	3	8
vere	3	4
proxima	3	7
asi­	3	4
millonario	3	10
estes	3	5
horror	3	6
lectura	3	7
eubanks	3	7
ademas	3	6
massachusetts	3	13
zona	3	4
comunidad	3	9
fuertes	3	7
agujero	3	7
maquillaje	3	10
leslie	3	6
abierto	3	7
demas	3	5
monton	3	6
case	3	4
estare	3	6
herederos	3	9
lealtad	3	7
generosa	3	8
muebles	3	7
interesa	3	8
sexual	3	6
pariah	3	6
basurero	3	8
pico	3	4
detalles	3	8
tendras	3	7
hermosos	3	8
ponerte	3	7
-tu	3	3
hara	3	4
vinieron	3	8
quiso	3	5
ira	3	3
propiedad	3	9
acercarse	3	9
potencial	3	9
oi	3	2
locales	3	7
matinee	3	7
sobra	3	5
diganle	3	7
quedo	3	5
inspirada	3	9
dorado	3	6
esperen	3	7
dejare	3	6
llego	3	5
hambriento	3	10
mmmm	3	4
folemgra	3	8
receta	3	6
decias	3	6
protegido	3	9
sombra	3	6
cargas	3	6
moula	3	5
anual	3	5
luce	3	4
calor	3	5
-oh	3	3
cai	3	3
bosques	3	7
cargos	3	6
dejenme	3	7
quemen	3	6
-yo	3	3
actos	3	5
votos	3	5
crece	3	5
muere	3	5
warren	3	6
altura	3	6
octubre	3	7
defarge	3	7
aristocracia	3	12
charles	3	7
quedaré	3	7
condenado	3	9
fiel	3	4
siguen	3	6
celda	3	5
philips	3	7
ocuparse	3	8
supermercado	3	12
conseguimos	3	11
creerlo	3	7
despues	3	7
-mamá	3	5
-como	3	5
certeza	3	7
-que	3	4
olor	3	4
sabias	3	6
creerte	3	7
llores	3	6
cuales	3	6
llendo	3	6
davis	3	5
hable	3	5
convencida	3	10
lancelot	3	8
pense	3	5
cicatriz	3	8
botellas	3	8
todd	3	4
escaleras	3	9
sidecar	3	7
unidas	3	6
ayude	3	5
lagarto	3	7
limpiando	3	9
ma	3	2
jugando	3	7
raras	3	5
tejado	3	6
incendios	3	9
depresion	3	9
vendido	3	7
john	3	4
culpables	3	9
salvación	3	9
condenadas	3	10
rechaza	3	7
cristo	3	6
minos	3	5
rimini	3	6
leímos	3	6
desmayado	3	9
torturados	3	10
lluvia	3	6
ciaccio	3	7
castigados	3	10
aparecen	3	8
ángel	3	5
exilio	3	6
emperador	3	9
tortura	3	7
calabozo	3	8
recursos	3	8
escoria	3	7
condenó	3	7
incita	3	6
asquerosas	3	10
reptiles	3	8
consejeros	3	10
discusión	3	9
participar	3	10
confusión	3	9
basado	3	6
británico	3	9
filmada	3	7
oscuro	3	6
circulo	3	7
vigila	3	6
entrada	3	7
caída	3	5
mandó	3	5
basa	3	4
compositor	3	10
cabaret	3	7
fidelidad	3	9
poderoso	3	8
leones	3	6
tirano	3	6
esclavos	3	8
recompensa	3	10
roma	3	4
encuentro	3	9
menelao	3	7
elena	3	5
dioses	3	6
colaboración	3	12
subteniente	3	11
pausa	3	5
fuente	3	6
times	3	5
leyó	3	4
prensa	3	6
pudieron	3	8
políticas	3	9
ángeles	3	7
representante	3	13
extremo	3	7
cierre	3	6
fuimos	3	6
bichlbauer	3	10
eliminar	3	8
consumidor	3	10
voto	3	4
escenario	3	9
desaparecer	3	11
patrick	3	7
comúun	3	6
contacto	3	8
declaración	3	11
activista	3	9
o.l.b	3	5
omc--	3	5
powerpoint	3	10
marketwrap	3	10
asistir	3	7
crecer	3	6
económica	3	9
mundo--	3	7
estudio	3	7
investigar	3	10
conferencias	3	12
telefónica	3	10
helsinki	3	8
mucho--	3	7
comunicación	3	12
década	3	6
remoto	3	6
privilegio	3	10
algúun	3	6
teníamos	3	8
reír	3	4
tuvieron	3	8
damos	3	5
contadores	3	10
internacional	3	13
consumo	3	7
nutrientes	3	10
hildegard	3	9
west	3	4
úunico	3	6
fantástico	3	10
reunirse	3	8
verdes	3	6
empezaron	3	9
iguales	3	7
distintos	3	9
responder	3	9
salió	3	5
periodistas	3	11
barras	3	6
harto	3	5
sorprendió	3	10
admitir	3	7
parlamento	3	10
tela	3	4
cica	3	4
ilija	3	5
stanojevic	3	10
presentada	3	10
archivo	3	7
austriaco	3	9
kosovo	3	6
turco	3	5
karadjordjes	3	12
vujica	3	6
misericordia	3	12
padrino	3	7
compañeros	3	10
markham	3	7
enterrado	3	9
sospechas	3	9
hundió	3	6
variación	3	9
panda	3	5
bhisti	3	6
thug	3	4
instrucción	3	11
archibald	3	9
thomas	3	6
importaría	3	10
novedad	3	7
botella	3	7
romper	3	6
mirad	3	5
colgado	3	7
sapo	3	4
condición	3	9
salvado	3	7
hablará	3	7
vuestra	3	7
disposición	3	11
princesa	3	8
thaïs	3	5
chichito	3	8
anterior	3	8
cita	3	4
camareros	3	9
multimillonario	3	15
hunde	3	5
cameraman	3	9
sabido	3	6
camelias	3	8
apuesta	3	7
prudence	3	8
madame	3	6
idilio	3	6
martha	3	6
arthur	3	6
linder	3	6
gertrudis	3	9
ana	3	3
delord	3	6
wilkinson	3	9
motor	3	5
tránsito	3	8
armenio	3	7
jesús	3	5
frankie	3	7
jackie	3	6
lenny	3	5
corredor	3	8
washington	3	10
reporte	3	7
verá	3	4
despacho	3	8
randone	3	7
vigilo	3	6
tenias	3	6
rojas	3	5
mueves	3	6
ofrecí	3	6
connecticut	2	11
chucho	2	6
alemania	2	8
miles	2	5
infantería	2	10
entramos	2	8
lárgate	2	7
disciplina	2	10
quítate	2	7
meterme	2	7
lleguemos	2	9
biscuit	2	7
guste	2	5
oler	2	4
levántense	2	10
columna	2	7
marchen	2	7
clayborn	2	8
blanco	2	6
teme	2	4
hablaba	2	7
gustaba	2	7
mírenlo	2	7
mascotas	2	8
irá	2	3
azota	2	5
coraje	2	6
peleas	2	6
regresemos	2	10
lunes	2	5
sintieron	2	9
dolía	2	5
rezaba	2	6
regresaré	2	9
regreses	2	8
llegaste	2	8
lanzar	2	6
placa	2	5
suya	2	4
leí	2	3
fuerzas	2	7
evidentemente	2	13
tardó	2	5
posiciones	2	10
bajar	2	5
baptiste	2	8
ideal	2	5
probar	2	6
llenar	2	6
montar	2	6
habríamos	2	9
leche	2	5
jugo	2	4
destruido	2	9
carácter	2	8
alarma	2	6
ponerse	2	7
saldrá	2	6
generosos	2	9
conejo	2	6
explico	2	7
lanza	2	5
sabroso	2	7
sangliers	2	9
jabalíes	2	8
persiguen	2	9
margaret	2	8
cuidó	2	5
queja	2	5
cambiaría	2	9
terminará	2	9
gané	2	4
hacías	2	6
vendo	2	5
humo	2	4
enteré	2	6
frio	2	4
pasaría	2	7
reconocimiento	2	14
ratas	2	5
sabías	2	6
mosquetero	2	10
ciénaga	2	7
debió	2	5
haberse	2	7
intento	2	7
separaba	2	8
andan	2	5
detenerlos	2	10
lodo	2	4
ríes	2	4
niñas	2	5
leía	2	4
comeremos	2	9
quinto	2	6
levantarme	2	10
tranquilos	2	10
ganado	2	6
elegante	2	8
lograste	2	8
regresó	2	7
otoño	2	5
adoraban	2	8
retirada	2	8
captura	2	7
espía	2	5
usará	2	5
llenas	2	6
humor	2	5
s.	2	2
cese	2	4
muero	2	5
reconozcan	2	10
bajen	2	5
atacar	2	6
filme	2	5
dejaste	2	7
operadora	2	9
saque	2	5
oírte	2	5
freír	2	5
parmigiana	2	10
pastilla	2	8
maravillosa	2	11
llevaba	2	7
aviso	2	5
insistio	2	8
preparo	2	7
oigo	2	4
vecindario	2	10
oyen	2	4
espejo	2	6
dejé	2	4
cumplido	2	8
piano	2	5
acento	2	6
napolitano	2	10
pregunté	2	8
pensaste	2	8
desconectó	2	10
mentí	2	5
pasará	2	6
mentir	2	6
fingir	2	6
favorito	2	8
hablabas	2	8
latir	2	5
tocando	2	7
dormiré	2	7
desperté	2	8
mareo	2	5
sentía	2	6
grados	2	6
temperatura	2	11
perdiendo	2	9
logré	2	5
esperándote	2	11
dormí	2	5
duermo	2	6
conversación	2	12
cómica	2	6
nerviosos	2	9
competencia	2	11
ganas	2	5
visitas	2	7
desperdiciar	2	12
tiempos	2	7
tonelada	2	8
rompiendo	2	9
producido	2	9
escenografía	2	12
maurizio	2	8
william	2	7
líneas	2	6
últimamente	2	11
minagawa	2	8
takuro	2	6
minataku	2	8
bolso	2	5
atento	2	6
omochi	2	6
cubículos	2	9
llegué	2	6
detuviste	2	9
miré	2	4
reencarnación	2	13
semillas	2	8
amistoso	2	8
entrando	2	8
género	2	6
satírico	2	8
social	2	6
entré	2	5
habia	2	5
reencarnar	2	10
reencarnado	2	11
botón	2	5
vomitar	2	7
brocco-desu	2	11
equivocó	2	8
dup	2	3
tengo~nyo	2	9
lechuga	2	7
innecesario	2	11
hablemos	2	8
cantes	2	6
moretasu	2	8
regresado	2	9
refiere	2	7
japonesa	2	8
similar	2	7
nyoho	2	5
chocolat	2	8
parcial	2	7
temporales	2	10
aquí~nyo	2	8
preocupado	2	10
felicidades	2	11
día~nyo	2	7
rabi~en~rose	2	12
recibirán	2	9
recibo	2	6
pérdida	2	7
tiempo~nyo	2	10
curso	2	5
quemar	2	6
preciosa	2	8
faja	2	4
sentiría	2	8
lastima	2	7
pedimos	2	7
capricho	2	8
um	2	2
no~nyo	2	6
fantasmas	2	9
pesadillas	2	10
aburrida	2	8
ritmo	2	5
disfrutarlo	2	11
jumpin	2	6
estrés	2	6
hará~nyu	2	8
por-	2	4
brócoli	2	7
bushirolling	2	12
salgamos	2	8
hoy~nyo	2	7
enojado	2	7
lograrlo	2	8
visualización	2	13
absoluto	2	8
listas	2	6
ti~nyo	2	6
-tenemos	2	8
ecológico	2	9
colágeno	2	8
placenta	2	8
querrás	2	7
rayo~nyu	2	8
escapó	2	6
nubes	2	5
donas	2	5
mermelada	2	9
jiko	2	4
fukufukufuku	2	12
apareciera	2	10
escuchamos	2	10
gratitud	2	8
sustituto	2	9
demasiado~	2	10
celebrar	2	8
nalgas	2	6
campana	2	7
vez~nyo	2	7
conocerlos	2	10
bushiroad-no-mikoto	2	19
apareció	2	8
billetera	2	9
privada	2	7
bukimi	2	6
tú~tú	2	5
repite	2	6
increíbles	2	10
alboroto	2	8
impulso	2	7
compramos	2	9
bebe	2	4
cercana	2	7
planeada	2	8
destruyó	2	8
consiguió	2	9
vibraciones	2	11
extrañamente	2	12
normal	2	6
contenido	2	9
sufriendo	2	9
pyo	2	3
seguiremos	2	10
practicar	2	9
corps	2	5
capaces	2	7
ahora~gema	2	10
obtuve	2	6
entregaré	2	9
jodidamente	2	11
dejemos	2	7
mountain	2	8
camaradas	2	9
mundial~nyo	2	11
amazing-p	2	9
orejas	2	6
miembros	2	8
moverte	2	7
pongo	2	5
preocuparse	2	11
aterrador	2	9
ge~gema	2	7
fans	2	4
intentaré	2	9
ge	2	2
aburrido	2	8
vil	2	3
viniste	2	7
afirma	2	6
dejiko~nyu	2	10
llevamos	2	8
hacerlos	2	8
área	2	4
empiezas	2	8
bushi	2	5
arbusto	2	7
darnos	2	6
larga	2	5
cansada	2	7
atrapados	2	9
rinna	2	5
profecía	2	8
ídolo	2	5
súper	2	5
atrevas	2	7
acercarte	2	9
bruto	2	5
reencarnando	2	12
caca	2	4
interna	2	7
chopra	2	6
humilde	2	7
acercó	2	6
reviviendo	2	10
total	2	5
conciencia	2	10
llevarla	2	8
hablado	2	7
fácilmente	2	10
éstos	2	5
existen	2	7
obtener	2	7
certificado	2	11
kryten	2	6
obligaciones	2	12
mecanoide	2	9
huevos	2	6
reservado	2	9
eléctrico	2	9
doble	2	5
metal	2	5
viajar	2	6
disfrutando	2	11
suministros	2	11
cubiertas	2	9
sabor	2	5
porqué	2	6
alergia	2	7
lecturas	2	8
ahorrando	2	9
adoro	2	5
pescando	2	8
tuviste	2	7
estúpidos	2	9
encantar	2	8
jane	2	4
austin	2	6
sensibilidad	2	12
coches	2	6
malditas	2	8
testículo	2	9
tentáculo	2	9
volando	2	7
aguas	2	5
enfrente	2	8
culo	2	4
gigantesco	2	10
suministro	2	10
porfavor	2	8
opción	2	6
grado	2	5
cadenas	2	7
mensual	2	7
ei	2	2
manda	2	5
preparaos	2	9
hacerme	2	7
manual	2	6
despejado	2	9
sónar	2	5
cubierto	2	8
pensará	2	7
seguramente	2	11
medalla	2	7
cruz	2	4
tí	2	2
corazon	2	7
leviatan	2	8
dimensión	2	9
humm	2	4
bartikovsky	2	11
rango	2	5
tendido	2	7
arrastrado	2	10
pasillo	2	7
skutters	2	8
eficiencia	2	10
prepara	2	7
entretenerse	2	12
considerado	2	11
cuantas	2	7
pasta	2	5
suceda	2	6
disco	2	5
fresco	2	6
consigueme	2	10
trapo	2	5
unidad	2	6
actua	2	5
hrr	2	3
particularmente	2	15
decia	2	5
montones	2	8
resultados	2	10
hayamos	2	7
viajes	2	6
esperanzas	2	10
empezamos	2	9
volar	2	5
bancos	2	6
traducido	2	9
subtitulos	2	10
joeru	2	5
kyuden	2	6
date	2	4
hacertelo	2	9
mantengas	2	9
sh	2	2
lalalala	2	8
bang	2	4
varias	2	6
cerrada	2	7
nanana-nananana-nanananananana	2	30
parodia	2	7
extra	2	5
johanna	2	7
recuerdos	2	9
dirigida	2	8
misterioso	2	10
aria	2	4
friuli	2	6
vengarse	2	8
religión	2	8
acusado	2	7
mueve	2	5
presenta	2	8
ejecutivo	2	9
patio	2	5
parado	2	6
demente	2	7
saldré	2	6
toqué	2	5
podrán	2	6
rompamos	2	8
sintió	2	6
quiebra	2	7
tristes	2	7
tocaste	2	7
jung	2	4
consecuencias	2	13
volverse	2	8
semejante	2	9
peso	2	4
perdamos	2	8
extranjeras	2	11
preocupan	2	9
condones	2	8
monstruos	2	9
sírveme	2	7
hecha	2	5
preocupación	2	12
negociación	2	11
jugada	2	6
abordar	2	7
entendiste	2	10
alegra	2	6
rematas	2	7
frotar	2	6
educativo	2	9
nación	2	6
trabajado	2	9
observen	2	8
lejano	2	6
suicida	2	7
computadora	2	11
masturbando	2	11
insignificante	2	14
mejorar	2	7
gook	2	4
apellido	2	8
clan	2	4
repetir	2	7
cuota	2	5
respirando	2	10
revés	2	5
decepcionado	2	12
fiestas	2	7
avergonzarse	2	12
emoción	2	7
sales	2	5
pongas	2	6
autobús	2	7
reconoció	2	9
reconocí	2	8
facebook	2	8
cuán	2	4
demasiada	2	9
dejarte	2	7
presión	2	7
asegúrate	2	9
sentarte	2	8
cómprame	2	8
estresante	2	10
tenías	2	6
invito	2	6
nosotras	2	8
tarjeta	2	7
fuéramos	2	8
extraños	2	8
cagar	2	5
cago	2	4
darte	2	5
reciba	2	6
bares	2	5
comiendo	2	8
deba	2	4
afecta	2	6
miran	2	5
huésped	2	7
unirme	2	6
inviertas	2	9
molestes	2	8
tratas	2	6
corbata	2	7
suele	2	5
chuparla	2	8
desafiar	2	8
corrupción	2	10
estudiando	2	10
suegra	2	6
pases	2	5
llegaré	2	7
llevaste	2	8
ando	2	4
durmiendo	2	9
sociales	2	8
estarán	2	7
igualmente	2	10
incómodo	2	8
set	2	3
abiertas	2	8
heo	2	3
cuiden	2	6
realista	2	8
crecí	2	5
jo	2	2
pego	2	4
vengas	2	6
vendré	2	6
mensaje	2	7
dudas	2	5
llevaron	2	8
necesitaras	2	11
porquería	2	9
cuidaría	2	8
cásate	2	6
viniera	2	7
imbécil	2	7
respondió	2	9
viera	2	5
miércoles	2	9
análisis	2	8
duran	2	5
juzgar	2	6
fumando	2	7
regañes	2	7
naciste	2	7
nació	2	5
quedar	2	6
quedara	2	7
husmeando	2	9
mantenerme	2	10
apesta	2	6
lógica	2	6
terriblemente	2	13
deleite	2	7
bonitos	2	7
destruirlo	2	10
suenas	2	6
gustaban	2	8
exagerar	2	8
merezco	2	7
haberme	2	7
corrí	2	5
rencor	2	6
virgen	2	6
rasgado	2	7
seguiré	2	7
borren	2	6
acaban	2	6
caro	2	4
imbéciles	2	9
idéntico	2	8
pequeñas	2	8
almuerzo	2	8
terminaron	2	10
incontables	2	11
consolar	2	8
tratada	2	7
vistazo	2	7
conseguirte	2	11
déjenlo	2	7
suicidarte	2	10
adolescentes	2	12
pagan	2	5
tendría	2	7
ganan	2	5
sucios	2	6
perdedores	2	10
sostén	2	6
desmayé	2	7
pegarle	2	7
indigno	2	7
descubrir	2	9
invasión	2	8
extinción	2	9
símbolo	2	7
haciéndolo	2	10
tasa	2	4
terminan	2	8
entregaría	2	10
preferiría	2	10
gratis	2	6
notado	2	6
grosero	2	7
leve	2	4
tratan	2	6
horriblemente	2	13
normalmente	2	11
directa	2	7
soh	2	3
hablaré	2	7
tomados	2	7
hilarante	2	9
personales	2	10
rindió	2	6
rendirse	2	8
surge	2	5
verlos	2	6
dura	2	4
justa	2	5
ofrecerte	2	9
quedaras	2	8
hierro	2	6
explotar	2	8
pago	2	4
déjenlos	2	8
perfectamente	2	13
tornado	2	7
internet	2	8
tráeme	2	6
aguarde	2	7
equivocados	2	11
tomamos	2	7
sam	2	3
australiano	2	11
pareció	2	7
jode	2	4
primeros	2	8
versos	2	6
italiana	2	8
taberna	2	7
perle	2	5
funda	2	5
béjart	2	6
gira	2	4
forest	2	6
imaginario	2	10
febrero	2	7
representación	2	14
gaumont	2	7
adoptado	2	8
liberado	2	8
carrera	2	7
vence	2	5
ofendido	2	8
desterrado	2	10
consigo	2	7
ofrece	2	6
emprende	2	8
recibas	2	7
partida	2	7
adaptación	2	10
shelley	2	7
edison	2	6
production	2	10
reclamarte	2	10
horrorizado	2	11
creación	2	8
creador	2	7
resurgió	2	8
creacion	2	8
vencida	2	7
libere	2	6
omaha	2	5
paréntesis	2	10
divulgar	2	8
decreto	2	7
dorothy	2	7
reclamar	2	8
guíala	2	6
ridículo	2	8
gustarme	2	8
disfruto	2	8
zurdo	2	5
aprovecho	2	9
toques	2	6
deshonró	2	8
maria	2	5
antonieta	2	9
regaló	2	6
decapitaron	2	11
cortarán	2	8
poderosos	2	9
robarle	2	7
empieces	2	8
llévame	2	7
deténte	2	7
torpe	2	5
búscate	2	7
quíteseme	2	9
rauol	2	5
inspeccionar	2	12
ilegales	2	8
pelando	2	7
imaginativo	2	11
acepte	2	6
legión	2	6
legionario	2	10
ronca	2	5
atraparé	2	8
manténgase	2	10
quitaré	2	7
presentarme	2	11
havre	2	5
bloqueadas	2	10
relájense	2	9
calurosa	2	8
agárrenlo	2	9
prisioneras	2	11
contactarla	2	11
escribirte	2	10
contarte	2	8
escóndete	2	9
uniformes	2	9
debilita	2	8
déjenla	2	7
respirar	2	8
perdió	2	6
verla	2	5
confesó	2	7
decírmelo	2	9
saqueando	2	9
bolsillos	2	9
entrenarlo	2	10
suave	2	5
golpear	2	7
vencido	2	7
contratado	2	10
enseñará	2	8
aposentos	2	9
modestos	2	8
ayuden	2	6
míranos	2	7
corrió	2	6
pistas	2	6
escapará	2	8
coronados	2	9
coronado	2	8
república	2	9
sacrificios	2	11
virtuosa	2	8
torturó	2	7
llamaste	2	8
mentirosa	2	9
atormenten	2	10
rompí	2	5
unía	2	4
envenenó	2	8
probó	2	5
envenenado	2	10
extasiado	2	9
probado	2	7
bajeza	2	6
maña	2	4
bennetot	2	8
alcen	2	5
envenenada	2	10
sentencian	2	10
récele	2	6
llévensela	2	10
confesé	2	7
defenderé	2	9
dreux	2	5
excluído	2	8
desátenme	2	9
convencerlos	2	12
hermandad	2	9
votó	2	4
opuso	2	5
perdonaran	2	10
seguirá	2	7
maldiciéndolo	2	13
agradecerá	2	10
sentiré	2	7
sonrojes	2	8
insinuando	2	10
comediante	2	10
berenice	2	8
colaboradores	2	13
vé	2	2
epiléptico	2	10
bromees	2	7
encubres	2	8
centenarias	2	11
encantadoras	2	12
losfiscales	2	11
impresionantes	2	14
intervine	2	9
escuchaste	2	10
eches	2	5
milagros	2	8
murmure	2	7
viviste	2	7
blois	2	5
robártelo	2	9
defraudé	2	8
separamos	2	9
trenes	2	6
muevo	2	5
discreción	2	10
cometiendo	2	10
ates	2	4
convertirás	2	11
establo	2	7
dormía	2	6
míos	2	4
resistir	2	8
centenaria	2	10
camillero	2	9
boxeador	2	8
esconde	2	7
secretos	2	8
confiaría	2	9
resplandor	2	10
medallón	2	8
indica	2	6
comprometida	2	12
apostaría	2	9
vulgar	2	6
visitó	2	6
temperamento	2	12
proteges	2	8
endiablada	2	10
rival	2	5
trabajemos	2	10
destruirla	2	10
funeral	2	7
curó	2	4
cazar	2	5
confió	2	6
cuidara	2	7
reveló	2	6
monje	2	5
escondido	2	9
ambicioso	2	9
observar	2	8
ciegas	2	6
posesiva	2	8
frasco	2	6
déjanos	2	7
presiento	2	9
obedeces	2	8
explicaciones	2	13
faro	2	4
tancarville	2	11
exagerado	2	9
cómplices	2	9
qie	2	3
salvarlo	2	8
preocupé	2	8
cadáver	2	7
estarlo	2	7
morirá	2	6
rabia	2	5
fresca	2	6
tenlos	2	6
acuestes	2	8
amé	2	3
mantuve	2	7
conociste	2	9
traicionarás	2	12
venzas	2	6
enemigos	2	8
vivas	2	5
excavaron	2	9
ruinas	2	6
movieron	2	8
concéntrate	2	11
rutina	2	6
pabellón	2	8
mollien	2	7
antiguedades	2	12
dedicarse	2	9
entraremos	2	10
adivinado	2	9
ganarás	2	7
marquesa	2	8
marini	2	6
llamaría	2	8
descifrarla	2	11
engañarme	2	9
elixir	2	6
caligostro	2	10
manipula	2	8
escachará	2	9
darán	2	5
escaparte	2	9
traicionarla	2	12
du	2	2
temple	2	6
apartamento	2	11
chang	2	5
conserje	2	8
principiante	2	12
olvidemos	2	9
mientas	2	7
protejo	2	7
protegerme	2	10
venías	2	6
coservador	2	10
pare	2	4
léalo	2	5
destruya	2	8
llevémosla	2	10
casada	2	6
coja	2	4
táctica	2	7
llevarnos	2	9
arrestado	2	9
influencia	2	10
suplico	2	7
poción	2	6
libérame	2	8
probemos	2	8
ferdinand	2	9
regañará	2	8
mate	2	4
delicado	2	8
combinación	2	11
niega	2	5
volaré	2	6
decides	2	7
rechazar	2	8
parecemos	2	9
portafolios	2	11
oigas	2	5
robarás	2	7
traerás	2	7
saltarás	2	8
palmada	2	7
olvidarás	2	9
comporté	2	8
abominable	2	10
invitacion	2	10
petesburgo	2	10
ayudarlo	2	8
pose	2	4
agradaría	2	9
pinta	2	5
mayormente	2	10
portorretratos	2	14
exhibición	2	10
galería	2	7
pintas	2	6
defecto	2	7
concédeme	2	9
bailar	2	6
beaumangnan	2	11
billar	2	6
amó	2	3
confunde	2	8
confundo	2	8
nombres	2	7
brignac	2	7
bibliotecario	2	13
lecossais	2	9
mercante	2	8
anselme	2	7
dutartre	2	8
casaremos	2	9
usaba	2	5
recuperarlo	2	11
curarse	2	7
llamaré	2	7
pega	2	4
burlarás	2	8
agárrenla	2	9
detenlo	2	7
protegiendo	2	11
sacrificar	2	10
sacrificarla	2	12
escoja	2	6
valmont	2	7
fecamp	2	6
montivilliers	2	13
site	2	4
caux	2	4
cruchet-le-valasse	2	18
wandrille	2	9
saint-georges	2	13
matarán	2	7
escapemos	2	9
banbido	2	7
ofrecerle	2	9
venas	2	5
transmitírselo	2	14
cafe	2	4
tomado	2	6
precauciones	2	12
sentimental	2	11
astilla	2	7
incapaz	2	7
manipulaste	2	11
dueña	2	5
vigílala	2	8
regrese	2	7
irías	2	5
ciego	2	5
estafador	2	9
desprecio	2	9
sufriré	2	7
regresarás	2	10
barriga	2	7
negó	2	4
celosa	2	6
tolerante	2	9
estrangularé	2	12
perdonaste	2	10
perdedora	2	9
pájaros	2	7
cavando	2	7
burlados	2	8
waterloo	2	8
mátame	2	6
fracasan	2	8
condenaran	2	10
dones	2	5
magistral	2	9
principiantes	2	13
cirujanos	2	9
arreglarme	2	10
reconocería	2	11
acabaste	2	8
monarquía	2	9
danos	2	5
corta	2	5
codician	2	8
acuérdate	2	9
estallar	2	8
odiaba	2	6
vidrio	2	6
explosión	2	9
sacarlo	2	7
lim	2	3
forman	2	6
rubí	2	4
abadía	2	6
merak	2	5
phecda	2	6
duble	2	5
megrez	2	6
alioth	2	6
mizar	2	5
alkaid	2	6
malicia	2	7
serías	2	6
asusté	2	6
dispara	2	7
superaste	2	9
borrarte	2	8
únete	2	5
creceré	2	7
limpiemos	2	9
houdon	2	6
imitación	2	9
apúrense	2	8
granja	2	6
benouville	2	10
devuelto	2	8
cumplo	2	6
falsa	2	5
hazme	2	5
impresión	2	9
sensibiliza	2	11
asomo	2	5
visconde	2	8
escondes	2	8
seductor	2	8
austria-hungría	2	15
entretenga	2	10
pálido	2	6
vicaría	2	7
dígame	2	6
cordiales	2	9
circo	2	5
posada	2	6
atracción	2	9
vaquero	2	7
cuerda	2	6
actuaciones	2	11
copenhague	2	10
forzoso	2	7
paul	2	4
cesta	2	5
rechazado	2	9
separarnos	2	10
encontrarás	2	11
orillas	2	7
feo	2	3
anfitriona	2	10
tipa	2	4
hayan	2	5
pelicula	2	8
in-placenteros	2	14
publico	2	7
dueño	2	5
hooter	2	6
toro	2	4
mm	2	2
muevete	2	7
seran	2	5
triple	2	6
degenerado	2	10
srta	2	4
informarle	2	10
encantadora	2	11
virtud	2	6
star	2	4
ahh	2	3
comedor	2	7
tinieblas	2	9
matara	2	6
latas	2	5
jovencita	2	9
ciertamente	2	11
anita	2	5
daria	2	5
magdalenas	2	10
infernal	2	8
-entonces	2	9
precipicio	2	10
interrumpir	2	11
anticipado	2	10
cuartos	2	7
mostrare	2	8
heey	2	4
orfanato	2	8
bowling	2	7
agitado	2	7
estupidos	2	9
pasadas	2	7
mostrarte	2	9
billy	2	5
daños	2	5
pasada	2	6
perfume	2	7
dìa	2	3
local	2	5
satan	2	5
filmes	2	6
dì­as	2	5
ocupar	2	6
agenda	2	6
bigelow	2	7
aparentemente	2	13
chaqueta	2	8
saquenme	2	8
terminemos	2	10
llaves	2	6
tè	2	2
lloriqueas	2	10
sirvientes	2	10
preciado	2	8
propiedades	2	11
contiene	2	8
entiende	2	8
podido	2	6
teniamos	2	8
razones	2	7
olvides	2	7
podri­a	2	7
queri­a	2	7
pariente	2	8
bye	2	3
malditos	2	8
estuviera	2	9
pagarias	2	8
panico	2	6
siiii	2	5
quedare	2	7
vecinos	2	7
podrian	2	7
callense	2	8
espejito	2	8
regresan	2	8
vistes	2	6
trabajan	2	8
herramienta	2	11
averiguar	2	9
hacias	2	6
estudiantes	2	11
calvin	2	6
venda	2	5
moralmente	2	10
inmobiliario	2	12
comprador	2	9
lote	2	4
juega	2	5
sotano	2	6
rincon	2	6
calme	2	5
escuchastes	2	11
segun	2	5
dimos	2	5
juzgado	2	7
-me	2	3
entendieron	2	11
matine	2	6
eclipse	2	7
lados	2	5
aqui­.	2	6
velada	2	6
barra	2	5
cobb	2	4
ganarme	2	7
rechaze	2	7
simples	2	7
tambièn	2	7
sentimos	2	8
cool	2	4
brazo	2	5
cubre	2	5
preocupen	2	9
ponga	2	5
arrancar	2	8
brindo	2	6
frascos	2	7
vu	2	2
abrelo	2	6
devana	2	6
protegerte	2	10
deberias	2	8
selzba	2	6
riki	2	4
-ok	2	3
funcionando	2	11
abrazame	2	8
sentia	2	6
tarta	2	5
cancelado	2	9
pleno	2	5
abuso	2	5
ovejas	2	6
debi	2	4
deberiamos	2	10
arresten	2	8
especificamente	2	15
telefono	2	8
planes	2	6
quemaron	2	8
blanca	2	6
conveniente	2	11
sentencia	2	9
espere	2	6
astuto	2	6
atras	2	5
ataca	2	5
salvara	2	7
juguetes	2	8
facil	2	5
aquello	2	7
cumpliendo	2	10
estabamos	2	9
gana	2	4
aparición	2	9
walter	2	6
lois	2	4
weber	2	5
gloria	2	6
apaga	2	5
aéreo	2	5
sediento	2	8
demostrar	2	9
conocimiento	2	12
técnica	2	7
cultural	2	8
encargue	2	8
ansío	2	5
celos	2	5
redactor	2	8
francos	2	7
convencer	2	9
pasajera	2	8
remordimientos	2	14
marcho	2	6
trágico	2	7
gabriele	2	8
d'annunzio	2	10
criada	2	6
hechicera	2	9
figura	2	6
ciudades	2	8
lorry	2	5
renuncia	2	8
títulos	2	7
demuestra	2	9
testigo	2	7
encierro	2	8
vuestro	2	7
sirvente	2	8
sospechoso	2	10
aristócrata	2	11
relacionado	2	11
sustitución	2	11
fruto	2	5
pa	2	2
lidiar	2	6
araña	2	5
-papa	2	5
tomando	2	7
mete	2	4
-hey	2	4
adonde	2	6
-mary	2	5
escuchame	2	9
nuevas	2	6
besos	2	5
dobles	2	6
conseguiste	2	11
-lo	2	3
comoda	2	6
ocurrio	2	7
perdieron	2	9
afortunadamente	2	15
superar	2	7
-está	2	5
-si	2	3
-esta	2	5
dormitorio	2	10
shhhh	2	5
enchufe	2	7
ayudarla	2	8
nervios	2	7
existio	2	7
cuentas	2	7
contarle	2	8
matame	2	6
clínica	2	7
psiquiatras	2	11
cercanas	2	8
mudamos	2	7
pildoras	2	8
aman	2	4
contrataron	2	11
conte	2	5
dispuesto	2	9
trataran	2	8
refieres	2	8
ayudame	2	7
-un	2	3
kilómetros	2	10
fallo	2	5
llevas	2	6
arruinar	2	8
bajenla	2	7
perdemos	2	8
atendiendo	2	10
traten	2	6
anduvistes	2	10
vibora	2	6
estupida	2	8
enviar	2	6
consegui	2	8
derribar	2	8
sentirme	2	8
videojuegos	2	11
amenazada	2	9
clima	2	5
galletas	2	8
impedir	2	7
discípulos	2	10
jesus	2	5
verdaderamente	2	14
preguntaron	2	11
convierta	2	9
aguantas	2	8
lamentos	2	8
borracho	2	8
pretenden	2	9
arreglar	2	8
contagiosa	2	10
encontramos	2	11
verse	2	5
jen	2	3
permiten	2	8
deprimente	2	10
manejado	2	8
inversión	2	9
complicado	2	10
inundaciones	2	12
terremotos	2	10
secador	2	7
roto	2	4
prendido	2	8
quite	2	5
relajate	2	8
dieron	2	6
escalera	2	8
interno	2	7
acababa	2	7
asesinar	2	8
psicotica	2	9
llamaban	2	8
incidente	2	9
luto	2	4
matando	2	7
descanse	2	8
volveran	2	8
bate	2	4
beisbol	2	7
-adios	2	6
jenni	2	5
junta	2	5
impresionado	2	12
sombrío	2	7
ascender	2	8
bestias	2	7
pantera	2	7
loba	2	4
lujuria	2	7
limbo	2	5
guíe	2	4
aqueronte	2	9
sobrecoge	2	9
observa	2	7
homero	2	6
horacio	2	7
ovidio	2	6
lucano	2	6
filósofos	2	9
confinados	2	10
asigna	2	6
ráfaga	2	6
pecadores	2	9
carnales	2	8
impulsa	2	7
cleopatra	2	9
dido	2	4
helena	2	6
castigadas	2	10
paulo	2	5
manifiestan	2	11
sospecha	2	8
tembloroso	2	10
besó	2	4
apaciguado	2	10
arroja	2	6
puñado	2	6
yacen	2	5
célebre	2	7
glotón	2	6
florencia	2	9
florentinos	2	11
inferiores	2	10
enfurece	2	8
ordenes	2	7
felipe	2	6
argenti	2	7
impide	2	6
acceso	2	6
murallas	2	8
hoyos	2	5
cavalcanti	2	10
predice	2	7
amarga	2	6
ingratitud	2	10
compatriotas	2	12
blasfemos	2	9
capaneo	2	7
antigüedad	2	10
sepulcro	2	8
suicidas	2	8
encogidos	2	9
nudosos	2	7
obedece	2	7
federico	2	8
arpías	2	6
obscenas	2	8
infligiendo	2	11
perseguidos	2	11
mastines	2	8
azotados	2	8
correas	2	7
azote	2	5
vano	2	4
limpiarse	2	9
denunciado	2	10
aplaca	2	6
hirviendo	2	9
ciampollo	2	9
navarra	2	7
escapa	2	6
hipócritas	2	10
pesadas	2	7
capas	2	5
plomo	2	5
hipócrita	2	9
clavado	2	7
crucificado	2	11
serpientes	2	10
blasfema	2	8
fondos	2	6
públicos	2	8
prendas	2	7
ulises	2	6
sembradores	2	11
discordia	2	9
promotores	2	10
mahoma	2	6
falsificadores	2	14
alquimistas	2	11
leprosos	2	8
enfermos	2	8
vulgares	2	8
babel	2	5
efialtes	2	8
parientes	2	9
enfurecido	2	10
abbati	2	6
mechón	2	6
ugolino	2	7
cráneo	2	6
relata	2	6
nietos	2	6
sexto	2	5
noveno	2	6
discutido	2	9
reconciliación	2	14
encargó	2	7
sostiene	2	8
casio	2	5
peludos	2	7
subterráneo	2	11
trento	2	6
music	2	5
presentan	2	9
alighieri	2	9
giuseppe	2	8
liguoro	2	7
efectos	2	7
francesco	2	9
bertolini	2	9
instituto	2	9
edgar	2	5
froese	2	6
manifiesta	2	10
llanto	2	6
caronte	2	7
veáis	2	5
científicos	2	11
viven	2	5
dite	2	4
transporte	2	10
eleva	2	5
espaldas	2	8
aspecto	2	7
deseando	2	8
hacían	2	6
alquitrán	2	9
hirviente	2	9
incapaces	2	9
hugolino	2	8
postres	2	7
viebeke	2	7
suegro	2	6
originales	2	10
ingeniero	2	9
union	2	5
berlín	2	6
toca	2	4
laúd	2	4
curación	2	8
formación	2	9
contratados	2	11
tournée	2	7
salta	2	5
infidelidad	2	11
inventar	2	8
impresione	2	10
actúas	2	6
acepta	2	6
ésa	2	3
garganta	2	8
romana	2	6
césar	2	5
creó	2	4
imperio	2	7
cortesanas	2	10
atrocidades	2	11
convidados	2	10
inesperados	2	11
reinado	2	7
toerles	2	7
orgía	2	5
asfalto	2	7
cantante	2	8
madsen	2	6
infancia	2	8
engañado	2	8
carlo	2	5
detective	2	9
reales	2	6
habéis	2	6
pretexto	2	8
robos	2	5
comisaría	2	9
simpatía	2	8
príamo	2	6
noticia	2	7
reciben	2	7
muros	2	5
sagrado	2	7
siqueo	2	6
traidora	2	8
dramático	2	9
rector	2	6
serie	2	5
mallwitz	2	8
partisanos	2	10
nacional	2	8
cinematográfico	2	15
preservada	2	10
fundación	2	9
cinemateca	2	10
teñido	2	6
l'immagine	2	10
ritrovata	2	9
pasemos	2	7
visitamos	2	9
sucedió	2	7
campaña	2	7
presidente	2	10
descubrimos	2	11
creado	2	6
contaminado	2	11
excepto	2	7
pusimos	2	7
electoral	2	9
seguida	2	7
dominio	2	7
ginebra	2	7
naciones	2	8
michael	2	7
autor	2	5
pedía	2	5
mike	2	4
disfraz	2	7
llevarle	2	8
herramientas	2	12
empresas	2	8
tarifas	2	7
precisión	2	9
velcro	2	6
austria	2	7
horarios	2	8
distinta	2	8
barreras	2	8
cooperación	2	11
postor	2	6
atroz	2	5
transmitir	2	10
creímos	2	7
este--	2	6
maximizar	2	9
global	2	6
etc.	2	4
oeste	2	5
simcopter	2	9
vieran	2	6
compraron	2	9
de--	2	4
inesperada	2	10
gay	2	3
besa	2	4
viernes	2	7
preparado	2	9
muñecas	2	7
barbie	2	6
cambiamos	2	9
joes	2	4
ataquen	2	7
avión	2	5
llamamos	2	8
noel	2	4
muñecos	2	7
liberación	2	10
luchen	2	6
actividades	2	11
fondo	2	5
retomar	2	7
hulatberi	2	9
anti-globalización	2	18
milton	2	6
friedman	2	8
abbie	2	5
hoffman	2	7
naturalmente	2	12
filosofía	2	9
toman	2	5
ricas	2	5
iceberg	2	7
servirá	2	7
llamativo	2	9
un--	2	4
conseguí	2	8
despertarnos	2	12
atrasados	2	9
encantada	2	9
io	2	2
contesté	2	8
llamaron	2	8
servir	2	6
postgrado	2	9
administración	2	14
recibir	2	7
auditorio	2	9
ayudarlos	2	9
laboral	2	7
ee.u	2	4
redituable	2	10
prosperidad	2	11
cientos	2	7
optimista	2	9
progreso	2	8
involuntariamente	2	17
importado	2	9
mercados	2	8
habrían	2	7
fuentes	2	7
sencillo	2	8
restricciones	2	13
nativo	2	6
hong	2	4
kong	2	4
comunicado	2	10
libres	2	6
canales	2	7
eléctricos	2	10
implantados	2	11
logro	2	5
sintiendo	2	9
concentrarse	2	12
preguntar	2	9
presentaciones	2	14
educada	2	7
reaccionar	2	10
llegando	2	8
frontera	2	8
acuerdos	2	8
condiciones	2	11
ganancias	2	9
cien	2	4
fortune	2	7
leerlo	2	6
prepararse	2	10
quedaría	2	8
quedará	2	7
estuvimos	2	9
cinta	2	5
stop	2	4
sacaron	2	7
exteriores	2	10
pensaron	2	8
estadísticas	2	12
servirnos	2	9
gobiernos	2	9
comercial	2	9
democracia	2	10
vivimos	2	7
deshechos	2	9
rápida	2	6
riesgo	2	6
herb	2	4
alpert	2	6
agradecerles	2	12
sorprendente	2	12
contentos	2	9
eventos	2	7
trabajó	2	7
éi	2	2
europeo	2	7
parecidas	2	9
avisar	2	6
inscritos	2	9
convocatoria	2	12
púublica	2	8
cancelada	2	9
evento	2	6
pidió	2	5
ejércitos	2	9
botes	2	5
sana	2	4
tecnología	2	10
nutritivo	2	9
investigación	2	13
vengo	2	5
culturas	2	8
términos	2	8
cañerías	2	8
rentable	2	8
rata	2	4
tratados	2	8
convocó	2	7
código	2	6
llamando	2	8
charla	2	6
disolver	2	8
tendríamos	2	10
logotipo	2	8
sincero	2	7
reemplazar	2	10
consecuencia	2	12
informe	2	7
detallado	2	9
actual	2	6
próximos	2	8
injustas	2	8
desarrollados	2	13
internacionales	2	15
patentes	2	8
residentes	2	10
solicitudes	2	11
débiles	2	7
consigue	2	8
población	2	9
beneficie	2	9
aumento	2	7
quienquiera	2	11
seremos	2	7
basada	2	6
sublevación	2	11
kinoteca	2	8
erdeljanovic	2	12
obilic	2	6
serbio	2	6
cuídalo	2	7
sultán	2	6
envidioso	2	9
asado	2	5
temor	2	5
turca	2	5
sava	2	4
confidencial	2	12
violaciones	2	11
levantamiento	2	13
héroes	2	6
combate	2	7
prota	2	5
caballería	2	10
kulin	2	5
victoria	2	8
karadjorjes	2	11
realizado	2	9
nikola	2	6
construido	2	10
patrulla	2	8
esmeraldas	2	10
prácticamente	2	13
bucear	2	6
sargentos	2	9
postes	2	6
maik	2	4
prepare	2	7
baratijas	2	9
enséñamelas	2	11
burgess	2	7
plantar	2	7
sahibs	2	6
blancos	2	7
carguen	2	7
apunten	2	7
cógelo	2	6
informar	2	8
culto	2	5
asesinos	2	8
estranguladores	2	15
lanceros	2	8
retírese	2	8
izquierdo	2	9
pareces	2	7
cejas	2	5
inténtalo	2	9
vuela	2	5
sabodar	2	7
anochecer	2	9
sacado	2	6
trágatelo	2	9
tomara	2	6
vuelvas	2	7
requiere	2	8
preocupaba	2	10
emmy	2	4
cupido	2	6
metido	2	6
copita	2	6
bertie	2	6
bert	2	4
curioso	2	7
comprando	2	9
preso	2	5
vendrán	2	7
matrimonio	2	10
advierto	2	8
expedición	2	10
aparta	2	6
rompa	2	5
fea	2	3
robado	2	6
naik	2	4
dadles	2	6
levantaos	2	9
oiga	2	4
súbditos	2	8
encontraré	2	10
echaste	2	7
cogido	2	6
sacerdotes	2	10
coger	2	5
irás	2	4
matarte	2	7
metería	2	7
fío	2	3
descubierta	2	11
sacaremos	2	9
estrategia	2	10
diciéndome	2	10
borra	2	5
gritó	2	5
cobardes	2	8
desátale	2	8
desato	2	6
látigo	2	6
cubra	2	5
agáchate	2	8
satisfactorias	2	14
escudo	2	6
pub	2	3
torturador	2	10
reserven	2	8
vivían	2	6
impecable	2	9
ola	2	3
merecía	2	7
promete	2	7
primo	2	5
hundirse	2	8
cirillo	2	7
urgentemente	2	12
armero	2	6
lecciones	2	9
maldad	2	6
silla	2	5
coronación	2	10
ahogó	2	5
chimeneas	2	9
home	2	4
entretenimiento	2	15
sacrificó	2	9
lujo	2	4
colisión	2	8
hogareña	2	8
libélula	2	8
agresivo	2	8
saltamontes	2	11
bea	2	3
vengativo	2	9
feria	2	5
gautier	2	7
vecina	2	6
giray	2	5
ternura	2	7
apreciado	2	9
obligado	2	8
mantenido	2	9
sinceramente	2	12
lord	2	4
excentricidades	2	15
locuras	2	7
excentricidad	2	13
sótano	2	6
monedas	2	7
barricada	2	9
fragson	2	7
rocfait-lair	2	12
jardinero	2	9
rancho	2	6
dueños	2	6
investigue	2	10
póliza	2	6
visitar	2	7
playa	2	5
joseph	2	6
plantagenet	2	11
iv	2	2
buckingham	2	10
ciudadanos	2	10
yolande	2	7
lignis	2	6
raol	2	4
nieta	2	5
rosas	2	5
palmera	2	7
afectados	2	9
golpeado	2	8
alhambra	2	8
jardines	2	8
cabra	2	5
subdesarrollo	2	13
berta	2	5
primitivas	2	10
autoridad	2	9
soltero	2	7
pinball	2	7
triunfos	2	8
yankees	2	7
díselo	2	6
alfombra	2	8
golpeó	2	6
costera	2	7
g.w	2	3
suicidio	2	8
lanzó	2	5
opongo	2	6
que--	2	5
p.d.a	2	5
sloan	2	5
deprimido	2	9
carson	2	6
cindy	2	5
academia	2	8
a.i	2	3
habías	2	6
nariz	2	5
picadura	2	8
limpiar	2	7
apostando	2	9
bulls	2	5
mets	2	4
muérdelo	2	8
observando	2	10
humanitario	2	11
ábrela	2	6
entro	2	5
enteró	2	6
recibiendo	2	10
amen	2	4
encomendamos	2	12
acordamos	2	9
pleito	2	6
incumbe	2	7
encuentras	2	10
niebla	2	6
atlanta	2	7
georgia	2	7
mafia	2	5
precinto	2	8
continuo	2	8
brodway	2	7
aplica	2	6
ayúdenme	2	8
estropeaste	2	11
apártense	1	9
haven	1	5
hurgar	1	6
orgullosa	1	9
respondieron	1	12
llevaban	1	8
desanimados	1	11
alegraban	1	9
vivió	1	5
escasas	1	7
trabajaron	1	10
daremos	1	7
mirándolo	1	9
hueso	1	5
necesitarlo	1	11
coma	1	4
cocino	1	6
trátalo	1	7
echara	1	6
permitirá	1	9
atravesarlo	1	11
disparos	1	8
rozaste	1	7
anteojos	1	8
travesuras	1	10
entrenado	1	9
conservarlo	1	11
milicia	1	7
incluye	1	7
aprendas	1	8
zarpa	1	5
yankee	1	6
cuernos	1	7
perrera	1	7
desempeñe	1	9
continúen	1	9
lacrimógeno	1	11
mostaza	1	7
venenoso	1	8
enfrentarán	1	11
acostúmbrense	1	13
stubs	1	5
mejorado	1	8
terminaste	1	10
gandul	1	6
desertor	1	8
enrolaba	1	8
quedes	1	6
escriban	1	8
despídanse	1	10
recen	1	5
sanos	1	5
salvos	1	6
zarpamos	1	8
encárguese	1	10
rumbo	1	5
extrañar	1	8
regresara	1	9
guapo	1	5
prometí	1	7
cuidaré	1	7
esconderte	1	10
descabellada	1	12
encuentren	1	10
ra	1	2
salude	1	6
ingenias	1	8
den	1	3
identificación	1	14
saliéndose	1	10
buscábamos	1	10
minnesota	1	9
historias	1	9
perdidos	1	8
chemin	1	6
des	1	3
dames	1	5
unirían	1	7
francesas	1	9
molidos	1	7
imagino	1	7
útil	1	4
eliminando	1	10
roedor	1	6
díganme	1	7
cúbranse	1	8
desenterró	1	10
escombros	1	9
asegúrenlas	1	11
atentos	1	7
caemos	1	6
vela	1	4
usaste	1	6
básico	1	6
queso	1	5
excusa	1	6
espiaremos	1	10
salty	1	5
celebremos	1	10
sobrevivido	1	11
materna	1	7
vid	1	3
seguirlo	1	8
devolvemos	1	10
atacaban	1	8
sabrán	1	6
despiértense	1	12
levántate	1	9
levanté	1	7
vivía	1	5
activar	1	7
quietos	1	7
decirles	1	8
avisarnos	1	9
sentían	1	7
viviera	1	7
maravilla	1	9
lanzas	1	6
inicial	1	7
pétanque	1	8
modales	1	7
modestia	1	8
aparte	1	6
anotar	1	6
pégale	1	6
sobremesa	1	9
tabaco	1	6
mostré	1	6
jeanne	1	6
manon	1	5
madeleine	1	9
llevarían	1	9
perseguir	1	9
colmillos	1	9
cazadoras	1	9
alice	1	5
aprendí	1	7
ferretería	1	10
clavos	1	6
tornillos	1	9
olvidarnos	1	10
oímos	1	5
contuvimos	1	10
traía	1	5
peligros	1	8
sabré	1	5
sobrevive	1	9
atraparían	1	10
suertudo	1	8
créeme	1	6
olvidaba	1	8
salvará	1	7
cuídense	1	8
cuidaremos	1	10
siguientes	1	10
sibille	1	7
pugnaba	1	7
participó	1	9
imaginaba	1	9
presionan	1	9
reforzando	1	10
tenderles	1	9
boten	1	5
kamerad	1	7
encargo	1	7
regresarán	1	10
lastimado	1	9
pónganlo	1	8
ambulancia	1	10
cayeran	1	7
lluvias	1	7
llovió	1	6
expulsaron	1	10
trinchera	1	9
desesperado	1	11
rodeos	1	6
volverán	1	8
intuyo	1	6
secos	1	5
intuición	1	9
recuperaron	1	11
retroceder	1	10
compara	1	7
hirieron	1	8
cuidando	1	8
llamábamos	1	10
regresaremos	1	12
faltaban	1	8
compadecía	1	10
atenderé	1	8
sufrió	1	6
epidemia	1	8
gripe	1	5
contagió	1	8
propagó	1	7
reguero	1	7
pólvora	1	7
recupérate	1	10
mejorando	1	9
reunido	1	7
tas	1	3
ardua	1	5
vagón	1	5
echarte	1	7
desconfiaban	1	12
llegaba	1	7
ganaste	1	7
olió	1	4
señalar	1	7
exigía	1	6
marcheville	1	11
confiero	1	8
honorario	1	9
sonrían	1	7
titulares	1	9
hindenburg	1	10
enviaba	1	7
alegres	1	7
cómico	1	6
patton	1	6
tanques	1	7
ee	1	2
construyeron	1	12
levantaron	1	10
palacios	1	8
pantanos	1	8
armisticio	1	10
rindieron	1	9
esperarías	1	10
hallar	1	6
conozcan	1	8
acurrucados	1	11
roble	1	5
cumplieron	1	10
despedirse	1	10
juegue	1	6
póquer	1	6
muevan	1	6
campañas	1	8
condecorado	1	11
ee.uu	1	5
inspirado	1	9
voix	1	4
humaine	1	7
erri	1	4
luca	1	4
bombardeos	1	10
abrí	1	4
cortina	1	7
entraste	1	8
volviste	1	8
caricias	1	8
barrieron	1	9
revivieron	1	10
abriste	1	7
trozos	1	6
verengena	1	9
secan	1	5
cortara	1	7
verenjena	1	9
secaran	1	7
entraba	1	7
acosté	1	6
vestí	1	5
recogió	1	7
trabajas	1	8
dejases	1	7
acostumbrarme	1	13
demasiados	1	10
obstáculos	1	10
escoger	1	7
arriesgarlo	1	11
enamorarme	1	10
perdidamente	1	12
dejarme	1	7
capodimonte	1	11
permitió	1	8
daba	1	4
fechas	1	6
maleta	1	6
guantes	1	7
conducir	1	8
encuento	1	8
estuvieses	1	10
turnamos	1	8
pañuelo	1	7
remangada	1	9
auricular	1	9
pluma	1	5
estilográfica	1	13
garabateas	1	10
figuras	1	7
encender	1	8
exquisita	1	9
acostumbraste	1	13
confundías	1	10
callejero	1	9
vendía	1	6
ternera	1	7
patear	1	6
amelio	1	6
cortó	1	5
probaré	1	7
molestia	1	8
tardes	1	6
contestó	1	8
mintiendo	1	9
vestida	1	7
bata	1	4
contemplando	1	12
existía	1	7
escucharte	1	10
posaba	1	6
pararme	1	7
pastillas	1	9
soñé	1	4
reposaba	1	8
morí	1	4
temblé	1	6
corage	1	6
telefónico	1	10
dormirme	1	8
recostada	1	9
sillón	1	6
llamabas	1	8
temiendo	1	8
inaguantable	1	12
enteros	1	7
soñaré	1	6
plena	1	5
troce	1	5
concierne	1	9
interesantes	1	12
váyase	1	6
colgó	1	5
lastimó	1	7
dolorosa	1	8
sufre	1	5
chiquillo	1	9
vecino	1	6
ignoren	1	7
ignoré	1	6
nuesto	1	6
importaba	1	9
pensara	1	7
rompimientos	1	12
digan	1	5
piensen	1	7
hablaramos	1	10
golpea	1	6
ladrillos	1	9
solucionaba	1	11
dirigido	1	8
massimiliano	1	12
lodovico	1	8
cinematografía	1	14
rodrigo	1	7
prieto	1	6
sabatini	1	8
mariano	1	7
tufano	1	6
edición	1	7
chiara	1	6
griziotti	1	9
goodrum	1	7
argentieri	1	10
temprano~nyo	1	12
dejamos~nyo	1	11
exposición~nyu	1	14
lugar~nyo	1	9
musgo~nyu	1	9
moss	1	4
high	1	4
asiste	1	6
hikari	1	6
terminé	1	7
apagado	1	7
fiebre	1	6
golpeé	1	6
es-	1	3
construyendo	1	12
tropecé	1	7
resbalé	1	7
caíste	1	6
tobogán	1	7
latido	1	6
centelleante	1	12
prohibición	1	11
sabremos	1	8
olfato	1	6
escondas	1	8
comerlos	1	8
bread	1	5
baking	1	6
clubs	1	5
grandeza	1	8
intentar	1	8
sostenerlo	1	10
bocado	1	6
exageración	1	11
minagawa-kun	1	12
minata-kun	1	10
rabi-	1	5
rabi	1	4
desvanecerá	1	11
toneladas	1	9
miremos	1	7
huevos~nyo	1	10
comamos	1	7
arroz~nyu	1	9
mundoqué	1	8
ambigüedad	1	10
inflexible	1	10
dibujé	1	6
nancharanyo	1	11
elahera	1	7
mentira	1	7
disfruté	1	8
holgazanear	1	11
teru	1	4
mundos	1	6
bishoujo	1	8
tulle	1	5
gagby	1	5
conquistado	1	11
digico	1	6
mágicas	1	7
comienzos	1	9
aldeanos	1	8
reencarnas	1	10
acumulas	1	8
extiende	1	8
curando	1	7
aparecerá	1	9
ansias	1	6
invencible	1	10
bollo	1	5
mohoso	1	6
jk	1	2
manju	1	5
cortado	1	7
bollos	1	6
leyenda	1	7
apuestas	1	8
bajas	1	5
demoníaco	1	9
continúa~	1	9
vomitando	1	9
vomitaré	1	8
malas~nyo	1	9
grupal	1	6
jejeje	1	6
correctamente	1	13
fuhahaha	1	8
petit	1	5
bushir	1	6
bushroad	1	8
moretasu-su	1	11
fáciles	1	7
~nyo	1	4
abstenerte	1	10
cantando	1	8
erroraste	1	9
o-oh	1	4
funcionará	1	10
lagunas	1	7
comenzaremos	1	12
rabien-san	1	10
roger~nyu	1	9
espacios	1	8
intermedios	1	11
mirará	1	6
engreída	1	8
legendarias~su	1	14
leaking	1	7
moretasu-	1	9
intento~nyo	1	11
estatua	1	7
turístico	1	9
curry	1	5
jinbocho	1	8
hurra	1	5
gratis~nyo	1	10
protegemos	1	10
tierra~nyo	1	10
japonés	1	7
hachi	1	5
onomatopeya	1	11
pachichi	1	8
-¡es	1	4
mamá~nyo	1	8
porque-	1	7
divirtiendo	1	11
akihabara~nyo	1	13
aliviado	1	8
capuchino	1	9
honor~gema	1	10
administre	1	10
ídolos	1	6
llenaría	1	8
aroma	1	5
rosado	1	6
dejarse	1	7
mimar	1	5
déjele	1	6
bulliciosa	1	10
justo~nyo	1	9
papel~nyo	1	9
vemos~nyo	1	9
apresuremos	1	11
engranajes	1	10
movámonos	1	9
faja~nyo	1	8
administrador	1	13
problema~gema	1	13
hinchable	1	9
manager~nyu	1	11
tropieza	1	8
derribando	1	10
estanterías~nyo	1	15
usemos	1	6
sash~nyo	1	8
convirtiéramos	1	14
gerentes	1	8
haríamos	1	8
trabajaran	1	10
opinión~nyo	1	11
trabajen~nyo	1	12
gerente~nyo	1	11
ágil	1	4
destrozando	1	11
sus~nyu	1	7
mí~nyo	1	6
dejiko~very	1	11
mandamás	1	8
cabreado	1	8
noooooooo	1	9
chica~nyo	1	9
nyooooo	1	7
sermoneado	1	10
cosechas	1	8
siembras~gema	1	13
comencemos	1	10
olvídate	1	8
generalmente	1	12
transformará	1	12
traerá	1	6
brillarán	1	9
coincidir	1	9
amaré	1	5
surrealista	1	11
sanador	1	7
desvanece	1	9
peleemos	1	8
emocionarnos	1	12
acceder	1	7
acumules	1	8
refrescarnos	1	12
esplendor	1	9
melodía	1	7
estrellado	1	10
dejémoslo	1	9
hablando~gema	1	13
puede-	1	6
quites~gema	1	11
glamping	1	8
hipsters~nyo	1	12
caminar~nyu	1	11
tarde~nyu	1	9
siempre-	1	8
eso~nyu	1	7
encendido	1	9
llenó	1	5
caminata	1	8
pacífico	1	8
viscoso	1	7
biiiig	1	6
músculo	1	7
ejercicio	1	9
mala~gema	1	9
calor~gema	1	10
extinguirlo	1	11
-¡se	1	4
derramó	1	7
crisis-	1	7
flash	1	5
empeoré	1	7
caliente~gema	1	13
calor~nyo	1	9
pasión~gema	1	11
último-	1	7
renovada	1	8
regeneró	1	8
jiggly	1	6
puchiko~nyo	1	11
reconocer	1	9
eventualmente	1	13
nosotros-	1	9
nicho~	1	6
demasiado~nyo	1	13
busques~nyo	1	11
roger~	1	6
repitió	1	7
lado~gema	1	9
buscará~nyu	1	11
clavo~nyo	1	9
esponjosas	1	10
extrañas	1	8
deriva~nyo	1	10
alabado	1	7
sol~nyo	1	7
pensamiento~nyo	1	15
sentidos	1	8
empezaron~nyo	1	13
vacía	1	5
barrido	1	7
luna~nyo	1	8
demasiadas	1	10
veces~nyo	1	9
aires~nyo	1	9
mismo~nyo	1	9
ahora~nyo	1	9
momento~nyo	1	11
galaxia~nyo	1	11
pu~pui	1	6
mi~gema	1	7
alcanzado	1	9
iluminación~nyo	1	15
atrayendo	1	9
sospechosa	1	10
asustas	1	7
estáis	1	6
fukufuku	1	8
todavía~nyu	1	11
brilla~	1	7
eternidad	1	9
twinkle~	1	8
expresarle	1	10
desempeñar	1	10
brocco-desu-sama	1	16
hokke	1	5
mirin~nyu	1	9
también~nyu	1	11
agradeceré	1	10
usada~nyu	1	9
brillando~	1	10
arrancaré	1	9
aceptamos	1	9
pague	1	5
invencibles	1	11
alrededor~nyo	1	13
sonando~nyo	1	11
fufu	1	4
irritando	1	9
fantasma	1	8
ríe	1	3
incertidumbre~	1	14
inc	1	3
broccoli	1	8
desarrollaron	1	13
alianza	1	7
capital	1	7
olvidamos	1	9
profunda	1	8
eres~nyo	1	8
demás~gema	1	10
alegro	1	6
brocco-desu-senpai	1	18
sususu-	1	7
hikaru-san	1	10
bushiroad-chan	1	14
filtré	1	6
estudié	1	7
fafirm	1	6
firm	1	4
importarme	1	10
lore~nyo	1	8
reunidos	1	8
p~nyu	1	5
vienen~gema	1	11
cubriste	1	8
importante~nyo	1	14
brusco	1	6
aceptando	1	9
cuotas	1	6
ofrendas	1	8
siempre~nyo	1	11
nooooo	1	6
respira	1	7
hondo	1	5
abarenbou	1	9
ojos~nyo	1	8
culo~nyo	1	8
haciendo~nyu	1	12
cerca~nyo	1	9
cabreando~nyu	1	13
otome	1	5
sucediendo	1	10
japón	1	5
intentemos	1	10
afuera~nyo	1	10
multitud~nyu	1	12
merchandising	1	13
prosperando	1	11
yippe	1	5
gracias~nyo	1	11
vendimos	1	8
stock	1	5
existente~nyo	1	13
bien~nyu	1	8
refugio~nyu	1	11
exhausto	1	8
apestar	1	7
derramar	1	8
sabrosa	1	7
admirable	1	9
guardián	1	8
ciao	1	4
abanrenbo	1	9
prospera	1	8
cerremos	1	8
tormenta	1	8
eliminó	1	7
bitcoins	1	8
camino~	1	7
estrellé	1	8
dijimos	1	7
cantaras~nyo	1	12
cenemos~nyu	1	11
enorme~	1	7
manager-san	1	11
vigilaré	1	8
tardía	1	6
ser-	1	4
ha-	1	3
efectivo~nyo	1	12
ligero	1	6
tirarlo	1	7
hablara	1	7
miop~nyu	1	8
estante	1	7
adentro~nyo	1	11
tomaremos	1	9
contempla	1	9
black	1	5
evil~pyo-	1	9
aniquilada	1	10
repentino~nyu	1	13
continuara	1	10
run~gema	1	8
miedo~nyo	1	9
decir~angy	1	10
difundiré	1	9
mencionarlo~su	1	14
vengarme~su	1	11
~su	1	3
selló	1	5
increíble~nyo	1	13
guardiana~nyo	1	13
formidable~nyu	1	14
perderé	1	7
bugedon	1	7
contados	1	8
derrotará	1	9
legendario	1	10
todo~nyo	1	8
ayudaré	1	7
ayudar~nyu	1	10
arreglado	1	9
demoníaco-	1	10
entrometiste	1	12
motivación	1	10
definitivos	1	11
épico~nyo	1	9
ultimate	1	8
exposiciones	1	12
aburridas	1	9
entregándotelas	1	15
recogí	1	6
acertain	1	8
jugaba	1	6
mencionó	1	8
olvidaron	1	9
sabe~nyo	1	8
estrellato	1	10
abrirse	1	7
vendría	1	7
asombrosas~nyu	1	14
listo~nyo	1	9
espacioso	1	9
destruí	1	7
reclamo	1	7
dejiko-sama~nyo	1	15
canta	1	5
impresionarme	1	13
emocionada~nyo	1	14
emocionada~nyu	1	14
baila-	1	6
cg	1	2
eso~nyo	1	7
competiré	1	9
material~nyo	1	12
ansiosa	1	7
dominé	1	6
expresiones	1	11
sha-ri-ran~nyu	1	14
rejuvenecer	1	11
recorrer	1	8
asombroso-p	1	11
irresponsable	1	13
importan	1	8
páramo	1	6
manejándolo~gema	1	16
habérselo	1	9
también~nyo	1	11
repetidos	1	9
jejeje~gema	1	11
manseibashi	1	11
mandados~gema	1	13
recado	1	6
intenté~gema	1	12
mirando~gema	1	12
acercando~gema	1	14
entonces~	1	9
amarillo~gema	1	13
limón	1	5
castañas	1	8
confitadas	1	10
patatas	1	7
extrañaron	1	10
acechando	1	9
asustada~gema	1	13
molesten	1	8
transmitiendo	1	13
mundo~nyo	1	9
involucrarme	1	12
redondos	1	8
tengo~gema	1	10
azar	1	4
gema~ge	1	7
es~gema	1	7
metan	1	5
puchiko-san	1	11
segundo~gema	1	12
naaaaaa	1	7
perdieron~gema	1	14
responsabilidad	1	15
piyoko~gema	1	11
sofocante~nyo	1	13
escapamos	1	9
es~nyo	1	6
piyoko~nyo	1	10
prepárate	1	9
dejiko-oneechan~	1	16
bebe~piyo~piyo	1	14
gritos~gema	1	11
opción~nyo	1	10
ayudaremos~nyo	1	14
asustando	1	9
dejiko-oneechan	1	15
jugar~pyo	1	9
lujosa	1	6
imaginar~nyo	1	12
blageco~nyo	1	11
lujoso	1	6
perdió~gema	1	11
gema~pio	1	8
feliz~gema	1	10
dejiko-onee-chan	1	16
juguemos	1	8
nuevo~	1	6
blando	1	6
duro~	1	5
lindo~nyo	1	9
engañar~nyo	1	11
brocco	1	6
bushiroll	1	9
miso	1	4
takuan~	1	7
delicioso~nyu	1	13
broccodesu-sama	1	15
bushiro	1	7
relajarme	1	9
pepino~nyu	1	10
aparecer	1	8
colorida	1	8
cd	1	2
aniversario	1	11
pilló	1	5
desprevenidos	1	13
maravillosas	1	12
acercamos	1	9
enredan	1	7
encoger	1	7
libremente	1	10
flotar	1	6
esconderse~nyu	1	14
broccodesu	1	10
kansai	1	6
atmósfera	1	9
cuidarte	1	8
elementos	1	9
inconscientemente	1	17
rapear	1	6
muéstranos	1	10
escúpelo	1	8
monedero	1	8
eliminarlo	1	10
tambalee	1	8
atraídos	1	8
innecesarias	1	12
dividida	1	8
tuvieran	1	8
adherida	1	8
lejanas	1	7
considerar	1	10
senpai	1	6
quiero~nyo	1	10
involucrarme~nyo	1	16
escenario~nyo	1	13
aoty	1	4
aotd	1	4
perdona~nyo	1	11
atendido	1	8
apoyando	1	8
promocionarlo	1	13
casa~nyu	1	8
apoyaré	1	7
diferente~	1	10
reencarnar~nyo	1	14
pui	1	3
isekai~gema	1	11
dibujo	1	6
antes~nyo	1	9
nostálgico~gema	1	15
vislumbré	1	9
él~nyo	1	6
qué~gema	1	8
misterio~gema	1	13
joya	1	4
comercial~nyo	1	13
ahí~gema	1	8
rinna~nyo	1	9
verte~myu	1	9
nuevo~nyo	1	9
hornea	1	6
pastel	1	6
muerte~mya	1	10
ke	1	2
yuurei-chan	1	11
aqua-chan~nyo	1	13
olvidado	1	8
ellos~nyu	1	9
yurei-chan	1	10
aqua-chan~nyu	1	13
dirigimos	1	9
canto	1	5
éxito~nyo	1	9
endulzarlos~gema	1	16
descuidada	1	10
milk~nyu	1	8
puchiko~nyu	1	11
bait~nyu	1	8
hikaru-chan	1	11
akari	1	5
juguete	1	7
deoririn	1	8
chiro-chan	1	10
mk.ii	1	5
dero-chiro	1	10
posterior	1	9
jabón	1	5
derrama	1	7
kiyoshi	1	7
kyossan	1	7
como~nyo	1	8
regreso~gema	1	12
allá~nyu	1	8
pasar~nyu	1	9
pasarás	1	7
acumular	1	8
abuelita	1	8
allí~nyo	1	8
quieras~nyo	1	11
heces	1	5
apestosos	1	9
hará~nyo	1	8
convertiré	1	10
apestosa	1	8
amama	1	5
mostrando	1	9
akihabara~gema	1	14
quedarás	1	8
démonos	1	7
prisa~nyo	1	9
regresará~nyu	1	13
nyu~nyui	1	8
akihabara~nyo~	1	14
trabajará	1	9
recolectar	1	10
especialidad	1	12
sostuvo	1	7
amplia	1	6
memorial	1	8
obstante	1	8
económico	1	9
creciente	1	9
insatisfacción	1	14
meditación	1	10
trascendental	1	13
majes	1	5
introdujo	1	9
reda	1	4
tradicional	1	11
hindú	1	5
égida	1	5
majer	1	5
contribuido	1	11
difusión	1	8
maja	1	4
sicarios	1	8
eta	1	3
fundó	1	5
norteamericana	1	14
ayurveda	1	8
asistencia	1	10
felicitaciones	1	14
sedes	1	5
explorando	1	10
lograrla	1	8
montante	1	8
niveles	1	7
continuamos	1	11
chocar	1	6
abundancia	1	10
fundació	1	8
cualesquiera	1	12
inclusive	1	9
necesidades	1	11
emocionales	1	11
psicológicas	1	12
espirituales	1	12
ámbito	1	6
espontánea	1	10
despido	1	7
diversos	1	8
puesta	1	6
pesos	1	5
preocupas	1	9
poseas	1	6
extremadamente	1	14
oscar	1	5
aguad	1	5
metálico	1	8
mantenimiento	1	13
expendedoras	1	12
enmarcando	1	10
torpeza	1	7
batidor	1	7
mauricio	1	8
cepillo	1	7
fatiga	1	6
armario	1	7
escobas	1	7
plataforma	1	10
leido	1	5
postal	1	6
desatornillar	1	13
limpiandose	1	11
lentes	1	6
textura	1	7
agh	1	3
pondré	1	6
alérgico	1	8
hilillo	1	7
grifos	1	6
ahorra	1	6
irónico	1	7
aplastado	1	9
planeandolo	1	11
llebado	1	7
traves	1	6
muriendote	1	10
pensamieto	1	10
planchar	1	8
estornudos	1	10
valió	1	5
listy	1	5
planificación	1	13
nivelado	1	8
leído	1	5
solían	1	6
oostin	1	6
orsdon	1	6
pronuncias	1	10
rezo	1	4
diós	1	4
persecuciones	1	13
dashwood	1	8
asentó	1	6
sussex	1	6
diselo	1	6
fijamente	1	9
tareas	1	6
deposito	1	8
perturbación	1	12
superficie	1	10
fssssssss	1	9
agarra	1	6
diera	1	5
sacudido	1	8
chillar	1	7
arruinando	1	10
sumerge	1	7
congeladas	1	10
chillando	1	9
lavar	1	5
correcta	1	8
peino	1	5
desmayo	1	7
repongo	1	7
ooh	1	3
asesoramiento	1	13
psicológico	1	11
jurar	1	5
sostendría	1	10
boligrafo	1	9
caido	1	5
marino	1	6
surf	1	4
boy	1	3
broomtown	1	9
cuidad	1	6
estube	1	6
relajado	1	8
despreocupado	1	13
knot	1	4
aporee	1	6
diodes	1	6
jugueteando	1	11
cañeria	1	7
ahórrenos	1	9
jerga	1	5
fontanería	1	10
qque	1	4
enfrentarnos	1	12
fritter	1	7
critter	1	7
coña	1	4
capturar	1	8
mierdoso	1	8
forzarle	1	8
labado	1	6
cuestión	1	8
matamos	1	7
perderíamos	1	11
envenarlo	1	9
contaminarimos	1	14
capturarlo	1	10
submergible	1	11
titanio	1	7
reforzadas	1	10
sumergibles	1	11
bozookoides	1	11
mini	1	4
granadas	1	8
lásers	1	6
blasters	1	8
bajaís	1	6
classic	1	7
car	1	3
empecemos	1	9
equipaje	1	8
traumatizado	1	12
vayams	1	6
aki	1	3
pillas	1	6
explicar	1	8
pekeño	1	6
lanzara	1	7
cargamento	1	10
atún	1	4
sensacional	1	11
pongaís	1	7
liláceo	1	7
pique	1	5
aw-wi	1	5
yeah	1	4
entrañas	1	8
comprueba	1	9
interceptores	1	13
jensen	1	6
fabricado	1	9
four-speed	1	10
compruébalo	1	11
smegger	1	7
escuchad	1	8
vehículo	1	8
ruedas	1	6
ff	1	2
indentificado	1	13
extensión	1	9
pulgadas	1	8
ejes	1	4
abs	1	3
oooops	1	6
peña	1	4
digiendose	1	10
aerolineas	1	10
sácanos	1	7
saliva	1	6
imagenes	1	8
deshacerse	1	10
equibocado	1	10
mota	1	4
relajaos	1	8
náh	1	3
sileciosos	1	10
súbenos	1	7
silenciosamente	1	15
cu	1	2
do	1	2
podeís	1	6
veís	1	4
bicharraco	1	10
sugerencia	1	10
confinada	1	9
titaneo	1	7
mezcla	1	6
payasos	1	7
obtendría	1	9
águila	1	6
espaciales	1	10
marcador	1	8
miradme	1	7
podré	1	5
cubrir	1	6
debias	1	6
martilleando	1	12
migración	1	9
hibernar	1	8
virtualmente	1	12
extinta	1	7
katerina	1	8
científica	1	10
enano	1	5
holograma	1	9
arnold	1	6
confirmelo	1	10
restructuración	1	15
cadena	1	6
esencial	1	8
regenera	1	8
huh	1	3
resuelto	1	8
guapa	1	5
ordenador	1	9
tiró	1	4
váter	1	5
habiamos	1	8
averiguado	1	10
miercoles	1	9
cedió	1	5
cayeron	1	7
inundaron	1	9
despierten	1	10
roncando	1	8
knots	1	5
secarlo	1	7
faenas	1	6
distraigan	1	10
urgh	1	4
kyten	1	5
escapada	1	8
mecanoides	1	10
to	1	2
asegurarte	1	10
hologramas	1	10
activos	1	7
creia	1	5
molestarte	1	10
plancha	1	7
estornudando	1	12
habeis	1	6
jugado	1	6
pescado	1	7
zapatillas	1	10
preparese	1	9
debeís	1	6
desconectado	1	12
datos	1	5
borrados	1	8
seguidamente	1	12
expulsado	1	9
detonado	1	8
fusión	1	6
nuclear	1	7
tristemente	1	11
muchísimo	1	9
desconectarme	1	13
borrame	1	7
tratado	1	7
virus	1	5
ordenadpr	1	9
percertiva	1	10
bocanada	1	8
talón	1	5
aquiles	1	7
kryty	1	5
chaval	1	6
bartikvosky	1	11
smegging	1	8
asuntillo	1	9
lucen	1	5
pech	1	4
sigueme	1	7
dirtville	1	9
ciudadsucia	1	11
conectando	1	10
silvido	1	7
reciteme	1	8
planea	1	6
empiece	1	7
horrenda	1	8
migrador	1	8
cogemos	1	7
insertamos	1	10
lector	1	6
genético	1	8
teneís	1	6
médico-	1	7
triangulamos	1	12
oleadas	1	7
residuos	1	8
desplazamiento	1	14
registrados	1	11
depósito	1	8
calculado	1	9
algoritmo	1	9
cuántico	1	8
producia	1	8
membrana	1	8
navelar	1	7
multiuniverso	1	13
computado	1	9
interdimensionales	1	18
tranponiendo	1	12
calibraciones	1	13
minero	1	6
partido	1	7
jingo	1	5
espléndido	1	10
viajaremos	1	10
recrear	1	7
hummm	1	5
atmosfera	1	9
tumbarme	1	8
naufragado	1	10
comatoso	1	8
zumo	1	4
mango	1	5
peces	1	5
colores	1	7
mordisqueandome	1	15
subtitulos.es	1	13
red	1	3
bee	1	3
ltd	1	3
tvsubtitles.net	1	15
esconderse	1	10
contaré	1	7
riendo	1	6
aa	1	2
ámame	1	5
odiame	1	6
volviéndome	1	11
ratatata	1	8
nanana-nananana	1	15
moderna	1	7
prof	1	4
hasenfuß	1	8
avenida	1	7
acacias	1	7
sócrates	1	8
xxxxxxxxxxxx	1	12
cesto	1	5
pagarlo	1	7
recibimiento	1	12
principesco	1	11
gritamos	1	8
vigorosa	1	8
laurel	1	6
adorne	1	6
hasenfuss	1	9
étienne	1	7
arnaud	1	6
benjamín	1	8
carré	1	5
diciembre	1	9
mensajero	1	9
temblando	1	9
alumno	1	6
loque	1	5
acordes	1	7
favoritos	1	9
cherubino	1	9
fígaro	1	6
serenata	1	8
don	1	3
giovanni	1	8
flauta	1	6
mágica	1	6
réquiem	1	7
efectuado	1	9
soporte	1	7
donada	1	6
cineteca	1	8
giulfrida	1	9
rotación	1	8
oscilación	1	10
lámpara	1	7
péndulo	1	7
escribano	1	9
infiel	1	6
describen	1	9
consideran	1	10
contrarias	1	10
herejía	1	7
detenido	1	8
inquisición	1	11
condena	1	7
netkonet	1	8
twenty	1	6
tree	1	4
pictures	1	8
sidus	1	5
hq	1	2
taek	1	4
típicos	1	7
juraron	1	7
duraría	1	7
encuéntrate	1	11
acariciaste	1	11
fo	1	2
acaricié	1	8
tocándolo	1	9
resolverlo	1	10
háganlo	1	7
durar	1	5
manténganse	1	11
triviales	1	9
calificaciones	1	14
reprobé	1	7
acorde	1	6
soo	1	3
habértelo	1	9
desearé	1	7
fighting	1	8
cachetada	1	9
umbral	1	6
cruce	1	5
errores	1	7
cometido	1	8
perdonan	1	8
faltaba	1	7
parados	1	7
experimentados	1	14
responsables	1	12
decidamos	1	9
respetemos	1	10
apoyemos	1	8
bifurcado	1	9
avanzar	1	7
muéstrenme	1	10
dividan	1	7
suicidó	1	7
suicidarás	1	10
compremos	1	9
dividiéramos	1	12
envejecimos	1	11
quedarnos	1	9
sentados	1	8
ets	1	3
entregan	1	8
caramelos	1	9
mercedes	1	8
audi	1	4
convirtamos	1	11
host	1	4
tengámoslo	1	10
pudrirse	1	8
sobria	1	6
ofende	1	6
guardando	1	9
almohada	1	8
bromeando	1	9
cogerá	1	6
resfriado	1	9
resfríe	1	7
malcriados	1	10
malcriada	1	9
lastime	1	7
preocúpense	1	11
prostitución	1	12
guiaré	1	6
beba	1	4
insistas	1	8
parecerás	1	9
urgencias	1	9
sexuales	1	8
analizar	1	8
espécimen	1	9
fluyen	1	6
evita	1	5
accedido	1	8
aprobación	1	10
garantizado	1	11
muestres	1	8
pánico	1	6
incomódala	1	10
atónita	1	7
mínimo	1	6
preguntarse	1	11
disonancia	1	10
cognitiva	1	9
órganos	1	7
reproductores	1	13
masculinos	1	10
habrán	1	6
madurado	1	8
ignorado	1	8
estrictamente	1	13
oculta	1	6
enfatizado	1	10
académicos	1	10
pisoteado	1	9
apremiantes	1	11
naturales	1	9
forzándonos	1	11
monjes	1	6
celibato	1	8
coreano	1	7
buda	1	4
plegarias	1	9
unamos	1	6
carnes	1	6
unimos	1	6
definición	1	10
cercano	1	7
agitación	1	9
vergonzoso	1	10
masturban	1	9
trágica	1	7
golpearse	1	9
ingle	1	5
lunático	1	8
iniciación	1	10
patéticamente	1	13
esperara	1	8
romance	1	7
novelas	1	7
dislocado	1	9
invite	1	6
bonos	1	5
nacionales	1	10
académicas	1	10
aseguraré	1	9
incansablemente	1	15
currículum	1	10
prepararé	1	9
orientación	1	11
novatos	1	7
hwang	1	5
kimhae	1	6
andong	1	6
envoltorio	1	10
burbujas	1	8
cómpranos	1	9
clara	1	5
eligió	1	6
universitaria	1	13
ahorrar	1	7
empleos	1	7
medio-tiempo	1	12
convertirá	1	10
corea	1	5
disfruten	1	9
pidieron	1	8
frito	1	5
regular	1	7
discúlpenme	1	11
atrevan	1	7
volcar	1	6
gota	1	4
aceptaría	1	9
intelectuales	1	13
intelectual	1	11
em	1	2
seducirte	1	9
insinuarme	1	10
disfruta	1	8
sobre-analizar	1	14
as	1	2
crucé	1	5
parada	1	6
tragó	1	5
vómito	1	6
repetidor	1	9
repito	1	6
sacudes	1	7
atrapé	1	6
sacudiéndosela	1	14
destrabé	1	8
destrabaste	1	11
lubricación	1	11
crucial	1	7
masturbarse	1	11
estimulación	1	12
insensibilizado	1	15
agarre	1	6
provocar	1	8
lub	1	3
quebrado	1	8
desearía	1	8
masturbas	1	9
ddukbokki	1	9
compro	1	6
deshacemos	1	10
universitarios	1	14
masturba	1	8
diciéndolo	1	10
acongojando	1	11
surgió	1	6
sacas	1	5
decírselo	1	9
mudado	1	6
rural	1	5
academias	1	9
rumores	1	7
dándoles	1	8
tour	1	4
comportando	1	11
equivocamos	1	11
científico	1	10
falla	1	5
experimentos	1	12
paremos	1	7
tomártelo	1	9
córtale	1	7
áspero	1	6
abandonándome	1	13
abandonado	1	10
bailando	1	8
alimentes	1	9
etapa	1	5
pensaré	1	7
seriamente	1	10
fluyendo	1	8
acordemos	1	9
aceptación	1	10
nacer	1	5
cachondos	1	9
irrespetuoso	1	12
arregla	1	7
irritante	1	9
rábanos	1	7
vinagre	1	7
conseguirme	1	11
joderte	1	7
joderla	1	7
internet-café	1	13
league	1	6
legends	1	7
world	1	5
warcraft	1	8
objetos	1	7
mantendría	1	10
flote	1	5
incremento	1	10
ingresos	1	8
demanda	1	7
gráfico	1	7
inferior	1	8
deseado	1	7
deshacer	1	8
discúlpeme	1	10
racionales	1	10
entiendas	1	9
racional	1	8
fraude	1	6
adulador	1	8
comprendes	1	10
soñar	1	5
representar	1	11
prevenir	1	8
ocurran	1	7
corbatas	1	8
compraré	1	8
consigas	1	8
brindemos	1	9
conduciría	1	10
conducido	1	9
quedaremos	1	10
discretos	1	9
ruidosos	1	8
oponerte	1	8
corrupto	1	8
rebelde	1	7
putas	1	5
casualidad	1	10
casaré	1	6
gradúe	1	6
lava	1	4
platos	1	6
compactos	1	9
perdedor	1	8
flexible	1	8
redes	1	5
pensarán	1	8
elevando	1	8
estándares	1	10
hablen	1	6
enojas	1	6
seduzco	1	7
flexibilidad	1	12
atropellaste	1	12
resbaló	1	7
freno	1	5
asustarla	1	9
acostarte	1	9
acostada	1	8
ahorré	1	6
inútil	1	6
desheredarme	1	12
arrojarán	1	9
tuvieras	1	8
alergias	1	8
sedúcela	1	8
seducirla	1	9
filmaremos	1	10
consígueme	1	10
maltratada	1	10
novata	1	6
vea	1	3
golpeada	1	8
arreglarás	1	10
indemnización	1	13
dedicas	1	7
sentarme	1	8
desempleado	1	11
olvidaré	1	8
ocuparas	1	8
cortésmente	1	11
formalidades	1	12
abofetearle	1	11
pónganse	1	8
refrescos	1	9
desarrolles	1	11
gustes	1	6
agachas	1	7
simpatizando	1	12
enviaré	1	7
envíale	1	7
avergüenzas	1	11
mensajean	1	9
acostarse	1	9
mensajeamos	1	11
acostarnos	1	10
trajera	1	7
bancaria	1	8
lloró	1	5
mares	1	5
desconsiderada	1	14
conociendo	1	10
comprobado	1	10
arruinó	1	7
rindo	1	5
estudie	1	7
filma	1	5
actores	1	7
capturo	1	7
métete	1	6
divórciate	1	10
mandoneándome	1	13
ceo	1	3
cheongdam-dong	1	14
raramente	1	9
mensajea	1	8
gustos	1	6
parecidos	1	9
comemos	1	7
comedias	1	8
hormonas	1	8
creadas	1	7
racionalmente	1	13
naciendo	1	8
parecías	1	8
encantó	1	7
bancarrota	1	10
evitó	1	5
disfrazada	1	10
detectar	1	8
desafortunada	1	13
reírse	1	6
ríen	1	4
ricachonas	1	10
llora	1	5
rareza	1	6
expresión	1	9
pensaras	1	8
quisieras	1	9
abrazarla	1	9
tirártela	1	9
desaparecerá	1	12
incómodas	1	9
enseñarte	1	9
conductor	1	9
novato	1	6
adrenalina	1	10
sopla	1	5
velas	1	5
visual	1	6
ajj	1	3
lunar	1	5
ga	1	2
young	1	5
parecerías	1	10
actrices	1	8
divorcio	1	8
seduciendo	1	10
pidiéndome	1	10
destruirme	1	10
despiadada	1	10
dilo	1	4
acentos	1	7
adorables	1	9
endemoniadamente	1	16
enloquezco	1	10
devuélveme	1	10
enviarle	1	8
chulo	1	5
buscarme	1	8
revolver	1	8
hables	1	6
estupido	1	8
colapso	1	7
ocuparte	1	8
retire	1	6
extranjero	1	10
mandar	1	6
fiscal	1	6
hobby	1	5
pagué	1	5
caigo	1	5
acabara	1	7
himen	1	5
reparado	1	8
deberán	1	7
harán	1	5
unilateral	1	10
amándola	1	8
dejaría	1	7
grabar	1	6
comimos	1	7
criticas	1	8
comí	1	4
conseguiré	1	10
cambiando	1	9
usé	1	3
comprarlo	1	9
bastardos	1	9
levantado	1	9
almorcemos	1	10
separémonos	1	11
fideos	1	6
irónicamente	1	12
amarlos	1	7
descerebrados	1	13
cálidamente	1	11
frotando	1	8
piérdete	1	8
enojada	1	7
intercambio	1	11
fallido	1	7
sabio	1	5
fantástica	1	10
recibes	1	7
agonías	1	7
mejora	1	6
citas	1	5
inflexión	1	9
suicidan	1	8
aborto	1	6
embarazar	1	9
esperma	1	7
impulsiva	1	9
consumamos	1	10
fabricantes	1	11
salieran	1	8
olvídense	1	9
convertirán	1	11
sórdidos	1	8
patéticos	1	9
principios	1	10
tocarle	1	7
dudar	1	5
desconocida	1	11
poliéster	1	9
poliuretano	1	11
desmadras	1	9
bar	1	3
obligados	1	9
valgas	1	6
tutores	1	7
carísimos	1	9
hacerse	1	7
tuviéramos	1	10
resolver	1	8
factoreo	1	8
guion	1	5
aspirante	1	9
dibujante	1	9
escucharla	1	10
a.c	1	3
cenozoico	1	9
vaticinaron	1	11
infiltraron	1	11
insertarse	1	10
acabaron	1	8
yéndose	1	7
veían	1	5
alardeando	1	10
evolucionar	1	11
atrapó	1	6
obsesionaron	1	12
natalidad	1	9
inexistente	1	11
invadiendo	1	10
robarse	1	7
bingo	1	5
técnicamente	1	12
pidieran	1	8
intergaláctica	1	14
pitos	1	5
agresivas	1	9
estudies	1	8
serían	1	6
orinar	1	6
deprimirás	1	10
apóyate	1	7
extenuante	1	10
responderte	1	11
alégrate	1	8
cupón	1	5
mencionarlos	1	12
valioso	1	7
hueles	1	6
suavizante	1	10
pierdas	1	7
dieta	1	5
estricta	1	8
régimen	1	7
ejercicios	1	10
pechugona	1	9
amargo	1	6
tragas	1	6
adictiva	1	8
tratarla	1	8
adicta	1	6
suene	1	5
inservibles	1	11
apasione	1	8
bienestar	1	9
actitud	1	7
tiendo	1	6
engañar	1	7
crean	1	5
acabaría	1	8
quedando	1	8
considera	1	9
ponerlo	1	7
blandengue	1	10
escurra	1	7
quitármela	1	10
papito	1	6
modelaré	1	8
romperé	1	7
conozcas	1	8
lamentes	1	8
permanecido	1	11
encontrémonos	1	13
p.m	1	3
nerviosa	1	8
solitario	1	9
desquítate	1	10
maldices	1	8
suéltame	1	8
reírnos	1	7
relajarnos	1	10
sofá	1	4
escaras	1	7
limpia	1	6
alimañas	1	8
exámenes	1	8
desayunen	1	9
mudarme	1	7
voluble	1	7
mudara	1	6
hermosas	1	8
veía	1	4
estarían	1	8
hambrientos	1	11
olido	1	5
renunció	1	8
cortarlo	1	8
critican	1	8
rendirme	1	8
revuelo	1	7
ganadores	1	9
yuna	1	4
park	1	4
tae	1	3
hwan	1	4
rinden	1	6
criticados	1	10
iría	1	4
aprenderé	1	9
oficio	1	6
ganaré	1	6
lágrimas	1	8
deban	1	5
tontería	1	8
botaron	1	7
botó	1	4
patético	1	8
rompió	1	6
sírvanme	1	8
frustrante	1	10
ponerme	1	7
lloriquear	1	10
criticarían	1	11
irritantes	1	10
transformó	1	10
tirándote	1	9
jodiendo	1	8
gritas	1	6
superficiales	1	13
amenazar	1	8
destruir	1	8
debas	1	5
entregármela	1	12
competir	1	8
cancelaré	1	9
vayámonos	1	9
cinturón	1	8
taekwondo	1	9
marciales	1	9
combatiente	1	11
marina	1	6
puño	1	4
amasar	1	6
conteniendo	1	11
instintos	1	9
destrucción	1	11
invirtió	1	8
sorprendiste	1	12
destruyan	1	9
destrúyanlo	1	11
lamenté	1	7
despegué	1	8
detenerlo	1	9
prevalecieron	1	13
hazañas	1	7
olvidadas	1	9
completado	1	10
durabilidad	1	11
modelos	1	7
previos	1	7
ajustó	1	6
proponer	1	8
taza	1	4
mezclador	1	9
incorporado	1	11
continúo	1	8
dibujando	1	9
publicando	1	10
blog	1	4
goza	1	4
popularidad	1	11
propósito	1	9
aspirina	1	8
píldoras	1	8
malhumorado	1	11
obstáculo	1	9
pensó	1	5
asesinarlo	1	10
resistió	1	8
tentación	1	9
demostró	1	8
clavándolo	1	10
ahorros	1	7
invirtiendo	1	11
electrónico	1	11
uní	1	3
ocasiones	1	9
errado	1	6
rugido	1	6
reclutamiento	1	13
hammington	1	10
inscribieron	1	12
atravesar	1	9
desmayarnos	1	11
bonus	1	5
nacionalidad	1	12
amargaré	1	8
jódanse	1	7
rugientes	1	9
veintes	1	7
confesión	1	9
hacerles	1	8
acostaste	1	9
respondas	1	9
respóndele	1	10
giro	1	4
superado	1	8
fijada	1	6
sujeta	1	6
soltó	1	5
pensemos	1	8
tapicero	1	8
jean-baptiste	1	13
poquelin	1	8
cómicos	1	7
actor	1	5
tiberio	1	7
fiorelli	1	8
aka	1	3
scaramouche	1	11
accesorios	1	10
ilustre	1	7
penas	1	5
versailles	1	10
luis	1	4
xiv	1	3
despreciado	1	11
frívolos	1	8
propósitos	1	10
inspirar	1	8
armande	1	7
confidente	1	10
consuela	1	8
traiciones	1	10
entronización	1	13
argan	1	5
añadidos	1	8
colecciones	1	11
depositado	1	10
bnf	1	3
rebeldes	1	8
jerusalén	1	9
romano	1	6
hiriendo	1	8
galeras	1	7
salvador	1	8
arrius	1	6
messala	1	7
reto	1	4
oveja	1	5
principado	1	10
camarillo	1	9
repudia	1	7
estatal	1	7
irresistiblemente	1	17
perseguido	1	10
dote	1	4
arcón	1	5
negativa	1	8
impondré	1	8
pretende	1	8
secuestrar	1	10
exponga	1	7
barón	1	5
pouny	1	5
opone	1	5
rotundamente	1	12
raptaré	1	7
julius	1	6
mosntruo	1	8
espantapajaros	1	14
n.	1	2
b.	1	2
glinda	1	6
hada	1	4
toto	1	4
protector	1	9
publicado	1	9
leñador	1	7
estaño	1	6
engrasado	1	9
aprende	1	7
esmeralda	1	9
espantapájaros	1	14
efectúa	1	7
ancademi	1	8
ripeo	1	5
breves	1	6
abismo	1	6
hjalmar	1	7
davidsen	1	8
dtor	1	4
alfed	1	5
lind	1	4
vang	1	4
complacería	1	11
apeteciese	1	10
recogeré	1	8
knud	1	4
svane	1	5
rodante	1	7
funciones	1	9
rudolph	1	7
domador	1	7
floja	1	5
evelyn	1	6
fatídica	1	8
gjerlev	1	7
impresionante	1	13
función	1	7
anhelos	1	7
escapado	1	8
magda	1	5
deuda	1	5
saldada	1	7
desperdiciada	1	13
turistas	1	8
pesca	1	5
mandan	1	6
obligarme	1	9
marche	1	6
abandonarte	1	11
despedirme	1	10
cacería	1	7
soledad	1	7
nocturna	1	8
may	1	3
cortejo	1	7
concederé	1	9
atravesado	1	10
desaparezco	1	11
despejarle	1	10
barilot	1	7
po	1	2
gontrand	1	8
supiera	1	7
descubrio	1	9
queridos	1	8
ratings	1	7
disfrutado	1	10
viendolo	1	8
parecia	1	7
gumbie	1	6
esteroides	1	10
mmhm	1	4
moraleja	1	8
camarones	1	9
dire	1	4
pedo	1	4
olviden	1	7
bajenme	1	7
-existe	1	7
verguenza	1	9
rudy	1	4
all	1	3
estaciòn	1	8
oceano	1	6
valle	1	5
queee	1	5
earl	1	4
longhorn	1	8
imaginaras	1	10
acomoda	1	7
almohadas	1	9
enlazada	1	8
expones	1	7
damita	1	6
despidame	1	9
leproso	1	7
soportare	1	9
-en	1	3
vaquera	1	7
acercas	1	7
agarro	1	6
salchichita	1	11
retorcere	1	9
arrancartela	1	12
ninfomana	1	9
nooo	1	4
renunciar	1	9
basuras	1	7
complicaciones	1	14
seguiran	1	8
financiarlo	1	11
olvidalo	1	8
trabajare	1	9
-telegrama	1	10
albacea	1	7
fallecimiento	1	13
mass	1	4
recoger	1	7
afrontar	1	8
deslices	1	8
avatares	1	8
imperfecto	1	10
quejarse	1	8
mostremosle	1	11
heredado	1	8
comenzamos	1	10
velero	1	6
navegaras	1	9
sport	1	5
sunchaser	1	9
canses	1	6
navegar	1	7
regresaras	1	10
flamante	1	8
jeep	1	4
wrangler	1	8
quieria	1	7
sentaras	1	8
american	1	8
heritage	1	8
diles	1	5
alla	1	4
hacha	1	5
limite	1	6
millas	1	6
presto	1	6
chiste	1	6
costando	1	8
gasolina	1	8
autoservicio	1	12
podra	1	5
negarse	1	7
influencias	1	11
nunca"lo	1	8
hara"con	1	8
opinion	1	7
morderia	1	8
anticristo	1	10
taller	1	6
empujoncito	1	11
dañen	1	5
increìble	1	9
harìa	1	5
irreales	1	8
varada	1	6
apacible	1	8
motel	1	5
obispo	1	6
ocupa	1	5
gengivitis	1	10
hincha	1	6
masticado	1	9
tachuelas	1	9
besuquear	1	9
dice"vacante	1	12
camionero	1	9
huuughh	1	7
cambien	1	7
sabanas	1	7
maquillarte	1	11
mama	1	4
usan	1	4
saltan	1	6
saltas	1	6
pizca	1	5
comùn	1	5
waltons	1	7
raros	1	5
heavy	1	5
leei	1	4
todo­	1	5
en"the	1	6
desanime	1	8
monjas	1	6
divertirse	1	10
diversion	1	9
lineas	1	6
manejarlo	1	9
mataran	1	7
spiderman	1	9
plutonio	1	8
-este	1	5
radioactiva	1	11
bloody	1	6
servimos	1	8
licor	1	5
lupa	1	4
chupada	1	7
parecio	1	7
aùn	1	3
cortare	1	7
apuñalo	1	7
creistes	1	8
redding	1	7
pagara	1	6
ocupare	1	7
putonga	1	7
levante	1	7
arrastrandote	1	13
suguiero	1	8
sacarle	1	7
charlie	1	7
compite	1	7
-mm	1	3
conoci	1	6
realmente­	1	10
admire	1	6
dominar	1	7
aburrirte	1	9
poli­tica	1	9
aburreme	1	8
imparte	1	7
divierte	1	8
conservadores	1	13
mostrado	1	8
secuela	1	7
a.gral	1	6
violencia	1	9
exquisito	1	9
mr.talbot	1	9
obligatoria	1	11
proceder	1	8
beneficiarias	1	13
heyy	1	4
sofa	1	4
toilet	1	6
cientifico	1	10
ema	1	3
remus	1	5
oooh	1	4
apurese	1	7
difunta	1	7
morrisey	1	8
devociòn	1	8
plata	1	5
quedastes	1	9
sr.morrisey	1	11
chofer	1	6
automovil	1	9
re-forrada	1	10
grande$	1	7
billete$	1	8
caniche	1	7
menciona	1	8
debiles	1	7
cortas	1	6
sosten	1	6
volveri­a	1	9
largate	1	7
decrepito	1	9
-ohh	1	4
conducta	1	8
chocante	1	8
aparezco	1	8
schock-ean	1	10
habras	1	6
apreciar	1	8
fasidio	1	7
compartire	1	10
pero­	1	5
sentimentales	1	13
comparte	1	8
llevara	1	7
asì­	1	4
que.ohh	1	7
agradecer	1	9
donación	1	8
pajarito	1	8
creame	1	6
ansio	1	5
librarme	1	8
ohhh	1	4
bieenn	1	6
educaciòn	1	9
escuelas	1	8
repartir	1	8
pre-escolares	1	13
por­	1	4
tablas	1	6
sueltas	1	7
diri­a	1	6
demoliciòn	1	10
atraparla	1	9
soporto	1	7
perritos	1	8
matari­a	1	8
bromeaba	1	8
billetes	1	8
digame	1	6
animaria	1	8
graanndees	1	10
arreglara	1	9
interesada	1	10
venderla	1	8
maricon	1	7
suejete	1	7
ocasionarte	1	11
molestias	1	9
querrias	1	8
terminaciones	1	13
ganga	1	5
rodillas	1	8
paro	1	4
cangrejo­	1	9
jurari­a	1	8
prometiste	1	10
entres	1	6
aparecera	1	9
perdoname	1	9
pitbull	1	7
lucas	1	5
camara	1	6
conteste	1	8
pared	1	5
mortalmente	1	11
creimos	1	7
necesitarias	1	12
ayudita	1	7
arrelgar	1	8
arruinaste	1	10
ferreteri­a	1	11
voluntarios	1	11
-grandioso	1	10
tomen	1	5
martillar	1	9
pasen	1	5
randy	1	5
paño	1	4
meeker	1	6
-voy	1	4
limonada	1	8
fabulosaaaa	1	11
allì­	1	5
rodeada	1	7
ropas	1	5
raton	1	5
quisera	1	7
acercaba	1	8
diria	1	5
contorneandose	1	14
musica	1	6
varones	1	7
confisque	1	9
sujetos	1	7
inmediata	1	9
expulsion	1	9
encontrados	1	11
compania	1	8
debamos	1	7
apelativo	1	9
precaria	1	8
pulcritud	1	9
sodoma	1	6
gomorra	1	7
desean	1	6
asquerosa	1	9
suelta	1	6
sucubo	1	6
concubina	1	9
callejera	1	9
rea	1	3
barataaa	1	8
establecerse	1	12
sacarla	1	7
asunt­.callate	1	14
unanime	1	7
harold	1	6
glotter	1	7
puros	1	5
mirones	1	7
inversores	1	10
comprar­ian	1	11
liberarme	1	9
ratonera	1	8
motivado	1	8
tecnico	1	7
intimo	1	6
vean­.	1	6
hablele	1	7
enseñele	1	8
ultima	1	6
baldosa	1	7
revele	1	6
balcon	1	6
lapicera	1	8
venderas	1	8
nuca	1	4
centimetros	1	11
jodes	1	5
tribuna	1	7
ahi­	1	4
pantys	1	6
-debe	1	5
bufalo	1	6
remuevan	1	8
registros	1	9
ordenanzas	1	10
larguense	1	9
mi­o	1	4
vivire	1	6
recorri­	1	8
conspiraciòn	1	12
algo­.	1	6
lavo	1	4
arpia	1	5
contrata	1	8
chata	1	5
contrtria	1	9
paga	1	4
patos	1	5
cuack	1	5
deletrea	1	8
espectaculo	1	11
pagarte	1	7
multitud	1	8
boby	1	4
nene	1	4
arruinaras	1	10
pavos	1	5
clasicos	1	8
valija	1	6
posea	1	5
vision	1	6
convertira	1	10
busque	1	6
presentara	1	10
medianoche	1	10
peores	1	6
peli­culas	1	10
hechas	1	6
malaaa	1	6
jamal	1	5
invasion	1	8
usurpadores	1	11
eramos	1	6
permanezcamos	1	13
asesinaria	1	10
causarles	1	9
meter	1	5
horno	1	5
diganles	1	8
increi­ble	1	10
recordasen	1	10
honestas	1	8
expulsarnos	1	11
ahi­.	1	5
cuenten	1	7
esten	1	5
balde	1	5
cuento	1	6
copie	1	5
flashdance	1	10
levanto	1	7
morirse	1	7
garantizada	1	11
ovaciòn	1	7
pure	1	4
italianos	1	9
salsa	1	5
marinera	1	8
nadan	1	5
deberi­an	1	9
tirar	1	5
podrida	1	7
dobermans	1	9
finale	1	6
uuughh	1	6
habì­a	1	6
humillada	1	9
rubios	1	6
decolorados	1	11
craneo	1	6
sacare	1	6
usare	1	5
yegua	1	5
aceitoso	1	8
comision	1	8
revolcon	1	8
vengare	1	7
fumen	1	5
apariciòn	1	9
olvidenlo	1	9
-ah	1	3
sueñ	1	4
bue	1	3
proposito	1	9
ruta	1	4
conjuro	1	7
asi­.	1	5
adraka	1	6
kazorol".h	1	10
kazorol	1	7
habra	1	5
especias	1	8
proximo	1	7
estomago	1	8
chorritos	1	9
guletra	1	7
kuderam	1	7
-mmm	1	4
-solo	1	5
pequeño"algo"que	1	16
permiteme	1	9
muchisimas	1	10
apetito	1	7
menu	1	4
aprendiste	1	10
seguia	1	6
baba	1	4
abras	1	5
baul	1	4
porquerias	1	10
sali	1	4
-adelante	1	9
protecciòn	1	10
extraordinaria	1	14
desafiado	1	9
ti­o	1	4
intentado	1	9
dominarla	1	9
confiado	1	8
corman	1	6
brujas	1	6
proteje	1	7
sobretodo	1	9
apartalo	1	8
macabro	1	7
crei	1	4
apuñala	1	7
encontraba	1	10
oiste	1	5
matandome	1	9
presentadora	1	12
desciendo	1	9
metafisica	1	10
profundizar	1	11
espera­	1	7
pasera	1	6
floctum	1	7
kezrah	1	6
flome	1	5
equivocarme	1	11
exito	1	5
podiamos	1	8
orgullosos	1	10
portan	1	6
recordaba	1	9
melody	1	6
tic	1	3
tac	1	3
diste	1	5
susto	1	5
destapen	1	8
olla	1	4
necesitaran	1	11
probe	1	5
estofado	1	8
estropee	1	8
suplante	1	8
jamon	1	5
ouu	1	3
risueña	1	7
celo	1	4
machote	1	7
-jaa	1	4
plato	1	5
aprendistes	1	11
atrapare	1	8
matare	1	6
escotado	1	8
ataco	1	5
escape	1	6
acabari­as	1	10
mecanico	1	8
saldras	1	7
sadico	1	6
maniaco	1	7
demando	1	7
destituya	1	9
pervertido	1	10
ayudenme	1	8
untaba	1	6
lamìa­	1	6
lanzarla	1	8
montada	1	7
reno	1	4
satisfactoria	1	13
soluciòn	1	8
remonta	1	7
juicios	1	7
salem	1	5
prohibe	1	7
cito	1	4
antiguas	1	8
hechicerì­a	1	11
demonologìa	1	11
alquimìa	1	8
conjuraciòn	1	11
olvidastes	1	10
metistes	1	8
sabri­as	1	8
meteria	1	7
alo	1	3
consegui­	1	9
estara	1	6
sere	1	4
sacarme	1	7
traelo	1	6
escondi­	1	8
tabla	1	5
living	1	6
muevanse	1	8
barbacoa	1	8
wooow	1	5
acido	1	5
-he	1	3
salvarte	1	8
mi­a	1	4
razonar	1	7
inmunda	1	7
sabendo	1	7
cremosa	1	7
quemara	1	7
rostizara	1	9
-gracias	1	8
fumas	1	5
creerme	1	7
ulltima	1	7
investido	1	9
soberano	1	8
pronunciare	1	11
sheriff	1	7
arde	1	4
enciende	1	8
deberi­amos	1	11
quemate	1	7
envi­en	1	7
aaaaa	1	5
diablito	1	8
obligues	1	8
amuleto	1	7
destruire	1	9
detenerme	1	9
supuse	1	6
vali­a	1	6
dueleee	1	7
pendiente	1	9
negociar	1	8
-cool	1	5
bro	1	3
-"te	1	4
moriras	1	7
poliza	1	6
demoniacos	1	10
vueven	1	6
desearia	1	8
fruta	1	5
plastico	1	8
pudro	1	5
linchamiento	1	12
-calmense	1	9
calmense	1	8
queriamos	1	9
habìa	1	5
tocado	1	6
habitacion	1	10
cucaracha	1	9
rodando	1	7
todavia	1	7
pagarle	1	7
arreglaremos	1	12
guardes	1	7
heredera	1	8
fantastico	1	10
enorgullece	1	11
soñe	1	4
chaaance	1	8
disculpen	1	9
deleito	1	7
cancioncita	1	11
comunica	1	8
cometa	1	6
escapadas	1	9
vestidos	1	8
ocurrente	1	9
apañármelas	1	11
directores	1	10
intérpretes	1	11
phillips	1	8
smalley	1	7
primaveral	1	10
bendicen	1	8
nupciales	1	9
seducción	1	9
recorre	1	7
ambición	1	8
invierno	1	8
olvidada	1	8
consciencia	1	11
lúgubre	1	7
olvidando	1	9
aliviar	1	7
últimos	1	7
desafortunado	1	13
público	1	7
sensaciones	1	11
audacia	1	7
suplemento	1	10
entrevista	1	10
rogamos	1	7
atentamente	1	11
redacción	1	9
acompañarlo	1	11
equipamiento	1	12
infinitamente	1	13
hangar	1	6
delatoras	1	9
huellas	1	7
telegrama	1	9
mandarnos	1	9
columnas	1	8
inauguración	1	12
participará	1	11
concurso	1	8
acompañarle	1	11
despegado	1	9
acompañaba	1	10
volveremos	1	10
engañe	1	6
agradezco	1	9
turbar	1	6
destinado	1	9
severo	1	6
törless	1	7
ocaso	1	5
dux	1	3
pentella	1	8
slavonia	1	8
puñalada	1	8
engañada	1	8
dogo	1	4
camarera	1	8
eslavonia	1	9
cabellos	1	8
brujería	1	8
punzada	1	7
banquero	1	8
jarvis	1	6
verle	1	5
populacho	1	9
vinos	1	5
madurez	1	7
disgusto	1	8
llano	1	5
darnat	1	6
traba	1	5
odia	1	4
acusarle	1	8
distinguir	1	10
hja	1	3
mister	1	6
congratularme	1	13
inminente	1	9
mancha	1	6
llevadlo	1	8
gusano	1	6
alexandre	1	9
torbellino	1	10
vos	1	3
podéis	1	6
salvarme	1	8
gabelle	1	7
turba	1	5
retorno	1	7
jubilosa	1	8
portazo	1	7
odiado	1	6
manuscrito	1	10
denuncio	1	8
evremond	1	8
confiando	1	9
semejanza	1	9
cuestion	1	8
sandwíches	1	10
comio	1	5
perdio	1	6
acompañe	1	8
rehuzo	1	6
sacarmela	1	9
tenerte	1	7
tolera	1	6
lloras	1	6
comportense	1	11
conseguistes	1	12
regalas	1	7
motocicleta	1	11
-los	1	4
-éstamos	1	8
adelanaron	1	10
radar	1	5
instalarnos	1	11
posesion	1	8
televisor	1	9
ordenar	1	7
correten	1	8
rockefeller	1	11
encontrastes	1	12
-sigues	1	7
fumo	1	4
háce	1	4
anos	1	4
cobran	1	6
alejen	1	6
opinas	1	6
explorar	1	8
vamonos	1	7
espiandome	1	10
hijito	1	6
bonito	1	6
própria	1	7
organizado	1	10
apreciaria	1	10
ayudases	1	8
-odio	1	5
-huele	1	6
cigarros	1	8
-és	1	3
fuma	1	4
-¿estás	1	7
óptimo	1	6
corazoncito	1	11
fabrica	1	7
apagan	1	6
és	1	2
perdistes	1	9
rádio	1	5
pedi	1	4
fumes	1	5
cuestan	1	7
fabrico	1	7
disculpame	1	10
mechero	1	7
podia	1	5
usarlo	1	6
olvide	1	6
united	1	6
dynamics	1	8
midland	1	7
insistes	1	8
culparte	1	8
gral.de	1	7
cuidadosamente	1	14
lograron	1	8
lograstes	1	9
crisis	1	6
prestamo	1	8
devolveras	1	10
pagaras	1	7
decimo	1	6
podras	1	6
-eres	1	5
-apartate	1	9
-se	1	3
lastimo	1	7
-estas	1	6
nósotros	1	8
ocuparemos	1	10
-estabas	1	8
-por	1	4
soñando	1	7
santo	1	5
-fue	1	4
remplazar	1	9
mudarnos	1	8
revisare	1	8
enchufes	1	8
obviamente	1	10
conseguira	1	10
dormiras	1	8
tendria	1	7
dormira	1	7
tocara	1	6
muestro	1	7
estucturales	1	12
arreglarlo	1	10
re	1	2
barnizarla	1	10
acostumbra	1	10
famiiar	1	7
atraparia	1	9
comerlo	1	7
-juro	1	5
gritaba	1	7
golpeo	1	6
molestando	1	10
valga	1	5
pesadilla	1	9
termino	1	7
repetire	1	8
afectar	1	7
comporten	1	9
aparezcan	1	9
inventando	1	10
histórias	1	9
aca	1	3
-cariño	1	7
motivos	1	7
duermes	1	7
amamos	1	6
dificultades	1	12
recodar	1	7
fingues	1	7
jennfer	1	7
esconderas	1	10
tuvistes	1	8
ridiculo	1	8
veia	1	4
espiando	1	8
poque	1	5
-jennifer	1	9
-estaba	1	7
soñaste	1	7
discutiste	1	10
clínicas	1	8
exageras	1	8
empezando	1	9
durmio	1	6
preescripcion	1	13
prescriben	1	10
levantese	1	9
guinevere	1	9
camelot	1	7
sir	1	3
extrañan	1	8
importo	1	7
odiaron	1	7
decian	1	6
asegure	1	7
averiguan	1	9
clinica	1	7
presion	1	7
tension	1	7
soportar	1	8
primeiro	1	8
pensaran	1	8
intentaran	1	10
espiandonos	1	11
atraparte	1	9
espian	1	6
espia	1	5
encargarnos	1	11
caerse	1	6
cucheta	1	7
debio	1	5
armarla	1	7
culpar	1	6
armareros	1	9
enterara	1	8
regresare	1	9
-¿que	1	5
-nada	1	5
-esto	1	5
-tienes	1	7
-¿estuvieron	1	12
golpeandose	1	11
construyo	1	9
dieran	1	6
-¿mamá	1	6
area	1	4
pequeno	1	7
whiterman	1	9
jugaban	1	7
alejo	1	5
merienda	1	8
habian	1	6
noto	1	4
ausencia	1	8
barrin	1	6
chuck	1	5
iverson	1	7
presentadores	1	13
noticieros	1	10
subes	1	5
desastrosa	1	10
técnico	1	7
adaptador	1	9
impedancia	1	10
cruzo	1	5
distinga	1	8
ente	1	4
pomada	1	6
lustrar	1	7
botas	1	5
preparando	1	10
martínis	1	8
brandy	1	6
cointreau	1	9
limon	1	5
martini	1	7
relajandome	1	11
quero	1	5
decision	1	8
pasaba	1	6
presionandome	1	13
aguafiestas	1	11
-ella	1	5
arruinara	1	9
interponga	1	10
librarnos	1	9
recaída	1	7
calmese	1	7
reaccionando	1	12
respondiendo	1	12
checkea	1	7
pedales	1	7
-calma	1	6
piola	1	5
rota	1	4
metiendote	1	10
-ed	1	3
fingas	1	6
tristeza	1	8
lagartos	1	8
intentaria	1	10
iguana	1	6
moviendo	1	8
terrario	1	8
querria	1	7
baboso	1	6
-errastes	1	9
notaron	1	7
oirte	1	5
jungla	1	6
sucederte	1	9
ayudare	1	7
preocuparnos	1	12
ayudo	1	5
nome	1	4
alaska	1	6
vendio	1	6
adorar	1	6
defensas	1	8
brisbane	1	8
-austrália	1	10
-muy	1	4
rogue	1	5
implore	1	7
museos	1	6
acercate	1	8
psicologia	1	10
logico	1	6
caificarian	1	11
imbeciles	1	9
recien	1	6
comenzo	1	7
conto	1	5
creei	1	5
probalemente	1	12
haberla	1	7
soñandolo	1	9
volvio	1	6
sandwiches	1	10
atun	1	4
-estan	1	6
heladera	1	8
quieran	1	7
sujetalo	1	8
borde	1	5
agarrarlo	1	9
sostenlo	1	8
tiralo	1	6
curva	1	5
vendra	1	6
tratare	1	7
mantenlo	1	8
apretado	1	8
lanzamelo	1	9
-papá	1	5
-gran	1	5
tocase	1	6
impidieron	1	10
pertence	1	8
entrara	1	7
bendijo	1	7
creanlo	1	7
atarse	1	6
ahogarse	1	8
subiera	1	7
culpandote	1	10
culpandome	1	10
siempr	1	6
estuvistes	1	10
boba	1	4
supere	1	6
mantenerte	1	10
dificil	1	7
morira	1	6
comprara	1	8
subia	1	5
comprarle	1	9
frisbee	1	7
tomes	1	5
én	1	2
derrumba	1	8
aguanto	1	7
pasandote	1	9
agarrando	1	9
lloriqueos	1	10
apoyarte	1	8
funerales	1	9
donar	1	5
dejastes	1	8
mirandome	1	9
empaca	1	6
camisetas	1	9
cohete	1	6
espacial	1	8
mordido	1	7
encontre	1	8
horríbles	1	9
hinchada	1	8
emociones	1	9
rubor	1	5
tragedias	1	9
venderemos	1	10
buscaremos	1	10
venta	1	5
leeistes	1	8
comics	1	6
astroman	1	8
querias	1	7
podriamos	1	9
lean	1	4
venderan	1	8
mudar	1	5
quedaran	1	8
estaras	1	7
pondran	1	7
ire	1	3
encierran	1	9
cuadros	1	7
atan	1	4
pinchan	1	7
agujas	1	6
decirle	1	7
arrepentida	1	11
permitido	1	9
hablarles	1	9
debieron	1	8
costado	1	7
representan	1	11
solida	1	6
entiendan	1	9
estress	1	7
suguiere	1	8
apoyo	1	5
atravezado	1	10
aviones	1	7
caen	1	4
hoteles	1	7
famílias	1	8
enteras	1	7
desarmadas	1	10
-terremotos	1	11
considero	1	9
reservar	1	8
consulta	1	8
causar	1	6
maneja	1	6
traerla	1	7
dejala	1	6
-pizza	1	6
buscarla	1	8
suongo	1	6
merece	1	6
crudos	1	6
volvi	1	5
deshaces	1	8
chispa	1	6
secarme	1	7
llevaras	1	8
electricidad	1	12
asustastes	1	10
cortar	1	6
ok.pero	1	7
afilado	1	7
bañandose	1	9
quemo	1	5
fusible	1	7
respondan	1	9
polícia	1	7
regulaciónes	1	12
inyecciones	1	11
policia	1	7
confirmar	1	9
cayo	1	4
bañera	1	6
mentalmente	1	11
trastornada	1	11
diagnosticada	1	13
dr.robert	1	9
edmund	1	6
pais	1	4
dra.samuels	1	11
psicologo	1	9
recomendar	1	10
terapia	1	7
medicaciónes	1	12
internación	1	11
sufria	1	6
depresión	1	9
acostumbraba	1	12
encerrarse	1	10
comia	1	5
doctores	1	8
melancolia	1	10
hereditario	1	11
predispocición	1	14
deprersion	1	10
acoholismo	1	10
hereda	1	6
desencadenarlo	1	14
torno	1	5
convirtio	1	9
dirigio	1	7
incendio	1	8
samuel	1	6
preguntarle	1	11
dirigue	1	7
dirija	1	6
miembro	1	7
dejeme	1	6
agora	1	5
também	1	6
recuperarse	1	11
nuego	1	5
ayudara	1	7
acordarte	1	9
aquella	1	7
tomaron	1	7
-¡solo	1	6
olvidaremos	1	11
-todos	1	6
despidanse	1	10
queridita	1	9
perla	1	5
conseguire	1	10
bastara	1	7
entren	1	6
-te	1	3
muñequita	1	9
discuten	1	8
acelere	1	7
quedemos	1	8
rechazastes	1	11
hubieramos	1	10
habria	1	6
-¿donde	1	7
choque	1	6
chequeaba	1	9
traigo	1	6
veinticuatro	1	12
inmortalización	1	15
asombrosos	1	10
ingenio	1	7
vislumbra	1	9
cima	1	4
resplandeciente	1	15
ambiciona	1	9
obstaculizan	1	12
perfección	1	10
desciende	1	9
devoto	1	6
ruega	1	5
adentras	1	8
desgracias	1	10
franqueas	1	9
erraras	1	7
abandonados	1	11
carón	1	5
arrastra	1	8
desdicha	1	8
persiga	1	7
ilusionen	1	9
resiste	1	7
tranquiliza	1	11
expulsados	1	10
tribu	1	5
goce	1	4
perdurable	1	10
inocentes	1	9
ciencias	1	8
turbulentos	1	11
soplos	1	6
cartagio	1	8
rimin	1	5
lanceloto	1	9
apasionado	1	10
hallábamos	1	10
desfallecido	1	12
vigilado	1	8
plutón	1	6
vigilando	1	9
posee	1	5
lastimarle	1	10
rodar	1	5
agarráis	1	8
responden,"¿porqué	1	18
soltáis	1	7
dis	1	3
flegias	1	7
traslada	1	8
golpearle	1	9
obstruido	1	9
malignos	1	8
impiden	1	7
furias	1	6
conviertan	1	10
granito	1	7
enterradas	1	10
limo	1	4
heréticos	1	9
ardiente	1	8
fulminados	1	10
denuncia	1	8
lomo	1	4
geryon	1	6
semblante	1	9
reputado	1	8
herético	1	8
arranque	1	8
ramita	1	6
fluye	1	5
encarcelado	1	11
acusaron	1	8
castigaron	1	10
robándole	1	9
vendas	1	6
sucias	1	6
acribillan	1	10
confinadas	1	10
desperdiciado	1	13
negras	1	6
brincan	1	7
aduladores	1	10
pervertidos	1	11
intentan	1	8
embaucadores	1	12
suela	1	5
apropiaron	1	10
descuartizar	1	12
logra	1	5
distraerles	1	11
capturarle	1	10
entran	1	6
alcanzarles	1	11
otorga	1	6
resplandecen	1	12
doradas	1	7
repara	1	6
caifas	1	6
proseguirán	1	11
muerden	1	7
dirige	1	6
enrosca	1	7
corruptos	1	9
custodios	1	9
viles	1	5
concejales	1	10
retorcidos	1	10
envueltos	1	9
avista	1	6
diomedes	1	8
disensión	1	9
descuartizados	1	14
desgarrado	1	10
defraudadores	1	13
inicia	1	6
reprende	1	8
riña	1	4
nimrod	1	6
jove	1	4
recoge	1	6
palma	1	5
deposita	1	8
dándose	1	7
cabezadas	1	9
avistar	1	7
royendo	1	7
ruggieri	1	8
mandíbula	1	9
disputa	1	7
piza	1	4
sobreviviente	1	13
fraile	1	6
albengo	1	7
simulando	1	9
invitó	1	6
cruel	1	5
extremos	1	8
contemplar	1	10
bine	1	4
monika	1	6
eye	1	3
tdi	1	3
salvatore	1	9
anzelmo	1	7
arturo	1	6
pirovano	1	8
atilio	1	6
motta	1	5
augusto	1	7
milla	1	5
emilise	1	7
beretta	1	7
emilio	1	6
roncarolo	1	9
sandro	1	6
properzi	1	8
biblioteca	1	10
congreso	1	8
adolfo	1	6
padovan	1	7
compuesta	1	9
interpretada	1	12
tangerine	1	9
dream	1	5
jerome	1	6
nápoles	1	7
mercadante	1	10
inmortalizarla	1	14
devino	1	6
obras	1	5
estupendas	1	10
cumbre	1	6
iluminado	1	9
empeña	1	6
impedido	1	8
maculosa	1	8
rabioso	1	7
soberbia	1	8
raquítica	1	9
paraíso	1	7
digno	1	5
alabanzas	1	9
liberándolo	1	11
portales	1	8
sufren	1	6
quebranto	1	9
entráis	1	7
renunciad	1	9
transporta	1	10
infortunio	1	10
abrumado	1	8
avanzan	1	7
saludar	1	7
habitado	1	8
intachables	1	11
comparece	1	9
soplados	1	8
giran	1	5
tempestuosas	1	12
ráfagas	1	7
furiosamente	1	12
cartago	1	7
emocionados	1	11
amores	1	6
rinde	1	5
desmayarme	1	10
can	1	3
cerbero	1	7
celebre	1	7
giaccio	1	7
indaga	1	6
culpas	1	6
profundas	1	9
bajos	1	5
pluto	1	5
carece	1	6
lastimarlo	1	10
mover	1	5
coges	1	5
responden	1	9
desperdicias	1	12
señas	1	5
phleguyas	1	9
golpearlo	1	9
bloqueada	1	9
muchedumbre	1	11
previenen	1	9
iras	1	4
colocar	1	7
derriben	1	8
laguna	1	6
estigia	1	7
vencer	1	6
cólera	1	6
ancladas	1	8
herejes	1	7
golpeados	1	9
eternamente	1	11
anunciado	1	9
gerion	1	6
hereje	1	6
transformados	1	13
pode	1	4
rama	1	4
chorrea	1	7
privación	1	9
violentamente	1	13
vendaje	1	7
lanzan	1	6
devorar	1	7
encarceladas	1	12
malgastado	1	10
tangas	1	6
cuero	1	5
golpe	1	5
suciedad	1	8
lisonjeros	1	10
disolutos	1	9
sumergen	1	8
bañarse	1	7
simoniacos	1	10
vendían	1	7
atormentados	1	12
intensidad	1	10
plantas	1	7
vigilan	1	7
apropiado	1	9
ajenas	1	6
despedazarlo	1	12
saltando	1	8
recapturarlo	1	12
vuelan	1	6
perseguirles	1	12
abandonarlo	1	11
obligan	1	7
caifás	1	6
ansioso	1	7
instado	1	7
contarán	1	8
mordidos	1	8
enrolla	1	7
guardianes	1	10
desleales	1	9
arropados	1	9
ardientes	1	9
diómedes	1	8
mutilados	1	9
lacerado	1	8
simuladores	1	11
insanos	1	7
airadamente	1	11
reprendido	1	10
discusiones	1	11
nemrod	1	6
mezclar	1	7
júpiter	1	7
requerido	1	9
lleve	1	5
palmas	1	6
sitúa	1	5
traicionado	1	11
cornean	1	7
patria	1	6
roe	1	3
rugieri	1	7
mandíbulas	1	10
levantan	1	8
morían	1	6
pisa	1	4
fallecer	1	8
frai	1	4
alberigo	1	8
enemistado	1	10
reconciliado	1	12
cruelmente	1	10
brutus	1	6
abandonan	1	9
contemplan	1	10
altísimo	1	8
santasangre	1	11
xele	1	4
rushdie	1	7
apetece	1	7
quédense	1	8
preben	1	6
once	1	4
confesar	1	8
rodó	1	4
neubabelsberg	1	13
fragmento	1	9
notables	1	8
descomposición	1	14
reconstrucción	1	14
filmmuseum	1	10
munich	1	6
productora	1	10
álbum	1	5
fijas	1	5
notificación	1	12
censura	1	7
coloración	1	10
inspirándose	1	12
mímico	1	6
oskar	1	5
fuchs	1	5
fritz	1	5
weidemann	1	9
grabación	1	9
projektions	1	11
sienta	1	6
unto	1	4
chimenea	1	8
asegura	1	7
apuros	1	6
financieros	1	11
cobrarle	1	8
pierrot	1	7
aprobar	1	7
concertista	1	11
ensayos	1	7
repleto	1	7
camerino	1	8
felicitada	1	10
felicita	1	8
desconfía	1	9
aclara	1	6
oriente	1	7
homenajes	1	9
entusiastas	1	11
bis	1	3
sanatorio	1	9
recuperación	1	12
ilustrada	1	9
mundialmente	1	12
aprisionado	1	11
encadenado	1	10
exige	1	5
llévele	1	7
frialdad	1	8
amigable	1	8
cuerdas	1	7
contándolas	1	11
clava	1	5
voluptuosidad	1	13
rasgo	1	5
abrumador	1	9
descubren	1	9
instintivamente	1	15
saluda	1	6
boato	1	5
estulticia	1	10
extendieron	1	11
matriarcado	1	11
cuidaban	1	8
hirió	1	5
levemente	1	9
desgraciado	1	11
arrojado	1	8
diversiones	1	11
fastuoso	1	8
horrorizados	1	12
invitados	1	9
huyeron	1	7
precipitaron	1	12
pasillos	1	8
terror	1	6
recibió	1	7
merecida	1	8
pretorianos	1	11
asaltaron	1	9
feuillade	1	9
fernand	1	7
herrmann	1	8
libertino	1	9
preside	1	7
debates	1	7
senado	1	6
delibera	1	8
moda	1	4
aseo	1	4
arañado	1	7
suplicio	1	8
espantosos	1	10
rugidos	1	7
deciden	1	7
libertinaje	1	11
temblaban	1	9
pretoriana	1	10
sardanápalo	1	11
alojada	1	7
rasmussen	1	9
envío	1	5
prohibidos	1	10
zoológico	1	9
e.	1	2
continuará	1	10
inútilmente	1	11
varietés	1	8
queriendo	1	9
internado	1	9
cónsul	1	6
braun	1	5
pista	1	5
oficinista	1	10
recientemente	1	13
kr	1	2
recadero	1	8
desplazado	1	10
reclusos	1	8
excarcelados	1	12
américa	1	7
judicial	1	8
establecimientos	1	16
contratan	1	9
hipnótico	1	9
rodará	1	6
adyacentes	1	10
prestación	1	10
recibirá	1	8
entregada	1	9
buttes-chaumont	1	15
ficticio	1	8
auguste	1	7
landret	1	7
cinematográficas	1	16
xix	1	3
señalado	1	8
numerosos	1	9
casos	1	5
individuos	1	10
cometen	1	7
marchan	1	7
atentan	1	7
renuevo	1	7
recomendaciones	1	15
firmeza	1	7
castigos	1	8
duros	1	5
falsos	1	6
prefecto	1	8
esparta	1	7
embajador	1	9
favorecido	1	10
venus	1	5
criado	1	6
injuria	1	7
declaran	1	8
repelen	1	7
asalto	1	6
fingen	1	6
madera	1	6
supuestamente	1	13
dedicado	1	8
protejan	1	8
definitiva	1	10
meten	1	5
griego	1	6
obseva	1	6
estratagema	1	11
obliga	1	6
flota	1	5
griega	1	6
anclada	1	7
desembocadura	1	13
janto	1	5
guerreros	1	9
escondidos	1	10
prenden	1	7
desmantelada	1	12
asaltan	1	7
d.	1	2
j.	1	2
bougival	1	8
obal	1	4
yvonne	1	6
rob	1	3
valberg	1	7
vujrat	1	6
emil	1	4
albes	1	5
presentarla	1	11
honorable	1	9
patriotismo	1	11
gustarle	1	8
perfumados	1	10
desdeñado	1	9
seductora	1	9
recurso	1	7
bala	1	4
cortometraje	1	12
cinematecas	1	11
italianas	1	9
promocionar	1	11
acervo	1	6
proveniente	1	11
ambrosio	1	8
milán	1	5
morte	1	5
restaurado	1	10
longitud	1	8
italiano	1	8
negativo	1	8
preservado	1	10
gemona	1	6
recorrido	1	9
relojes	1	7
deshonor	1	8
puedo--	1	7
levántalo	1	9
colaborar	1	9
activistas	1	10
anti-corporativos	1	17
ellos--	1	7
criticara	1	9
empezaba	1	8
postularse	1	10
resultó	1	7
gobernador	1	10
ambientalista	1	13
estudiamos	1	10
historial	1	9
desmanteló	1	10
puro	1	4
burlarnos	1	9
creando	1	7
parodie	1	7
clave	1	5
rótulo--	1	8
capitolio	1	9
señalando	1	9
enojó	1	5
paralizarnos	1	12
instándonos	1	11
desistiéramos	1	13
elevó	1	5
federal	1	7
amenazas	1	8
mandarlas	1	9
publicaron	1	10
sitios	1	6
frernen	1	7
cocaína	1	7
límites--tiene	1	14
gatt	1	4
aranceles	1	9
predecesor	1	10
sede	1	4
suiza	1	5
conglomeración	1	14
moore	1	5
cineasta	1	8
reúune	1	6
comprará	1	8
venderá	1	7
exploten	1	8
vuelvan	1	7
eso--hasta	1	10
disertara	1	9
diego	1	5
mudó	1	4
dedica	1	6
caracterización	1	15
profesionalmente	1	16
imagine	1	7
recurrir	1	8
correo	1	6
sí--no	1	6
de--no	1	6
moderno	1	7
calabozos	1	9
usaría	1	6
use	1	3
innovador	1	9
central	1	7
emerger	1	7
falo	1	4
inflable	1	8
explotadoras	1	12
motivo	1	6
invitan	1	7
critica	1	7
contestar	1	9
invitaciones	1	12
organizaciones	1	14
cuasi-oficiales	1	15
pidiéndonos	1	11
asistamos	1	9
respondemos	1	11
quieren--	1	9
omc---	1	6
imitarlos	1	9
explote	1	7
representante--el	1	17
andreas	1	7
centró	1	6
costumbres	1	10
españa	1	6
permitirle	1	10
probando	1	8
optimizar	1	9
ineficiencia	1	12
votante	1	7
foro	1	4
ofrezca	1	7
sacaría	1	7
abucheos	1	8
terminara	1	9
impostor	1	8
reaccionaría	1	12
hacerla	1	7
legible	1	7
baton	1	5
rouge	1	5
louisiana	1	9
cyber	1	5
salí	1	4
progresivamente	1	15
reducciones	1	11
estructuras	1	11
corporativas	1	12
discutan	1	8
laborales	1	9
surgiendo	1	9
afueras	1	7
tro	1	3
mudé	1	4
troy	1	4
politécnico	1	11
rensselaer	1	10
enseño	1	6
volvía	1	6
fuera--	1	7
tácticos	1	8
video--	1	7
conocíamos	1	10
sugirieron	1	10
ponernos	1	8
habíamos	1	8
proyectos	1	9
similares	1	9
maxis	1	5
simcity	1	7
encargaba	1	9
personitas	1	10
corren	1	6
úunica	1	6
diseñé	1	6
besarse	1	7
video-juego	1	11
prestara	1	8
video-juegos	1	12
perfil	1	6
machista	1	8
musculosos	1	10
informático--	1	13
informático	1	11
barbies	1	7
cobra	1	5
arsenal	1	7
mienten	1	7
devolvieran	1	11
góndolas	1	8
marco	1	5
devolución	1	10
radicales	1	9
recibieron	1	10
sorprendían	1	11
esperaban	1	9
circulamos	1	10
comunicaciones	1	14
difundido	1	9
imaginables	1	11
barbie--la	1	10
cantemos	1	8
estamos--con	1	12
convocando	1	10
corrección	1	10
ldentidad	1	9
cosas--	1	7
honestidad	1	10
ocultan	1	7
tenebroso	1	9
perjudican	1	10
corregir	1	8
identidades	1	11
apuntamos	1	9
robamos	1	7
honestos	1	8
honesta	1	7
respecta	1	8
raíces	1	6
espectáculos	1	12
púublicos	1	9
poética	1	7
empecé	1	6
interrupciones	1	14
recta	1	5
finlandés	1	9
mundiales	1	9
acuerdan	1	8
a.m	1	3
turnos	1	6
continuos	1	9
diapositivas	1	12
franco	1	6
debatiendo	1	10
inventó	1	7
debatiera	1	9
propuesta	1	9
encarar	1	7
seriedad	1	8
concentrados	1	12
cifras	1	6
plazo	1	5
reduce	1	6
darwin	1	6
basan	1	5
trotsky	1	7
robespierre	1	11
privadas--	1	10
concentración	1	13
privado--	1	9
opine	1	5
argumentos	1	10
simplistas	1	10
resultan	1	8
ofensivos	1	9
muchísimos	1	10
granwyth--	1	10
perdón--sobre	1	13
sencilla	1	8
observamos	1	10
visiones	1	8
avaladas	1	8
poderosas--veremos	1	18
coinciden	1	9
es--lo	1	6
poderosas	1	9
proponen	1	8
instituciones	1	13
poderosa	1	8
cuestionando	1	12
amplio	1	6
génova	1	6
seattle	1	7
representativas	1	15
punta	1	5
término	1	7
manifestaciones	1	15
millón	1	6
imponen	1	7
fmi	1	3
implementa	1	10
vernon	1	6
ellis	1	5
sección	1	7
formal	1	6
poco--	1	6
fue--	1	5
calmar	1	6
gente--	1	7
betúun	1	6
podadora	1	8
pruébalo	1	8
apurarse	1	8
duermas	1	7
diviértanse	1	11
múudate	1	7
diviertas	1	9
disertante--hank	1	16
ubicado	1	7
tazas	1	5
armé	1	4
mapas	1	5
actualizada	1	11
roncar	1	6
encendía	1	8
folletos	1	8
--no	1	4
que--empezamos	1	14
tres--	1	6
sí--bueno	1	9
registró	1	8
trabajamos	1	10
ocuparnos	1	9
incluido	1	8
apurarnos	1	9
acompaño	1	8
ingresar	1	8
encargarse	1	10
queda--nos	1	10
quedaba	1	7
tomará	1	6
dígales	1	7
jesúus	1	6
elige	1	5
estupidez--no	1	13
camisa--la	1	10
testículos	1	10
cuelgan	1	7
esquema	1	7
usos	1	4
horaria	1	7
convenció	1	9
levantamos	1	10
funcionaba	1	10
empezara	1	8
hablaron	1	8
agrado	1	6
complace	1	8
presentarles	1	12
orador	1	6
unruhm	1	6
crió	1	4
montopolis	1	10
ganadera	1	8
temprana	1	8
incentivó	1	9
duradero	1	8
incorporó	1	9
variedad	1	8
audiencias	1	10
actualmente	1	11
destacados	1	10
rostros	1	7
ansiedad	1	8
dólares	1	7
mostraré	1	8
gerenciales	1	11
uno--mantener	1	13
alejada	1	7
dos--tener	1	10
saludable	1	9
apropiada	1	9
develar	1	7
estadounidense--al	1	18
cantidades	1	10
desperdiciaron--	1	16
finanzas	1	8
beneficiar	1	10
limpiadora	1	10
algodón--	1	9
pre-industrial	1	14
origen	1	6
textil	1	6
--adivinaron--	1	14
apologistas	1	11
fallas	1	6
perfiló	1	7
abolicionista	1	13
caben	1	5
librados	1	8
reemplazado	1	11
acompáñenme	1	11
albert	1	6
einstein	1	8
llamaba	1	7
pensamiento	1	11
supongamos	1	10
prohibió	1	8
existían	1	8
costaría	1	8
comidas	1	7
cuentan	1	7
costo	1	5
aumentaría	1	10
vigentes	1	8
disponible	1	10
alojamiento	1	11
emplear	1	7
pérdidas	1	8
potenciales	1	11
huidas	1	6
limitan	1	7
rudimentario	1	12
trabajador	1	10
esclavos--trabajadores--	1	24
permanecer	1	10
hábitat	1	7
adaptarse	1	9
factores	1	8
desagradables	1	13
racismo	1	7
mental	1	6
resolviera	1	10
impuestos	1	9
proteccionistas	1	15
forzar	1	6
cometió	1	7
injusticia	1	10
quitó	1	5
espoo	1	5
rangoon	1	7
estonia	1	7
asegurarse	1	10
corresponde	1	11
mostrarles	1	10
prototipo	1	9
permita	1	7
total--	1	7
es--los	1	7
vez--	1	5
cómodos	1	7
actividad	1	9
deportiva	1	9
deportivo--	1	11
sumamente	1	9
garanticé	1	9
describirles	1	12
características	1	15
a.v.e.--	1	8
apéndice	1	8
desplegable	1	11
montado	1	7
cadera	1	6
operación	1	9
informan	1	8
físico	1	6
transmiten	1	10
visualmente	1	11
directo	1	7
sensores	1	8
corporales	1	10
posteriores	1	11
anteriores	1	10
chips	1	5
transmisores	1	12
implantan	1	9
humanamente	1	11
tgd	1	3
libre--o	1	8
verdad--	1	8
constante	1	9
revertir	1	8
tendencia	1	9
físicamente	1	11
sienten	1	7
conclusión	1	10
ciencia	1	7
ficción	1	7
autopistas	1	10
horizontes	1	10
encanto	1	7
mutuo	1	5
posteridad	1	10
contento	1	8
demostraciones	1	14
reaccionara	1	11
tragara	1	7
omc--yo--puede	1	14
educado	1	7
desarrollado	1	12
finlandia--	1	11
doctorados	1	10
avanzados--	1	11
ocurrir	1	7
colmo	1	5
unruh--	1	7
sentarse	1	8
mobutu	1	6
oblongatu	1	9
reunirnos	1	9
manduka	1	7
djubango	1	8
contexto	1	8
ocurría	1	7
página--	1	8
descubrir--	1	11
seminario	1	9
impulsos	1	8
página	1	6
visité	1	6
mexicana	1	8
mediados	1	8
maquiladoras	1	12
firmaron	1	8
grandiosas	1	10
manejaría	1	9
relucientes	1	11
esta--	1	6
quince	1	6
obreros	1	7
cruza	1	5
mismas	1	6
atroces	1	7
beneficia	1	9
benefician	1	10
volvieron	1	9
récord--	1	8
récord	1	6
estafa	1	6
equivocada	1	10
lindas	1	6
bichlbaum	1	9
imita	1	5
revistas	1	8
doscientas	1	10
bizarre	1	7
harper's	1	8
convencional	1	12
quedaron	1	8
ideas	1	5
fortune--	1	9
arrugada	1	8
rayada	1	6
para--	1	6
arruga	1	6
él--	1	4
importas	1	8
mirándote	1	9
morris	1	6
caminamos	1	9
presentador	1	11
debatirá	1	8
amigo--granwyth	1	15
hulatberi--	1	11
perspectivas	1	12
reconociera	1	11
hizo--bien	1	10
rió	1	3
estúupido	1	9
parémoslo	1	9
tecla	1	5
clip	1	4
descubriste	1	11
dpto.	1	5
hecho--	1	7
fija	1	4
podemos--	1	9
retroceda	1	9
tratándolo	1	10
ofendieras	1	10
pensábamos	1	10
realmente--	1	11
pusieron	1	8
implementar	1	11
esencia	1	7
premisa	1	7
comercian	1	9
invierten	1	9
perseguidas	1	11
elimina	1	7
valores	1	7
decentes	1	8
impedimento	1	11
presentarse	1	11
reúunen	1	7
manhattan	1	9
preparé	1	7
sustentable	1	11
eliminan	1	8
valiosos	1	8
desechos	1	8
reburger	1	8
ofrecidos	1	9
reduzcan	1	8
exterior	1	8
tijuana	1	7
brass	1	5
otorgaron	1	9
premio	1	6
financiar	1	9
futuros	1	7
usamos	1	6
matt	1	4
animaciones	1	11
snafu	1	5
man	1	3
circulando	1	10
fundadores	1	10
financiero	1	10
signo	1	5
exportación	1	11
aumentado	1	9
surgieron	1	9
úultimos	1	8
australia--	1	11
canceló	1	7
habido	1	6
alentador	1	9
complicó	1	8
organizaran	1	11
contesten	1	9
retirarlas	1	10
dijiste--	1	9
retirar	1	7
robbins	1	7
creerán	1	7
hambrienta	1	10
éstas	1	5
opciones	1	8
educativas	1	10
agradecemos	1	11
elegido	1	7
escucharnos	1	11
impactarán	1	10
embarcando	1	10
invasores	1	9
bloqueos	1	8
enfrentamos	1	11
desarrollamos	1	13
irrelevante	1	11
objetivo--los	1	13
individuales	1	12
productos	1	9
industriales	1	12
comestibles--es	1	15
reciclar	1	8
ingerir	1	7
pesada	1	6
absorben	1	8
conducto	1	8
elemental	1	9
despedido	1	9
subproductos	1	12
post	1	4
nasa	1	4
incursionar	1	11
mina	1	4
idearon	1	7
filtros	1	7
transformaban	1	13
astronautas	1	11
higiénica	1	9
deliciosa	1	9
acumulado	1	9
apertura	1	8
soluciones	1	10
responderé	1	10
estaba--	1	8
insulto	1	7
merecen	1	7
igualitario	1	11
desarrollarse	1	13
culturalmente	1	13
humanitaria	1	11
es--el	1	6
consume	1	7
explicárselo	1	12
formato	1	7
demostraron	1	11
-d	1	2
inusual	1	7
petróleo	1	8
emerge	1	6
terminada	1	9
ver--esto	1	9
referirán	1	9
combinaciones	1	13
reciclado	1	9
brindar	1	7
uds.--	1	6
elemento	1	8
sabían	1	6
viera--¿alguna	1	14
golpearía	1	9
dijera	1	6
signifiquen	1	11
signifique	1	10
eso--	1	5
sujetos--	1	9
enfoque	1	7
dirigir	1	7
teórica	1	7
colegas	1	7
probable	1	8
pagó	1	4
decirnos	1	8
oreja	1	5
repercusiones	1	13
culturales	1	10
legales	1	7
canibalismo	1	11
pedirnos	1	8
reciclemos	1	10
comportamiento	1	14
ético	1	5
furioso	1	7
alimento	1	8
literalmente	1	12
charlas	1	7
apagaba	1	7
lamparita	1	9
rigor	1	5
tirarnos	1	8
globos	1	6
enojaron	1	8
frustrados	1	10
funcionó	1	8
periodismo	1	10
opinar	1	6
propaganda	1	10
mencione	1	8
columnista	1	10
partidario	1	10
estandarte	1	10
disenso	1	7
partidos	1	8
debate	1	6
brasil	1	6
plebiscito	1	10
magnates	1	8
difunda	1	7
vote	1	4
sesenta	1	7
coordina	1	8
fecha	1	5
confirmada	1	10
escribiéndole	1	13
consiguiendo	1	12
asista	1	6
seguía	1	6
planeamos	1	9
vestir	1	6
descartados	1	11
espera--¿te	1	11
probaste	1	8
tinta	1	5
parecían	1	8
perfectas	1	9
caseras	1	7
imprimí	1	7
hojas	1	5
membrete	1	8
sencillas	1	9
fax	1	3
ridícula	1	8
maníaco	1	7
encargado	1	9
púublicas	1	9
magnética	1	9
google	1	6
búusqueda	1	9
imágenes	1	8
busqué	1	6
ldentificación	1	14
identificaciones	1	16
revisé	1	6
saqué	1	5
pedacito	1	8
aeropuerto	1	10
sidney	1	6
alquiler	1	8
sátira	1	6
es--	1	4
motivo--	1	8
cpa	1	3
clausurar	1	9
escribiendo	1	11
celular	1	7
caminemos	1	9
bonanno	1	7
subimos	1	7
recibirnos	1	10
esperarse	1	9
salirse	1	7
organizadores	1	13
panel	1	5
disculpándome	1	13
tecnologías	1	11
afectan	1	7
agro	1	4
portador	1	8
alarmantes	1	10
enviará	1	7
púublico	1	8
echada	1	6
cuyo	1	4
existir	1	7
re-fundar	1	9
lineamientos	1	12
comprensión	1	11
fundamento	1	10
sentar	1	6
asegurar	1	8
reacción	1	8
absoluta	1	8
descontrolado	1	13
anunció	1	7
reinventará	1	11
significativa	1	13
económicos--	1	12
significativo	1	13
necesitados	1	11
onu	1	3
estima	1	6
pobres--los	1	11
billones	1	8
instituidas	1	11
convincente	1	11
falló	1	5
balance	1	7
europea	1	7
japón--	1	7
componentes	1	11
mundial--	1	9
efecto--¿cambiarán	1	18
genuino	1	7
cínico	1	6
ocurra	1	6
liberalización--	1	16
globales	1	8
específicas	1	11
escandalosas	1	12
aplicadas	1	9
agropecuarios	1	13
caballero	1	9
continúue	1	9
disolverse	1	10
disparidad	1	10
brecha--	1	8
cifra	1	5
recordamos	1	10
duplicó	1	7
enfrentan	1	9
aspiramos	1	9
disolución	1	10
agencias	1	8
prolongado	1	10
canadiense	1	10
efectuar	1	8
operaciones	1	11
terminando	1	10
empiecen	1	8
contextos--	1	11
imitando	1	8
criticar	1	8
promisorio	1	10
setiembre	1	9
celebró	1	7
ministerial	1	11
cancúun	1	7
conversaciones	1	14
fracasaron	1	10
negaron	1	7
imponerle	1	9
adecuada	1	8
reforma	1	7
urgentes	1	8
vestirse	1	8
trabaja--	1	9
medir	1	5
aparatitos	1	10
provocan	1	8
shocks	1	6
caluroso	1	8
biografía	1	9
continuista	1	11
cira	1	4
manok	1	5
savkovic	1	8
cvetic	1	6
épica	1	5
svetozar	1	8
botoric	1	7
exhibida	1	8
considerada	1	11
perdida	1	7
encontrada	1	10
viena	1	5
autentificada	1	13
yugoslavia	1	10
radoslav	1	8
zelenovic	1	9
yugoslava	1	9
restaurada	1	10
agregados	1	9
derrotada	1	9
humillados	1	10
creían	1	6
volverían	1	9
unificados	1	10
unió	1	4
visevac	1	7
aldea	1	5
sumadija	1	8
zivkovic	1	8
terrateniente	1	13
mítico	1	6
bendiciendo	1	11
comerme	1	7
despertó	1	8
disfrutaba	1	10
canciones	1	9
épicas	1	6
murat	1	5
vicioso	1	7
sheperd	1	7
legítimo	1	8
conversar	1	9
jelena	1	6
tomarla	1	7
casó	1	4
topola	1	6
janissary	1	9
adem	1	4
carnero	1	7
amenazándonos	1	13
atreves	1	7
sultanes	1	8
stanoje	1	7
glavas	1	6
represalia	1	10
srem	1	4
petronije	1	9
regresaban	1	10
sombor	1	6
valerosamente	1	13
comodidad	1	9
comenzaban	1	10
ocultado	1	8
asesinó	1	7
mustafá	1	7
proscritos	1	10
usuales	1	7
organizar	1	9
propietarios	1	12
reunieron	1	9
consultar	1	9
nebojsa	1	7
buscaban	1	8
cacerola	1	8
sagrados	1	8
confirmaron	1	11
cercanía	1	8
rechazaron	1	10
foca	1	4
amables	1	7
focic	1	5
mehmed-aga	1	10
aconseja	1	8
palalija	1	8
bircanin	1	8
carapic	1	7
comprenden	1	10
levantarse	1	10
orasac	1	6
escogido	1	8
comandante	1	10
juremos	1	7
ayúdanos	1	8
victorias	1	9
mateja	1	6
novakovic	1	9
enviaste	1	8
tribunales	1	10
igualad	1	7
smederevo	1	9
ibrahim	1	7
izedin	1	6
ofertas	1	7
fortalezas	1	10
terratenientes	1	14
perdónanos	1	10
marinko	1	7
violaste	1	8
bosnios	1	7
conducida	1	9
misar	1	5
bosnia	1	6
sangrienta	1	10
celebran	1	8
inmortales	1	10
restringir	1	10
apoya	1	5
nenadovic	1	9
desterrados	1	11
alivia	1	6
atraerá	1	7
rindan	1	6
estrategias	1	11
dividen	1	7
contacta	1	8
heteria	1	7
liberar	1	7
ortodoxos	1	9
obranovic	1	9
rudnik	1	6
lidera	1	6
takovo	1	6
negociaciones	1	13
autonomía	1	9
obrenovic	1	9
vulicevic	1	9
karadjordjevuelve	1	17
celebi	1	6
preciso	1	7
sospechar	1	9
consejos	1	8
oyó	1	3
mátelo	1	6
piezas	1	6
estrangulado	1	12
buscaré	1	7
traería	1	7
radovan	1	7
oscurezca	1	9
wreath	1	6
njegos	1	6
liberadores	1	11
belgrado	1	8
nieto	1	5
inauguró	1	8
todorovic	1	9
raja	1	4
pavlovic	1	8
milorad	1	7
milojevic	1	9
jevrem	1	6
bozovic	1	7
dobrica	1	7
milutinovic	1	11
vukosava	1	8
jurkovic	1	8
adicional	1	9
takon	1	5
tako	1	4
imperatrix	1	10
tez	1	3
oscura	1	6
narra	1	5
audaces	1	7
caballeria	1	10
heroe	1	5
peregrinos	1	10
ruegan	1	6
permitamos	1	10
seguirnos	1	9
jadoo	1	5
poniéndose	1	10
acampemos	1	9
cuartel	1	7
muri	1	4
sano	1	4
esfuman	1	7
km	1	2
figuraba	1	8
emergencia	1	10
disfrutan	1	9
permisos	1	8
misteriosa	1	10
tráigalos	1	9
timo	1	4
encerrarte	1	10
manicomio	1	9
vendió	1	6
dejádmelo	1	9
suelte	1	6
timaron	1	7
timó	1	4
arrasado	1	8
sonsacarles	1	11
escocés	1	7
compré	1	6
intente	1	7
ocultarse	1	9
generosidad	1	11
suéltenlo	1	9
singali	1	7
gabarra	1	7
inteligencia	1	12
maharajá	1	8
degradarlos	1	11
insubordinación	1	15
vital	1	5
irán	1	4
reparar	1	7
desmonten	1	9
contactar	1	9
plantemos	1	9
tendamos	1	8
disponga	1	8
apile	1	5
huella	1	6
desierto	1	8
salaam	1	6
l.	1	2
saqueó	1	6
meteos	1	6
oís	1	3
almacén	1	7
quiénes	1	7
juguetones	1	10
sacadlos	1	8
margaritas	1	10
lilas	1	5
llevaremos	1	10
apriete	1	7
tuercas	1	7
sonreirá	1	8
coros	1	5
sáquenlos	1	9
formen	1	6
cuadro	1	6
métanse	1	7
escalen	1	7
subamos	1	7
tomad	1	5
regalito	1	8
parapetaos	1	10
zapadores	1	9
babia	1	5
sabéis	1	6
licencio	1	8
marchemos	1	9
informo	1	7
idénticos	1	9
aparecía	1	8
sleeman	1	7
aplastó	1	7
existido	1	8
mataron	1	7
practicaba	1	10
himalaya	1	8
ceilán	1	6
adoraba	1	7
cavaban	1	7
víctimas	1	8
batirán	1	7
rastreará	1	9
regiones	1	8
reforzado	1	9
flancos	1	7
recordarle	1	10
indispensable	1	13
licenciarse	1	11
casarse	1	7
imponerse	1	9
prohibir	1	8
amonestaciones	1	14
cura	1	4
pregunte	1	8
objetar	1	7
sustituirá	1	10
retírense	1	9
encantándole	1	12
creería	1	7
viéndolo	1	8
ar	1	2
barbilla	1	8
pulgares	1	8
costuras	1	8
ponlos	1	6
abanicar	1	8
dedos	1	5
turbante	1	8
continúe	1	8
necesitarla	1	11
cogí	1	4
miraba	1	6
diversión	1	9
enséñame	1	8
indio	1	5
lloraría	1	8
moco	1	4
notarás	1	7
crecerás	1	8
cucharada	1	9
portaría	1	8
buenísimo	1	9
elefantita	1	10
asustarme	1	9
emaline	1	7
esponsales	1	10
arriesgado	1	10
contado	1	7
reparación	1	10
cazando	1	7
mariposas	1	9
llevé	1	5
zambullimos	1	11
huimos	1	6
atravesó	1	8
pezuñas	1	7
atascado	1	8
sacasteis	1	9
serrarle	1	8
destruye	1	8
desearle	1	8
montándole	1	10
bazofia	1	7
probaría	1	8
aguado	1	6
estropeará	1	10
juzgaremos	1	10
mosca	1	5
sacaré	1	6
periquete	1	9
zumba	1	5
colmena	1	7
desaparecido	1	12
pasaremos	1	9
agradecerte	1	11
quedado	1	7
sustituir	1	9
halagador	1	9
aburrirá	1	8
piedrecilla	1	11
bota	1	4
acompaña	1	8
comentarle	1	10
militares	1	9
charlar	1	7
conoceremos	1	11
echar	1	5
traguito	1	8
remediar	1	8
tumbar	1	6
bébetelo	1	8
pensarás	1	8
misioneros	1	10
brindaremos	1	11
camaradería	1	11
guillermo	1	9
conquistador	1	12
prefieres	1	9
bobo	1	4
atañe	1	5
ajuar	1	5
calzoncillos	1	12
comerciantes	1	12
molestar	1	8
complacerla	1	11
sustituirle	1	11
bebido	1	6
urdido	1	6
machacaré	1	9
tenéis	1	6
enaguas	1	7
dho	1	3
char	1	4
tin	1	3
picad	1	5
creéis	1	6
excursión	1	9
llevad	1	6
poste	1	5
reengancharía	1	13
pitando	1	7
conseguiríamos	1	14
guerrita	1	8
volamos	1	7
taj	1	3
mahal	1	5
sagradas	1	8
revuelta	1	8
brío	1	4
gruñe	1	5
habré	1	5
retenerme	1	9
lleguen	1	7
despiadado	1	10
objeto	1	6
borrachera	1	10
enseñarle	1	9
esfumarán	1	9
vendrás	1	7
templos	1	7
parto	1	5
palazos	1	7
ofrezco	1	7
rechazas	1	8
meto	1	4
crisma	1	6
partirte	1	8
puños	1	5
levántalos	1	10
enciérralo	1	10
duerman	1	7
traerme	1	7
barrotes	1	8
satisfactorio	1	13
bandidos	1	8
asamblea	1	8
coge	1	4
trucos	1	6
poniéndome	1	10
míralo	1	6
rajá	1	4
derramando	1	10
diamantes	1	9
conformo	1	8
emana	1	5
alzan	1	5
arrojados	1	9
despedazado	1	11
cañón	1	5
familiares	1	10
augurios	1	8
chacal	1	6
aulló	1	5
respondido	1	10
extendidos	1	10
abraza	1	6
dándonos	1	8
acerquen	1	8
neófitos	1	8
maestros	1	8
ropajes	1	7
estrangulador	1	13
picos	1	5
funerarios	1	10
jurad	1	5
correré	1	7
disculpad	1	9
cántenos	1	8
detenidos	1	9
estrangulen	1	11
coged	1	5
bártulos	1	8
venís	1	5
póstrate	1	8
insolencia	1	10
postro	1	6
pagano	1	6
kabul	1	5
llévale	1	7
muéstrale	1	9
lleváoslo	1	9
oscuras	1	7
abrazo	1	6
abrazar	1	7
creído	1	6
enfermeras	1	10
contestarás	1	11
fusilamiento	1	12
liberaste	1	9
llévenselo	1	10
paredón	1	7
torturarán	1	10
corriste	1	8
enseñarás	1	9
cogeré	1	6
docena	1	6
conseguirás	1	11
enteraran	1	9
llevármelo	1	10
activo	1	6
civiles	1	7
bretaña	1	7
concluido	1	9
margen	1	6
despidiéndome	1	13
cambiará	1	8
abandone	1	8
traerte	1	7
mostrarme	1	9
entenderlo	1	10
pasara	1	6
denunciaría	1	11
arriesgaría	1	11
reenganche	1	10
rescatemos	1	10
rompemos	1	8
haciéndote	1	10
echen	1	5
firmaré	1	7
acabemos	1	8
fías	1	4
bolsillo	1	8
júramelo	1	8
volvemos	1	8
decencia	1	8
mentiría	1	8
casarnos	1	8
lmagina	1	7
acampada	1	8
pegar	1	5
llamándote	1	10
variar	1	6
engañas	1	7
odias	1	5
dese	1	4
cortándole	1	10
tirados	1	7
fulad	1	5
tejida	1	6
caerán	1	6
cruzado	1	7
ocasión	1	7
partiría	1	8
trompa	1	6
conseguirías	1	12
suelto	1	6
cordero	1	7
carnicería	1	10
reúno	1	5
estropeas	1	9
seso	1	4
deshonra	1	8
haciéndome	1	10
emboscada	1	9
masacrar	1	8
creerás	1	7
tíos	1	4
escondíais	1	10
desate	1	6
disgustáis	1	10
ignoro	1	6
desataré	1	8
pagas	1	5
desalmados	1	10
atrapémosle	1	11
cogeremos	1	9
dispararán	1	10
sarnoso	1	7
falso	1	5
exhibe	1	6
enrolas	1	7
colega	1	6
tardará	1	7
cristal	1	7
hacedle	1	7
atrevéis	1	8
dejadle	1	7
retorciéndose	1	13
lenguas	1	7
arrojadle	1	9
bese	1	4
sáqueme	1	7
resisto	1	7
exactas	1	7
segurísimo	1	10
engañaría	1	9
ocuparé	1	7
suéltale	1	8
reengancha	1	10
escondiéndote	1	13
chaquetero	1	10
calla	1	5
white	1	5
chapel	1	6
zarpas	1	6
devuelvo	1	8
ordeno	1	6
tiren	1	5
morirás	1	7
tirad	1	5
marchaos	1	8
encendiendo	1	11
empezaré	1	8
vivirán	1	7
sufrirá	1	7
ponte	1	5
insolación	1	10
heridas	1	7
agachaos	1	8
miradlo	1	7
veis	1	4
manita	1	6
valdrá	1	6
libras	1	6
ordenas	1	7
rocas	1	5
acompañas	1	9
macaco	1	6
mato	1	4
gaitas	1	6
oyéndolas	1	9
gritándonos	1	11
sacarán	1	7
déjate	1	6
propietario	1	11
crystal	1	7
palace	1	6
hampshire	1	9
narices	1	7
límite	1	6
torturas	1	8
idear	1	5
orientales	1	10
arranco	1	7
fallándoles	1	11
aguantaremos	1	12
olvidados	1	9
salvarles	1	9
latan	1	5
encantadores	1	12
escoceses	1	9
verles	1	6
agradables	1	10
cuarteles	1	9
amistades	1	9
hogares	1	7
apostar	1	7
rescatarles	1	11
rescatar	1	8
planeado	1	8
colgando	1	8
conocen	1	7
chandragupta	1	12
murya	1	5
destrozó	1	8
alejandro	1	9
magno	1	5
cavernas	1	8
pintaban	1	8
entrará	1	7
dejaremos	1	9
luchadores	1	10
reciban	1	7
abrirán	1	7
llevándoles	1	11
artillería	1	10
artilleros	1	10
entrarán	1	8
jinetes	1	7
protege	1	7
cargará	1	7
recae	1	5
destrozar	1	9
caras	1	5
rugirle	1	7
generales	1	9
espadas	1	7
enjoyadas	1	9
bigotes	1	7
aníbal	1	6
encierra	1	8
chubascos	1	9
preceden	1	8
riada	1	5
avanzaremos	1	11
capitales	1	9
extendiéndonos	1	14
aumentando	1	10
trague	1	6
marchad	1	7
cortaré	1	7
moverán	1	7
costarte	1	8
comparada	1	9
dejarán	1	7
suyos	1	5
chota	1	5
advertido	1	9
fallarle	1	8
avisarlos	1	9
brasas	1	6
fuerais	1	7
rajás	1	5
durbar	1	6
despedazamos	1	12
flanco	1	6
cortadles	1	9
pagaréis	1	8
intrigante	1	10
sinvergüenza	1	12
echemos	1	7
reglamento	1	10
ascenderle	1	10
caídos	1	6
enséñeme	1	8
kipling	1	7
cantina	1	7
arrodillará	1	11
carbón	1	6
ofreciendo	1	10
curtido	1	7
azotado	1	7
desollado	1	9
cines	1	5
nazionale	1	9
cinema	1	6
positiva	1	8
conservada	1	10
bolonia	1	7
querer	1	6
hubieses	1	8
negado	1	6
truco	1	5
conmueve	1	8
capozzi	1	7
servidor	1	8
ministros	1	9
separar	1	7
enviarlo	1	8
acompañarás	1	11
tratarás	1	8
prevista	1	8
permanecerá	1	11
añoro	1	5
llamará	1	7
cenamos	1	7
urogallo	1	8
espejos	1	7
beauregard	1	10
ruina	1	5
escribí	1	7
république	1	10
escribiste	1	10
gardenies	1	9
acompañan	1	9
sar	1	3
guarnición	1	10
tiende	1	6
bellezas	1	8
amorosa	1	7
vengada	1	7
perfecta	1	8
anuncia	1	7
triunfa	1	7
desvelará	1	9
vuestras	1	8
descansa	1	8
preparada	1	9
rastros	1	7
marítimo	1	8
informes	1	8
auténticos	1	10
suben	1	5
embarca	1	7
paja	1	4
rescatada	1	9
compuertas	1	10
laterales	1	9
cierran	1	7
herméticamente	1	14
augusta-victoria	1	16
hamburgo-américa	1	16
interpreta	1	10
sweet	1	5
mencionados	1	11
observación	1	11
mástil	1	6
transfiere	1	10
telegrafía	1	10
inalámbrica	1	11
heróicamente	1	12
realiza	1	7
inspecciona	1	11
fogones	1	7
mantenidos	1	10
simultáneamente	1	15
fogoneros	1	9
arreglándose	1	12
camarotes	1	9
soirée	1	6
niñera	1	6
conservar	1	9
nocturnos	1	9
camarote	1	8
distinguido	1	11
parisien	1	8
icebergs	1	8
desplazan	1	9
banquisa	1	8
inevitable	1	10
socorro	1	7
rescatados	1	10
orquesta	1	8
barcas	1	6
saltado	1	7
inunda	1	6
calderas	1	8
permanece	1	9
impertérrito	1	12
radiotelegramas	1	15
incesantemente	1	14
releva	1	6
determinación	1	13
rescata	1	7
ahogando	1	8
rehúsa	1	6
hundiré	1	7
frecuentes	1	10
night	1	5
entendía	1	8
inquieta	1	8
proyeccionista	1	14
escarabajos	1	11
-o	1	2
cuentos	1	7
fantásticos	1	11
marionetas	1	10
ladislaw	1	8
starewicz	1	9
muda	1	4
seleccionada	1	12
israel	1	6
yuri	1	4
tsivian	1	7
inquieto	1	8
contínuos	1	9
comprende	1	9
adivinar	1	8
intranquila	1	11
proyector	1	9
esperemos	1	9
discreta	1	8
hirohoshi	1	9
produjo	1	7
d'art	1	5
company	1	7
hall	1	4
barracas	1	8
acomodada	1	9
productores	1	11
prestigio	1	9
largas	1	6
ambiciosos	1	10
servicios	1	9
reconocida	1	10
escénico	1	8
invadida	1	8
excesivamente	1	13
teatral	1	7
inadecuada	1	10
diálogo	1	7
reemplaza	1	9
explican	1	8
contraste	1	9
life	1	4
peace	1	5
evidente	1	8
mundana	1	7
distracción	1	11
perpetua	1	8
placeres	1	8
sufrir	1	6
tuberculosis	1	12
duval	1	5
deshecho	1	8
confiesa	1	8
infelicidad	1	11
ignominiosa	1	11
compartir	1	9
salde	1	5
implora	1	7
relacionándose	1	14
necesarios	1	10
acompañada	1	10
violento	1	8
reproches	1	9
reta	1	4
insultado	1	9
conmovido	1	9
profundidad	1	11
expensas	1	8
visitará	1	8
perdónenos	1	10
causado	1	7
anónimo	1	7
seymour	1	7
borrachín	1	9
llenaba	1	7
opulencia	1	9
bellas	1	6
sembraba	1	8
miseria	1	7
cruzó	1	5
exigió	1	6
escolta	1	7
lanzarles	1	9
previamente	1	11
calentadas	1	10
sartén	1	6
seducido	1	8
estalló	1	7
alinearse	1	9
asistió	1	7
reuniones	1	9
conspiradores	1	13
bodegas	1	7
convirtieron	1	12
alborotadores	1	13
arrebató	1	8
heroicamente	1	12
triunfo	1	7
tutifruti	1	9
reúnete	1	7
doméstica	1	9
bonne-nouvelle	1	14
revólver	1	8
balas	1	5
apuntar	1	7
r.	1	2
dorcière	1	8
massart	1	7
aconsejó	1	8
cargáramos	1	10
revólveres	1	10
departe	1	7
sirvienta	1	9
romántica	1	9
cocineras	1	9
vacantes	1	8
enviada	1	7
camareras	1	9
peón	1	4
empleadas	1	9
circle	1	6
salario	1	7
disfrazaré	1	10
traen	1	5
obligada	1	8
boxea	1	5
devela	1	6
molinos	1	7
dondequiera	1	11
trabaje	1	7
persigue	1	8
disfraza	1	8
carpintero	1	10
compra	1	6
derrotado	1	9
prosperado	1	10
instaló	1	7
fertrudis	1	9
waldis	1	6
cambia	1	6
contratar	1	9
raptar	1	6
vanos	1	5
encointrar	1	10
revelar	1	7
paradero	1	8
aprovecha	1	9
refugia	1	7
garza	1	5
probaremos	1	10
fumador	1	7
ninfa	1	5
secretamente	1	12
traspasados	1	11
dardo	1	5
divertirnos	1	11
seduciéndole	1	12
baños	1	5
capullo	1	7
grácil	1	6
presentaré	1	10
rebosante	1	9
juvenil	1	7
james	1	5
keane	1	5
andré	1	5
calmettes	1	9
shakespeare	1	11
largometraje	1	12
americano	1	9
buffum	1	6
existente	1	9
donó	1	4
afi	1	3
archive	1	7
collection	1	10
library	1	7
congress	1	8
kanter	1	6
preservación	1	12
prólogo	1	7
tewkesbury	1	10
recibido	1	8
entierro	1	8
cortejada	1	9
ganada	1	6
arrojada	1	8
asesinará	1	9
arrestad	1	8
regañadientes	1	13
urgir	1	5
pidan	1	5
suba	1	4
visitan	1	7
declina	1	7
príncipes	1	9
llevados	1	8
desafío	1	7
cortejar	1	8
difunto	1	7
necesaria	1	9
protegerla	1	10
salvéis	1	7
rescatad	1	8
afligida	1	8
prometido	1	9
encontrarse	1	11
bosworth	1	8
acariciando	1	11
breteil	1	7
avisarle	1	8
irremediable	1	12
desgarra	1	8
emprendió	1	9
canalla	1	7
raíz	1	4
difamatorio	1	11
envió	1	5
testigos	1	8
canas	1	5
odiosos	1	7
instigadores	1	12
dejaréis	1	8
cobardía	1	8
leonce	1	6
perret	1	6
grandville	1	10
paisajista	1	10
solicito	1	8
bondad	1	6
permitirme	1	10
instalar	1	8
caballete	1	9
rincón	1	6
jardín	1	6
midi	1	4
querría	1	7
concederme	1	10
instante	1	8
ilegible	1	8
penitencia	1	10
pedirá	1	6
vals	1	4
recuperará	1	10
abandono	1	8
temible	1	7
trastorna	1	9
grando	1	6
sumo	1	4
ayudarlas	1	9
profesionales	1	13
téngame	1	7
informado	1	9
habutual	1	8
nutre	1	5
ilusiones	1	9
entreabren	1	10
recobre	1	7
comprenderá	1	11
dejaba	1	6
cure	1	4
escribe	1	7
marchitan	1	9
intacto	1	7
abandonada	1	10
perturbar	1	9
curada	1	6
impaciencia	1	11
ramo	1	4
recobrada	1	9
digna	1	5
quitarse	1	8
salvarla	1	8
ingresada	1	9
hicieras	1	8
tratase	1	7
pensarías	1	9
empezará	1	8
campamento	1	10
kate	1	4
enamora	1	7
locamente	1	9
comprometido	1	12
prepra	1	6
avería	1	6
avidor	1	6
quebrada	1	8
mrs	1	3
lilli	1	5
beck	1	4
cedric	1	6
radiante	1	8
energética	1	10
cliente	1	7
perturbado	1	10
rotos	1	5
allanamiento	1	12
revelación	1	10
domicilio	1	9
acordado	1	8
ofrecimiento	1	12
presa	1	5
malestar	1	8
desprotegida	1	12
quebradas	1	9
querían	1	7
únicos	1	6
autorizados	1	11
autoridades	1	11
extras	1	6
estaciones	1	10
subte	1	5
declararlos	1	11
auxiliares	1	10
tierras	1	7
préstamos	1	9
baratos	1	7
conocían	1	8
pudiese	1	7
tocarlos	1	8
recinto	1	7
detención	1	9
experto	1	7
paquete	1	7
escuadrón	1	9
bombas	1	6
fotografiamos	1	13
hueco	1	5
borrosa	1	7
apuntándome	1	11
h.g	1	3
wells	1	5
levantaría	1	10
comenzó	1	7
milenio	1	7
iraní	1	5
entregando	1	10
modernas	1	8
esperaré	1	8
no--	1	4
discúlpame	1	10
roberta	1	7
cruzando	1	8
parquímetro	1	11
máximo	1	6
puntaje	1	7
podías	1	6
ases	1	4
tomarlo	1	7
luck	1	4
jim	1	3
maloney	1	7
atlantic	1	8
city	1	4
caribeña	1	8
capturado	1	9
casino	1	6
rapero	1	6
ascenso	1	7
brutalmente	1	11
queens	1	6
maguila	1	7
gorila	1	6
simio	1	5
mikey	1	5
estupenda	1	9
tómenlo	1	7
davey	1	5
legal	1	5
despedidas	1	10
equivocadas	1	11
cardíaco	1	8
moviéndose	1	10
caracterizado	1	13
peloteos	1	8
anotaron	1	8
chupapija	1	9
patrañas	1	8
enfermera	1	9
crack	1	5
pipa	1	4
russell	1	7
salvaron	1	8
redhook	1	7
puré	1	4
canal	1	5
presionando	1	11
ying-yang	1	9
bronx	1	5
palisades	1	9
encontrarla	1	11
flaky	1	5
baúl	1	4
explotó	1	7
desaprovechaste	1	15
valen	1	5
grieta	1	6
cadáveres	1	9
pondrán	1	7
arruinarás	1	10
camioneta	1	9
sumamente--	1	11
compasivo	1	9
quítame	1	7
dispararme	1	10
alumbre	1	7
aviación	1	8
iluminen	1	8
demorar	1	7
autopartista	1	12
hudson	1	6
quítalo	1	7
aparente	1	8
persecución	1	11
salte	1	5
controversias	1	13
ocurrido	1	8
testificar	1	10
completó	1	8
cuántas	1	7
consejero	1	9
puente--	1	8
mod	1	3
squad	1	5
perderá	1	7
retrasados	1	10
mentales	1	8
guarde	1	6
cállese	1	7
salve	1	5
respuestas	1	10
hablarte	1	8
reuben	1	6
sem	1	3
medias	1	6
zapato	1	6
abogada	1	7
dice--	1	6
afligido	1	8
dolido	1	6
plaga	1	5
cagas	1	5
grotto	1	6
cúbrete	1	7
venimos	1	7
hills	1	5
mcenroe	1	7
jimmy	1	5
connors	1	7
escolar	1	7
betts	1	5
municipal	1	9
elmira	1	6
multar	1	6
etiqueta	1	8
recomiendo	1	10
p.d	1	3
reconocimos	1	11
oigan	1	5
apósitos	1	8
volverte	1	8
contiguo	1	8
esconderlo	1	10
asomemos	1	8
lagonda	1	7
enamorara	1	9
pelirroja	1	9
transferido	1	11
lejana	1	6
visitarnos	1	10
chequearlo	1	10
amish	1	5
gordon	1	6
suéltalo	1	8
patee	1	5
súbete	1	6
adiestramiento	1	14
figgis	1	6
cabos	1	5
sueltos	1	7
desafortunadamente	1	18
promoción	1	9
sugieras	1	8
llamara	1	7
ganó	1	4
perseguía	1	9
lloraste	1	8
ambas	1	5
toallita	1	8
dibuja	1	6
arcoiris	1	8
destellos	1	9
llamarte	1	8
factura	1	7
ocupando	1	8
recogida	1	8
tiraste	1	7
ensuciar	1	8
sábanas	1	7
delito	1	6
registro	1	8
chequeando	1	10
documentos	1	10
sentaré	1	7
comprendido	1	11
empujaron	1	9
hostigamiento	1	13
marcharme	1	9
déjenme	1	7
heroico	1	7
cyril	1	5
johns	1	5
asesinados	1	10
farelli	1	7
reportes	1	8
intentaron	1	10
analizándolo	1	12
irregularidades	1	15
irregularidad	1	13
comentarios	1	11
cargando	1	8
conociera	1	9
ollie	1	5
tortuga	1	7
apostador	1	9
muérete	1	7
campeones	1	9
nba	1	3
gasta	1	5
póster	1	6
ábreme	1	6
mordida	1	7
departamental	1	13
entendible	1	10
vuelves	1	7
sordo	1	5
chupapijas	1	10
escritorio	1	10
púrgate	1	7
límpiate	1	8
empezado	1	8
entrometerse	1	12
encubierto	1	10
omerta	1	6
internos	1	8
colgar	1	6
pelotas	1	7
faltante	1	8
gramos	1	6
compraste	1	9
arreglan	1	8
ayudando	1	8
mamando	1	7
molestarme	1	10
maloliente	1	10
adictos	1	7
muchacha	1	8
buscaste	1	8
préstamo	1	8
recurriste	1	10
sácalo	1	6
mirarlo	1	7
dándole	1	7
moneda	1	6
libra	1	5
encargaré	1	9
abier	1	5
acuestas	1	8
rosie	1	5
rescatarte	1	10
ramada	1	6
pegué	1	5
viniendo	1	8
regresé	1	7
reembolso	1	9
pensabas	1	8
mírame	1	6
reclamaste	1	10
reclamaré	1	9
estacionar	1	10
cementerio	1	10
glenn	1	5
recuerden	1	9
reúnas	1	6
patrulleros	1	11
lassaro	1	7
presentarle	1	11
heflin	1	6
llámame	1	7
ocurren	1	7
desconocemos	1	12
preparados	1	10
cajón	1	5
concédenos	1	10
morada	1	6
proteja	1	7
brille	1	6
colme	1	5
cardoza	1	7
traficantes	1	11
droga	1	5
permitía	1	8
clásica	1	7
toy	1	3
torillo	1	7
escuchó	1	7
manteniendo	1	11
hessians	1	8
etiquetados	1	11
esposas	1	7
compartiendo	1	12
azúcar	1	6
policíalandia	1	13
complejo	1	8
jurisdicción	1	12
hoboken	1	7
newark	1	6
espanta	1	7
ciertas	1	7
camisas	1	7
seda	1	4
piscinas	1	8
crías	1	5
venía	1	5
tomaba	1	6
causó	1	5
tocó	1	4
ausente	1	7
forzado	1	7
audición	1	8
debiste	1	7
corrígeme	1	9
equivoco	1	8
ventanas	1	8
vigilas	1	7
compartimos	1	11
reunir	1	6
bosta	1	5
descarriados	1	12
ambivalencia	1	12
infectan	1	8
rodean	1	6
larvas	1	6
paré	1	4
graduación	1	10
atravesando	1	11
brillando	1	9
financiada	1	10
sacó	1	4
preocupó	1	8
diciéndole	1	10
deseas	1	6
encuentres	1	10
ocupo	1	5
frank	1	5
voltearlo	1	9
despidiéndose	1	13
suspender	1	9
cuñada	1	6
volumen	1	7
donna	1	5
llévala	1	7
sujeto	1	6
fotografías	1	11
y--	1	3
reclutan	1	8
d.a.i	1	5
atrapan	1	7
unes	1	4
ross	1	4
tempe	1	5
arizona	1	7
envié	1	5
carolina	1	8
creerle	1	7
conseguirlo	1	11
compacto	1	8
estéreo	1	7
significaría	1	12
comprometidas	1	13
descabellado	1	12
cálmense	1	8
gabriel	1	7
cuidate	1	7
hey¡murray	1	10
aprecio	1	7
transpiras	1	10
ebrio	1	5
ocurriendo	1	10
a.d.p	1	5
organizaría	1	11
suspendidos	1	11
ruben	1	5
putamente	1	9
lideres	1	7
encubrimiento	1	13
suspensión	1	10
farrel	1	6
leerá	1	5
manojo	1	6
joder	1	5
petición	1	8
saques	1	6
cin	1	3
ayudarnos	1	9
encontrarlo	1	11
piscina	1	7
adicto	1	6
chase	1	5
pagos	1	5
retribución	1	11
gandhi	1	6
construyó	1	9
pudieran	1	8
puto	1	4
malnacido	1	9
incomprendido	1	13
mantuvo	1	7
ahogándose	1	10
entraría	1	8
pasarte	1	7
maricón	1	7
desparrame	1	10
sabría	1	6
sangrando	1	9
prendes	1	7
aúllas	1	6
lento	1	5
peleando	1	8
aseguras	1	8
esquina	1	7
alternativa	1	11
topas	1	5
manejas	1	7
obtendrás	1	9
tropiezas	1	9
enfrentarlos	1	12
familias	1	8
zigzagueas	1	10
tom	1	3
moverme	1	7
tendón	1	6
ríndete	1	7
rindes	1	6
besar	1	5
golosinas	1	9
darás	1	5
redimido	1	8
re-re-redimido	1	14
unidades	1	8
cubro	1	5
tira	1	4
escopeta	1	8
recortada	1	9
royster	1	7
c.i	1	3
cagó	1	4
resurrección	1	12
todopoderoso	1	12
entregamos	1	10
mantenga	1	8
ilumine	1	7
conceda	1	7
eleve	1	5
otorgue	1	7
retirarse	1	9
interrumpido	1	12
huyendo	1	7
animal	1	6
cabrón	1	6
cerró	1	5
confundidas	1	11
servilletas	1	11
utilizar	1	8
discursos	1	9
pudra	1	5
calló	1	5
lees	1	4
despertado	1	10
atadas	1	6
clausuró	1	8
escúcheme	1	9
i.	1	2
arruina	1	7
obtienen	1	8
pandilla	1	8
compró	1	6
cerraron	1	8
circunstancial	1	14
ilegal	1	6
encargaron	1	10
escondiendo	1	11
creyeron	1	8
revisamos	1	9
centímetro	1	10
conspiración	1	12
hexagonal	1	9
excelente	1	9
