word_form	frequency	length
di	4577	2
il	3905	2
la	3634	2
che	1739	3
per	1680	3
del	1640	3
un	1523	2
l'	1316	2
della	1260	5
non	1230	3
in	1222	2
una	987	3
le	985	2
con	799	3
si	780	2
da	721	2
suo	710	3
al	689	2
dei	635	3
alla	584	4
sua	545	3
dell'	521	5
sono	515	4
gli	469	3
come	444	4
nel	440	3
ha	391	2
se	391	2
più	385	3
mi	384	2
nella	371	5
mio	366	3
loro	352	4
ma	350	2
lo	331	2
io	325	2
delle	321	5
questo	316	6
casa	306	4
ti	276	2
mia	267	3
d'	264	2
ho	262	2
dal	256	3
dalla	252	5
all'	243	4
sud	240	3
questa	237	6
ora	237	3
amore	236	5
lei	234	3
era	232	3
dopo	228	4
degli	226	5
prima	224	5
suoi	216	4
parte	203	5
padre	203	5
città	200	5
uomo	196	4
ai	184	2
solo	182	4
essere	181	6
morte	181	5
grande	177	6
stato	177	5
babilonia	177	9
ci	175	2
mai	169	3
lui	168	3
belshazzar	168	10
tutti	165	5
giorno	165	6
ciro	163	4
qui	159	3
tu	159	2
ad	156	2
figlio	156	6
ragazza	155	7
ragazzo	152	7
guerra	150	6
signor	149	6
quando	149	6
me	148	2
vita	148	4
piccolo	148	7
signore	147	7
negri	146	5
notte	141	5
stoneman	141	8
cara	140	4
due	140	3
figlia	138	6
alle	137	4
madre	136	5
vampiri	136	7
hanno	134	5
dove	134	4
tra	134	3
contro	133	6
sia	132	3
senza	131	5
re	130	2
fratello	129	8
su	129	2
signora	129	7
dai	128	3
fine	128	4
tuo	126	3
così	123	4
de	122	2
porta	121	5
tua	121	3
un'	120	3
uno	119	3
ancora	118	6
nell'	117	5
storia	116	6
cosa	116	4
dio	115	3
cui	115	3
ogni	115	4
cameron	115	7
c'	114	2
tempo	114	5
vi	113	2
aveva	113	5
tutto	112	5
nuovo	111	5
dante	111	5
te	110	2
philippe	110	8
quella	109	6
sotto	108	5
colonnello	108	10
fa	107	2
uomini	107	6
fatto	107	5
anche	106	5
noi	106	3
voi	106	3
sul	106	3
lynch	106	5
bene	105	4
ed	104	2
ne	103	2
va	103	2
amico	103	5
sta	103	3
favraux	103	7
occhi	102	5
giorni	101	6
oh	101	2
sempre	100	6
sulla	99	5
via	98	3
jenkins	97	7
moglie	96	6
bel	96	3
mentre	95	6
sue	95	3
chi	92	3
verso	92	5
parigi	92	6
fantômas	92	8
mazamette	92	9
conte	91	5
sei	90	3
sera	90	4
vostro	90	6
intolleranza	90	12
col	89	3
giovane	89	7
perché	88	6
nelle	88	5
nota	88	4
questi	87	6
altri	87	5
dalle	86	5
molto	86	5
film	86	4
hai	85	3
nostro	85	6
primo	84	5
donna	84	5
fuori	83	5
bianchi	83	7
voglio	83	6
principessa	83	11
sarà	82	4
nostra	82	6
sacerdote	81	9
amici	80	5
viene	79	5
quale	79	5
piccola	79	7
domani	79	6
lincoln	78	7
capitano	78	8
miei	77	4
gran	77	4
secondo	77	7
nord	76	4
ishtar	76	6
montagna	75	8
lavoro	75	6
vedere	73	6
stesso	73	6
strada	73	6
ultimo	72	6
no	71	2
li	71	2
popolo	71	6
bambino	71	7
nei	70	3
ordine	69	6
amata	69	5
cuore	69	5
dall'	69	5
davanti	69	7
donne	68	5
può	68	3
anni	67	4
potere	67	6
proprio	66	7
marito	66	6
erano	66	5
stessa	65	6
quel	65	4
fu	65	2
posto	65	5
nuova	65	5
mano	64	4
qualche	64	7
elsie	64	5
abbiamo	63	7
fare	63	4
tutta	63	5
altro	63	5
giudice	63	7
polizia	63	7
piedmont	63	8
momento	62	7
tempio	62	6
dobbiamo	61	8
visita	61	6
altra	61	5
tuoi	61	4
nome	60	4
nessuno	60	7
vecchio	60	7
irma	60	4
terra	59	5
tre	58	3
campo	58	5
capo	58	4
presidente	58	10
sorella	58	7
quello	57	6
mondo	57	5
stata	57	5
stati	57	5
banda	57	5
posso	57	5
juve	57	4
governatore	57	11
mare	56	4
caro	56	4
mattina	56	7
aver	56	4
atto	56	4
visto	55	5
principe	55	8
nostri	55	6
alba	55	4
lettera	55	7
matrimonio	54	10
virgilio	54	8
grazie	54	6
quest'	54	6
bianco	54	6
i'	54	2
modo	53	4
notizia	53	7
signorina	53	9
dice	53	4
ufficio	53	7
camera	53	6
epoca	53	5
unione	53	6
famiglia	52	8
sacerdoti	52	9
libertà	52	7
ucciso	52	6
riceve	52	6
già	51	3
corpo	51	5
fuoco	51	5
frattempo	51	9
so	51	2
siamo	50	5
onore	50	5
guardia	50	7
presto	50	6
vep	50	3
pace	49	4
volta	49	5
dentro	49	6
buona	49	5
sommo	49	5
fino	49	4
vicino	49	6
vostra	49	6
andare	48	6
glauco	48	6
politica	48	8
jacqueline	48	10
generale	47	8
dello	47	5
nemico	47	6
guérande	47	8
portare	46	7
arriva	46	6
vede	46	4
vuole	46	5
nazione	46	7
causa	46	5
jacques	46	7
episodio	46	8
castani	46	7
vuoi	45	4
sì	45	2
occhio	45	6
oggi	45	4
fandor	45	6
leader	45	6
poi	44	3
fronte	44	6
omicidio	44	8
queste	44	6
vino	44	4
speranza	43	8
forse	43	5
far	43	3
oro	43	3
seguito	43	7
culla	43	5
jean	43	4
judex	43	5
ritorno	42	7
lontano	42	7
inferno	42	7
morto	42	5
battaglia	42	9
giustizia	42	9
faccia	42	6
luce	42	4
mura	42	4
felice	42	6
fedeli	42	6
miss	42	4
ugonotti	42	8
prospero	42	8
salvare	41	7
anima	41	5
aiuto	41	5
castello	41	8
avanti	41	6
testa	41	5
caso	41	4
buon	41	4
piano	41	5
vittoria	41	8
dottor	41	6
guerande	41	8
piu	41	3
destino	40	7
segreto	40	7
ben	40	3
maggiore	40	8
arrivo	40	6
seconda	40	7
van	40	3
finalmente	40	10
torna	40	5
tenente	40	7
tanto	39	5
anime	39	5
tutte	39	5
porte	39	5
tradimento	39	10
fratelli	39	8
figli	39	5
avere	39	5
sahib	39	5
sergente	39	8
adesso	39	6
davvero	39	7
vecchia	39	7
prendere	39	8
moschettiere	39	12
po'	38	3
nidia	38	5
giovani	38	7
opera	38	5
ecco	38	4
trovare	38	7
prigione	38	8
nero	38	4
america	38	7
klux	38	4
piedi	37	5
cerca	37	5
deve	37	4
innamorato	37	10
sola	37	4
vero	37	4
attesa	37	6
ordina	37	6
sangue	37	6
palazzo	37	7
ore	37	3
cutter	37	6
mezzanotte	37	10
ricostruzione	37	13
hauen	37	5
moreno	37	6
diritto	36	7
sui	36	3
viaggio	36	7
là	36	2
molti	36	5
avete	36	5
vieni	36	5
preso	36	5
truppe	36	6
presente	36	8
trovato	36	7
banchiere	36	9
iza	36	3
vengono	35	7
mamma	35	5
dollari	35	7
mistero	35	7
devono	35	6
denaro	35	6
poeta	35	5
gente	35	5
sogni	35	5
favore	35	6
gruppo	35	6
dea	35	3
dato	35	4
andiamo	35	7
occasione	35	9
alcuni	35	6
cercare	35	7
franchi	35	7
ispettore	35	9
storica	35	7
ku	35	2
voto	35	4
negro	35	5
sa	34	2
vista	34	5
fotografia	34	10
dire	34	4
durante	34	7
regina	34	6
quell'	34	6
ordini	34	6
pubblica	34	8
arbace	34	6
nemo	34	4
fulvio	34	6
maciste	34	7
cocantin	34	8
quanto	33	6
decide	33	6
trova	33	5
allora	33	6
fedele	33	6
agli	33	4
detto	33	5
continua	33	8
soldi	33	5
partito	33	7
verdetto	33	8
carmen	33	6
intanto	32	7
jone	32	4
mani	32	4
grandi	32	6
poeti	32	5
passare	32	7
rovina	32	6
sulle	32	5
nessun	32	6
aprile	32	6
missione	32	8
qualcosa	32	8
din	32	3
nulla	32	5
hotel	32	5
nemici	32	6
elezioni	32	8
abbia	31	5
parlare	31	7
letto	31	5
sala	31	4
vederti	31	7
siete	31	5
festa	31	5
stava	31	5
dolore	30	6
appena	30	6
attenzione	30	10
poco	30	4
mattino	30	7
promessa	30	8
nello	30	5
fatti	30	5
uccidere	30	8
gloria	30	6
devo	30	4
quattro	30	7
direttore	30	9
fidanzamento	30	12
potente	30	7
americano	30	9
spinelli	30	8
dente	30	5
kerjean	30	7
meglio	29	6
charles	29	7
treno	29	5
bisogno	29	7
antica	29	6
finché	29	6
egli	29	4
dagli	29	5
subito	29	6
bambini	29	7
stanza	29	6
aspetta	29	7
razza	29	5
medici	29	6
riproduzione	29	12
kerlor	29	6
riescono	29	8
caterina	29	8
rapsode	29	7
male	28	4
dietro	28	6
sto	28	3
devi	28	4
passato	28	7
chiede	28	6
san	28	3
sull'	28	5
servizio	28	8
prossimo	28	8
fabbrica	28	8
insieme	28	7
ciò	28	3
spirito	28	7
francese	28	8
sarebbe	28	7
soldati	28	7
scuola	28	6
promesso	28	8
seguente	28	8
tribunale	28	9
marchese	28	8
carolina	28	8
hosiery	28	7
stesse	28	6
farisei	28	7
torri	28	5
guardie	28	7
buono	27	5
lavorare	27	8
troppo	27	6
paura	27	5
ultima	27	6
citta	27	5
stessi	27	6
attraverso	27	10
mie	27	3
possa	27	5
com'	27	4
notizie	27	7
racconta	27	8
vostre	27	6
guarda	27	6
lunga	27	5
beltham	27	7
louis	27	5
feuillade	27	9
sciopero	27	8
saint	27	5
tardi	27	5
keystone	27	8
company	27	7
monti	27	5
rosso	27	5
washington	27	10
gus	27	3
clan	27	4
condannato	26	10
mercato	26	7
conto	26	5
cose	26	4
dov'	26	4
acqua	26	5
fondo	26	5
ipocriti	26	8
quelle	26	6
addio	26	5
piacere	26	7
ballantine	26	10
ah	26	2
potuto	26	6
salute	26	6
prego	26	5
bacio	26	5
cella	26	5
appartamento	26	12
agitatori	26	9
misterioso	26	10
cabiria	26	7
lontana	26	7
vampiro	26	7
bianca	25	6
perchè	25	6
vendetta	25	8
sole	25	4
fuga	25	4
luna	25	4
incontro	25	8
puoi	25	4
raggiungere	25	11
bandiera	25	8
infine	25	6
ufficiale	25	9
dare	25	4
ballo	25	5
felicità	25	8
farò	25	4
criminale	25	9
dollon	25	6
poveri	25	6
investigatore	25	13
pomeriggio	25	10
cartagine	24	9
vittima	24	7
fortuna	24	7
forte	24	5
futuro	24	6
prende	24	6
sentenza	24	8
bordo	24	5
morire	24	6
fiamme	24	6
trono	24	5
ehi	24	3
soldato	24	7
annie	24	5
bella	24	5
state	24	5
guardate	24	8
sicurezza	24	9
conseguenze	24	11
parola	24	6
voglia	24	6
aiutare	24	7
rosa	24	4
lavora	24	6
mite	24	4
massinissa	24	10
schiavi	24	7
klan	24	4
darn	24	4
giro	23	4
partenza	23	8
supplica	23	8
spettacolo	23	10
però	23	4
ricerca	23	7
traditore	23	9
terzo	23	5
né	23	2
esercito	23	8
risultati	23	9
stasera	23	7
venire	23	6
potrebbe	23	8
ospedale	23	8
arresto	23	7
nostre	23	6
pericolo	23	8
signori	23	7
medico	23	6
villa	23	5
ostilità	23	8
terre	23	5
appello	23	7
sacra	23	5
pochi	23	5
periodo	23	7
lee	23	3
antichi	23	7
diana	23	5
legge	22	5
invece	22	6
mostro	22	6
sacrificio	22	10
deciso	22	6
oltre	22	5
morale	22	6
vivo	22	4
reso	22	4
vivere	22	6
rivolta	22	7
riconosce	22	9
reggimento	22	10
prove	22	5
avrà	22	4
avuto	22	5
sarei	22	5
sembra	22	6
metri	22	5
lungo	22	5
preghiera	22	9
georges	22	7
perle	22	5
padrone	22	7
francia	22	7
sorellina	22	9
impero	22	6
perpetuo	22	8
guerriero	22	9
vallieres	22	9
stanno	21	6
ultimi	21	6
accetta	21	7
lord	21	4
nipote	21	6
chiama	21	6
mezzo	21	5
prega	21	5
peccato	21	7
dolce	21	5
scena	21	5
negli	21	5
odio	21	4
minaccia	21	8
terribile	21	9
sette	21	5
nave	21	4
culto	21	5
portato	21	7
allo	21	4
firma	21	5
saremo	21	6
nuovi	21	5
prepara	21	7
ricevuto	21	8
teatro	21	6
george	21	6
sumner	21	6
strade	21	6
silas	21	5
processo	21	8
contrabbandieri	21	15
sparato	21	7
dondolio	21	8
coligny	21	7
mercenario	21	10
moraliste	21	9
massacro	21	8
niente	20	6
tenta	20	5
papà	20	4
amo	20	3
fede	20	4
compagnia	20	9
lasciate	20	8
punto	20	5
racconto	20	8
persona	20	7
croce	20	5
altre	20	5
alcuna	20	6
lascia	20	6
dimenticare	20	11
kali	20	4
comprare	20	8
possiamo	20	8
maggio	20	6
thug	20	4
qualsiasi	20	9
pronto	20	6
sicuro	20	6
anch'	20	5
sposare	20	7
eroe	20	4
proposta	20	8
avendo	20	6
appuntamento	20	12
pierre	20	6
immediatamente	20	14
segretario	20	10
governante	20	10
bottino	20	7
esempio	20	7
tentativo	20	9
cappotto	20	8
lotta	20	5
fiore	20	5
spada	20	5
bassifondi	20	10
congresso	20	9
moréno	20	6
elevazione	20	10
sai	19	3
pensando	19	8
giura	19	5
distruzione	19	11
nobile	19	6
tornare	19	7
prova	19	5
presso	19	6
forza	19	5
passione	19	8
bocca	19	5
parole	19	6
dono	19	4
arte	19	4
fra	19	3
arrivano	19	8
sperando	19	8
osserva	19	7
misteriosa	19	10
andate	19	6
vittime	19	7
successo	19	8
volete	19	6
vorrei	19	6
stai	19	4
vado	19	4
ladro	19	5
venite	19	6
lato	19	4
foto	19	4
banca	19	5
incidente	19	9
gaumont	19	7
capitale	19	8
siate	19	5
informato	19	9
lantier	19	7
malato	19	6
prese	19	5
farà	19	4
contessa	19	8
assistenza	19	10
vive	19	4
liberazione	19	11
mulino	19	6
ricordo	19	7
campi	19	5
roma	19	4
nascita	19	7
ricordi	19	7
mulatto	19	7
radicale	19	8
rappresentanti	19	14
siviglia	19	8
pistola	19	7
stagione	19	8
tremeuse	19	8
liquirizia	19	10
vanno	18	5
mesi	18	4
sospetto	18	8
prezzo	18	6
ama	18	3
corte	18	5
pagato	18	6
eterna	18	6
fiume	18	5
qualunque	18	9
pena	18	4
peccatori	18	9
navarra	18	7
entro	18	5
patria	18	6
possibile	18	9
quindi	18	6
bellezza	18	8
dà	18	2
the	18	3
inizio	18	6
preparativi	18	11
giardino	18	8
zio	18	3
macchesney	18	10
informazioni	18	12
gentile	18	7
idea	18	4
giornalista	18	11
gelosia	18	7
somma	18	5
complice	18	8
morta	18	5
quartiere	18	9
seguendo	18	8
isola	18	5
mostra	18	6
uguale	18	6
personale	18	9
azione	18	6
operai	18	6
sale	18	4
dr	18	2
ospite	18	6
wilson	18	6
axilla	18	6
conquistatore	18	13
accampamento	18	12
kutt	18	4
filibus	18	7
confederazione	18	14
confederati	18	11
rossa	18	5
giornata	18	8
morales	18	7
baldwin	18	7
pola	18	4
vogliono	17	8
fidanzata	17	9
spesso	17	6
darò	17	4
sposa	17	5
persone	17	7
stazione	17	8
lasciare	17	8
famoso	17	6
cristo	17	6
diventa	17	7
comune	17	6
pronti	17	6
salve	17	5
membri	17	6
terribili	17	9
lacrime	17	7
vicina	17	6
punito	17	6
cercano	17	7
ottenere	17	8
anello	17	6
aria	17	4
mac	17	3
stare	17	5
carica	17	6
direzione	17	9
sarai	17	5
credo	17	5
metà	17	4
amato	17	5
auto	17	4
mira	17	4
inizia	17	6
colpevole	17	9
ruolo	17	5
lady	17	4
cadavere	17	8
thomery	17	7
rivale	17	6
roger	17	5
didascalie	17	10
beneficenza	17	11
lettere	17	7
ex	17	2
difesa	17	6
ospiti	17	6
charlot	17	7
storie	17	6
romano	17	6
colomba	17	7
resa	17	4
hendy	17	5
sur	17	3
negra	17	5
usare	17	5
colpito	17	7
tornando	17	8
inseguimento	17	12
jose	17	4
sposi	17	5
s.bartolomeo	17	12
bartolomeo	17	10
giù	16	3
dicono	16	6
uccide	16	6
arena	16	5
libero	16	6
rifugio	16	7
desiderio	16	9
giovanni	16	8
amante	16	6
ragione	16	7
leone	16	5
quei	16	4
libro	16	5
cade	16	4
demoni	16	6
ideali	16	6
storici	16	7
simbolo	16	7
affari	16	6
venuto	16	6
ideale	16	6
proprietà	16	9
chiesa	16	6
banchetto	16	9
navicella	16	9
cortile	16	7
dolori	16	6
doveva	16	6
vigilia	16	7
pieno	16	5
birra	16	5
saranno	16	7
autorità	16	8
monte	16	5
accettare	16	9
sconosciuto	16	11
comitato	16	8
gioielli	16	8
agenzia	16	7
perdita	16	7
volte	16	5
presenti	16	8
sig	16	3
caffè	16	5
sofonisba	16	9
cirta	16	5
bianche	16	7
antico	16	6
les	16	3
mondial	16	7
nox	16	3
segno	16	5
troviamo	16	8
linee	16	5
clemenza	16	8
robert	16	6
lega	16	4
escamillo	16	9
monsieur	16	8
distretto	16	9
sequestro	16	9
mangiare	15	8
fosse	15	5
arrestato	15	9
offerta	15	7
circolo	15	7
asdrubale	15	9
john	15	4
aspettando	15	10
eterno	15	6
ricorda	15	7
messo	15	5
maestro	15	7
universale	15	10
caccia	15	6
indietro	15	8
soltanto	15	8
passaggio	15	9
avvicina	15	8
cavallo	15	7
sopra	15	5
perso	15	5
vite	15	4
permette	15	8
triste	15	6
entrare	15	7
fondi	15	5
qualcuno	15	8
assalto	15	7
segnale	15	7
strano	15	6
fretta	15	6
prendi	15	6
vostri	15	6
dita	15	4
venerdì	15	7
tue	15	3
vengo	15	5
chiave	15	6
rubato	15	6
prigioniero	15	11
parla	15	5
arrivato	15	8
fiducia	15	7
abbastanza	15	10
compagni	15	8
artiglieria	15	11
scopre	15	6
vice	15	4
sonia	15	5
ricevimento	15	11
quarta	15	6
interpreti	15	10
restauro	15	8
crimine	15	7
baronessa	15	9
istruttore	15	10
interesse	15	9
cinema	15	6
originale	15	9
uniti	15	5
balduin	15	7
carlo	15	5
contrammiraglio	15	15
chiedere	15	8
errore	15	6
militare	15	8
appartiene	15	10
conoscere	15	9
pegno	15	5
trovarti	15	8
zia	15	3
milizia	15	7
infermiera	15	10
ospedali	15	8
iniziano	15	8
assassinio	15	10
carità	15	6
contrabbando	15	12
mamie	15	5
serve	15	5
fontainebleau	15	13
edna	15	4
ambiente	15	8
religione	15	9
intollerante	15	12
argento	15	7
sposarti	15	8
combatti	15	8
muore	15	5
almeno	14	6
farsi	14	5
sara	14	4
nonostante	14	10
ricco	14	5
incontrare	14	10
stanotte	14	8
unico	14	5
decisione	14	9
quelli	14	6
conduce	14	7
s'	14	2
rivolgono	14	9
nido	14	4
petto	14	5
vai	14	3
animali	14	7
dovuto	14	6
bollente	14	8
getta	14	5
pasto	14	5
militari	14	8
cena	14	4
libera	14	6
cielo	14	5
serpente	14	8
uscire	14	6
riferisce	14	9
sé	14	2
assedio	14	7
rapidamente	14	11
duro	14	4
presenza	14	8
baci	14	4
versione	14	8
molte	14	5
nessuna	14	7
sapere	14	6
sospetti	14	8
compiere	14	8
verremo	14	7
miglior	14	7
minuti	14	6
gioco	14	5
paese	14	5
bambina	14	7
desidera	14	8
gioventù	14	8
inchiesta	14	9
neuilly	14	7
gurn	14	4
conosce	14	7
avevano	14	7
felici	14	6
soprattutto	14	11
mese	14	4
proveniente	14	11
stabilito	14	9
ingegnere	14	9
conquistare	14	11
pozione	14	7
marchesa	14	8
rinnegato	14	9
campagna	14	8
giornali	14	8
pradier	14	7
croessa	14	7
siface	14	6
traduzione	14	10
simpson	14	7
capi	14	4
temiamo	14	7
cotone	14	6
ambiziosi	14	9
volontari	14	9
nicolay	14	7
hay	14	3
presidenziale	14	13
bull	14	4
run	14	3
bombardamento	14	13
mais	14	4
trincee	14	7
separate	14	8
centinaia	14	9
phil	14	4
grant	14	5
dettagli	14	8
senatore	14	8
carpetbagger	14	12
permettono	14	10
's	14	2
risultato	14	9
spie	14	4
potersi	14	7
veterani	14	8
costumi	14	7
capanna	14	7
satanas	14	7
madri	14	5
satana	14	6
monro	14	5
camminare	14	9
gioie	14	5
coinvolgere	14	11
cana	14	4
galilea	14	7
ix	14	2
france	14	6
effeminato	14	10
protestante	14	11
ammiraglio	14	10
ugonotto	14	8
magnifico	14	9
pensasse	14	8
celebra	14	7
margherita	14	10
valois	14	6
enrico	14	6
ambientata	14	10
imgur	14	5
persiani	14	8
effige	14	6
nabonida	14	8
bighe	14	5
selvatica	14	9
moralizzatori	14	13
intolleranti	14	12
impone	14	6
boss	14	4
barbari	14	7
lancia	14	6
rotoli	14	6
prigioni	14	8
denver	14	6
yacht	14	5
chiedono	13	8
cieca	13	5
affinché	13	8
pura	13	4
migliore	13	8
ovest	13	5
ognuno	13	6
rifiuto	13	7
produzione	13	10
regia	13	5
divina	13	6
fame	13	4
orribile	13	8
sarò	13	4
poiché	13	6
interno	13	7
vento	13	5
furono	13	6
colpa	13	5
oscuro	13	6
eventi	13	6
quasi	13	5
presenta	13	8
posizione	13	9
piena	13	5
poter	13	5
iii	13	3
pietra	13	6
collo	13	5
attenti	13	7
passa	13	5
mettere	13	7
elena	13	5
cosi	13	4
successivo	13	10
piccoli	13	7
colpo	13	5
astronomi	13	9
ero	13	3
diavolo	13	7
coraggioso	13	10
dici	13	4
comando	13	7
sinistra	13	8
raccolta	13	8
povera	13	6
adunata	13	7
insolenza	13	9
matto	13	5
avrai	13	5
attacco	13	7
grado	13	5
cameriera	13	9
assassinato	13	11
società	13	7
disposizione	13	12
dramma	13	6
crimini	13	7
ferito	13	6
diventato	13	9
strana	13	6
chaval	13	6
minatori	13	8
paga	13	4
uniscono	13	8
grave	13	5
fatta	13	5
ufficiali	13	9
passero	13	7
sacrifici	13	9
invia	13	5
attaccare	13	9
inviate	13	7
marie	13	5
disse	13	5
stia	13	4
nera	13	4
turno	13	5
natale	13	6
sovrani	13	7
recuperare	13	10
riempire	13	8
hall	13	4
abiti	13	5
pastia	13	6
verdier	13	7
ancelle	13	7
alti	13	4
soglie	13	6
mogli	13	5
tutela	13	6
memorabile	13	10
persiano	13	8
chiuse	13	6
allat	13	5
sergio	13	6
ovunque	12	7
ingresso	12	8
ritorna	12	7
studio	12	6
valle	12	5
danza	12	5
amaro	12	5
memoria	12	7
fuggire	12	7
centro	12	6
cammino	12	7
entrata	12	7
tempesta	12	8
francesca	12	9
legno	12	5
diavoli	12	7
problema	12	8
trovano	12	7
tomba	12	5
ella	12	4
dieci	12	5
maggior	12	7
leggere	12	7
ladri	12	5
consiglieri	12	11
tratta	12	6
lasciato	12	8
belle	12	5
luogo	12	5
chiamato	12	8
ira	12	3
jeanne	12	6
tornano	12	7
elefante	12	8
piace	12	5
avevo	12	5
higginbotham	12	12
gunga	12	5
fate	12	4
fai	12	3
povero	12	6
lascio	12	6
gioia	12	5
tempi	12	5
organizzare	12	11
sbarre	12	6
impiccato	12	9
braccia	12	7
terrò	12	5
tracce	12	6
dammi	12	5
trappola	12	8
tranquillo	12	10
dovrebbe	12	8
avvertire	12	9
sinistro	12	8
corre	12	5
chiamare	12	8
bisogna	12	7
terza	12	5
alta	12	4
apoecides	12	9
erede	12	5
affetto	12	7
verrà	12	5
mattugio	12	8
calais	12	6
louvain	12	7
karthalo	12	8
console	12	7
vinto	12	5
farle	12	5
pensare	12	7
prodotto	12	8
griffith	12	8
riportato	12	9
moriamo	12	7
tostato	12	7
continuare	12	10
trattati	12	8
avventurieri	12	12
scrittura	12	9
merce	12	5
ballare	12	7
arakau	12	6
hardy	12	5
winslow	12	7
dallo	12	5
cabina	12	6
renoux	12	6
duval	12	5
juliette	12	8
werner	12	6
indirizzo	12	9
intriganti	12	10
negligenti	12	10
bertin	12	6
sottomarino	12	11
facendo	11	7
voce	11	4
oppure	11	6
vederla	11	7
borsa	11	5
ricchezza	11	9
umano	11	5
piangere	11	8
piangono	11	8
finisce	11	7
cura	11	4
assediata	11	9
moloch	11	6
attende	11	7
ballerina	11	9
restare	11	7
pensione	11	8
selva	11	5
dura	11	4
virtù	11	5
salire	11	6
muove	11	5
cerchio	11	7
sii	11	3
soli	11	4
alcun	11	5
inutile	11	7
predice	11	7
immersi	11	7
respinto	11	8
torre	11	5
abbandona	11	9
motivo	11	6
essi	11	4
attimo	11	6
nascosto	11	8
lago	11	4
vuol	11	4
ugolino	11	7
immagine	11	8
progetto	11	8
pericoli	11	8
meno	11	4
voci	11	4
sente	11	5
silenzio	11	8
genere	11	6
lasciano	11	8
portati	11	7
villaggio	11	9
perdere	11	7
lì	11	2
valore	11	6
segreta	11	7
bue	11	3
amicizia	11	8
chiusa	11	6
colline	11	7
padri	11	5
elefanti	11	8
brutta	11	6
unica	11	5
allegria	11	8
arrivando	11	9
vivente	11	7
stampa	11	6
audace	11	6
notaio	11	6
canta	11	5
scomparso	11	9
allegra	11	7
intorno	11	7
braccio	11	7
indagine	11	8
visitare	11	8
tuttavia	11	8
cineteca	11	8
poliziotto	11	10
condizioni	11	10
potrò	11	5
evitare	11	7
schiava	11	7
proteggere	11	10
miele	11	5
biblioteca	11	10
protagonista	11	12
vestito	11	7
corone	11	6
progetti	11	8
avvocato	11	8
spiaggia	11	8
procuratore	11	11
mandato	11	7
complici	11	8
mandata	11	7
istante	11	7
messaggio	11	9
codice	11	6
consegnare	11	10
civile	11	6
sbagliata	11	9
attacchi	11	8
nasconde	11	8
potesse	11	7
obbligato	11	9
recente	11	7
prigionieri	11	11
intenzioni	11	10
convoglio	11	9
cher	11	4
usato	11	5
cappello	11	8
ribellione	11	10
tacco	11	5
ignorando	11	9
beni	11	4
splendida	11	9
agente	11	6
occidente	11	9
faccenda	11	8
puo	11	3
augustine	11	9
olio	11	4
owen	11	4
lontane	11	7
macchina	11	8
allato	11	6
rochefontaine	11	13
sablons	11	7
chiamano	10	8
fiori	10	5
falso	10	5
salvato	10	7
mary	10	4
risposta	10	8
comprato	10	8
controllo	10	9
saluti	10	6
sig.ra	10	6
scoperto	10	8
perfetto	10	8
mente	10	5
possano	10	7
genitori	10	8
umanità	10	7
qua	10	3
larga	10	5
considerato	10	11
riva	10	4
risveglio	10	9
quali	10	5
colombe	10	7
firenze	10	7
volontà	10	7
visitatori	10	10
linguaggio	10	10
carcere	10	7
giusto	10	6
vedendo	10	7
condotto	10	8
ministro	10	8
fedeltà	10	7
innocente	10	9
importante	10	10
spine	10	5
anno	10	4
bolgia	10	6
crocifisso	10	10
lentamente	10	10
vergogna	10	8
ciascuno	10	8
tentato	10	7
lucifero	10	8
traditori	10	9
chiamata	10	8
arcivescovo	10	11
morti	10	5
entrambi	10	8
diverso	10	7
restano	10	7
salutare	10	8
notare	10	6
aperte	10	6
nemmeno	10	7
menti	10	5
fianchi	10	7
danno	10	5
membro	10	6
cannone	10	7
esplosione	10	10
improvvisamente	10	15
linea	10	5
uso	10	3
carta	10	5
certo	10	5
sinist	10	6
tommy	10	5
provare	10	7
sufficiente	10	11
simile	10	6
vedo	10	4
spedizione	10	10
servo	10	5
numero	10	6
esecuzione	10	10
ami	10	3
bugie	10	5
lezione	10	7
vedremo	10	7
conoscete	10	9
tenere	10	6
sconvolta	10	9
urgente	10	7
artista	10	7
basato	10	6
scomparsa	10	9
celebre	10	7
macchia	10	7
nanteuil	10	8
conservazione	10	13
maheu	10	5
miniera	10	7
solleva	10	7
influenza	10	9
galleria	10	8
strega	10	6
comunità	10	8
primi	10	5
rue	10	3
barone	10	6
duello	10	6
riuscito	10	8
bancarotta	10	10
incapace	10	8
nobili	10	6
regalo	10	6
puro	10	4
serata	10	6
serie	10	5
rete	10	4
tom	10	3
corso	10	5
dovete	10	6
scheda	10	6
avvenimenti	10	11
governo	10	7
indomani	10	8
udienza	10	7
usa	10	3
portarvi	10	8
giusta	10	6
personalmente	10	13
arma	10	4
hardeff	10	7
pericolosa	10	10
combattere	10	10
joe	10	3
cadde	10	5
pensa	10	5
cattiva	10	7
sorte	10	5
scipione	10	8
venga	10	5
lettori	10	7
marfa	10	5
generoso	10	8
colonie	10	7
amari	10	5
caduto	10	6
inseparabile	10	12
arrivò	10	6
woodrow	10	7
civilizzazione	10	14
autentico	10	9
poterlo	10	7
festeggiamenti	10	14
combutta	10	8
duramente	10	9
island	10	6
ospitalità	10	10
preparando	10	10
perche	10	6
olaf	10	4
rifiutate	10	9
amen	10	4
dovrebbero	10	10
svolge	10	6
masu	10	4
costruito	10	9
secoli	10	6
cospiratori	10	11
verne	10	5
vilineff	10	8
resta	9	5
fanno	9	5
costa	9	5
forti	9	5
iside	9	5
innamorata	9	10
rifiuta	9	7
rara	9	4
propria	9	7
conosciuto	9	10
bar	9	3
porto	9	5
grezzo	9	6
rende	9	5
potenti	9	7
dovere	9	6
sposarmi	9	8
tesoro	9	6
salvezza	9	8
perduta	9	7
seme	9	4
dannati	9	7
viso	9	4
prodighi	9	8
avari	9	5
dite	9	4
altezza	9	7
strumenti	9	9
convinto	9	8
spiega	9	6
papa	9	4
suicidi	9	7
provano	9	7
accusato	9	8
fece	9	4
sporco	9	6
beffa	9	5
spese	9	5
chiunque	9	8
enormi	9	6
offre	9	5
atteggiamento	9	13
fiamma	9	6
azioni	9	6
orgoglio	9	8
concessa	9	8
movimento	9	9
albergo	9	7
negativo	9	8
riposo	9	6
età	9	3
successi	9	8
appare	9	6
orde	9	4
vedi	9	4
infuocata	9	9
tiene	9	5
protezione	9	10
esito	9	5
dimensioni	9	10
costringono	9	11
assemblea	9	9
alt	9	3
possono	9	7
vogliamo	9	8
difendere	9	9
barca	9	5
fianco	9	6
finchè	9	6
filo	9	4
armi	9	4
prendete	9	8
chiamo	9	6
cos'	9	4
corsa	9	5
cancello	9	8
potrei	9	6
arruolare	9	9
esatto	9	6
ragazzi	9	7
india	9	5
tornato	9	7
scritto	9	7
cocktail	9	8
marcia	9	6
sacre	9	5
sognare	9	7
permesso	9	8
fammi	9	5
diamanti	9	8
guru	9	4
rivederti	9	9
inglese	9	7
finito	9	6
andato	9	6
sparare	9	7
eccoti	9	6
proprietario	9	12
baffi	9	5
allarme	9	7
coinvolto	9	9
coprire	9	7
sterminare	9	10
essendo	9	7
effetto	9	7
restaurato	9	10
comunque	9	8
leoni	9	5
domestica	9	9
romanzo	9	7
documenti	9	9
affare	9	6
silenzioso	9	10
ignaro	9	6
scappare	9	8
guidati	9	7
dunque	9	6
acquistare	9	10
titoli	9	6
riguardo	9	8
miseria	9	7
riprendere	9	10
spinge	9	6
danzatrici	9	10
accusa	9	6
senato	9	6
giochi	9	6
avanza	9	6
suzanne	9	7
amministrazione	9	15
madame	9	6
cugino	9	6
modesto	9	7
soggiorno	9	9
liane	9	5
privati	9	7
possesso	9	8
quartieri	9	9
scoprire	9	8
lavori	9	6
chiuso	9	6
corrente	9	8
case	9	4
detenzione	9	10
luogotenente	9	12
magistrato	9	10
talvolta	9	8
doppia	9	6
assegno	9	7
riconoscere	9	11
darti	9	5
importanti	9	10
divisione	9	9
controlla	9	9
testimone	9	9
ricordate	9	9
toya	9	4
avversario	9	10
altare	9	6
pesante	9	7
secolo	9	6
tillie	9	6
cadendo	9	7
chiedo	9	6
batto	9	5
improvviso	9	10
terrore	9	7
movimenti	9	9
possente	9	8
impresa	9	7
fanciulli	9	9
consigliato	9	11
nascere	9	7
eletto	9	6
corona	9	6
regale	9	6
numidi	9	6
offro	9	5
consacrata	9	10
scelto	9	6
leo	9	3
dottore	9	7
attirare	9	8
renaud	9	6
protetto	9	8
scarpe	9	6
impegnato	9	9
chesnaye	9	8
deputati	9	8
margaret	9	8
brown	9	5
mulatta	9	7
abraham	9	7
indossa	9	7
seguire	9	7
poche	9	5
portata	9	7
impiccati	9	9
laura	9	5
freedman	9	8
messe	9	5
sessione	9	8
ispirazione	9	11
temere	9	6
civiltà	9	7
sociale	9	7
guardare	9	8
orda	9	4
scorre	9	6
compie	9	6
obiezioni	9	9
possibilità	9	11
fabbriche	9	9
onnipotente	9	11
sassi	9	5
falegname	9	9
unisce	9	6
dr.nox	9	6
avvelenato	9	10
condannata	9	10
port	9	4
vendres	9	7
civili	9	6
sigillo	9	7
juan	9	4
veloce	9	6
aiutami	9	7
don	9	3
speranze	9	8
sebbene	9	7
métadier	9	8
moderna	9	7
disperata	9	9
attività	9	8
stavo	9	5
casualmente	9	11
labbra	9	6
rese	9	4
perdono	9	7
uccideteli	9	10
abitazione	9	10
dodici	9	6
birargues	9	9
celeritas	9	9
mari	9	4
dimitri	9	7
arbaces	8	7
egitto	8	6
seguirli	8	8
attira	8	6
ieri	8	4
milioni	8	7
natura	8	6
tornerà	8	7
cresciuta	8	9
scene	8	5
incontra	8	8
propone	8	7
maniere	8	7
punizione	8	9
arrivata	8	8
dica	8	4
circo	8	5
forze	8	5
guardi	8	6
mostrare	8	8
puniti	8	6
fama	8	4
personaggi	8	10
grida	8	5
invita	8	6
pratica	8	7
riesce	8	6
pioggia	8	7
minacciato	8	10
difficile	8	9
sostenere	8	9
farinata	8	8
avesse	8	6
evento	8	6
verità	8	6
domanda	8	7
pier	8	4
confronti	8	9
destra	8	6
realtà	8	6
demone	8	6
sprezzante	8	10
rappresentati	8	13
condizione	8	10
zona	8	4
rivela	8	6
disperato	8	9
retta	8	5
profondo	8	8
ciascuna	8	8
duca	8	4
troia	8	5
sugli	8	5
attorno	8	7
vestiti	8	7
servitore	8	9
ricevono	8	8
flotta	8	6
portano	8	7
votato	8	6
cinque	8	6
clima	8	5
servi	8	5
tantrapur	8	9
trasmesso	8	9
banditi	8	7
eh	8	2
pubblicazioni	8	13
tramonto	8	8
gala	8	4
prenderò	8	8
bicchiere	8	9
coraggio	8	8
completamente	8	13
intenzione	8	10
bravo	8	5
manda	8	5
andrò	8	5
attento	8	7
trucchi	8	7
emana	8	5
sorpresa	8	8
torniamo	8	8
nozze	8	5
brutte	8	6
aspettare	8	9
tagliato	8	8
avessi	8	6
ricchi	8	6
riempie	8	7
risparmiate	8	11
soccorrere	8	10
eserciti	8	8
valoroso	8	8
bada	8	4
costringe	8	9
cantore	8	7
risvegliata	8	11
scusa	8	5
genero	8	6
debolezza	8	9
partire	8	7
nitrato	8	7
mortale	8	7
impronte	8	8
deboli	8	6
prefettura	8	10
incaricato	8	10
tenda	8	5
convalescente	8	13
opportuna	8	9
nuovamente	8	10
aspetto	8	7
danidoff	8	8
busta	8	5
andando	8	7
richard	8	7
valgrand	8	8
boia	8	4
chaleck	8	7
diversi	8	7
crede	8	5
montmartre	8	10
entrato	8	7
parco	8	5
usata	8	5
champreux	8	9
contributo	8	10
nascondeva	8	10
commissario	8	11
vibraye	8	7
elizabeth	8	9
aiutarmi	8	8
collana	8	7
impossibile	8	11
telefono	8	8
étienne	8	7
conseguenza	8	11
pericoloso	8	10
principali	8	10
tragico	8	7
misteri	8	7
taverna	8	7
protettore	8	10
bestia	8	6
aumenta	8	7
fanciulla	8	9
cambio	8	6
voleva	8	6
ospizio	8	7
ritrovare	8	9
dirle	8	5
altrimenti	8	10
ingannare	8	9
parigine	8	8
bob	8	3
sfida	8	5
duchessa	8	8
reazione	8	8
assolutamente	8	13
costruzione	8	11
passati	8	7
influente	8	9
faceva	8	6
jane	8	4
viaggiatori	8	11
ringrazio	8	9
riservati	8	9
coscienza	8	9
invio	8	5
conduttore	8	10
ingiustamente	8	13
compagno	8	8
differenti	8	10
banks	8	5
prendono	8	8
sbagliato	8	9
estate	8	6
disegni	8	7
marino	8	6
scala	8	5
vince	8	5
pontefice	8	9
bettola	8	7
implora	8	7
puri	8	4
numida	8	6
promette	8	8
incatenato	8	10
soccorso	8	8
consiglio	8	9
delicata	8	8
navi	8	4
harem	8	5
leonora	8	7
veri	8	4
mozzata	8	7
durtal	8	6
clement	8	7
sfortunato	8	10
tradito	8	7
koutiloff	8	9
inquisitore	8	11
certe	8	5
alias	8	5
telegramma	8	10
trovarmi	8	8
censura	8	7
bibbia	8	6
sforzo	8	6
intervallo	8	10
promettono	8	10
partono	8	7
costituito	8	10
teneri	8	6
avanzata	8	8
unionisti	8	9
brevetti	8	8
restituito	8	10
celebrare	8	9
ford	8	4
keene	8	5
palco	8	5
venne	8	5
quartier	8	8
illudere	8	8
liberi	8	6
costruirsi	8	10
secchio	8	7
canto	8	5
avvenuti	8	8
onorevole	8	9
dottrine	8	8
oscure	8	6
fiammeggiante	8	13
vendicare	8	9
intervenire	8	11
aristocrazia	8	12
ubriaco	8	7
gode	8	4
breccia	8	7
torero	8	6
diecimila	8	9
stanze	8	6
carissima	8	9
hornung	8	7
metadier	8	8
avenue	8	6
irresistibile	8	13
parc	8	4
fiordaliso	8	10
pollastrella	8	12
denunciato	8	10
irruzione	8	9
annunciato	8	10
quì	8	3
insediamento	8	12
montagne	8	8
mantello	8	8
coglie	8	6
cerimonia	8	9
studia	8	6
perfino	8	7
celebrano	8	9
straordinario	8	13
combinato	8	9
lys	8	3
orazzi	8	6
tavola	8	6
potresti	8	8
periodi	8	7
cast	8	4
abbiano	8	7
passioni	8	8
potessimo	8	9
rovine	8	6
cipolle	8	7
darebbe	8	7
vergini	8	7
bimba	8	5
maria	8	5
discreto	8	8
giovinezza	8	10
somme	8	5
ugualmente	8	10
eravate	8	7
reputazione	8	11
costruire	8	9
bimbo	8	5
legione	8	7
eccitato	8	8
ignara	8	6
splendore	8	9
neve	8	4
dovessi	8	7
daisy	8	5
rouge	8	5
cacciatori	8	10
prof.	8	5
aronnax	8	7
nautilus	8	8
coke	8	4
ennyday	8	7
pesto	7	5
cercando	7	8
greca	7	5
nascondere	7	10
credere	7	7
disperazione	7	12
vesuvio	7	7
cibo	7	4
meraviglioso	7	12
creatore	7	8
saluto	7	6
invito	7	6
immagina	7	8
beatrice	7	8
pelle	7	5
faccio	7	6
grazia	7	6
pagano	7	6
sesto	7	5
cenno	7	5
spiriti	7	7
coloro	7	6
grido	7	5
cani	7	4
dicendo	7	7
potrà	7	5
ii	7	2
trasformati	7	11
alberi	7	6
pietà	7	5
vigne	7	5
colui	7	5
animo	7	5
innocenza	7	9
largo	7	5
totale	7	6
coi	7	3
esterno	7	7
furto	7	5
pubblico	7	8
risponde	7	8
conoscenza	7	10
abissi	7	6
busto	7	5
preda	7	5
anteo	7	5
fiero	7	5
esser	7	5
catturato	7	9
data	7	4
stelle	7	6
genio	7	5
gola	7	4
ce	7	2
ansioso	7	7
lingua	7	6
discordia	7	9
mette	7	5
ritornare	7	9
laboratorio	7	11
aprire	7	6
polvere	7	7
potete	7	6
deserto	7	7
ascolta	7	7
rose	7	4
lasci	7	5
tè	7	2
rapporto	7	8
religioso	7	9
faremo	7	6
capito	7	6
bere	7	4
attaccano	7	9
ferma	7	5
chiesto	7	7
sonno	7	5
uccidete	7	8
saperlo	7	7
baracca	7	7
vada	7	4
abbandonato	7	11
cacciatore	7	10
uniforme	7	8
perciò	7	6
desidero	7	8
prendo	7	6
sento	7	5
vedova	7	6
spade	7	5
annibale	7	8
ricevere	7	8
caporale	7	8
defunto	7	7
fidanzato	7	9
riconosciuto	7	12
bandito	7	7
viva	7	4
africa	7	6
scarafaggio	7	11
corrispondente	7	14
viale	7	5
mantenere	7	9
evasione	7	8
reporter	7	8
uscita	7	6
mercoledì	7	9
passando	7	8
detenuto	7	8
recenti	7	7
domattina	7	9
scrivere	7	8
copia	7	5
montsou	7	7
catherine	7	9
malgrado	7	8
négrel	7	6
spinti	7	6
comandante	7	10
abbandonata	7	11
accompagnato	7	12
magia	7	5
dubbio	7	6
miracolo	7	8
studente	7	8
praga	7	5
pagate	7	6
ingeborg	7	8
malata	7	6
cabello	7	7
leggi	7	5
arrestare	7	9
periferia	7	9
portando	7	8
pranzo	7	6
giornale	7	8
piccioni	7	8
ritratto	7	8
convincere	7	10
yamaki	7	6
fascino	7	7
charlie	7	7
crescendo	7	9
audacia	7	7
gertie	7	6
ballerà	7	7
sorride	7	7
acque	7	5
commiato	7	8
chaplin	7	7
morente	7	7
sandy	7	5
ricompensa	7	10
tarda	7	5
crittogramma	7	12
sospendere	7	10
clienti	7	7
veleno	7	6
frank	7	5
rivendicazione	7	14
offendere	7	9
oscenità	7	8
opere	7	5
shakespeare	7	11
abolizionisti	7	13
xix	7	3
chiameremo	7	10
austin	7	6
pennsylvania	7	12
bennie	7	6
educata	7	7
piantagione	7	11
cornwallis	7	10
arrese	7	6
singole	7	7
secessione	7	10
lydia	7	5
bruschi	7	7
rivedersi	7	9
proclama	7	8
imporre	7	7
nascente	7	8
singoli	7	7
contingente	7	11
falò	7	4
ballano	7	7
anziani	7	7
battezzata	7	10
gloriosamente	7	13
fissata	7	7
muoio	7	5
sfregiata	7	9
riaccendono	7	11
incontrano	7	10
leggono	7	7
pagina	7	6
arruola	7	7
atlanta	7	7
petersburg	7	10
manovra	7	7
batterie	7	8
mortai	7	6
finale	7	6
persa	7	5
vittorioso	7	10
allestito	7	9
guerrigliero	7	12
curare	7	6
appomattox	7	10
u.s	7	3
wilmer	7	6
mclean	7	6
horace	7	6
porter	7	6
combattendo	7	11
sovranità	7	9
daniel	7	6
webster	7	7
dimesso	7	7
patata	7	6
ermellino	7	9
protesta	7	8
province	7	8
conquistate	7	11
tratterò	7	8
guarigione	7	10
assistono	7	9
apposta	7	7
wilkes	7	6
booth	7	5
tiranni	7	7
seward	7	6
agonia	7	6
presentazione	7	13
riflettere	7	10
estratti	7	8
usi	7	3
istinto	7	7
capitol	7	7
hill	7	4
editto	7	6
seminando	7	9
celebrazione	7	12
provviste	7	9
ignorante	7	9
arie	7	4
oltraggi	7	8
giuria	7	6
suscita	7	7
simpatia	7	8
master	7	6
basata	7	6
columbus	7	8
legislativa	7	11
ulster	7	6
minoranza	7	9
tristi	7	6
nocive	7	6
anarchia	7	8
gettysburg	7	10
terrorizzare	7	12
linch	7	5
schiacceremo	7	12
fuorilegge	7	10
rompe	7	5
consola	7	7
sconsolato	7	10
sorgente	7	8
imparato	7	8
dolci	7	5
addolorò	7	8
invisibile	7	10
oltraggiata	7	11
indomita	7	8
scozia	7	6
spengo	7	6
macchiato	7	9
sabbie	7	6
titano	7	6
contea	7	6
disarmare	7	9
scovare	7	7
amarezza	7	8
frantumati	7	10
abitata	7	7
frustarlo	7	9
costruirò	7	9
preparare	7	9
forzato	7	7
assegnata	7	9
destini	7	7
impazziti	7	9
travestite	7	10
arrendersi	7	10
simpatizzanti	7	13
osiamo	7	6
dorato	7	6
fraterno	7	8
indivisibile	7	12
pari	7	4
riunito	7	7
seguenti	7	8
averti	7	6
new	7	3
d.	7	2
accanto	7	7
assistente	7	10
st	7	2
bremontier	7	10
miliardario	7	11
affascinanti	7	12
maison	7	6
gatta	7	5
equipaggio	7	10
amica	7	5
enoch	7	5
prenda	7	6
legittimo	7	9
fleur	7	5
maud	7	4
lebel	7	5
promise	7	7
compone	7	7
ambientate	7	10
combattuto	7	10
scoprirete	7	10
oscillazione	7	12
proponendo	7	10
ambiziose	7	9
unite	7	5
riformisti	7	10
finanziati	7	10
t.	7	2
nubile	7	6
magnate	7	7
industria	7	9
sfiorita	7	8
amaramente	7	10
galline	7	7
oche	7	4
dose	7	4
soddisfazione	7	13
gerusalemme	7	11
bottega	7	7
betlemme	7	8
donato	7	6
jaffa	7	5
giudei	7	6
eruditi	7	7
discredito	7	10
pregano	7	7
pretendono	7	10
cessi	7	5
avermi	7	6
focolaio	7	8
passatempi	7	10
cattolica	7	9
garantire	7	9
latour	7	6
amareggiata	7	11
schierarsi	7	10
svago	7	5
ecclesiaste	7	11
assaggiare	7	10
abitudini	7	9
popoli	7	6
coltivatori	7	11
indiani	7	7
carovane	7	8
egiziani	7	8
aggirano	7	8
suisana	7	7
marduk	7	6
supremo	7	7
arca	7	4
cumulo	7	6
nasceranno	7	10
gigli	7	5
apostolo	7	8
tolleranza	7	10
cingevano	7	9
alte	7	4
larghe	7	6
forzare	7	7
favorita	7	8
cedro	7	5
fulmine	7	7
vivace	7	6
babilonese	7	10
conformemente	7	13
hammurabi	7	9
difendeva	7	9
trovarle	7	8
perpetuamente	7	13
dondola	7	7
connette	7	8
riprendiamo	7	11
dividendi	7	9
industrie	7	9
crescenti	7	9
richieste	7	9
lamenta	7	7
contribuendo	7	12
fargli	7	6
ordinate	7	8
taglio	7	6
salari	7	6
spremono	7	8
affamata	7	8
sgomberare	7	10
esodo	7	5
altrove	7	7
aspirazioni	7	11
trasferiscono	7	13
lucide	7	6
erodoto	7	7
vagabonde	7	9
banditore	7	9
ninive	7	6
mercanzia	7	9
esposta	7	7
leggera	7	7
sottana	7	7
mina	7	4
pidocchi	7	8
topi	7	4
regna	7	5
cocente	7	7
cimici	7	6
convertire	7	10
profumi	7	7
assinnu	7	7
amerò	7	5
costruirle	7	10
fragrante	7	9
giovanissimo	7	12
impostole	7	9
geranio	7	7
ritroviamo	7	10
furfante	7	8
camminata	7	9
chiosco	7	7
copertura	7	9
traffici	7	8
nazareth	7	8
ii-	7	3
riprodotta	7	10
troppa	7	6
baldoria	7	8
patiscono	7	9
berne	7	5
ebraica	7	7
coney	7	5
ragazze	7	7
spiegato	7	8
madonna	7	7
supponi	7	7
sposiamo	7	8
distribuite	7	11
fariseo	7	7
beone	7	5
matteo	7	6
xi-	7	3
colta	7	5
adulterio	7	9
costei	7	6
viii	7	4
scagli	7	6
diciassette	7	11
ripulito	7	8
riferiscono	7	11
distillatore	7	12
leggeri	7	7
rinvigorito	7	11
incamminarsi	7	12
tende	7	5
refurtiva	7	9
rifilata	7	8
pessima	7	7
infranto	7	8
risanamento	7	11
china	7	5
mattone	7	7
fondamenta	7	10
naram	7	5
sin	7	3
avvicinando	7	11
inizieremo	7	10
titanico	7	8
situato	7	7
eufrate	7	7
commerciale	7	11
perfido	7	7
rassicuranti	7	12
medi	7	4
esercitarsi	7	11
etiopi	7	6
affermando	7	10
inefficienti	7	12
raffreddore	7	11
rimedio	7	7
censurato	7	9
privato	7	7
indagano	7	8
dannoso	7	7
maschile	7	8
passatempo	7	10
minaccioso	7	10
riferito	7	8
infiammare	7	10
cattolici	7	9
protestanti	7	11
nimes	7	5
perirono	7	8
dipendono	7	9
sterminio	7	9
forgiata	7	8
difese	7	6
scrigno	7	7
ritornerete	7	11
trombe	7	6
tamburi	7	7
sfido	7	5
semoventi	7	9
ricoperte	7	9
pelli	7	5
catapulte	7	9
arieti	7	6
balestre	7	8
templi	7	6
brucia	7	6
incenso	7	7
perdonaci	7	9
ripete	7	6
orrori	7	6
travi	7	5
contrastano	7	11
minacciosa	7	10
incendiare	7	10
armata	7	6
respinta	7	8
basati	7	6
pergamena	7	9
narrano	7	7
descrivono	7	10
sistema	7	7
divenne	7	7
carpisce	7	8
riavere	7	7
balshazzar	7	10
elargisce	7	9
miglio	7	6
raffigurato	7	11
lode	7	4
margine	7	7
rendono	7	7
egibi	7	5
babilonesi	7	10
feste	7	5
duravano	7	8
raffreddato	7	11
ultimati	7	8
vantandosi	7	10
seduta	7	6
sterminarli	7	11
sterminati	7	10
rimproverarmi	7	13
promessi	7	8
spengono	7	8
candele	7	7
perplesso	7	9
resurrezione	7	12
tammuz	7	6
candida	7	7
flirt	7	5
insospettita	7	12
odiati	7	6
opportuno	7	9
indiziarie	7	10
ponzio	7	6
pilato	7	6
tesse	7	5
lodi	7	4
impulso	7	7
spiraglio	7	9
stupito	7	7
finisse	7	7
cospirazione	7	12
fermali	7	7
ripagata	7	8
divampa	7	7
lasciapassare	7	13
baccanale	7	9
gobryas	7	7
ritardato	7	9
indugia	7	7
varca	7	5
servitori	7	9
prigionia	7	9
seguiate	7	8
cannoni	7	7
seine	7	5
chateau	7	7
squali	7	6
alexis	7	6
guida	6	5
comanda	6	7
tranquilla	6	10
siano	6	5
pompei	6	6
compassione	6	11
inganno	6	7
salva	6	5
crudele	6	7
richiesta	6	9
guadagnare	6	10
dormire	6	7
presentato	6	10
buone	6	5
schiavo	6	7
piacerebbe	6	10
fatidica	6	8
piani	6	5
trovarsi	6	8
oscura	6	6
significato	6	11
rappresenta	6	11
contento	6	8
ove	6	3
intervento	6	10
entrate	6	7
parlato	6	7
incapaci	6	8
testimonianza	6	13
rabbia	6	6
gravi	6	5
angelo	6	6
onesto	6	6
drammatico	6	10
sconfitta	6	9
provoca	6	7
sguardo	6	7
vano	6	4
glorioso	6	8
pisa	6	4
tortura	6	7
suicidio	6	8
base	6	4
incendio	6	8
parenti	6	7
pece	6	4
custodi	6	7
vicini	6	6
sceglie	6	7
figura	6	6
immoralità	6	10
tentano	6	7
successiva	6	10
fossa	6	5
serpenti	6	8
agguato	6	7
sete	6	4
capelli	6	7
bestiale	6	8
impotente	6	9
veramente	6	9
esse	6	4
freddo	6	6
grotta	6	6
bruto	6	5
disperatamente	6	14
simboleggia	6	11
venuta	6	6
alza	6	4
uccelli	6	7
invano	6	6
riposare	6	8
sentire	6	7
of	6	2
commissione	6	11
attendono	6	9
scendere	6	8
mille	6	5
maestà	6	6
marsch	6	6
mitchell	6	8
plotone	6	7
dev'	6	4
maledetta	6	9
maniera	6	7
utile	6	5
deliziosa	6	9
posta	6	5
prendendo	6	9
osa	6	3
dico	6	4
finestra	6	8
noia	6	4
avvertito	6	9
offerto	6	7
diventare	6	9
parli	6	5
farmi	6	5
legato	6	6
significa	6	9
date	6	4
sacri	6	5
andremo	6	7
solito	6	6
prezioso	6	8
minuto	6	6
codardo	6	7
laggiù	6	6
ordino	6	6
rimanere	6	8
ombra	6	5
poteva	6	6
nuove	6	5
forca	6	5
ve	6	2
aspettate	6	9
necessario	6	10
salvi	6	5
locale	6	6
infelice	6	8
distanza	6	8
sappiamo	6	8
perquisizione	6	13
licenziato	6	10
stabilimenti	6	12
collaboratore	6	13
portiere	6	8
notturno	6	8
santé	6	5
assassino	6	9
giustiziato	6	11
credeva	6	7
voluto	6	6
assenza	6	7
elegante	6	8
barru	6	5
rappresentante	6	14
vendita	6	7
raccogliere	6	11
respiro	6	7
musiche	6	7
albert	6	6
ritrovato	6	9
assunto	6	7
preparato	6	9
dep	6	3
accordo	6	7
auteuil	6	7
gas	6	3
ricerche	6	8
supporto	6	8
consiglia	6	9
cabaret	6	7
settimana	6	9
salvataggio	6	11
egizio	6	6
segretamente	6	12
claudio	6	7
padrona	6	7
minacce	6	7
magica	6	6
segreti	6	7
sosia	6	5
sfilata	6	7
atti	6	4
sogno	6	5
assassina	6	9
ricca	6	5
diede	6	5
rimasto	6	7
holm	6	4
principale	6	10
automobile	6	10
tranne	6	6
apparizione	6	11
paulet	6	6
partecipare	6	11
costume	6	7
situazione	6	10
tergall	6	7
europeo	6	7
scagnozzi	6	9
abito	6	5
giovanotto	6	10
cliente	6	7
do	6	2
affidato	6	8
x.	6	2
aperto	6	6
potremo	6	7
buddha	6	6
mabel	6	5
motzel	6	6
tristezza	6	9
ascoltare	6	9
etna	6	4
bettoliere	6	10
bodastoret	6	10
dona	6	4
ascoltami	6	9
vorace	6	6
sottratta	6	9
avorio	6	6
m'	6	2
viveva	6	6
elissa	6	6
battaglie	6	9
uccisa	6	6
ancor	6	5
andarsene	6	9
essermi	6	7
brive	6	5
luci	6	4
paziente	6	8
nazionale	6	9
dartois	6	7
agire	6	5
decapitato	6	10
salto	6	5
sologne	6	7
americana	6	9
andava	6	6
libretto	6	8
oscar	6	5
cloud	6	5
prigioniera	6	11
d.w.griffith	6	12
trasporto	6	9
kith	6	4
kim	6	3
trascorre	6	9
scalawag	6	8
debole	6	6
defraudare	6	10
miserere	6	8
rapsodie	6	8
spargimento	6	11
granai	6	6
scorrere	6	8
addolorarci	6	11
dormono	6	7
rifornimenti	6	12
dl	6	2
statale	6	7
sofferto	6	8
disastri	6	8
entrambe	6	8
risuona	6	7
aspetti	6	7
diritti	6	7
lobster	6	7
sigarette	6	9
york	6	4
affitto	6	7
o.	6	2
madison	6	7
bert	6	4
avrei	6	5
attrice	6	7
hardesty	6	8
alice	6	5
anton	6	5
arnold	6	6
doganale	6	8
spettro	6	7
bart	6	4
ritrovo	6	7
du	6	2
americani	6	9
aiuti	6	5
lavoratori	6	10
poichè	6	6
eaux	6	4
dipana	6	6
incontriamo	6	11
dispotico	6	9
angiò	6	5
riuscire	6	8
giacevano	6	9
a.c	6	3
mercanti	6	8
incuriositi	6	11
varcare	6	7
candidi	6	7
vorrai	6	6
amarmi	6	6
pò	6	2
goda	6	4
invidioso	6	9
profumata	6	9
eterea	6	6
incorregibile	6	13
pubblicità	6	10
migliorarci	6	11
obbligati	6	9
essenza	6	7
alcanna	6	7
segnati	6	7
antimonio	6	9
corrispondenti	6	14
sistemi	6	7
colombella	6	10
caverò	6	6
caratterino	6	11
sovrano	6	7
umiliata	6	8
rapsodo	6	7
limpida	6	7
promettente	6	11
imparerò	6	8
piacerò	6	7
imitare	6	7
peggiorare	6	10
santo	6	5
boccone	6	7
deriso	6	6
mortificazione	6	14
tessendo	6	8
stemperato	6	10
preferivano	6	11
ingordo	6	7
pubblicani	6	10
mosè	6	4
lapidata	6	8
ravvedimento	6	12
papaveri	6	8
conquistarsi	6	12
inviperito	6	10
regno	6	5
sacedote	6	8
manovre	6	7
associazioni	6	12
nonna	6	5
dispongono	6	10
scomparve	6	9
cuneiforme	6	10
cifrario	6	8
vendicherà	6	10
vili	6	4
propositi	6	9
incoraggia	6	10
nevers	6	6
tavannes	6	8
retz	6	4
birague	6	7
approverò	6	9
provvedimento	6	13
sviare	6	6
affievolisce	6	12
commemorare	6	11
armate	6	6
incoraggiamento	6	15
argomentazione	6	14
sentendo	6	8
carcerato	6	9
vagare	6	6
adito	6	5
campane	6	7
germain	6	7
estrema	6	7
unzione	6	7
incentivo	6	9
giglio	6	6
inizierò	6	8
spazzando	6	9
bracciali	6	9
immunità	6	8
distratte	6	9
bagordi	6	7
vana	6	4
riconducono	6	11
forgiate	6	8
intolerance	6	11
amaury	6	6
marianne	6	8
fà	6	2
leghe	6	5
daaker	6	6
costantino	6	10
clémenceau	6	10
pizza	5	5
falsa	5	5
maledetti	5	9
protagonisti	5	12
condannati	5	10
pronta	5	6
geloso	5	6
concede	5	7
grano	5	5
alto	5	4
patrimonio	5	10
adattamento	5	11
frankenstein	5	12
locanda	5	7
sceneggiatura	5	13
verrò	5	5
cordiali	5	8
domenica	5	8
potevo	5	6
perdonami	5	9
pensiero	5	8
intera	5	6
liberarsi	5	9
lupa	5	4
discende	5	8
comincia	5	8
cerchi	5	6
talento	5	7
entra	5	5
perduto	5	7
spazio	5	6
orazio	5	6
fui	5	3
parlando	5	8
bello	5	5
emozione	5	8
proseguire	5	10
minosse	5	7
chiamate	5	8
ali	5	3
eravamo	5	7
tremante	5	8
golosi	5	6
ciacco	5	6
quarto	5	6
maledetto	5	9
palude	5	6
divino	5	6
esilio	5	6
sofferenza	5	10
giudizio	5	8
personaggio	5	11
catene	5	6
ferro	5	5
gesto	5	5
rispetto	5	8
or	5	2
nomi	5	4
servizi	5	7
corrono	5	7
atmosfera	5	9
ulisse	5	6
considerata	5	11
giganti	5	7
assoluta	5	8
pozzo	5	5
strappa	5	7
crescere	5	8
infamia	5	7
conti	5	5
narra	5	5
quinto	5	6
fumo	5	4
vicenda	5	7
nipoti	5	6
cane	5	4
frate	5	5
ghiaccio	5	8
vidi	5	4
seguirlo	5	8
baciò	5	5
tieni	5	5
cervello	5	8
pavimento	5	9
neri	5	4
necessità	5	9
scende	5	6
greci	5	5
carte	5	5
assistere	5	9
sparo	5	5
esegue	5	6
seleniti	5	8
salvo	5	5
corda	5	5
ciurma	5	6
accaduti	5	8
cavalieri	5	9
protetti	5	8
contatto	5	8
signorsì	5	8
beh	5	3
avrete	5	6
pensate	5	7
fila	5	4
confesso	5	8
traccia	5	7
muovetevi	5	9
basta	5	5
muro	5	4
commercio	5	9
reparto	5	7
nient'	5	6
distrutta	5	9
buoni	5	5
dest	5	4
passi	5	5
medicina	5	8
ebbene	5	6
farebbe	5	7
difficoltà	5	10
thomas	5	6
piuttosto	5	9
terrazza	5	8
zampa	5	5
pare	5	4
fossi	5	5
andata	5	6
borghese	5	8
bertie	5	6
fossero	5	7
scusi	5	5
tesori	5	6
brutto	5	6
buongiorno	5	10
stiamo	5	6
pensi	5	5
darmi	5	5
spero	5	5
farvi	5	5
sentito	5	7
vedete	5	6
matti	5	5
tentare	5	7
ardente	5	7
battuta	5	7
sanno	5	5
mr	5	2
adottiva	5	8
minore	5	6
ottiene	5	7
ignora	5	6
cassaforte	5	10
digitali	5	8
visione	5	7
eroico	5	6
carro	5	5
sindaco	5	7
proposito	5	9
immaginare	5	10
mila	5	4
grand	5	5
fatale	5	6
preoccupare	5	11
popolare	5	8
kessler	5	7
bercy	5	5
banconote	5	9
previsto	5	8
contratto	5	9
deposito	5	8
abita	5	5
penna	5	5
realizzata	5	10
prologo	5	7
senna	5	5
scoperta	5	8
sapeva	5	6
impronta	5	8
nato	5	4
idem	5	4
veniva	5	6
ultime	5	6
originali	5	9
incidenti	5	9
sposo	5	5
repubblica	5	10
inevitabile	5	11
scopo	5	5
gratitudine	5	11
fato	5	4
mattinata	5	9
inganna	5	7
vagabondo	5	9
tormentato	5	10
udito	5	5
permetta	5	8
commesso	5	8
sorriso	5	7
paesi	5	5
attore	5	6
desideri	5	8
capisco	5	7
diventata	5	9
valborg	5	7
dispiace	5	8
conosciuta	5	10
cannes	5	6
cento	5	5
mando	5	5
destinatario	5	12
secondini	5	9
paffuto	5	7
alcune	5	6
rubati	5	6
regione	5	7
campana	5	7
estradato	5	9
porterò	5	7
rendere	5	7
vera	5	4
identità	5	8
scrive	5	6
sospettare	5	10
millimetri	5	10
concessione	5	11
sakura	5	6
jima	5	4
onnipotenza	5	11
sposati	5	7
santa	5	5
avventura	5	9
pista	5	5
pilota	5	6
qualità	5	7
soggetto	5	8
completa	5	8
sullo	5	5
precedenti	5	10
immondo	5	7
abitava	5	7
mccay	5	5
nutrice	5	7
vendute	5	7
supplizio	5	9
sorti	5	5
vincitore	5	9
alleanza	5	8
spagna	5	6
compiuta	5	8
rivedere	5	8
cova	5	4
prediletta	5	10
rotta	5	5
gatto	5	5
giunge	5	6
balcone	5	7
kekazzz	5	7
ricostruite	5	11
sventura	5	8
ringraziamenti	5	14
inchieste	5	9
rimane	5	6
infanzia	5	8
taxi	5	4
becchino	5	8
calar	5	5
iniziali	5	8
fallimento	5	10
viveri	5	6
chiediamo	5	9
illuminare	5	10
separerà	5	8
discute	5	7
sognerà	5	7
rivedranno	5	10
partiti	5	7
riconoscerai	5	12
irregolari	5	10
accorrono	5	9
torcia	5	6
applaudono	5	10
eroica	5	6
conosciuti	5	10
supplicheremo	5	13
avessero	5	8
protettrice	5	11
finiti	5	6
terminano	5	9
pretende	5	8
arrivarono	5	10
rovescio	5	8
mero	5	4
fondato	5	7
esecutivo	5	9
spostato	5	8
reverenza	5	9
gestire	5	7
desiderando	5	11
influenzato	5	11
crescente	5	9
melodia	5	7
accompagno	5	10
pronunciato	5	11
addirittura	5	11
indifesa	5	8
salvò	5	5
dominio	5	7
confermati	5	10
lealtà	5	6
tradisca	5	8
avviso	5	6
effettivi	5	9
guardano	5	8
plebaglia	5	9
fondazione	5	10
bologna	5	7
ritrovata	5	9
chiusi	5	6
zingara	5	7
incorruttibile	5	14
vinti	5	5
arrivederci	5	11
manca	5	5
societa	5	7
problemi	5	8
uccidi	5	6
conosco	5	7
ferguson	5	8
glory	5	5
keith	5	5
mrs.simpson	5	11
sottotitoli	5	11
charlet	5	7
finche	5	6
junot	5	5
venenos	5	7
algeria	5	7
proiettile	5	10
annuncio	5	8
baule	5	5
esercizio	5	9
scelta	5	6
tipo	5	4
raphael	5	7
norton	5	6
visconte	5	8
guy	5	3
mortesaigues	5	12
taccuino	5	8
zuppa	5	5
cloruro	5	7
cecil	5	5
philip	5	6
brémontier	5	10
phillipe	5	8
géo	5	3
pougues	5	7
biscot	5	6
giulio	5	6
carry	5	5
cordialmente	5	12
inchinerò	5	9
placcata	5	8
avversità	5	9
affinchè	5	8
sfiori	5	6
mezzorgiorno	5	12
sayce	5	5
trasformata	5	11
condanno	5	8
scrontro	5	8
whisky	5	6
assaltata	5	9
speziato	5	8
venirmi	5	7
n°	5	2
spinta	5	6
sboccerà	5	8
giuro	5	5
chilometri	5	10
timone	5	6
botola	5	6
rivelare	5	8
sotterranei	5	11
a.	5	2
prestito	5	8
detective	5	9
sir	5	3
williamson	5	10
terrorizzato	5	12
abramo	5	6
oceano	5	6
profondità	5	10
scultore	5	8
ritz	5	4
foresti	4	7
messa	4	5
grana	4	5
son	4	3
dell	4	4
benefattore	4	11
ritrova	4	7
trionfo	4	7
mugnaio	4	7
ritardo	4	7
riparo	4	6
fugge	4	5
distinti	4	8
contabile	4	9
ambizione	4	9
compiuto	4	8
stavano	4	7
tanti	4	5
accompagna	4	10
rifiutato	4	9
statua	4	6
arriverà	4	8
artisti	4	7
amara	4	5
conquista	4	9
profeta	4	7
impediscono	4	11
superbia	4	8
limbo	4	5
amor	4	4
umana	4	5
dimmi	4	5
celeste	4	7
farlo	4	5
prodigio	4	8
tramite	4	7
vedrai	4	6
tale	4	4
proprie	4	7
stige	4	5
schiera	4	7
siccome	4	7
troiani	4	7
assegna	4	7
lussuriosi	4	10
furia	4	5
paolo	4	5
diletto	4	7
leggemmo	4	8
innamorati	4	10
cerbero	4	7
bocche	4	6
pluto	4	5
risolvere	4	9
appaiono	4	8
violentemente	4	13
infatti	4	7
buio	4	4
prosegue	4	8
pene	4	4
effetti	4	7
man	4	3
luoghi	4	6
nodosi	4	6
arpie	4	5
tal	4	3
continui	4	8
sentimento	4	10
federico	4	8
discusso	4	8
certa	4	5
nudo	4	4
fuggono	4	7
dannato	4	7
colpi	4	5
sepolti	4	7
condanna	4	8
politiche	4	9
dimentichi	4	10
sesta	4	5
coda	4	4
fin	4	3
doppio	4	6
astuzia	4	7
usando	4	6
piombo	4	6
apparenza	4	9
pali	4	4
trasformazione	4	14
diomede	4	7
colpevoli	4	9
portò	4	5
falsari	4	7
pazzi	4	5
scienza	4	7
ingannando	4	10
marchio	4	7
sollevò	4	7
pur	4	3
digli	4	5
assieme	4	7
cioè	4	4
riprese	4	7
contrariamente	4	14
enorme	4	6
colore	4	6
centrale	4	8
orlo	4	4
schiena	4	7
sotterraneo	4	11
ragazzina	4	9
guai	4	4
sopraffatto	4	11
innocenti	4	9
rimini	4	6
teste	4	5
torturati	4	9
rispondono	4	10
trasformato	4	11
parlargli	4	9
spalle	4	6
seguiti	4	7
placa	4	5
altrui	4	6
indossare	4	9
arci	4	4
ipocrita	4	8
avranno	4	7
cattivi	4	7
conosceva	4	9
umane	4	5
nono	4	4
sotterranea	4	11
caduta	4	6
affronto	4	8
fingono	4	7
consacrato	4	10
sacro	4	5
paris	4	5
tetto	4	5
sorge	4	5
stella	4	6
decidono	4	8
vedono	4	6
festeggiando	4	12
istitutrice	4	11
collegio	4	8
ricorderà	4	9
ripreso	4	7
emergenza	4	9
preoccupa	4	9
usciti	4	6
dovremmo	4	8
parlate	4	7
distrutto	4	9
importanza	4	10
partirete	4	9
righe	4	5
mercante	4	8
stracci	4	7
roba	4	4
rospo	4	5
accaduto	4	8
abitanti	4	8
nuvole	4	6
assassini	4	9
anticipo	4	8
lancieri	4	8
potreste	4	8
prete	4	5
pure	4	4
front	4	5
abbassa	4	7
marziale	4	8
presa	4	5
emmy	4	4
liberarla	4	9
eccola	4	6
nascosta	4	8
prometto	4	8
scusatemi	4	9
seguitemi	4	9
credete	4	7
potremmo	4	8
brillante	4	9
resti	4	5
portarlo	4	8
milionario	4	10
lascerai	4	8
passo	4	5
senti	4	5
grosso	4	6
ponte	4	5
smettere	4	8
trombettiere	4	12
sudditi	4	7
selvaggio	4	9
farti	4	5
andrai	4	6
liberato	4	8
riprende	4	8
migliori	4	8
capire	4	6
regola	4	6
cambiato	4	8
generosa	4	8
slegalo	4	7
t'	4	2
accettato	4	9
toccato	4	7
peggio	4	6
bravi	4	5
verranno	4	8
invenzione	4	10
semplice	4	8
napoleone	4	9
villaggi	4	8
taglia	4	6
imbroglione	4	11
banco	4	5
gioca	4	5
solitario	4	9
oggetto	4	7
colorata	4	8
preparano	4	9
garage	4	6
foresta	4	7
troverete	4	9
bruno	4	5
alfred	4	6
acconsente	4	10
berre	4	5
custodisce	4	10
invitati	4	8
avrebbe	4	7
espresso	4	8
settimane	4	9
vestita	4	7
trovò	4	5
guerin	4	6
parigina	4	8
jerome	4	6
josephine	4	9
vini	4	4
vagone	4	6
definitivamente	4	15
testimoni	4	9
organizzato	4	11
addormentato	4	12
strani	4	6
supplico	4	8
dimenticato	4	11
highway	4	7
television	4	10
catalogo	4	8
sonimage	4	8
sonora	4	6
poliziotti	4	10
macerie	4	7
cranajour	4	9
terribilmente	4	13
bourrat	4	7
speciale	4	8
vuote	4	5
articolo	4	8
caposquadra	4	11
assumere	4	8
armature	4	8
fermento	4	8
delegati	4	8
giuste	4	6
focolare	4	8
scioperanti	4	11
ripresa	4	7
gendarmeria	4	11
sfuggire	4	8
rifugia	4	7
sconfitto	4	9
sforzi	4	6
pezzo	4	5
discepolo	4	9
stratonica	4	10
compra	4	6
soffre	4	6
creatura	4	8
maledizione	4	11
averlo	4	6
gladiatori	4	10
succedendo	4	10
completato	4	10
rené	4	4
informarla	4	10
rispetti	4	8
arriverò	4	8
ahimè	4	5
ferita	4	6
immagini	4	8
scapinelli	4	10
margit	4	6
adottivi	4	8
egregio	4	7
rispettosamente	4	15
parti	4	5
incarico	4	8
dirigere	4	8
parto	4	5
usuraio	4	7
sequenza	4	8
prudente	4	8
moche	4	5
minima	4	6
furioso	4	7
ispettori	4	9
chiedervi	4	9
destinata	4	9
spartizione	4	11
funzioni	4	8
lastra	4	6
sparito	4	7
hubert	4	6
ormai	4	5
gioielliere	4	11
vendere	4	7
cambiare	4	8
morel	4	5
ribonard	4	8
notturna	4	8
liberata	4	8
possibili	4	9
rinuncia	4	8
estradizione	4	12
attualmente	4	11
michel	4	6
léon	4	4
massima	4	7
urgenza	4	7
richiesto	4	9
vogliate	4	8
conoscevano	4	11
benjamin	4	8
christensen	4	11
attori	4	6
imminente	4	9
testamento	4	10
consegna	4	8
avvicinano	4	10
allegato	4	8
saluta	4	6
dovrete	4	7
chiedermi	4	9
preziose	4	8
confidenziali	4	13
esaminate	4	9
dispersi	4	8
tenti	4	5
volto	4	5
paio	4	4
autovettura	4	11
adolf	4	5
volo	4	4
cercava	4	7
eredita	4	7
incontriamoci	4	13
datemi	4	6
spaventoso	4	10
mcmanus	4	7
museo	4	5
musica	4	6
odor	4	4
diletta	4	7
hestia	4	6
invoco	4	6
ignoto	4	6
incalzati	4	9
spiando	4	7
scimmia	4	7
listata	4	7
darai	4	5
audaci	4	6
sbigottito	4	10
baal	4	4
valica	4	6
cedri	4	5
primavera	4	9
circostanza	4	11
accordi	4	7
orti	4	4
oste	4	4
romana	4	6
naufrago	4	8
insperato	4	9
lelio	4	5
romani	4	6
attendevano	4	11
resistenza	4	10
accorda	4	7
giunta	4	6
ottenuto	4	8
zama	4	4
dardi	4	5
maschera	4	8
naso	4	4
ammiratore	4	10
lavorando	4	9
fattorino	4	9
tenuta	4	6
desiderava	4	10
noirmoutier	4	11
blu	4	3
pesce	4	5
costretto	4	9
concerto	4	8
sorvegliata	4	11
impiegato	4	9
firmare	4	7
esclusivamente	4	14
fatte	4	5
visitato	4	8
incontreranno	4	13
fraterni	4	8
grigi	4	5
determinazione	4	14
neanche	4	7
cittadini	4	9
consegnato	4	10
david	4	5
devastazioni	4	12
facendovela	4	11
odiare	4	6
africano	4	8
disunione	4	9
parlamentare	4	12
accrescendo	4	11
pittoresca	4	10
benevolo	4	8
passeggiando	4	12
lavorativa	4	10
causerà	4	7
reclama	4	7
amati	4	5
venduti	4	7
necessitano	4	11
dirottato	4	9
camuffate	4	9
unionista	4	9
posti	4	5
seminatrice	4	11
ricoverato	4	10
macchinazione	4	13
razze	4	5
approfittarsi	4	13
incarichi	4	9
causò	4	5
moderata	4	8
bureau	4	6
gratis	4	6
marciapiedi	4	11
condiscendenza	4	14
elettorale	4	10
vincono	4	7
discussa	4	8
deputato	4	8
esige	4	5
indossino	4	9
approva	4	7
norma	4	5
degradazione	4	12
agitatore	4	9
incendiario	4	11
opache	4	6
bisca	4	5
processarlo	4	11
rinforzi	4	8
alzo	4	4
conformità	4	10
deride	4	6
salvando	4	8
ariani	4	6
siederà	4	7
inviati	4	7
impaurire	4	9
indifesi	4	8
disarmo	4	7
comanderà	4	9
collaborazione	4	14
picture	4	7
merci	4	5
taverniere	4	10
funzionario	4	11
daremo	4	6
facilmente	4	10
mandali	4	7
amassi	4	6
colpisco	4	8
haka	4	4
birmano	4	7
edith	4	5
tesoriera	4	9
centesimo	4	9
investimento	4	12
sbaglia	4	7
united	4	6
copper	4	6
giocando	4	8
bridge	4	6
oriente	4	7
cadere	4	6
responsabile	4	12
kitty	4	5
malattia	4	8
questione	4	9
rowdy	4	5
cassiere	4	8
passano	4	7
informa	4	7
eredità	4	7
avvoltoi	4	8
arvid	4	5
dossier	4	7
fuggito	4	7
vivi	4	4
incontrarvi	4	11
fortunato	4	9
indizi	4	6
rivelazioni	4	11
folgore	4	7
arrestati	4	9
esistenza	4	9
colonia	4	7
penale	4	6
joachim	4	7
noto	4	4
verra	4	5
destinato	4	9
chimico	4	7
geniale	4	7
ipnotico	4	8
decise	4	6
aspettava	4	9
novembre	4	8
lucie	4	5
machet	4	6
veleni	4	6
devota	4	6
artois	4	6
bechamel	4	8
cio	4	3
maillot	4	7
maresciallo	4	11
mappa	4	5
riscatto	4	8
hamel	4	5
compleanno	4	10
profumo	4	7
esso	4	4
distruggere	4	11
gangster	4	8
visitatore	4	10
amavo	4	5
béchamel	4	8
bosco	4	5
tormentate	4	10
epilogo	4	7
midewski	4	8
pesci	4	5
ovviamente	4	10
weyler	4	6
adell	4	5
perplessità	4	11
peccare	4	7
seguìto	4	7
aiutaci	4	7
salvaci	4	7
felicemente	4	11
stipendiate	4	11
bagni	4	5
truffatore	4	10
sará	4	4
torp	4	4
ambulanza	4	9
attenzioni	4	10
cesar	4	5
follia	4	6
passaggi	4	8
specchio	4	8
ferdinand	4	9
aubrey	4	6
pattini	4	7
settore	4	7
bond	4	4
pallone	4	7
cristallo	4	9
coralli	4	7
tubi	4	4
ossigeno	4	8
allah	4	5
jules	4	5
tam	4	3
dobronowska	4	11
condanne	4	8
presbourg	4	9
derubare	4	8
espiare	4	7
forzati	4	7
café	4	4
code	3	4
provato	3	7
spiegare	3	8
focaccia	3	8
senz'	3	5
circondati	3	10
patrizio	3	8
apoecide	3	8
padroni	3	7
rapire	3	6
salvarla	3	8
belve	3	5
eruzione	3	8
opportunità	3	11
percorso	3	8
adora	3	5
scapestrata	3	11
riparare	3	8
regolamento	3	11
disonore	3	8
pane	3	4
intero	3	6
mondiale	3	8
cresciuto	3	9
famosa	3	6
tornerò	3	7
crea	3	4
malvagia	3	8
creazione	3	9
vinta	3	5
ristabilito	3	11
arroganza	3	9
vergine	3	7
cuori	3	5
volesse	3	7
trascorrere	3	11
prenderla	3	9
collina	3	7
rovinati	3	8
dir	3	3
qual	3	4
lussuria	3	8
ruggente	3	8
cupidigia	3	9
insaziabile	3	11
convince	3	8
salvarlo	3	8
mosse	3	5
rivelazione	3	11
conferma	3	8
dolente	3	7
ch'	3	3
rappresentazione	3	16
acheronte	3	9
caronte	3	7
spoglie	3	7
omero	3	5
ovidio	3	6
lucano	3	6
prato	3	5
filosofi	3	8
cesare	3	6
cospetto	3	8
dividono	3	8
colpe	3	5
rapina	3	6
incessante	3	10
travolti	3	8
venendo	3	7
leggevamo	3	9
strinse	3	7
sospinse	3	8
vinse	3	5
diviso	3	6
scrisse	3	7
caddi	3	5
amanti	3	6
furore	3	6
demonio	3	7
custode	3	7
varie	3	5
flegias	3	7
ambo	3	4
distesi	3	7
infernale	3	9
sommità	3	7
furie	3	5
indice	3	6
eretici	3	7
sembrava	3	8
cavalcante	3	10
guido	3	5
dovesse	3	7
cavalcanti	3	10
discorso	3	8
esattamente	3	11
rientrare	3	9
lontani	3	7
avvolge	3	7
rendendo	3	8
redenzione	3	10
scendono	3	8
gridò	3	5
tragica	3	7
chiavi	3	6
portai	3	6
senso	3	5
iv	3	2
tedesco	3	7
imperatore	3	10
gusto	3	5
sostanze	3	8
cagne	3	5
invoca	3	6
violenti	3	8
capaneo	3	7
gerione	3	7
discendono	3	10
piante	3	6
niccolò	3	7
interessi	3	9
risentimento	3	12
camminano	3	9
quinta	3	6
sorvegliano	3	11
barbariccia	3	11
tremato	3	7
generi	3	6
ciampolo	3	8
chiacchiere	3	11
comico	3	6
contrasto	3	9
pesantissimo	3	12
procedere	3	9
caifa	3	5
anna	3	4
falsi	3	5
orribili	3	8
vanni	3	5
vendica	3	7
personali	3	9
fraudolenti	3	11
avvolti	3	7
seminatori	3	10
mutilati	3	8
maometto	3	8
squarciato	3	10
lebbrosi	3	8
ripugnanti	3	10
costretti	3	9
divora	3	6
giuda	3	5
cocito	3	6
premeditato	3	11
congiunti	3	9
rode	3	4
feroce	3	6
peccatore	3	9
frutti	3	6
sembri	3	6
cieco	3	5
ruggero	3	7
risale	3	6
sbarazzarsi	3	11
torti	3	5
misero	3	6
composta	3	8
facce	3	5
propri	3	6
aprono	3	6
cassio	3	6
escono	3	6
chiaro	3	6
monumento	3	9
trento	3	6
commedia	3	8
illuminata	3	10
guidare	3	7
condannate	3	10
nè	3	2
riceverà	3	8
sicché	3	6
vivono	3	6
venni	3	5
sorvegliato	3	11
pugni	3	5
infuriato	3	9
girare	3	6
sacchi	3	6
sbarrata	3	8
ingratitudine	3	13
colpiti	3	7
antichità	3	9
spiegazione	3	11
strappare	3	9
cecità	3	6
frustati	3	8
venduto	3	7
scappa	3	6
forme	3	5
furiosa	3	7
discussione	3	11
confusione	3	10
sottostante	3	11
arrabbiato	3	10
ciuffo	3	6
passò	3	5
aldilà	3	6
italia	3	6
morì	3	4
trasporta	3	9
menelao	3	7
lieta	3	5
stratagemma	3	11
raggiunge	3	9
entrano	3	7
oppone	3	6
chiude	3	6
carico	3	6
ritirata	3	8
spara	3	5
scoprono	3	8
terreno	3	7
volti	3	5
terrestri	3	9
ombrello	3	8
ruth	3	4
andré	3	5
inviata	3	7
basate	3	6
rocca	3	5
britannico	3	10
camicia	3	7
avevamo	3	7
scozzese	3	8
rompete	3	7
metti	3	5
negozio	3	7
alzatevi	3	8
sentite	3	7
burgess	3	7
tombe	3	5
portatore	3	9
correte	3	7
bal	3	3
otto	3	4
rompere	3	7
sissignore	3	10
n'	3	2
strangolatori	3	13
impedire	3	8
stavolta	3	8
darà	3	4
brava	3	5
gnam	3	4
archibald	3	9
stebbins	3	8
eri	3	3
raccontato	3	10
distruggi	3	9
riunione	3	8
volentieri	3	10
facile	3	6
vecchie	3	7
perch	3	5
preferisci	3	10
credevo	3	7
andar	3	5
pagherete	3	9
seguono	3	7
calma	3	5
aspettato	3	9
caldo	3	5
parlarti	3	8
dirò	3	4
muso	3	4
mettiti	3	7
dovrò	3	5
credi	3	5
avevi	3	5
svegliati	3	9
quanti	3	6
suona	3	5
toccare	3	7
farei	3	5
troverò	3	7
vorrà	3	5
potrai	3	6
fermi	3	5
torno	3	5
sapevo	3	6
portatelo	3	9
miserabile	3	10
scappato	3	8
tornerai	3	8
verrai	3	6
sparire	3	7
dargli	3	6
avremo	3	6
divertente	3	10
abitudine	3	9
ingannarmi	3	10
smettetela	3	10
indiano	3	7
slegami	3	7
occupare	3	8
aprite	3	6
canaglia	3	8
correggere	3	10
mentito	3	7
incitare	3	8
morirai	3	7
umile	3	5
idiota	3	6
uccido	3	6
sarete	3	6
persino	3	7
lassù	3	5
pagare	3	6
particolarmente	3	15
sentiero	3	8
salmista	3	8
nemica	3	6
jack	3	4
corteggiatore	3	13
alloggio	3	8
riparatrice	3	11
reti	3	4
scherno	3	7
vuota	3	5
disposto	3	8
derubato	3	8
nascondono	3	10
passata	3	7
rumore	3	6
finanziaria	3	11
abbandonano	3	11
scappano	3	8
venditore	3	9
penetrare	3	9
incubo	3	6
malvagio	3	8
spartaco	3	8
disgraziato	3	11
cameraman	3	9
riusciva	3	8
vendicativo	3	11
navarre	3	7
jérôme	3	6
quotidiani	3	10
letti	3	5
relazioni	3	9
introvabile	3	11
nibet	3	5
recapitare	3	10
riconosco	3	9
pressi	3	6
narcotico	3	9
arrende	3	7
stamattina	3	10
catastrofe	3	10
simplon	3	7
express	3	7
indagini	3	8
inquietante	3	11
lione	3	5
martialle	3	9
ditta	3	5
portarmi	3	8
ripartiva	3	9
farla	3	5
armato	3	6
mancanza	3	8
convento	3	8
rifiuti	3	7
aspetterò	3	9
nascondiglio	3	12
sorgius	3	7
miracolosamente	3	15
vicinanze	3	9
toulouche	3	9
tragedia	3	8
pittore	3	7
distrettuale	3	12
inviato	3	7
decideva	3	8
trasferimento	3	13
ultim'	3	6
incolpato	3	9
rientro	3	7
autorizzazione	3	14
incredibile	3	11
degno	3	5
massimo	3	7
ricchissimo	3	11
uscito	3	6
febbraio	3	8
eccellenti	3	10
fissato	3	7
riporterò	3	9
sembrano	3	8
informazione	3	12
inafferrabile	3	13
archivio	3	8
tecnico	3	7
elementi	3	8
settimo	3	7
capolavoro	3	10
operaio	3	7
temperamento	3	12
violento	3	8
termine	3	7
ottobre	3	7
immaginaria	3	11
favorisce	3	9
eseguire	3	8
misure	3	6
berlina	3	7
minerario	3	9
centesimi	3	9
hannebeau	3	9
rivendicazioni	3	14
esigenze	3	8
precedenza	3	10
estratta	3	8
credito	3	7
panico	3	6
precedente	3	10
introduce	3	9
intrighi	3	8
predatore	3	9
supplicare	3	10
confida	3	7
rinchiusa	3	9
aggiunge	3	8
comprende	3	9
salvate	3	7
interrompe	3	10
oscurità	3	8
salvati	3	7
cammina	3	7
osservare	3	9
mezza	3	5
tentando	3	8
heinz	3	5
ewers	3	5
autore	3	6
realizzazione	3	13
schwarzenberg	3	13
paul	3	4
vincere	3	7
dichiaro	3	8
concedo	3	7
invitato	3	8
divinità	3	8
desiderano	3	10
giocare	3	7
risparmiare	3	11
g.	3	2
porti	3	5
portarla	3	8
lasciatemi	3	10
biglietto	3	9
tocca	3	5
bleu	3	4
bertini	3	7
croix	3	5
recentemente	3	12
pensieri	3	8
custodia	3	8
interpretare	3	12
accompagnerò	3	12
investigatori	3	13
arriveranno	3	11
avvisare	3	8
dimostrato	3	10
vizio	3	5
prossime	3	8
fanny	3	5
sensazionale	3	12
criminali	3	9
informatori	3	11
parete	3	6
incassare	3	9
inquilina	3	9
occupo	3	6
esattore	3	8
terminus	3	8
alexandra	3	9
sottoscrizione	3	14
dava	3	4
mascherato	3	10
seriamente	3	10
moto	3	4
abbandonate	3	11
malavita	3	8
apaches	3	7
metteva	3	7
confidenziale	3	13
ganges	3	6
passeggiata	3	11
saprà	3	5
claparon	3	8
sentimenti	3	10
cugina	3	6
balia	3	5
loges	3	5
importa	3	7
frontiera	3	9
luminoso	3	8
accendere	3	9
insaputa	3	8
rientrato	3	9
arrivati	3	8
bouloire	3	8
furtivamente	3	12
ruba	3	4
improvvisa	3	10
pazienza	3	8
tragici	3	7
indagare	3	8
arrivare	3	8
esamina	3	7
avverte	3	7
intento	3	7
dovranno	3	8
uffici	3	6
utilizzando	3	11
adiacente	3	9
fritz	3	5
lund	3	4
incrociatore	3	12
gelderland	3	10
preziosa	3	8
deliziose	3	9
affrettarci	3	11
attacca	3	7
bugiardo	3	8
immaginate	3	10
dimostrare	3	10
distruggerà	3	11
porre	3	5
tifone	3	6
naufragio	3	9
marinaio	3	8
permetterò	3	10
piloti	3	6
aviazione	3	9
eccellente	3	10
controllato	3	11
douglas	3	7
avrò	3	4
pugile	3	6
cyclone	3	7
credetemi	3	9
ingaggia	3	8
manichino	3	9
street	3	6
riuniti	3	7
angolo	3	6
cassa	3	5
dinosauro	3	9
suoni	3	5
sicura	3	6
porterà	3	7
musa	3	4
radici	3	6
castigo	3	7
legata	3	6
zone	3	4
persecutori	3	11
inebria	3	7
manchi	3	6
fertile	3	7
rapitore	3	8
stringe	3	7
fascio	3	6
silenziose	3	10
contrasta	3	9
formidabile	3	11
dito	3	4
porteranno	3	10
cavaliere	3	9
sogna	3	5
anziano	3	7
sconosciuta	3	11
ritirarsi	3	9
dover	3	5
preghiere	3	9
messaggero	3	10
motion	3	6
serviva	3	7
pazzo	3	5
perdonatemi	3	11
troixmond	3	9
interessante	3	12
aeromobile	3	10
esce	3	4
svegli	3	6
touraine	3	8
rimpatriati	3	11
fascicolo	3	9
adolphe	3	7
poupard	3	7
onorato	3	7
portasigarette	3	14
sussurra	3	8
colei	3	5
ammirazione	3	11
annotati	3	8
stilografica	3	12
secondi	3	7
mostrava	3	8
tenuto	3	6
joseph	3	6
carl	3	4
prodotti	3	8
d.w	3	3
dg	3	2
stragi	3	6
africani	3	8
piantato	3	8
politico	3	8
salito	3	6
baracche	3	8
concesse	3	8
diciotto	3	8
consulta	3	8
richiede	3	8
inutili	3	7
care	3	4
camerun	3	7
razione	3	7
indispensabili	3	14
mimetizzate	3	11
generatrice	3	11
incontrati	3	10
spararmi	3	8
segrete	3	7
chiederemo	3	10
radicali	3	8
separati	3	8
staff	3	5
detentori	3	9
rovesciamento	3	13
vennero	3	7
sede	3	4
organizzarsi	3	12
restaurazione	3	13
gratuite	3	8
marciapiede	3	11
nordista	3	8
tante	3	5
ambizioso	3	9
riunisce	3	8
urne	3	4
vestire	3	7
approvazione	3	12
decreto	3	7
angoscia	3	8
degrado	3	7
organizzazione	3	14
tourgee	3	7
piromane	3	8
tradirò	3	7
klu	3	3
ammonimenti	3	11
severa	3	6
cancelli	3	8
mobilitano	3	10
innalzo	3	7
unirsi	3	6
ariana	3	6
siederete	3	9
disarmati	3	9
w.	3	2
impazzire	3	9
preservation	3	12
associates	3	10
stampe	3	6
arti	3	4
collection	3	10
cerchiamo	3	9
parodia	3	7
contrabbandare	3	14
opificio	3	8
chiedetemi	3	10
falli	3	5
conserverò	3	10
appartengo	3	10
attendere	3	9
segue	3	5
omaggio	3	7
investimenti	3	12
be	3	2
henry	3	5
costante	3	8
maternità	3	9
eliminare	3	9
lanciato	3	8
nuotare	3	7
rotto	3	5
ricordati	3	9
permettere	3	10
terrificante	3	12
registro	3	8
portatemi	3	9
institute	3	9
blind	3	5
gulch	3	5
colpire	3	7
sceriffo	3	8
rags	3	4
partendo	3	8
resto	3	5
istruzioni	3	10
sappia	3	6
victor	3	6
birger	3	6
motoscafo	3	9
doganiere	3	9
caricate	3	8
circostanze	3	11
misteriose	3	10
esame	3	5
inciso	3	6
camino	3	6
acquisto	3	8
raccontò	3	8
famosi	3	6
saga	3	4
mme	3	3
dimora	3	6
stanca	3	6
ando	3	4
intratteneva	3	12
stima	3	5
treps	3	5
allegro	3	7
rouen	3	5
sig.na	3	6
centralinista	3	13
prenderemo	3	10
trascorsi	3	9
riconosciuta	3	12
condurre	3	8
circondano	3	10
prigioniere	3	11
permettete	3	10
verita	3	6
"allegra	3	8
honoré	3	6
esserci	3	7
eustache	3	8
immaginazione	3	13
sappiate	3	8
ritornato	3	9
gia	3	3
frase	3	5
metterlo	3	8
felicita	3	8
servita	3	7
champagne	3	9
orecchio	3	8
suolo	3	5
numerosi	3	8
vicine	3	6
ditemi	3	6
avra	3	4
naturalmente	3	12
sarto	3	5
n.	3	2
teatrale	3	8
vendicarmi	3	10
macchinista	3	11
assicurazione	3	13
corridoio	3	9
deering	3	7
mezzogiorno	3	11
inspiegabile	3	12
allenamento	3	11
accetti	3	7
tina	3	4
lime	3	4
senor	3	5
josé	3	4
toreador	3	8
cambiamento	3	11
ndt	3	3
programma	3	9
tropici	3	7
m.	3	2
vénénos	3	7
incantevole	3	11
fidanzati	3	9
attendeva	3	9
recavano	3	8
salone	3	6
deluso	3	6
chiedeva	3	8
circonda	3	8
scia	3	4
phillippe	3	9
gamba	3	5
cameriere	3	9
adorabile	3	9
ópera	3	5
emilia	3	6
forma	3	5
lezioni	3	7
andò	3	4
danzano	3	7
direttamente	3	12
parallelo	3	9
ivestitura	3	10
ripristina	3	10
neppure	3	7
assistano	3	9
morderò	3	7
batterò	3	7
travagli	3	8
parallela	3	9
liberta	3	7
investitura	3	11
pastore	3	7
purificato	3	10
sabbath	3	7
agita	3	5
sacerdozio	3	10
sar	3	3
accusano	3	8
rape	3	4
carota	3	6
molo	3	4
azionisti	3	9
rapitori	3	8
perdonato	3	9
cure	3	4
gisele	3	6
condividere	3	11
clinica	3	7
difensore	3	9
chapuis	3	7
soisy	3	5
maniglie	3	8
bevande	3	7
fermato	3	7
cm	3	2
moneybags	3	9
guardando	3	9
stout	3	5
conosca	3	7
retto	3	5
invenzioni	3	10
avventuroso	3	11
naufraghi	3	9
pressione	3	9
corallo	3	7
lunghi	3	6
riserve	3	7
riferire	3	8
funerale	3	8
scientifico	3	11
filmoteca	3	9
clemenceau	3	10
memorie	3	7
latte	3	5
follemente	3	10
sposato	3	7
debiti	3	6
causati	3	7
devolvere	3	9
vallières	3	9
aurelia	2	7
salita	2	6
belino	2	6
vengon	2	6
avremmo	2	7
aglio	2	5
tirchi	2	6
sacco	2	5
pinoli	2	6
ragionano	2	9
capaci	2	6
industriale	2	11
invidia	2	7
compera	2	7
e'	2	2
induce	2	6
filtro	2	6
pazzia	2	6
vendicarsi	2	10
gettati	2	7
sposeremo	2	9
coro	2	4
curato	2	6
abbagliante	2	11
debutto	2	7
impazzito	2	9
rimanga	2	7
preferisce	2	10
wilhelm	2	7
abbandono	2	9
progetta	2	8
rovinato	2	8
prendilo	2	8
povertà	2	7
raggiunta	2	9
devoto	2	6
scompare	2	8
pescatori	2	9
cadaveri	2	8
marea	2	5
ritira	2	6
lamenti	2	7
ingenua	2	7
diamante	2	8
spezzato	2	8
trama	2	5
scorciatoia	2	11
sbrigati	2	8
lind	2	4
vacanze	2	7
estive	2	6
canonica	2	8
esibizione	2	10
fune	2	4
fuggita	2	7
pensato	2	7
forzata	2	7
riconoscimento	2	14
vorrebbe	2	8
bach	2	4
aspra	2	5
selvaggia	2	9
rinnova	2	7
glielo	2	6
fiere	2	5
lonza	2	5
colle	2	5
probabilmente	2	13
maculata	2	8
medioevo	2	8
allegoria	2	9
paradiso	2	8
tornar	2	6
spezie	2	6
cede	2	4
loco	2	4
saper	2	5
cotanto	2	7
timore	2	6
disegno	2	7
esperienza	2	10
costerà	2	7
intelletto	2	10
mitologia	2	9
interverrà	2	10
cristiano	2	9
aperta	2	6
circondato	2	10
tragitta	2	8
leva	2	4
mal	2	3
ebbero	2	6
disio	2	5
muovono	2	7
senno	2	5
tacere	2	6
fecero	2	6
giungono	2	8
moltissimi	2	10
tormentati	2	10
bufera	2	6
paesaggio	2	9
attraversato	2	12
rapidi	2	6
alzate	2	6
voler	2	5
portate	2	7
aereo	2	5
affettuoso	2	10
lettura	2	7
riso	2	4
galeotto	2	8
vicende	2	7
conflitto	2	9
spirituale	2	10
essersi	2	7
comportamento	2	13
continuo	2	8
affligge	2	8
percossi	2	8
taci	2	4
iracondi	2	8
rifiutano	2	9
inutilmente	2	11
ostacolo	2	8
tensione	2	8
fragore	2	7
apre	2	4
provvidenza	2	11
uberti	2	6
seppur	2	6
interrotto	2	10
cacciata	2	8
infernali	2	9
facoltà	2	7
prevedere	2	9
anastasio	2	9
cratere	2	7
condusse	2	8
peccati	2	7
scontano	2	8
tronco	2	6
rami	2	4
mostri	2	6
disprezzato	2	11
serrando	2	8
sospettato	2	10
successivamente	2	15
disdegnoso	2	10
sdegno	2	6
rassegnazione	2	13
mostrando	2	9
obbliga	2	7
nere	2	4
correnti	2	8
denti	2	5
incuranti	2	9
procurano	2	9
finisca	2	7
tormento	2	8
membra	2	6
giace	2	5
dorso	2	5
malebolge	2	9
lenta	2	5
ruota	2	5
taide	2	5
unghie	2	6
piede	2	5
cavità	2	6
scavate	2	7
avrebbero	2	9
prestigiosi	2	11
apparentemente	2	14
interni	2	7
gl'	2	3
privi	2	5
scrupoli	2	8
rocce	2	5
avvia	2	5
scortare	2	8
prenderli	2	9
rumoroso	2	8
astuto	2	6
sfugge	2	6
ridicolo	2	8
rissa	2	5
finiscono	2	9
afferra	2	7
cappe	2	5
finzione	2	8
condannarono	2	12
serpi	2	5
trafiggono	2	10
fucci	2	5
dannate	2	7
domina	2	6
disgrazie	2	9
continuamente	2	13
superiore	2	9
staccato	2	8
metalli	2	7
malattie	2	8
alchimia	2	8
conoscenze	2	10
creare	2	6
impotenza	2	9
rivolge	2	7
palme	2	5
stagno	2	6
delitto	2	7
antenora	2	8
abati	2	5
colpisce	2	8
montaperti	2	10
teschio	2	7
ruggeri	2	7
fonda	2	5
cominciò	2	8
poscia	2	6
digiuno	2	7
gherardesca	2	11
ubaldini	2	8
nomina	2	6
iniziarono	2	10
famose	2	6
derby	2	5
alberico	2	8
maggiori	2	8
avanzano	2	8
ribelli	2	7
gigantesche	2	11
capace	2	6
opporsi	2	7
manifesta	2	9
evidente	2	8
fisica	2	6
occorre	2	7
gambe	2	5
raggiunto	2	9
ricopre	2	7
uscimmo	2	7
riveder	2	7
by	2	2
nove	2	4
impressionò	2	11
mori	2	4
ventiquattro	2	12
immortalarla	2	12
risultò	2	7
stupendi	2	8
scalare	2	7
bloccata	2	8
lince	2	5
avarizia	2	8
pio	2	3
traghetta	2	9
peccatrici	2	10
sponde	2	6
prave	2	5
isperate	2	8
veder	2	5
soffermarsi	2	11
cacciò	2	6
debbano	2	7
esultare	2	8
morirono	2	8
statisti	2	8
confinati	2	9
peccatrice	2	10
sanzioni	2	8
divine	2	6
sbattuti	2	8
raffica	2	7
raffiche	2	8
tempestose	2	10
cleopatra	2	9
didone	2	6
rivelano	2	8
lancillotto	2	11
svenuto	2	7
morisse	2	7
placato	2	7
pieni	2	5
goloso	2	6
fiorentini	2	10
bassi	2	5
ferirlo	2	7
burli	2	5
traghettarli	2	12
filippo	2	7
argenti	2	7
colpirlo	2	8
maligni	2	7
bastioni	2	8
mettendosi	2	10
color	2	5
fitti	2	5
limo	2	4
arche	2	5
infuocate	2	9
compaesani	2	10
bestemmiatori	2	13
altezzoso	2	9
fusto	2	5
sepolcro	2	8
eretico	2	7
ramoscello	2	10
sgorga	2	6
benda	2	5
orrendi	2	7
osceni	2	6
beccano	2	7
infliggendo	2	11
imprigionate	2	12
mastini	2	7
grosse	2	6
cinghie	2	7
balzare	2	7
aspettò	2	7
sudiciume	2	9
adulteri	2	8
dissoluti	2	9
pulirsi	2	7
summonisti	2	10
conficcati	2	10
insù	2	4
intensità	2	9
appropriarono	2	13
lava	2	4
ciampollo	2	9
uncinarlo	2	9
distrae	2	7
saltando	2	8
ricatturarlo	2	12
volano	2	6
perseguitarli	2	13
lasciarlo	2	9
pesanti	2	7
cappucci	2	8
rilucenti	2	9
condannò	2	8
inchiodato	2	10
spronato	2	8
morsi	2	5
bestemmia	2	9
corrotti	2	8
sleali	2	6
pubblici	2	8
disgustose	2	10
rettili	2	7
infuocati	2	9
scisma	2	6
falsificatori	2	13
insani	2	6
malati	2	6
sgridato	2	8
alterchi	2	8
volgari	2	7
nembrot	2	7
babele	2	6
fialtre	2	7
giove	2	5
portarli	2	8
gigante	2	7
palmi	2	5
vario	2	5
reciproco	2	9
scornano	2	8
abbati	2	6
cranio	2	6
ruggieri	2	8
diverbio	2	8
vide	2	4
rimase	2	6
alberigo	2	8
litigò	2	6
pretendendo	2	11
riconciliarsi	2	13
invitò	2	6
uccise	2	6
corpi	2	5
pelosi	2	6
congeda	2	7
paride	2	6
priamo	2	6
annuncia	2	8
ringraziare	2	11
sicheo	2	6
assiste	2	7
nascosti	2	8
assistenti	2	10
soci	2	4
approvato	2	9
colleghi	2	8
micromegas	2	10
ecc.	2	4
lavorano	2	8
orizzonte	2	9
folla	2	5
passerella	2	10
numerose	2	8
fantastica	2	10
disagio	2	7
funghi	2	6
fungo	2	5
cresce	2	6
selenita	2	8
pezzi	2	5
catturati	2	9
splendido	2	9
superficie	2	10
scure	2	5
sequenze	2	8
realmente	2	9
squadrone	2	9
jadoo	2	5
mettersi	2	8
markham	2	7
muri	2	4
telegrafo	2	9
strane	2	6
portateli	2	9
occupato	2	8
truffa	2	6
smeraldi	2	8
principi	2	8
finch	2	5
ascoltate	2	9
cercate	2	7
generosità	2	10
ehm	2	3
affondò	2	7
dovrei	2	6
idiozia	2	7
fortunatamente	2	14
brividi	2	7
sentinella	2	10
posino	2	6
squadra	2	7
preparatevi	2	11
allontanati	2	11
finta	2	5
rapito	2	6
aprilo	2	6
uscite	2	6
piantare	2	8
soddisfatta	2	11
ridere	2	6
riusciremo	2	10
ammattito	2	9
vediamo	2	7
identico	2	8
setta	2	5
est	2	3
terminare	2	9
parata	2	6
sopracciglio	2	12
continuate	2	10
indiana	2	7
capisci	2	7
crescerai	2	9
babbo	2	5
diamo	2	5
stupido	2	7
gliel'	2	6
venuti	2	6
simpatica	2	9
sciocchezze	2	11
stomaco	2	7
merito	2	6
mosca	2	5
sostituirti	2	11
rimpiazzare	2	11
lieto	2	5
impressione	2	11
discutere	2	9
sostituto	2	9
delizioso	2	9
bevi	2	4
corredo	2	7
usate	2	5
partiamo	2	8
bevuto	2	6
dovunque	2	8
saltare	2	7
vorresti	2	8
ricominciare	2	12
mettici	2	7
dimostra	2	8
prosegui	2	8
bottiglia	2	9
romperti	2	8
dia	2	3
muovere	2	7
mettilo	2	7
portami	2	7
debba	2	5
farebbero	2	9
raduna	2	6
intendi	2	7
fermati	2	7
falla	2	5
scendi	2	6
incollato	2	9
guardami	2	8
favorevoli	2	10
giurate	2	7
canzone	2	7
vengano	2	7
chinerai	2	8
inchino	2	7
portalo	2	7
trattenere	2	10
abbracciare	2	11
volevo	2	6
riga	2	4
tornata	2	7
abbattuto	2	9
rispondimi	2	10
mostrarmi	2	9
prenderai	2	9
ucciderebbero	2	13
truppa	2	6
succede	2	7
pasticci	2	8
preoccupi	2	9
qualifica	2	9
terminati	2	9
fido	2	4
tasca	2	5
cambiata	2	8
domandi	2	7
libereremo	2	10
assicuro	2	8
orecchie	2	8
amarti	2	6
seguiranno	2	10
appeso	2	6
volevano	2	8
sorprendere	2	11
audacemente	2	11
codardi	2	7
slegherò	2	8
orgoglioso	2	10
frusta	2	6
parlerai	2	8
parlerò	2	7
regolamenti	2	11
tagli	2	5
zitto	2	5
sorveglia	2	9
ferite	2	6
santone	2	7
lasciamo	2	8
scudo	2	5
suono	2	5
reale	2	5
nghilterra	2	10
strappala	2	9
riesci	2	6
nervi	2	5
battere	2	7
scozzesi	2	8
inghilterra	2	11
lasceremo	2	9
avanzare	2	8
cavalleria	2	10
sfidare	2	7
saggezza	2	8
precede	2	7
giurato	2	7
foste	2	5
volgare	2	7
complimenti	2	11
occhiata	2	8
sentirmi	2	8
privilegio	2	10
starà	2	5
povere	2	6
vigliacco	2	9
penso	2	5
aiutarlo	2	8
seta	2	4
faida	2	5
infallibile	2	11
partirà	2	7
orfana	2	6
creek	2	5
dandy	2	5
saputo	2	6
sapendo	2	7
scommette	2	9
tentazione	2	10
lascerò	2	7
gita	2	4
chissà	2	6
insegnante	2	10
royale	2	6
belgique	2	8
fermata	2	7
autista	2	7
gara	2	4
verificare	2	10
speriamo	2	8
perquisire	2	10
domicilio	2	9
divry	2	5
prefetto	2	8
erna	2	4
coperto	2	7
salvata	2	7
camminerò	2	9
viaggiatore	2	11
fred	2	4
dimentica	2	9
berretto	2	8
gabbia	2	6
night	2	5
club	2	4
fermezza	2	8
royal	2	5
palace	2	6
corro	2	5
occasionale	2	11
volontario	2	10
levert	2	6
biglietti	2	9
guardiano	2	9
trovava	2	7
concedere	2	9
marzo	2	5
trèteau	2	7
insanguinata	2	12
sere	2	4
somiglianza	2	11
ghigliottina	2	12
sublime	2	7
truccata	2	8
affittato	2	9
cancelleria	2	11
ossessione	2	10
catturare	2	9
parigino	2	8
affrettato	2	10
rientrando	2	10
legale	2	6
stritolato	2	10
loupart	2	7
commercianti	2	12
alcolici	2	8
facciamo	2	8
finita	2	6
scambiato	2	9
rimaneva	2	8
locali	2	6
stregata	2	8
rivedermi	2	9
sentono	2	7
comunica	2	8
partiremo	2	9
giustiziere	2	11
sorpreso	2	8
femminili	2	9
souvestre	2	9
marcel	2	6
allain	2	6
inseguitori	2	11
leggermente	2	11
pensano	2	7
immobile	2	8
secondino	2	9
comunicava	2	10
quai	2	4
des	2	3
traffico	2	8
ceramista	2	9
mostrarvi	2	9
identificazione	2	15
comunicato	2	10
strangolato	2	11
vederlo	2	7
tornava	2	7
leggeva	2	7
accorga	2	7
accidenti	2	9
sistemare	2	9
appositamente	2	13
discrezione	2	11
digitale	2	8
cari	2	4
aggressione	2	11
pollice	2	7
fotografato	2	11
lista	2	5
osato	2	5
affidare	2	8
e.	2	2
fuselier	2	8
fini	2	4
spinto	2	6
sciarpa	2	7
urgentemente	2	12
causato	2	7
approfittato	2	12
collezioni	2	10
lampo	2	5
cartelli	2	8
modello	2	7
conservati	2	10
elemento	2	8
germinale	2	9
tratto	2	6
informo	2	7
reiterate	2	9
quietanza	2	9
pagamento	2	9
bonnemort	2	9
appresta	2	8
minatore	2	8
souvarine	2	9
pierron	2	7
effettuare	2	10
malcontento	2	11
teneva	2	6
raccomandazioni	2	15
rasseneur	2	9
ridotta	2	7
eletti	2	6
oppongono	2	9
rimangano	2	9
reclamano	2	9
dichiarato	2	10
dissidenti	2	10
sobillatore	2	11
decisa	2	6
violenza	2	8
cavi	2	4
sobillatori	2	11
marchiennes	2	11
voreux	2	6
verifica	2	8
dimenticando	2	12
soccorritori	2	12
aspettano	2	9
ardore	2	6
nº	2	2
maturato	2	8
rivivere	2	8
domitia	2	7
attraente	2	9
accomiatano	2	11
burba	2	5
abusi	2	5
immensa	2	7
oracolo	2	7
proclamerà	2	10
riposto	2	7
uccello	2	7
grinfie	2	7
falco	2	5
cortigiani	2	10
soccorre	2	8
terrorizzata	2	12
dormirai	2	8
riposerà	2	8
falde	2	5
tormenta	2	8
confonderà	2	10
diventi	2	7
porge	2	5
fiala	2	5
assicurerà	2	10
svelare	2	7
smascherarlo	2	12
denunciare	2	10
impedirglielo	2	13
rapita	2	6
gettateli	2	9
distrarre	2	9
finge	2	5
credulone	2	9
radunano	2	8
pallido	2	7
distorta	2	8
moltitudine	2	11
gettate	2	7
baccano	2	7
valanga	2	7
sosta	2	5
densa	2	5
immobili	2	8
immediata	2	9
scuse	2	5
presentati	2	10
cinematografico	2	15
svelato	2	7
annunciare	2	10
minimo	2	6
suzie	2	5
espiato	2	7
respingere	2	10
esiliato	2	8
bedarieux	2	9
rifiutarti	2	10
abbracciarmi	2	12
sconvolge	2	9
velocità	2	8
mercé	2	5
aspettatemi	2	11
musicale	2	8
esportazione	2	12
basa	2	4
lunghezza	2	9
mancanti	2	8
interludio	2	10
romantico	2	9
hanns	2	5
avventuriero	2	12
lyduschka	2	9
von	2	3
wegener	2	7
spadaccino	2	10
fatemi	2	6
ereditiera	2	10
fiorini	2	7
parlò	2	5
salotto	2	7
trovi	2	5
cimitero	2	8
reca	2	4
presentava	2	10
musset	2	6
svedesi	2	7
c.	2	2
discutono	2	9
lavorato	2	8
dovremo	2	7
temendo	2	7
a.sjogren	2	9
cattura	2	7
egon	2	4
turbato	2	7
gelosa	2	6
consolazione	2	12
giudici	2	7
grato	2	5
beaurivage	2	10
purtroppo	2	9
mandi	2	5
approfittare	2	12
braccialetto	2	12
riguarda	2	8
piccante	2	8
apparenze	2	9
infelici	2	8
nostalgia	2	9
varietà	2	7
mensile	2	7
riceverai	2	9
padiglione	2	10
cabbello	2	8
inosservata	2	11
inconsapevole	2	13
collanina	2	9
saresti	2	7
comprometterò	2	13
piange	2	6
contrassegnata	2	14
apache	2	6
bande	2	5
violenta	2	8
convocato	2	9
arrestarmi	2	10
cambiali	2	8
evangile	2	8
misteriosamente	2	15
contribuirà	2	11
riservato	2	9
lancio	2	6
sperava	2	7
provocare	2	9
cave	2	4
nascondigli	2	11
avverrà	2	7
malloppo	2	8
ostacolare	2	10
commissariato	2	13
sollevare	2	9
lanciava	2	8
charley	2	7
stalliere	2	9
circondata	2	10
amazzone	2	8
trapezista	2	10
jacobson	2	8
insopportabile	2	14
dipartimento	2	12
inoltre	2	7
fotogrammi	2	10
dispetto	2	8
finanziarie	2	11
mans	2	4
contanti	2	8
occupata	2	8
concordato	2	10
metterò	2	7
medesimo	2	8
volpe	2	5
belga	2	5
belgio	2	6
finirà	2	6
utilizzato	2	10
sorveglianza	2	12
ispezione	2	9
occhiali	2	8
ministero	2	9
gabinetto	2	9
gennaio	2	7
collega	2	7
prevista	2	8
accompagnare	2	12
funerali	2	8
svolgevano	2	10
cappelli	2	8
iniziare	2	8
intuendo	2	8
conneré	2	7
gendarmi	2	8
prime	2	5
svolgimento	2	11
vane	2	4
laurids	2	7
skands	2	6
karen	2	5
sandberg	2	8
spiro	2	5
lampretch	2	9
amanda	2	6
avventatamente	2	14
imbarcarsi	2	10
contrassegnati	2	14
soluzione	2	9
tata	2	4
assumete	2	8
haugen	2	6
partecipate	2	11
iniziata	2	8
facciano	2	8
serale	2	6
pale	2	4
cancellare	2	10
disastrosa	2	10
materiale	2	9
disponibile	2	11
takeo	2	5
giappone	2	8
distante	2	8
apparve	2	7
maledisse	2	9
contaminatore	2	13
estinzione	2	10
intenda	2	7
figlie	2	6
subirà	2	6
rinuncio	2	8
proteggerà	2	10
quiete	2	6
cala	2	4
inattivo	2	8
salpare	2	7
walrus	2	6
diabolico	2	9
wow	2	3
minta	2	5
attratto	2	8
contemporaneamente	2	18
jan	2	3
semina	2	6
orrore	2	6
odia	2	4
dispositivo	2	11
indefinitamente	2	15
compromesso	2	11
dicembre	2	8
schermo	2	7
fermo	2	5
scopri	2	6
chiamarsi	2	9
vetta	2	5
lasciando	2	9
debito	2	6
campanello	2	10
gare	2	4
flynt	2	5
grasso	2	6
tappeto	2	7
articoli	2	8
abbandonarmi	2	12
clarice	2	7
imbucare	2	8
impazzita	2	9
rich	2	4
prospettiva	2	11
piazza	2	6
trattato	2	8
affondava	2	9
madlene	2	7
beach	2	5
scambiano	2	9
winsor	2	6
cartone	2	7
mostrerà	2	8
dovresti	2	8
vergognarti	2	11
raccontando	2	11
bugia	2	5
basso	2	5
vespero	2	7
tenzone	2	7
caprai	2	6
dorica	2	6
ispira	2	6
flauti	2	6
dispari	2	7
cera	2	4
catana	2	6
figliuola	2	9
operosa	2	7
sussulta	2	8
sostiene	2	8
colonna	2	7
riaprirsi	2	9
sorgenti	2	8
scettrato	2	9
fondasti	2	8
seggio	2	6
tenebra	2	7
serri	2	5
rapisti	2	7
demetra	2	7
siciliano	2	9
condurla	2	8
ade	2	3
clemente	2	8
sacrifica	2	9
propiziato	2	10
rombo	2	5
scuote	2	6
dormenti	2	8
ricaccia	2	8
scampo	2	6
fendono	2	7
crollano	2	8
sottoterra	2	10
raccolte	2	8
ricchezze	2	9
accumulatore	2	12
sfolgoranti	2	11
carichi	2	7
inatteso	2	8
superstiti	2	10
credono	2	7
sepolta	2	7
spento	2	6
scampati	2	8
fuggiaschi	2	10
pirati	2	6
fenici	2	6
scesi	2	5
legna	2	5
offrirla	2	8
bronzo	2	6
incognito	2	9
frequentano	2	11
fingendola	2	10
fallisce	2	8
simulatrice	2	11
accettalo	2	9
v'	2	2
invocazione	2	11
vanto	2	5
inghiotti	2	9
sazio	2	5
carne	2	5
consuma	2	7
fauci	2	5
rifugiano	2	9
cima	2	4
samin	2	5
peor	2	4
veduto	2	6
alcuno	2	6
espia	2	5
levano	2	6
muraglia	2	8
impenetrabile	2	13
alpi	2	4
celerità	2	8
esalta	2	6
melograno	2	9
membo	2	5
recando	2	7
astarte	2	7
cauto	2	5
udii	2	4
nascer	2	6
poni	2	4
corna	2	5
toro	2	4
cammini	2	7
veglie	2	6
cresci	2	6
produttrice	2	11
venturosa	2	9
raggiante	2	9
proteggi	2	8
supplici	2	8
accoglili	2	9
ansie	2	5
fortunata	2	9
celebrata	2	9
inni	2	4
annodi	2	6
mortali	2	7
invincibili	2	11
piaci	2	5
scaltra	2	7
incalzato	2	9
proteggila	2	10
proteggeranno	2	13
apparso	2	7
costui	2	6
raggiunga	2	9
sanguinante	2	11
atroce	2	6
mola	2	4
lieve	2	5
mutarono	2	8
canne	2	5
proconsole	2	10
marcello	2	8
siracusa	2	8
alleata	2	7
milita	2	6
insegne	2	7
nola	2	4
sapiente	2	8
meditazione	2	11
macchine	2	8
irresistibili	2	13
archimede	2	9
distruttrice	2	12
ordigno	2	7
divinamente	2	11
folgori	2	7
travolge	2	8
rogo	2	4
spegne	2	6
placate	2	7
aretusa	2	7
confortato	2	10
fondamento	2	10
incrollabile	2	12
miseri	2	6
doni	2	4
spogliato	2	9
reame	2	5
sali	2	4
tanit	2	5
portale	2	7
favor	2	5
cingersi	2	8
esplorarne	2	10
apparecchi	2	10
assalga	2	7
rimasti	2	7
lustri	2	6
ottimo	2	6
dorme	2	5
inattesa	2	8
moltiplica	2	10
mozzato	2	7
affidò	2	6
strage	2	6
torbido	2	7
silenzi	2	7
perfetti	2	8
sentore	2	7
levato	2	6
munito	2	6
delusi	2	6
perplessi	2	9
disperano	2	9
audacissimo	2	11
lottare	2	7
splende	2	7
bagliore	2	8
genti	2	5
fuggiasche	2	10
fulmineo	2	8
incalza	2	7
resiste	2	7
assedianti	2	10
ostinata	2	8
ferrea	2	6
lunare	2	6
approvvigionata	2	15
saccheggio	2	10
duce	2	4
prendila	2	8
gurzil	2	6
consacro	2	8
incantatrice	2	12
indomabile	2	10
dispone	2	7
rinnegare	2	9
ornerà	2	6
continuano	2	10
prodigiosa	2	10
tregue	2	6
furenti	2	7
soffocarli	2	10
ghirlande	2	9
nuziali	2	7
esaudisce	2	9
singolare	2	9
risparmiata	2	11
implorare	2	9
giunto	2	6
togliere	2	8
mutò	2	4
publio	2	6
colloquio	2	9
indugio	2	7
ripugna	2	7
rivendica	2	9
cartaginese	2	11
tento	2	5
servigio	2	8
magnanima	2	9
beneficio	2	9
ricevo	2	6
compio	2	6
libagioni	2	9
mutano	2	6
matisman	2	8
bevo	2	4
abdal	2	5
accostati	2	9
esegui	2	6
ripromessa	2	10
differito	2	9
scampa	2	6
scendendo	2	9
disarmata	2	9
piega	2	5
giogo	2	5
latine	2	6
rivarcano	2	9
navale	2	6
rostro	2	6
duilio	2	6
guerre	2	6
puniche	2	7
capua	2	5
metauro	2	7
utica	2	5
fanti	2	5
nuovissima	2	10
scaglia	2	7
telecamera	2	10
flirtare	2	8
corri	2	5
provalo	2	7
orologio	2	8
keyston	2	7
fuller	2	6
subdola	2	7
lire	2	4
desmond	2	7
sedativo	2	8
gentiluomo	2	10
vetro	2	5
fotocamera	2	10
strumento	2	9
parlo	2	5
perdendo	2	8
pellicola	2	9
milione	2	7
coraggiosamente	2	15
dubbi	2	5
temporanea	2	10
pubblicare	2	10
precauzioni	2	11
sperare	2	7
dovrà	2	5
trincea	2	7
filastrocca	2	11
quinquin	2	8
madrina	2	7
ormeaux	2	7
benevolenza	2	11
gilberte	2	8
sfortunati	2	10
porgo	2	5
destinazione	2	12
caminetto	2	9
dinamico	2	8
arrivava	2	8
redazione	2	9
rinvenuto	2	9
clèment	2	7
apprendono	2	10
appassionante	2	13
legava	2	6
tardo	2	5
celebri	2	7
separava	2	8
addormentarsi	2	13
raccontava	2	10
camelia	2	7
affascinante	2	12
camerino	2	8
sincere	2	7
interrogato	2	11
rapido	2	6
honore	2	6
loupierre	2	9
esecuzioni	2	10
henri	2	5
cassazione	2	10
pentito	2	7
decifrare	2	9
contenuto	2	9
suonato	2	7
villement	2	9
informare	2	9
malfamati	2	9
chiusura	2	8
interessava	2	11
rammarico	2	9
riprendeva	2	10
travestito	2	10
puntuale	2	8
inchiostro	2	10
capezzale	2	9
collocamento	2	12
referenze	2	9
passy	2	5
scherzo	2	7
caricata	2	8
sordomuto	2	9
pugno	2	5
ristampa	2	8
audio	2	5
visiva	2	6
lanchbery	2	9
spartito	2	8
breil	2	5
lungometraggi	2	13
eccezioni	2	9
programmi	2	9
stampati	2	8
e.woods	2	7
g.w.bitzer	2	10
scorrettezze	2	12
pretendiamo	2	11
evidenziare	2	11
scritta	2	7
clansman	2	8
dixon	2	5
alloggi	2	7
cortese	2	7
amiconi	2	7
istituito	2	9
richiamati	2	10
festeggiare	2	11
sonnecchiano	2	12
spuntare	2	8
iceve	2	5
riconoscesti	2	12
cerimoniale	2	11
irregolare	2	10
paramilitari	2	12
saccheggia	2	10
appoggiavano	2	12
sviato	2	6
varco	2	5
lontananza	2	10
avversari	2	9
sofferma	2	8
acclamano	2	9
pressioni	2	9
collaboratori	2	13
arrostito	2	9
promotrice	2	10
esatti	2	6
documentati	2	11
affrontato	2	10
cessano	2	7
pensata	2	7
sciamarono	2	10
abbindolare	2	11
operò	2	5
tallone	2	7
risvegliati	2	11
traferita	2	9
prostrare	2	9
innalzati	2	9
uguaglianza	2	11
estensione	2	10
brandendo	2	9
traferirono	2	11
incita	2	6
liberati	2	8
desideroso	2	10
condizionato	2	12
accondiscendenza	2	16
sostenitore	2	11
iscrizione	2	10
scorto	2	6
spazzano	2	8
emesso	2	6
diffuse	2	7
starsene	2	8
disturbatore	2	12
sostenitori	2	11
avuta	2	5
secreto	2	7
butto	2	5
opalini	2	7
saloon	2	6
scalini	2	7
ordinando	2	9
sfilare	2	7
schernitori	2	11
radunati	2	8
cavalcano	2	9
sopraffata	2	10
portatici	2	9
intimidire	2	10
impotenti	2	9
rimangono	2	9
governerà	2	9
resync	2	6
ansiosi	2	7
diventando	2	10
combattimento	2	13
cortesia	2	8
celebrando	2	10
affranto	2	8
preservate	2	10
moderne	2	7
preservato	2	10
and	2	3
sciences	2	8
scansione	2	9
eseguiti	2	8
mogliettina	2	11
rivedremo	2	9
servirsi	2	8
lasciali	2	8
plaza	2	5
distinta	2	8
long	2	4
fannie	2	6
ward	2	4
farfalla	2	8
chiffon	2	7
fruttano	2	8
rinunci	2	7
stravaganza	2	11
dick	2	4
chieda	2	6
casse	2	5
stipendio	2	9
spendere	2	8
frutta	2	6
abbondanza	2	10
saliranno	2	9
investito	2	9
costringendo	2	12
rinunciare	2	10
investire	2	9
raddoppierò	2	11
prometta	2	8
dirlo	2	5
invieremo	2	9
belgi	2	5
andati	2	6
poterti	2	7
dollaro	2	7
persi	2	5
dirtelo	2	7
corrompermi	2	11
chiudi	2	6
vattene	2	7
sparatoria	2	10
proibisco	2	9
pagherò	2	7
fermai	2	6
disarmarlo	2	10
annullato	2	9
imputato	2	8
clay	2	4
studiando	2	9
incontreremo	2	12
esistono	2	8
ciao	2	4
incontrarsi	2	11
vasto	2	5
diverse	2	7
regolarmente	2	12
moore	2	5
prossima	2	8
aiutato	2	7
accetterai	2	10
escogitano	2	10
fornire	2	7
capisce	2	7
esprimerle	2	10
profonda	2	8
confidare	2	9
ray	2	3
reclutamento	2	12
arruolarti	2	10
disertato	2	9
raggiungono	2	11
generazioni	2	11
confederate	2	11
crepuscolo	2	10
preservati	2	10
trovata	2	7
versioni	2	8
kodascope	2	9
pest	2	4
rimani	2	6
wienerwurst	2	11
tootsy	2	6
incantatore	2	11
dot	2	3
dash	2	4
intelligenti	2	12
professor	2	9
nix	2	3
mangiafuoco	2	11
british	2	7
blackhawk	2	9
art	2	3
sopravvissuti	2	13
audizione	2	9
studi	2	5
lodestone	2	9
acuto	2	5
testo	2	5
patetico	2	8
istrione	2	8
sposarla	2	8
carew	2	5
prenditi	2	8
lasciarti	2	9
simpatizza	2	10
sposerò	2	7
ejvind	2	6
eagle	2	5
chiese	2	6
riuscì	2	6
scoperti	2	8
crediamo	2	8
accadendo	2	9
bruciare	2	8
stalla	2	6
bruciano	2	8
proseguendo	2	11
incontrarla	2	11
accomiatatosi	2	13
stanchezza	2	10
liquore	2	7
scomparsi	2	9
fuggendo	2	8
sbrigo	2	6
circa	2	5
sig.mazamette	2	13
nationale	2	9
affaticata	2	10
potro	2	5
affinche	2	8
incarnazione	2	12
immobiliare	2	11
ammobiliati	2	11
dotato	2	6
segretaria	2	10
settembre	2	9
autorizzo	2	9
lunedi	2	6
sabato	2	6
berteaux	2	8
residenza	2	9
terro	2	5
decimo	2	6
sinistri	2	8
desiderate	2	10
consultate	2	10
m.me	2	4
prendermi	2	9
impedisce	2	9
avvelenatore	2	12
davano	2	6
gemiti	2	6
singhiozzi	2	10
eventuale	2	9
ottavo	2	6
ergastolo	2	9
sidi	2	4
ovedzem	2	7
pregate	2	7
reverendo	2	9
africana	2	8
perdute	2	7
infermeria	2	10
poppa	2	5
prua	2	4
sopravvivi	2	10
breve	2	5
perpignan	2	9
scherzi	2	7
eustachio	2	9
deplorevole	2	11
portar	2	6
sig.dupont	2	10
affonda	2	7
riporto	2	7
argenteria	2	10
cassapanca	2	10
presi	2	5
scampata	2	8
amate	2	5
colletta	2	8
covo	2	4
depravazione	2	12
contenuta	2	9
precauzione	2	11
giudiziario	2	11
moinot	2	6
capitolo	2	8
sapete	2	6
paralizzato	2	11
normale	2	7
sigari	2	6
vergogni	2	8
nondimeno	2	9
rivista	2	7
autografo	2	9
celebrita	2	9
registriamo	2	11
ammalata	2	8
patoche	2	7
sostituirmi	2	11
mancia	2	6
reco	2	4
impressionata	2	13
accettate	2	9
consegnero	2	10
suicidato	2	9
collaboratrice	2	14
predecessori	2	12
hortense	2	8
aurelie	2	7
plateau	2	7
ordinativo	2	10
menu	2	4
rane	2	4
lepre	2	5
salsa	2	5
sogliola	2	8
vari	2	4
ricevimenti	2	11
lutto	2	5
rinviare	2	8
annullare	2	9
ordinato	2	8
coppia	2	6
dessert	2	7
bevetelo	2	8
cifrato	2	7
chailly	2	7
partite	2	7
atteso	2	6
attaccato	2	9
piramide	2	8
sioux	2	5
ammaliano	2	9
av	2	2
derubati	2	8
et	2	2
turisti	2	7
veneur	2	6
discretamente	2	13
lesse	2	5
horatio	2	7
sig.werner	2	10
bell'	2	5
indiscreto	2	10
r.n	2	3
decine	2	6
migliaia	2	8
avventure	2	9
raccontate	2	10
pronipote	2	9
luglio	2	6
murat	2	5
pepe	2	4
calderon	2	8
francesi	2	8
preparo	2	7
imboscata	2	9
dipende	2	7
vedervi	2	7
sontuoso	2	8
giornalisti	2	11
portavo	2	7
ricompensata	2	12
conclusione	2	11
trasferito	2	10
rendeva	2	7
cianuro	2	7
insonnia	2	8
risveglia	2	9
letargico	2	9
pugenc	2	6
uniformi	2	8
cesto	2	5
delicato	2	8
riusciti	2	8
possiedo	2	8
favolosa	2	8
messaggi	2	8
immediato	2	9
poiche	2	6
leale	2	5
dimenticate	2	11
oscurita	2	8
saro	2	4
quegli	2	6
osare	2	5
biagio.ficco@libero.it	2	22
skinny	2	6
benvenuto	2	9
grogan	2	6
chiaramente	2	11
leggero	2	7
costantemente	2	13
appartieni	2	10
perfettamente	2	13
dirgli	2	6
spike	2	5
dugan	2	5
campione	2	8
solski	2	6
degna	2	5
impaziente	2	10
fagioli	2	7
colazione	2	9
smettila	2	8
pulizie	2	7
attivita	2	8
fara	2	4
fallo	2	5
gentilezza	2	10
figlioli	2	8
séguito	2	7
affittare	2	9
pertanto	2	8
interminabile	2	13
aggredito	2	9
conforto	2	8
simpatico	2	9
superstite	2	10
incorreggibile	2	14
dupont	2	6
questioni	2	9
sfuggito	2	8
domestici	2	9
godono	2	6
influenti	2	9
otteneva	2	8
cessava	2	7
recava	2	6
cesta	2	5
lunedì	2	6
abisso	2	6
effettivamente	2	14
sobborgo	2	8
attenta	2	7
cronaca	2	7
metterla	2	8
consultarmi	2	11
lasciavano	2	10
festino	2	7
affascinano	2	11
crudeltà	2	8
portandosi	2	10
partecipato	2	11
dirà	2	4
innanzitutto	2	12
hott	2	4
preparava	2	9
rivedervi	2	9
prescrizione	2	12
riscontrato	2	11
deperimento	2	11
prescrivo	2	9
priorità	2	8
terme	2	5
località	2	8
monotona	2	8
provincia	2	9
passerà	2	7
indubbiamente	2	13
matrimoniale	2	12
preparati	2	9
acquisti	2	8
rientra	2	7
intimità	2	8
violinista	2	10
sottostare	2	10
insegnamento	2	12
m.d.w	2	5
tennis	2	6
interminabili	2	13
riuscirà	2	8
consigli	2	8
frammento	2	9
conservato	2	10
ricostruire	2	11
meccanica	2	9
avvisarla	2	9
folle	2	5
finire	2	6
accettò	2	7
tornò	2	5
scoprii	2	7
trovammo	2	8
decisi	2	6
sentii	2	6
aprì	2	4
destare	2	7
cioccolata	2	10
calda	2	5
entusiasmo	2	10
gioventu	2	8
umanita	2	7
temono	2	6
animi	2	5
bastonata	2	9
pertica	2	7
possibilita	2	11
scontro	2	7
restituzione	2	12
salta	2	5
sfiora	2	6
luridi	2	6
colpita	2	7
sayer	2	5
tissot	2	6
dirla	2	5
normali	2	7
adottare	2	8
accade	2	6
disgrazia	2	9
balla	2	5
recarmi	2	7
ricevette	2	9
innanzi	2	7
giuramento	2	10
amichetto	2	9
attendo	2	7
aquilotto	2	9
recuperato	2	10
depravata	2	9
aubry	2	5
dovrai	2	6
precisa	2	7
precedettero	2	12
ripensare	2	9
chiederò	2	8
pronunciarlo	2	12
cosiddetto	2	10
azzurro	2	7
nonno	2	5
risvegliato	2	11
andarmene	2	9
riscattare	2	10
veglio	2	6
formato	2	7
treni	2	5
elettronico	2	11
mobile	2	6
distinto	2	8
capriccio	2	9
sauvgrain	2	9
melun	2	5
chiederle	2	9
compagna	2	8
carceriere	2	10
perdoni	2	7
carezze	2	7
prigionero	2	10
incosciente	2	11
onest'	2	6
milton	2	6
papá	2	4
conservata	2	10
provengono	2	10
portiera	2	8
yodel	2	5
proverò	2	7
picchiare	2	9
nuziale	2	7
separarmene	2	11
glene	2	5
selezione	2	9
moving	2	6
goliath	2	7
poltrire	2	8
ricomincia	2	10
pausa	2	5
macchinisti	2	11
osate	2	5
svegliarci	2	10
sciopereremo	2	12
scioperiamo	2	11
apri	2	4
cucimi	2	6
intellettuali	2	13
recitare	2	8
broko	2	5
preoccuparti	2	12
spaghetti	2	9
melone	2	6
birre	2	5
spasimante	2	10
seltzer	2	7
portarti	2	8
spavento	2	8
ucciderla	2	9
diretto	2	7
stuart	2	6
paton	2	5
eugene	2	6
gaudio	2	6
sottomarine	2	11
risolto	2	7
ernest	2	6
sorprendenti	2	12
limite	2	6
serio	2	5
cinquanta	2	9
civilizzato	2	11
gigantesco	2	10
equipaggi	2	9
inviare	2	7
liberare	2	8
scienziato	2	10
rappresentare	2	13
metteranno	2	10
comunicate	2	10
marina	2	6
professore	2	10
ned	2	3
land	2	4
arpionieri	2	10
navigare	2	8
marinai	2	7
insondate	2	9
profondita	2	10
varato	2	6
riuscendo	2	9
punta	2	5
vendicati	2	9
segnalazione	2	12
avvistato	2	9
arpioni	2	7
palle	2	5
rimbalzano	2	10
sperona	2	7
deriva	2	6
navigano	2	8
bellissima	2	10
pannello	2	8
osservazione	2	12
aeronauta	2	9
harding	2	7
caverna	2	7
prof.aronnax	2	12
convocati	2	9
potrete	2	7
promettiamo	2	11
meravigliosi	2	12
resistere	2	9
vedessimo	2	9
stupendo	2	8
spugne	2	6
crescono	2	8
osservate	2	9
riflesso	2	8
raggi	2	5
labridi	2	7
uova	2	4
nutrono	2	7
scheletri	2	9
polipo	2	6
animale	2	7
relitto	2	7
barracuda	2	9
protegge	2	8
mangiatori	2	10
meravigliose	2	12
scavata	2	7
respireremo	2	11
collegati	2	9
sott'	2	5
visitano	2	8
compressa	2	9
tigri	2	5
caschi	2	6
sprezzanti	2	10
mangiatore	2	10
macabri	2	7
fantasma	2	8
torture	2	7
mentali	2	7
chiedendosi	2	11
violato	2	7
farabutto	2	9
avvista	2	7
risacca	2	7
naufragato	2	10
vissuto	2	7
giungla	2	7
mancare	2	7
salvateli	2	9
lodato	2	6
vivevo	2	6
furbo	2	5
appreso	2	7
reclusione	2	10
desolazione	2	11
mago	2	4
corretti	2	8
fifth	2	5
oceanici	2	8
dirige	2	6
a.l	2	3
salpano	2	7
nativi	2	6
living	2	6
shamrock	2	8
rotola	2	6
soffiatrice	2	11
galleggianti	2	12
fango	2	5
fishy	2	5
lavanderia	2	10
generalitat	2	11
valenciana	2	10
cinémathèque	2	12
metraggio	2	9
giornate	2	8
scultura	2	8
potessi	2	7
intiepidire	2	11
modelle	2	7
incanto	2	7
assai	2	5
varsavia	2	8
stolikine	2	9
vent'	2	5
soddisfare	2	10
capricci	2	8
fulgore	2	7
lusso	2	5
rinascere	2	9
determinato	2	11
buveuse	2	7
darle	2	5
animato	2	7
afferma	2	7
indebolita	2	10
stavi	2	5
dedica	2	6
adoro	2	5
ricatto	2	7
riepilogo	2	9
consorzio	2	9
continentale	2	12
correntisti	2	11
universali	2	10
sottoscrittori	2	14
insolvenza	2	10
delta	2	5
fosfati	2	7
doloso	2	6
licenzia	2	8
crollando	2	9
affido	2	6
appendere	2	9
allucinazione	2	13
sepoltura	2	9
catalessi	2	9
contadino	2	9
studenti	2	8
promettere	2	10
losco	2	5
finanziere	2	10
devoluto	2	8
scolaretto	2	10
episodi	2	7
rovinare	2	8
riattaccare	2	11
gisèle	2	6
moralès	2	7
martedì	2	7
concedermi	2	10
vedovanza	2	9
compiacere	2	10
nativo	2	6
insiste	2	7
pratiche	2	8
mandare	2	7
assassinarle	2	12
adempiere	2	9
jonas	2	5
robaudet	2	8
sospiri	2	7
cespuglio	2	9
diagnostica	2	11
embolia	2	7
esordio	2	7
polish	2	6
bashnikeff	2	10
giovanile	2	9
ardent	2	6
riviera	1	7
imbottigliati	1	13
capiscono	1	9
formaggio	1	9
restino	1	7
barba	1	5
pippo	1	5
togno	1	5
beppe	1	5
pucciare	1	8
scignuri	1	8
manco	1	5
fermano	1	7
trofie	1	6
digeriscono	1	11
chissenefrega	1	13
morissero	1	9
rutti	1	5
kg	1	2
condiamo	1	8
pasta	1	5
basilico	1	8
pecorino	1	8
cazzo	1	5
polenta	1	7
vieterei	1	8
liguria	1	7
vietato	1	7
vêgne	1	5
sc	1	2
ciuppon	1	7
futta	1	5
pansotti	1	8
schifo	1	6
acquario	1	8
han	1	3
genova	1	6
zanzare	1	7
apericena	1	9
pianura	1	7
padana	1	6
milano	1	6
producono	1	9
noci	1	4
anacardi	1	8
pinolo	1	6
caglio	1	6
avvelenarci	1	11
sopraelevata	1	12
autostrada	1	10
sfiancano	1	9
lodati	1	6
mosso	1	5
sottrarla	1	9
rozzi	1	5
scambiare	1	9
incolpa	1	7
gettato	1	7
anfiteatro	1	10
guidato	1	7
piaccia	1	7
jim	1	3
cantante	1	8
manager	1	7
suppliche	1	9
introdotta	1	10
faticoso	1	8
andarla	1	7
raccontata	1	10
alzarsi	1	7
ucciderebbe	1	11
paciico	1	7
johanna	1	7
peter	1	5
idealista	1	9
valli	1	5
percepito	1	9
accaparramento	1	14
riduce	1	6
scorta	1	6
w.j	1	3
hammond	1	7
h.j	1	3
martin	1	6
shelley	1	7
edison	1	6
production	1	10
università	1	10
esperimento	1	11
chiederti	1	9
frankeinstein	1	13
inorridito	1	10
perseguitando	1	13
valere	1	6
citazioni	1	9
poema	1	5
kingsley	1	8
navigarono	1	10
tramontava	1	10
pensava	1	7
guardarli	1	9
sopravvivere	1	12
spera	1	5
giacciono	1	9
sabbia	1	6
lucente	1	7
chiarore	1	8
torcendosi	1	10
buia	1	4
familiari	1	9
riesumano	1	9
maniero	1	7
affascinato	1	11
campagnola	1	10
complicate	1	10
peggy	1	5
dissolutezza	1	12
prendersi	1	9
semplici	1	8
recano	1	6
placare	1	7
bruciata	1	8
ball	1	4
hjalmar	1	7
davidsen	1	8
urban	1	5
gad	1	3
alfed	1	5
vang	1	4
knud	1	4
svane	1	5
viaggiante	1	10
mister	1	6
rudolph	1	7
cowboy	1	6
domatore	1	8
evelyn	1	6
gjerlev	1	7
strasera	1	8
brama	1	5
magda	1	5
copenhagen	1	10
coincidenza	1	11
scandalo	1	8
sprecata	1	8
favorito	1	8
sotterfugio	1	11
~la	1	3
commedia~	1	9
~inferno~	1	9
smarrito	1	8
cammin	1	6
ritrovai	1	8
dritta	1	6
smarrita	1	8
esta	1	4
smarrisce	1	9
blocca	1	6
aspirazione	1	11
pellegrino	1	10
incarna	1	7
assicureranno	1	13
felino	1	6
demoniaco	1	9
sopraggiungere	1	14
magrezza	1	8
avidità	1	7
sufficienti	1	11
accorra	1	7
vegno	1	5
locove	1	6
dinanzi	1	7
loderò	1	6
sovente	1	7
tacetti	1	7
cielka	1	6
minor	1	5
aggrada	1	7
comandamento	1	12
ubbidire	1	8
mettardi	1	8
capirmi	1	7
cagion	1	6
scender	1	7
quaggiùso	1	9
ampio	1	5
ardita	1	6
dirotti	1	7
brevemente	1	10
rispose	1	7
temo	1	4
venir	1	5
sollecita	1	9
abbandonare	1	11
narrare	1	7
drammatica	1	10
fatica	1	6
accinge	1	7
rassicurato	1	11
intraprendere	1	13
affidandosi	1	11
saggia	1	6
addentra	1	8
entrai	1	6
silvestro	1	9
dantesco	1	8
titubanza	1	9
cultura	1	7
occidentale	1	11
concezione	1	10
oltretomba	1	10
origine	1	7
latina	1	6
immaginario	1	11
adattandolo	1	11
categorie	1	9
escatologiche	1	13
morali	1	6
accesso	1	7
comoda	1	6
dannazione	1	10
immenso	1	7
tenebroso	1	9
caron	1	5
dimonio	1	7
bragia	1	6
accennando	1	10
raccoglie	1	9
batte	1	5
remo	1	4
adagia	1	6
autunno	1	7
foglie	1	6
ramo	1	4
similmente	1	10
adamo	1	5
richiamo	1	8
cogli	1	5
rompevisto	1	10
disorientamento	1	15
intrapreso	1	10
battesimo	1	9
speme	1	5
vivemo	1	6
vien	1	4
andammo	1	7
infino	1	6
lumera	1	6
parlar	1	6
colà	1	4
accolsero	1	9
tracco	1	6
castllo	1	7
superato	1	8
magni	1	5
distinsero	1	10
meriti	1	6
sommi	1	5
aristotele	1	10
socrate	1	7
platone	1	7
fondatori	1	9
filosofia	1	9
ettore	1	6
enea	1	4
eroi	1	4
rispettivamente	1	15
iliade	1	6
eneide	1	6
illustri	1	8
pervaso	1	7
grandissima	1	11
scaduto	1	7
allontanano	1	11
giudica	1	7
stavvi	1	6
minos	1	5
orribilmente	1	12
ringhia	1	7
turbine	1	7
essamina	1	8
nell	1	4
infernal	1	8
mena	1	4
voltando	1	8
percotendo	1	10
molesta	1	7
cubo	1	4
pianti	1	6
sconvolto	1	9
trascina	1	8
brutalmente	1	11
eternità	1	8
amorosa	1	7
sensi	1	5
contenere	1	9
ferme	1	5
volan	1	5
aere	1	4
cotali	1	6
uscir	1	5
ovettido	1	8
lancilotto	1	10
fiati	1	5
scolocci	1	8
disiato	1	7
baciato	1	7
basciò	1	6
commuove	1	8
sviene	1	6
partecipazione	1	14
rivive	1	6
sensuale	1	8
peccaminoso	1	11
letterari	1	9
fiera	1	5
glosi	1	5
latrando	1	8
offende	1	7
esibisce	1	8
grottesco	1	9
manciata	1	8
placarla	1	8
urlano	1	6
sanguinose	1	10
discordie	1	9
dilanieranno	1	12
assale	1	6
blasfene	1	8
zittisce	1	8
dichiarando	1	11
consumati	1	9
sospingono	1	10
uni	1	3
pesi	1	4
ingiuriano	1	10
accidiosi	1	9
percuotono	1	10
guise	1	5
ateo	1	4
stese	1	5
accoto	1	6
costà	1	5
allor	1	5
accorto	1	7
miscredenti	1	11
imperdito	1	9
erinni	1	6
apparse	1	7
lasciarli	1	9
sbarrando	1	9
convincerli	1	11
attite	1	6
cominci	1	7
megera	1	6
tisifone	1	8
graffiano	1	9
invocando	1	9
medusa	1	6
impietrisca	1	11
inopportuni	1	11
impetuoso	1	9
verga	1	5
seppelliti	1	10
sepolcri	1	8
infocati	1	8
tosco	1	5
ten	1	3
piacciati	1	9
oscuramente	1	11
ergea	1	5
dispitto	1	8
contrapposti	1	12
polemici	1	8
schieramenti	1	12
avversi	1	7
riconoscono	1	11
volutamente	1	11
predici	1	7
sperimenterà	1	12
ingegno	1	7
appartenevano	1	13
proteso	1	7
raziocinio	1	10
assertore	1	9
sudditanza	1	10
teologia	1	8
imperterrito	1	12
riprendendo	1	11
avi	1	3
seppero	1	7
affarinata	1	10
prossimi	1	8
sfuggono	1	8
sepolture	1	9
fetore	1	6
escrementi	1	10
fotino	1	6
eresia	1	6
attribuiva	1	10
annullando	1	10
gironi	1	6
sottostanti	1	11
stringono	1	9
difficili	1	9
dolorosi	1	8
tronchi	1	7
fan	1	3
ramuscel	1	8
pruno	1	5
schiante	1	8
ambientazione	1	13
suggestiva	1	10
contorta	1	8
psicologia	1	10
pone	1	4
pagana	1	6
rompono	1	7
emettono	1	8
differenza	1	10
riuniranno	1	10
smarrimento	1	11
spezzarne	1	9
schianti	1	8
estirpi	1	7
vigna	1	5
abbacinare	1	10
federica	1	8
letterato	1	9
corti	1	5
volsi	1	5
soavi	1	5
tolsi	1	5
fizio	1	5
perdevi	1	7
polsi	1	5
riabilita	1	9
contemporanei	1	13
cancella	1	8
dignità	1	7
vigile	1	6
consapevole	1	11
innocenzo	1	9
toscana	1	7
miniato	1	7
miliziani	1	9
accecarono	1	10
arroventato	1	11
traspare	1	8
ammirato	1	8
dapprima	1	8
ispirato	1	8
distanze	1	8
evidenziando	1	12
confini	1	7
etici	1	5
corruzione	1	10
caratterizzano	1	14
calunnia	1	8
indotto	1	7
credendo	1	8
morir	1	5
fuggir	1	6
ingiusto	1	8
preferito	1	9
sopportazione	1	13
cristiana	1	9
assaporare	1	10
mostrandosi	1	11
superiori	1	9
calunniatori	1	12
disprezzo	1	9
ingiuste	1	8
accuse	1	6
colpevolezza	1	12
giungere	1	8
dilapidatori	1	12
inseguiti	1	9
dilacerati	1	10
diretro	1	7
bramose	1	7
veltri	1	6
uscisser	1	8
catena	1	6
sappiatelo	1	10
lacerare	1	8
abrano	1	6
fitta	1	5
intrecciata	1	11
sottobosco	1	10
avvelenati	1	10
facendosi	1	9
tanta	1	5
annientamento	1	13
purché	1	6
scialacquatori	1	14
rincorsi	1	8
braccati	1	8
sbranati	1	8
fameliche	1	9
scempio	1	7
ricompongono	1	12
rinnovare	1	9
strazio	1	7
lapidato	1	8
dilaniati	1	9
dilapidazione	1	13
considerate	1	11
par	1	3
curi	1	4
dispettoso	1	10
torto	1	5
sen	1	3
nuotando	1	8
accorgo	1	7
sentia	1	6
gorgo	1	5
scroscio	1	8
ruffiani	1	8
demonti	1	7
staffile	1	8
venedico	1	8
caccianimico	1	12
adulatori	1	9
femmine	1	7
lusinghiere	1	11
sterco	1	6
allessio	1	8
interminelli	1	12
sozza	1	5
scapigliata	1	11
fante	1	5
graffia	1	7
merdose	1	7
accoscia	1	8
stante	1	6
simoniaci	1	9
ingiù	1	5
ardono	1	6
inveisce	1	8
papato	1	6
infilati	1	8
inflitta	1	8
contrappasso	1	12
rovesciata	1	10
rivolgere	1	9
celesti	1	7
interessati	1	11
terrene	1	7
anticipa	1	8
incontenibile	1	13
ecclesiastici	1	13
lupi	1	4
rapaci	1	6
definisce	1	9
susasse	1	7
palese	1	6
simonia	1	7
mettervi	1	8
intromettersi	1	13
condizionare	1	12
indovini	1	8
stravolti	1	9
reni	1	4
barattieri	1	10
tornaconto	1	10
impediti	1	8
uscirne	1	7
colpirli	1	8
argine	1	6
separa	1	6
malacoda	1	8
esiste	1	6
ponti	1	5
crollati	1	8
siddante	1	8
timoroso	1	8
divertono	1	9
linguaggi	1	9
atteggiamenti	1	13
grotteschi	1	10
barbareccia	1	11
muoversi	1	8
sconcio	1	7
cul	1	3
trombetta	1	9
parentesi	1	9
comica	1	6
dantesca	1	8
sapesse	1	7
adattare	1	8
poesia	1	6
animatore	1	9
artefice	1	8
vivacissima	1	11
zuffa	1	5
raggirati	1	9
tramavano	1	9
imbrogli	1	8
barattiere	1	10
navarrese	1	9
simbolica	1	9
rappresentativa	1	15
categoria	1	9
intelligenza	1	12
degradata	1	9
mediocre	1	8
truffaldini	1	11
acciuffato	1	10
forcone	1	7
scherniscono	1	12
raggira	1	7
distraendoli	1	12
incipienza	1	10
malebranche	1	11
preferendola	1	12
goffa	1	5
inseguono	1	9
adirati	1	7
subita	1	6
daciampolo	1	10
sfogarsi	1	8
bondi	1	5
precipitandosi	1	14
faticosamente	1	13
caifasso	1	8
calcato	1	7
sfuggiti	1	8
mala	1	4
ritrovano	1	9
campioni	1	8
doppiezza	1	9
imprigionati	1	12
dorate	1	6
calpestano	1	10
stesi	1	5
crocifissi	1	10
suocero	1	7
sinedrio	1	8
pretesti	1	8
iladri	1	6
orrido	1	6
nude	1	4
terrorizzate	1	12
assalgono	1	9
provocando	1	10
trasformazioni	1	14
disumani	1	8
omicida	1	7
sacrilego	1	9
duomo	1	5
pistoia	1	7
annunciata	1	10
incenere	1	8
bestialità	1	10
netta	1	5
contrapposizione	1	16
sentendosi	1	10
rabbiosamente	1	13
predicendole	1	12
trasformanti	1	12
viceversa	1	9
martira	1	7
fiammella	1	9
divisa	1	6
fraudolente	1	11
teso	1	4
superare	1	8
limiti	1	6
umani	1	5
annegare	1	8
nona	1	4
scandali	1	8
scismi	1	6
beltran	1	7
bornio	1	6
tenea	1	5
chiome	1	6
pesol	1	5
guisa	1	5
lanterna	1	8
idropici	1	8
puzzo	1	5
marce	1	5
accolgono	1	9
decima	1	6
raggruppati	1	11
mucchi	1	6
consiste	1	8
fastidiose	1	10
adulterare	1	10
snaturare	1	9
martoriati	1	10
fastidioso	1	10
prurito	1	7
danteli	1	7
approfittarono	1	14
arricchirsi	1	11
nembrotto	1	9
fialte	1	6
smisurate	1	9
proporzioni	1	11
immobilità	1	10
responsabili	1	12
bassa	1	5
trasportare	1	11
lievemente	1	10
sposò	1	5
gelato	1	6
ghiacciato	1	10
costano	1	7
furiosamente	1	12
freddamente	1	11
svela	1	5
camicione	1	9
lacaina	1	7
rivelarsi	1	9
incombe	1	7
camminando	1	10
nuca	1	4
imprecando	1	10
accenna	1	7
ennesimo	1	8
spira	1	5
cucito	1	6
ricordato	1	9
significherebbe	1	15
esplorare	1	9
caratteristiche	1	15
specifiche	1	10
paterno	1	7
tenero	1	6
forbendo	1	8
retro	1	5
guasto	1	6
rinovelli	1	9
preme	1	5
priachione	1	10
favelli	1	7
chiodo	1	6
parlarne	1	8
lacrimare	1	9
quaggiù	1	7
fiorentino	1	10
todo	1	4
diedi	1	5
brancolar	1	9
sovra	1	5
chiamai	1	7
fûr	1	3
dolor	1	5
potè	1	4
cascarli	1	8
vieti	1	5
brancolare	1	10
amai	1	4
potei	1	5
moda	1	4
consumata	1	9
italiana	1	8
imprigionato	1	12
ghibellino	1	10
guelfo	1	6
nino	1	4
visconti	1	8
insediò	1	7
conflitti	1	9
finchériuscì	1	12
guidò	1	5
deposizione	1	11
famiglie	1	8
pisane	1	6
accusandolo	1	11
inteso	1	6
cruda	1	5
udirai	1	6
saprai	1	6
semo	1	4
offeso	1	6
cadenti	1	7
osso	1	4
albergino	1	9
levargli	1	8
spietate	1	8
esservi	1	7
assegnate	1	9
intima	1	6
toglietemi	1	10
incrostazioni	1	13
sfogare	1	7
colma	1	5
tornino	1	7
ghiacciarsi	1	11
guelfi	1	6
faenza	1	6
dottrina	1	8
tolomea	1	7
impossessati	1	12
accompagnerà	1	12
condurrà	1	8
tradizionalmente	1	16
contrapposta	1	12
speculare	1	9
conferisce	1	10
caratteri	1	9
stravolta	1	9
grottesca	1	9
regalità	1	8
ognuna	1	6
spuntano	1	8
pipistrello	1	11
sbattendo	1	9
provocano	1	9
ghiacciare	1	10
immobilizzato	1	13
conficcato	1	10
benefattori	1	11
ripartire	1	9
cogliendo	1	9
tempestivamente	1	15
afferrate	1	9
deporre	1	7
versano	1	7
mescolano	1	9
gocciolante	1	11
maciullare	1	10
dimenandosi	1	11
scorticata	1	10
carnefice	1	9
emisfero	1	8
contrapposto	1	12
emersa	1	6
circolare	1	9
poggiano	1	8
costituisce	1	11
giudecca	1	8
rimarrà	1	7
dall	1	4
ascoso	1	6
intrammo	1	8
ritornar	1	8
salimmo	1	7
ciel	1	4
pertugio	1	8
tondo	1	5
asa	1	3
haziran	1	7
arnavutköy	1	10
inspirata	1	9
sè	1	2
selvaggie	1	9
trasforta	1	9
ll	1	2
vanti	1	5
alchemisti	1	10
contrafattori	1	13
crudelemente	1	12
ispirata	1	8
selvagge	1	8
alchimisti	1	10
contraffattori	1	14
crudelmente	1	11
pastrone	1	8
luigi	1	5
borgnetto	1	9
sparta	1	6
qualita	1	7
ambasciatore	1	12
dichiarano	1	10
respingono	1	10
introducono	1	11
greco	1	5
abbattere	1	9
ancorata	1	8
foce	1	4
xanto	1	5
now	1	3
continue	1	8
attack	1	6
on	1	2
troy	1	4
guerrierigreci	1	14
irrompono	1	9
attravers	1	9
demolita	1	8
death	1	5
telescopi	1	9
maggioranza	1	11
libri	1	5
riottenuto	1	10
acclamazione	1	12
accompagnino	1	12
nostradamus	1	11
alcofribas	1	10
omega	1	5
parafaragamus	1	13
fabbri	1	6
meccanici	1	9
pesatori	1	8
falegnami	1	9
tappezzieri	1	11
alacremente	1	11
accidentalmente	1	15
barile	1	6
acido	1	5
nitrico	1	7
spettacolare	1	12
forgiatura	1	10
ciminiere	1	9
sollevano	1	9
colonne	1	7
segna	1	5
colata	1	6
acciaio	1	7
fuso	1	4
forni	1	5
stampo	1	6
forgia	1	6
sprigionano	1	11
lungamente	1	10
vapori	1	6
tetti	1	5
accogliere	1	10
passeggeri	1	10
ringraziando	1	12
applausi	1	8
marine	1	6
rimuove	1	7
artigliere	1	10
spingono	1	8
inclinata	1	9
entusiasti	1	10
allarga	1	7
colossali	1	9
atterra	1	7
botto	1	5
deliziati	1	9
crateri	1	7
proiettò	1	8
stanchi	1	7
stendono	1	8
orsa	1	4
estranei	1	8
mezzaluna	1	9
saturno	1	7
punire	1	6
phoebes	1	7
nevicata	1	8
congela	1	7
esploratori	1	11
confrontarne	1	12
dimensione	1	10
emergere	1	8
singolari	1	9
contorsioni	1	11
abitante	1	8
incredibilmente	1	15
frotte	1	6
vivide	1	6
scaraventa	1	10
calcagna	1	8
veloci	1	6
riducono	1	8
appiglia	1	8
estremità	1	9
provocandone	1	12
oscilla	1	7
interna	1	7
vapore	1	6
accolti	1	7
ovazione	1	8
intrigante	1	10
acconsento	1	10
sostituire	1	10
tenterò	1	7
antoine	1	7
smascherata	1	11
tedesca	1	7
assolato	1	8
lndia	1	5
passavo	1	7
conobbi	1	7
bhisti	1	6
riguardanti	1	11
infestata	1	9
proteggeteci	1	12
pellegrini	1	10
seguirci	1	8
seguiteci	1	9
attardatevi	1	11
tramonta	1	8
pernottare	1	10
acquartieramento	1	16
preoccupante	1	12
arkham	1	6
pattuglia	1	9
svanire	1	7
funzionare	1	10
km	1	2
immaginato	1	10
avaria	1	6
succedono	1	9
sergenti	1	8
riuscite	1	8
sobri	1	5
bisognafartivisitare	1	20
metterti	1	8
trovavamo	1	9
potevamo	1	8
occupi	1	6
acchesney	1	9
truffati	1	8
truffato	1	8
accusare	1	8
nascondervi	1	11
singali	1	7
poterci	1	7
tuffare	1	7
tuffarvi	1	8
ricolma	1	7
stento	1	6
crederlo	1	8
intelligente	1	12
maragià	1	7
levarvi	1	7
galloni	1	7
insubordinazione	1	16
purissima	1	9
bambinesca	1	10
mandarvi	1	8
vitale	1	6
assicurarne	1	11
secco	1	5
comunicare	1	10
mettiamo	1	8
stendiamo	1	9
preparino	1	9
attrezzi	1	8
incursione	1	10
furbi	1	5
indichi	1	7
farabutti	1	9
panda	1	5
lal	1	3
razziato	1	8
saccheggiato	1	12
cresciutelli	1	12
svelti	1	6
giocherelloni	1	13
portiamoli	1	10
fermatevi	1	9
portali	1	7
crisantemi	1	10
porteremo	1	9
interrogherà	1	12
andrete	1	7
cori	1	4
formate	1	7
quadrato	1	8
mettetevi	1	9
rifugiatevi	1	11
chiudete	1	8
montate	1	7
salite	1	6
finisco	1	7
farne	1	5
prenderòmoglieemi	1	17
marciate	1	8
feriti	1	6
segnalare	1	9
presentatevi	1	12
piccone	1	7
succedeva	1	9
esistita	1	8
uccidevano	1	10
praticato	1	9
himalaya	1	8
eylon	1	5
venerava	1	8
scavavano	1	9
annientarli	1	11
perlustreranno	1	14
opererete	1	9
numeroso	1	8
itchell	1	7
terremo	1	7
ambedue	1	7
guardatevi	1	10
ballantineci	1	12
indispensabile	1	14
lascerà	1	7
spiego	1	6
rimpiazzerà	1	11
incantando	1	10
sirena	1	6
crederei	1	8
vedessi	1	7
stomachevole	1	12
mento	1	5
pollici	1	7
cucitura	1	8
pantaloni	1	9
spalla	1	6
osìva	1	5
complesso	1	9
regolamentare	1	13
sfiorare	1	8
turbante	1	8
addestramento	1	13
guardava	1	8
levarmela	1	9
tromba	1	6
accadesse	1	9
piangerei	1	9
vitello	1	7
buttala	1	7
sentirai	1	8
dartela	1	7
prendesse	1	9
cucchiaio	1	9
piccina	1	7
spaventarmi	1	11
invitare	1	8
checosa	1	7
successe	1	8
trovati	1	7
seri	1	4
occuparmi	1	9
riparazione	1	11
sorvegliare	1	11
farfalle	1	8
tuffati	1	7
fuggiti	1	7
incastrata	1	10
impiantito	1	10
segata	1	6
anca	1	4
credessi	1	8
pianta	1	6
conservane	1	10
disturbate	1	10
comodo	1	6
disturbi	1	8
augurare	1	8
chiamerei	1	9
sciacquatura	1	12
scusate	1	7
toccherei	1	9
acquoso	1	7
giudicheremo	1	12
mosche	1	6
furfantella	1	11
ronza	1	5
alveare	1	7
adatto	1	6
consolante	1	10
rendermi	1	8
cupido	1	6
annoierai	1	9
andargli	1	8
scarpa	1	6
dispiacerebbe	1	13
teorie	1	6
conosceremo	1	11
spugna	1	6
soddisfarti	1	11
ammazzare	1	9
buttalo	1	7
penserai	1	8
missionari	1	10
berrò	1	5
buffa	1	5
sapore	1	6
bevine	1	6
beviamo	1	7
bicchieri	1	9
aah	1	3
prendine	1	8
compri	1	6
compriamo	1	9
tendine	1	7
mutande	1	7
smetterla	1	9
obbedirle	1	9
rimpiazzato	1	11
poverino	1	8
mangiato	1	8
scade	1	5
sottoveste	1	10
campestre	1	9
palo	1	4
lavorate	1	8
rinnoverebbe	1	12
guerricciola	1	12
facessi	1	7
taj	1	3
mahal	1	5
muoviti	1	7
scaduta	1	7
sospeso	1	7
trattenga	1	9
stanco	1	6
sssh	1	4
nervosa	1	7
affettato	1	9
carretto	1	8
ricominciato	1	12
sepolto	1	7
sospettavo	1	10
entrasse	1	8
ubriacarti	1	10
ragioniamo	1	10
mostrargli	1	10
contrario	1	9
stancato	1	8
nooo	1	4
nomini	1	6
immaginari	1	10
obbligherai	1	11
rapa	1	4
siediti	1	7
noie	1	4
metto	1	5
rompa	1	5
costringerai	1	12
capogiro	1	8
sottochiave	1	11
rinvenga	1	8
spiace	1	6
chiudervi	1	9
dormivano	1	9
maledette	1	9
soddisfatto	1	11
panettone	1	9
ammazzarne	1	10
vigliacchi	1	10
seguimi	1	7
romperò	1	7
nervoso	1	7
anniee	1	6
levati	1	6
starmi	1	6
baronetto	1	9
ragià	1	5
versa	1	5
recipiente	1	10
basterà	1	7
derelitti	1	9
maltrattati	1	11
derisi	1	6
selvaggi	1	8
cacciati	1	8
sorgendo	1	8
auspici	1	7
notti	1	5
sciacallo	1	9
urlato	1	6
risposto	1	8
distese	1	7
accoglie	1	8
seno	1	4
bentornato	1	10
risorti	1	7
cinquant'	1	9
neofiti	1	7
maestri	1	7
avvicinino	1	10
bende	1	5
picconi	1	7
giuriamo	1	8
possiedi	1	8
uccisi	1	6
ono	1	3
cantate	1	7
gradisce	1	8
strangolati	1	11
riunioni	1	8
proibite	1	8
vile	1	4
kaboul	1	6
insegnagli	1	10
boria	1	5
grigie	1	6
mobilitare	1	10
abbracciarti	1	12
carina	1	6
ehilà	1	5
incontrarci	1	11
congedo	1	7
benedette	1	9
donnicciole	1	11
entravi	1	7
risponderai	1	11
eccome	1	6
ergente	1	7
tortureranno	1	12
salvatelo	1	9
scappavi	1	8
dozzina	1	7
arrivassimo	1	11
taglierebbero	1	13
borghesi	1	8
cittadino	1	9
doveri	1	6
togliermi	1	9
auguro	1	6
debbo	1	5
cambierà	1	8
rimpianga	1	9
trascinarti	1	11
dimostrarsi	1	11
sciupando	1	9
ucciderti	1	9
capita	1	6
troverei	1	8
citerebbe	1	9
rischierei	1	10
raffermi	1	8
distruggeremo	1	13
cacciare	1	8
firmerò	1	7
modulo	1	6
distruggerò	1	11
fidi	1	4
ricognizione	1	12
telefonate	1	10
seguite	1	7
ragionando	1	10
buonsenso	1	9
mentirei	1	8
ragionevole	1	11
firmato	1	7
sembro	1	6
pic	1	3
nic	1	3
perderla	1	8
confessa	1	8
odiavi	1	6
esagerare	1	9
fidarti	1	7
spicciati	1	9
abbandoni	1	9
anzitutto	1	9
smorfia	1	7
servirà	1	7
esca	1	4
attraversano	1	12
preti	1	5
parlasse	1	8
ohi	1	3
spaccare	1	8
pestare	1	7
ruggivi	1	7
disarmateli	1	11
contavo	1	7
inesistenti	1	11
macellaio	1	9
caduti	1	6
sorprendo	1	9
guasti	1	6
formica	1	7
vergognato	1	10
disonorare	1	10
creda	1	5
perlustrando	1	12
trovo	1	5
telegrafici	1	11
aaah	1	4
slegate	1	7
annoiate	1	8
enormemente	1	11
ignoro	1	6
scusami	1	7
canaglie	1	8
maniaco	1	7
catturiamolo	1	12
afferreremo	1	11
spareranno	1	10
spelacchiato	1	12
appari	1	6
arruoli	1	7
chota	1	5
sacrificare	1	11
oracoli	1	7
sporca	1	6
massa	1	5
lasciatelo	1	10
resisti	1	7
agitano	1	7
lingue	1	6
puntute	1	7
gettalo	1	7
purch	1	5
butti	1	5
resisto	1	7
esatta	1	6
dislocazione	1	12
ingannerei	1	10
frustato	1	8
frustare	1	8
rafferma	1	8
strategia	1	9
ripagherò	1	9
gettare	1	7
vadano	1	6
ammazzo	1	7
scale	1	5
giacca	1	6
vivrete	1	7
congratulo	1	10
insolazione	1	11
siedi	1	5
marinavo	1	8
manina	1	6
varrà	1	5
sterline	1	8
specie	1	6
accompagnaci	1	12
scimmiotto	1	10
getteresti	1	10
zampogne	1	8
ronzare	1	7
libereranno	1	11
riusciranno	1	11
trovarci	1	8
illusioni	1	9
resteremo	1	9
eccomi	1	6
aguzzino	1	8
mettercelo	1	10
peggiore	1	8
orientale	1	9
congegnare	1	10
strapparti	1	10
tesi	1	4
sopportar	1	9
dimenticati	1	11
salvarvi	1	8
offrirò	1	7
vederli	1	7
avvicinare	1	10
infinità	1	8
liete	1	5
amicizie	1	8
liberarvi	1	9
penzolerai	1	10
nominare	1	8
chandragupta	1	12
murya	1	5
annientò	1	8
lasciati	1	8
alessando	1	9
inglesi	1	7
vivevano	1	8
caverne	1	7
dipingevano	1	11
temete	1	6
entrerà	1	7
valico	1	6
fanteria	1	8
specializzata	1	13
apriranno	1	9
spingendoli	1	11
cannonieri	1	10
daranno	1	7
mperatrice	1	10
montato	1	7
destriero	1	9
scompigliare	1	12
massacrare	1	10
spetta	1	6
leggo	1	5
generali	1	8
impomatati	1	10
distinguono	1	11
rivoletto	1	9
avanzeremo	1	10
metropoli	1	9
aumentando	1	10
dilagando	1	9
sommergeremo	1	12
muovete	1	7
taglierò	1	8
obbedisci	1	9
muoveranno	1	10
costarti	1	8
confronto	1	9
obbedirgli	1	10
leghi	1	5
cenere	1	6
camerati	1	8
trucidati	1	9
attaccate	1	9
attaccherò	1	10
alzati	1	6
mistificatore	1	13
annientato	1	10
sparate	1	7
puntate	1	7
comportati	1	10
preferisco	1	10
medaglia	1	8
accetterete	1	11
essergli	1	8
meritato	1	8
nomino	1	6
albo	1	4
valorosi	1	8
kipling	1	7
presentat'	1	10
arm	1	3
incontrerò	1	10
accoccolato	1	11
carboni	1	7
dando	1	5
sorso	1	5
pellaccia	1	9
lazzaro	1	7
cinghiate	1	9
scorticato	1	10
conoscendo	1	10
parallelamente	1	14
agenti	1	6
riccioli	1	8
kentucky	1	8
salmi	1	5
pacifica	1	8
golden	1	6
scavi	1	5
sposrmi	1	7
rinvia	1	6
riconquistarla	1	14
scrittore	1	9
messicana	1	9
senorita	1	8
mandami	1	7
faro	1	4
sbanca	1	6
nega	1	4
complotto	1	9
bramoso	1	7
tentatazione	1	12
somiglia	1	8
infatuazione	1	12
cause	1	5
litigio	1	7
dll'	1	4
nora	1	4
matta	1	5
costretta	1	9
commissari	1	10
ciarlatano	1	10
imbonitore	1	10
medicamenti	1	11
orfane	1	6
sedia	1	5
procinto	1	8
college	1	7
bambine	1	7
bevanda	1	7
cinématheque	1	12
incasso	1	7
huby	1	4
indiscreti	1	10
scompaiono	1	10
forfait	1	7
imprevisto	1	10
lefort	1	6
salvatevi	1	9
uccideranno	1	11
reboussin	1	9
difende	1	7
vittoriosamente	1	15
sénart	1	6
fucile	1	6
rapinano	1	8
popolazione	1	11
straordinari	1	12
decapitazione	1	13
questura	1	8
sconfitti	1	9
garnier	1	7
utili	1	5
ritiro	1	6
rivolver	1	8
rispondo	1	8
commerciante	1	12
risorge	1	7
ricercato	1	9
rifugiato	1	9
temerari	1	8
suggerisce	1	10
dinamite	1	8
nascondendosi	1	13
paglia	1	6
angoli	1	6
globo	1	5
morendo	1	7
issando	1	7
gitano	1	6
strøm	1	5
attrae	1	6
quinte	1	6
prestazione	1	11
funambolo	1	9
salverà	1	7
interruzione	1	12
sposerà	1	7
campanile	1	9
presagio	1	8
ominoso	1	7
ricolorata	1	10
leonesse	1	8
serra	1	5
ruggiti	1	7
accedere	1	8
affretta	1	8
irrequieto	1	10
viaggia	1	7
frequentemente	1	14
portavano	1	9
libellula	1	9
comprenderlo	1	12
aggressiva	1	10
cavalletta	1	10
bea	1	3
magnanimo	1	9
perdona	1	7
proiezionista	1	13
movimentata	1	11
fututo	1	6
hôtel	1	5
svelto	1	6
giugno	1	6
concernente	1	11
ipotesi	1	7
esclusa	1	7
riceveva	1	8
agenda	1	6
rimuovere	1	9
bauli	1	5
spedirli	1	8
johannesburg	1	12
ritirare	1	8
svelta	1	6
lunghe	1	6
patibolo	1	8
corrompeva	1	10
lupo	1	4
wallace	1	7
patto	1	5
intervista	1	10
frattanto	1	9
correva	1	7
applaudire	1	10
commediante	1	11
trionfa	1	7
trucca	1	6
sbalorditiva	1	12
superstizioso	1	13
restate	1	7
arage	1	5
sgradevolmente	1	14
montando	1	8
tagliare	1	8
inaudito	1	8
toeletta	1	8
resi	1	4
decapitare	1	10
oramai	1	6
bréon	1	5
identificato	1	12
precisione	1	10
sfigurata	1	9
evaso	1	5
determinare	1	11
deceduta	1	8
mollerò	1	7
adorato	1	7
vitigno	1	7
bacucco	1	7
cotta	1	5
uccellino	1	9
starò	1	5
riappariva	1	10
viaggiava	1	9
pendenza	1	8
distaccato	1	10
tagliate	1	8
kesler	1	6
bordier	1	7
potarlier	1	9
conversazione	1	13
associarci	1	10
reciprocamente	1	14
distilleria	1	11
blaise	1	6
rimettere	1	9
rimesse	1	7
vale	1	4
adempimento	1	11
clausole	1	8
persuadere	1	10
disastro	1	8
cantine	1	7
ordinò	1	6
appiccare	1	9
botti	1	5
alcool	1	6
condannando	1	11
coccodrillo	1	11
proseguivano	1	12
notturni	1	8
implicata	1	9
rilasciata	1	10
disabitata	1	10
apporre	1	7
cartello	1	8
villetta	1	8
rivissuto	1	9
riveda	1	6
sottomessa	1	10
prometteva	1	10
accende	1	7
rumori	1	6
riscaldamento	1	13
termosifone	1	11
scantinato	1	10
cisterna	1	8
piovana	1	7
rinunciamo	1	10
fiammiferi	1	10
considerava	1	11
direbbe	1	7
maschili	1	8
attrezzature	1	12
tecniche	1	8
seppellendo	1	11
inquirenti	1	10
letteralmente	1	13
polverizzato	1	12
ile	1	3
cité	1	4
fatiscente	1	10
rigattiera	1	10
ricettatrice	1	12
sempliciotto	1	12
soprannominato	1	14
conoscendolo	1	12
nlbet	1	5
seminterrato	1	12
fognatura	1	9
orfèvres	1	8
attraversava	1	12
proficuo	1	8
norvins	1	7
segugio	1	7
ceramiche	1	9
rispettoso	1	10
incriminazione	1	14
rinchiuso	1	9
cominceremo	1	11
contatti	1	8
galante	1	7
cavalier	1	8
servente	1	8
abitato	1	7
poniamo	1	7
competenti	1	10
tenete	1	6
pericolose	1	10
accorgesse	1	10
rinchiudere	1	11
concesso	1	8
giaciglio	1	9
soffitto	1	8
sbarcarlo	1	9
mozzo	1	5
conta	1	5
affrettava	1	10
saccarifero	1	11
boudoir	1	7
odiosa	1	6
inestimabile	1	12
rubata	1	6
pregarvi	1	8
sottoporvi	1	10
scientifica	1	11
fortunati	1	9
schedato	1	8
nitida	1	6
cognome	1	7
professione	1	11
doilon	1	6
formale	1	7
disponibili	1	11
detouche	1	8
smettevano	1	10
aumentare	1	9
consegnerete	1	12
ricordatevi	1	11
interessata	1	11
procurarle	1	10
giurerei	1	8
domandano	1	9
crederanno	1	10
odore	1	5
perduti	1	7
pronunciano	1	11
richiediamo	1	11
dulac	1	5
recarsi	1	7
drastico	1	8
umorismo	1	8
utilizzare	1	10
strangolare	1	11
indossata	1	9
riavvolta	1	9
crollo	1	6
disabitato	1	10
lecaurbe	1	8
rilevato	1	8
guanti	1	6
travestimento	1	13
introdurmi	1	10
minimi	1	6
sottobanco	1	10
sostenendo	1	10
risaliranno	1	11
vertiginosamente	1	16
raccoglierà	1	11
scomparirà	1	10
comportavano	1	12
introdotti	1	10
elaborati	1	9
integrando	1	10
sfruttamento	1	12
proceduto	1	9
elaborazione	1	12
restituiscano	1	13
tinte	1	5
indicate	1	8
calendario	1	10
rivoluzionario	1	14
émile	1	5
zola	1	4
capellani	1	9
meccanico	1	9
compensato	1	10
officine	1	8
metallurgiche	1	13
gentot	1	6
assenze	1	7
forzano	1	7
privarmi	1	8
lanciaux	1	8
scadenza	1	8
ricevuta	1	8
miniere	1	7
carbone	1	7
rivolgersi	1	10
capirlo	1	7
scambia	1	7
opposizione	1	11
discesa	1	7
giornaliero	1	11
destinate	1	9
sorreggere	1	10
difettose	1	9
minacciavano	1	12
crollare	1	8
allontanarlo	1	12
energiche	1	9
informiamo	1	10
constatato	1	10
difettosità	1	11
abbassato	1	9
armatura	1	8
pagata	1	6
souverine	1	9
modi	1	4
organizzata	1	11
trinità	1	7
momentaneamente	1	15
profferire	1	10
quindicinale	1	12
votano	1	6
restiamo	1	8
intransigenza	1	13
opponiamo	1	9
incrociate	1	10
concepisce	1	10
solidarietà	1	11
operaia	1	7
raccomandato	1	12
inviarvi	1	8
presentarvi	1	11
stabiliscono	1	12
tripudio	1	8
quindici	1	8
fornitori	1	9
insedia	1	7
eppure	1	6
stupisce	1	8
condivida	1	9
delusioni	1	9
violenze	1	8
inconfessata	1	12
esplode	1	7
avvertiamo	1	10
cederà	1	6
opporre	1	7
proteggendo	1	11
scendano	1	8
tagliano	1	8
ascensore	1	9
risalita	1	8
accecato	1	8
denuncia	1	8
levaque	1	7
mouquet	1	7
bouteloup	1	9
dipartamento	1	12
delega	1	6
ristabilire	1	11
sottoprefetto	1	13
appoggiare	1	10
oberata	1	7
uscendo	1	7
schivo	1	6
isolamento	1	10
eroicamente	1	11
votare	1	6
istigati	1	8
sbeffeggiano	1	12
idolo	1	5
unanimità	1	9
bloccati	1	8
frana	1	5
intrappolati	1	12
contasti	1	8
risentimenti	1	12
prodiga	1	7
cominciare	1	10
cessa	1	5
parecchi	1	8
accaniti	1	8
distrutti	1	9
imprudenza	1	10
noncuranti	1	10
rivoltoso	1	9
energico	1	8
comprendono	1	11
infelicità	1	10
lutti	1	5
assumerla	1	9
hercheuse	1	9
vagoni	1	6
contrafforti	1	12
cévennes	1	8
romiguières	1	11
varennes	1	8
richiedono	1	10
disturbo	1	8
sfaccendato	1	11
cinematografo	1	13
braccetto	1	9
onésime	1	7
obiettivo	1	9
infedele	1	8
fissa	1	5
cassetti	1	8
mondano	1	7
crederebbe	1	10
collera	1	7
lineamenti	1	10
attraversa	1	10
fredda	1	6
stoppino	1	8
accendino	1	9
briglia	1	7
concretizza	1	11
orrendo	1	7
attentato	1	9
ustione	1	7
cavalli	1	7
cocchiere	1	9
soffocare	1	9
rimorsi	1	7
espatriare	1	10
difeso	1	6
carrozza	1	8
baratro	1	7
vigilare	1	8
vivrà	1	5
certezza	1	8
cicatrizzeranno	1	15
artistici	1	9
uscì	1	4
proiettato	1	10
accompagnamento	1	15
composto	1	8
esportato	1	9
mise	1	4
basi	1	4
muto	1	4
malauguratamente	1	16
pervenuta	1	9
tagliata	1	8
rifacimento	1	11
accorciata	1	10
wilfried	1	8
kugel	1	5
filmmuseum	1	10
monaco	1	6
appunti	1	7
hans	1	4
partitura	1	9
pianoforte	1	10
josef	1	5
weiss	1	5
recensioni	1	10
inserite	1	8
storiche	1	8
risultano	1	9
sostituiti	1	10
brevi	1	5
schermate	1	9
preludio	1	8
deutsche	1	8
bioscop	1	7
g.m.b.h	1	7
waldis	1	6
grete	1	5
berger	1	6
l.	1	2
salmonowa	1	9
gottowt	1	7
ardito	1	6
lotteria	1	8
trovatemi	1	9
obbedirò	1	8
volere	1	6
amuleto	1	7
mantenete	1	9
ebreo	1	5
vedrà	1	5
risparmi	1	8
commettere	1	10
andai	1	5
strisciai	1	9
rassomigliava	1	13
osi	1	3
siederò	1	7
riposa	1	6
appezzamento	1	12
sven	1	4
accondiscendere	1	15
drogheria	1	9
salario	1	7
raccomandazione	1	15
sinceramente	1	12
berman	1	6
coloniale	1	9
diventano	1	9
operativi	1	9
emorragia	1	9
indesiderato	1	12
quotidiano	1	10
fatture	1	7
stron	1	5
rendo	1	5
creditori	1	9
insolvente	1	10
provi	1	5
raddrizzare	1	11
asta	1	4
indigenza	1	9
ulcera	1	6
guadagnarsi	1	11
p.	1	2
berge	1	5
trasformare	1	11
mendicanti	1	10
raggiungerete	1	13
adozione	1	8
compito	1	7
impacchetta	1	11
futuri	1	6
mattutino	1	9
operata	1	7
fornisca	1	8
jonsson	1	7
permetterci	1	11
descrizione	1	11
esausta	1	7
indigente	1	9
adottati	1	8
tartassata	1	10
erik	1	4
navigato	1	8
gallina	1	7
habay	1	5
fulvia	1	6
perrini	1	7
distribuisce	1	12
souvenir	1	8
salutano	1	8
immersa	1	7
scenata	1	7
confermato	1	10
propongo	1	8
separarci	1	9
divorzio	1	8
consensuale	1	11
assegnano	1	9
organizzando	1	12
impegna	1	7
perderò	1	7
tranello	1	8
fotografare	1	11
fotografie	1	10
citazione	1	9
girando	1	7
divorziato	1	10
educazione	1	10
affidata	1	8
rabbiosa	1	8
sgrida	1	6
vende	1	5
morillot	1	8
reciti	1	6
clou	1	4
pagherà	1	7
impegnare	1	9
mandarla	1	8
totalmente	1	10
parlano	1	7
palcoscenico	1	12
cartellone	1	10
volevi	1	6
turbata	1	7
lìane	1	5
piangerà	1	8
preservare	1	10
coerenza	1	8
mancante	1	8
sostituita	1	10
distolta	1	8
novecento	1	9
opinione	1	8
ripetuti	1	8
fallimenti	1	10
scatenata	1	9
arrabbiare	1	10
medesima	1	8
arrestate	1	9
preparate	1	9
superavano	1	10
comunicazioni	1	13
dispacci	1	8
pianto	1	6
asso	1	4
rendergli	1	9
sanguina	1	8
popolari	1	8
disonesto	1	9
onorava	1	7
scrupolosamente	1	15
cambiale	1	8
stabile	1	7
portinaia	1	9
doullenque	1	10
farete	1	6
suppone	1	7
vorrete	1	7
lasciarvi	1	9
sconfiggere	1	11
havas	1	5
liberarci	1	9
ricompensare	1	12
raccolti	1	8
abile	1	5
intrufolarsi	1	12
dappertutto	1	11
usurpando	1	9
leggendario	1	11
portasse	1	8
tradirsi	1	8
addobbato	1	9
eccetto	1	7
prendeva	1	8
alterco	1	7
preoccupava	1	11
sollievo	1	8
constatava	1	10
destro	1	6
ritornarci	1	10
radunino	1	8
stupidotto	1	10
esplorò	1	7
reclamavano	1	11
abbiate	1	7
affidatevi	1	10
distribuirò	1	11
ala	1	3
orfevres	1	8
sottosopra	1	10
invaso	1	6
muratori	1	8
accelerare	1	10
dipendeva	1	9
avvenire	1	8
sparsa	1	6
scura	1	5
pula	1	4
travestiti	1	10
raccolto	1	8
maurice	1	7
tourneur	1	8
willy	1	5
gyp	1	3
a.c.a.d	1	7
eclair	1	6
raccolse	1	8
riposava	1	8
pargolo	1	7
passeri	1	7
battezzò	1	8
allevò	1	6
clown	1	5
insegnandole	1	12
mestiere	1	8
perfetta	1	8
scontrò	1	7
obbligava	1	9
svolgere	1	8
compiti	1	7
ingrati	1	7
sopportava	1	10
inflessibile	1	12
sconforto	1	9
propose	1	7
ospitarla	1	9
adottivo	1	8
mostrate	1	8
assapora	1	8
comodità	1	8
rendersi	1	8
costato	1	7
ricordarsene	1	12
affettuosi	1	10
corrisposto	1	11
avance	1	6
riscossa	1	8
aiuta	1	5
ingaggiati	1	10
diva	1	4
sopportando	1	11
claudine	1	8
kaufmann	1	8
assistita	1	9
françois	1	8
laffort	1	7
documentazione	1	14
sabine	1	6
lenk	1	4
ritrovate	1	9
testi	1	5
liaison	1	7
colmare	1	7
lacune	1	6
salti	1	5
impossibili	1	11
attraversavano	1	14
passeggere	1	10
chambérieux	1	11
accetto	1	7
averne	1	6
desideriamo	1	11
soggiornare	1	11
consegnerò	1	10
portagioie	1	10
versamento	1	10
cassettone	1	10
chiudermi	1	9
spariti	1	7
espedienti	1	10
occupante	1	9
effettivo	1	9
assoluzione	1	11
trovarvi	1	8
cappella	1	8
ricambio	1	8
giocoforza	1	10
imbrunire	1	9
ricavato	1	8
malridotto	1	10
affida	1	6
pacchetto	1	9
sarthe	1	6
acquistato	1	10
buco	1	4
intravedere	1	11
misfatti	1	8
mostrandogli	1	12
commutata	1	9
matricola	1	9
evadere	1	7
sfilza	1	6
pedinato	1	8
tarderà	1	7
riunirsi	1	8
attraversata	1	12
commutazione	1	12
terrorizza	1	10
informano	1	9
delegato	1	8
penitenziaria	1	13
austriaca	1	9
intrattenermi	1	13
grassone	1	8
portico	1	7
indossava	1	9
fornito	1	7
nantes	1	6
sbarazzato	1	10
pedinavano	1	10
distratto	1	9
londra	1	6
procurarsi	1	10
valigetta	1	9
prenotata	1	9
confermiamo	1	11
sostituzione	1	12
autorizzato	1	11
comincerete	1	11
devoti	1	6
predecessore	1	12
bernardy	1	8
esperto	1	7
abbandonati	1	11
sorprende	1	9
emicrania	1	9
altrettanto	1	11
smesso	1	6
mirette	1	7
febbricitante	1	13
stufa	1	5
impadronirvi	1	12
godervela	1	9
partecipava	1	11
funzione	1	8
facendone	1	9
obbligo	1	7
jérome	1	6
alloggiato	1	10
pronunciare	1	11
vanamente	1	9
procura	1	7
vagabondaggio	1	13
arrangiatevi	1	12
intrufola	1	9
muniti	1	6
striscia	1	8
restringerli	1	12
marca	1	5
cappellaio	1	10
incarcerato	1	11
mandate	1	7
reperire	1	8
gradire	1	7
precise	1	7
mandatemi	1	9
incuriosito	1	11
indulgenza	1	10
riguardi	1	8
vagabondi	1	9
delinquenti	1	11
nuocere	1	7
informarvi	1	10
scenderà	1	8
sbattere	1	8
galera	1	6
regolare	1	8
riguardante	1	11
eventuali	1	9
ingressi	1	8
registrati	1	10
sorvegliati	1	11
magistrati	1	10
funzionari	1	10
eccezione	1	9
occupati	1	8
troverà	1	7
divieto	1	7
bernady	1	7
rifiutava	1	9
strettamente	1	12
impiego	1	7
sbattuto	1	8
penaud	1	6
rilasciare	1	10
segretezza	1	10
messinscena	1	11
necessaria	1	10
istruttoria	1	11
hermann	1	7
scherza	1	7
comportare	1	10
individui	1	9
scoppiata	1	9
compiano	1	8
recitiamo	1	9
verbale	1	7
dimenticò	1	9
citare	1	6
scomparse	1	9
permettimi	1	10
pulire	1	6
consegni	1	8
emil	1	4
dinesen	1	7
herman	1	6
janed	1	5
eoliche	1	7
sigonra	1	7
eastman	1	7
house	1	5
aggiunte	1	8
milestone	1	9
perse	1	5
kurihara	1	8
yoshida	1	7
hanoke	1	6
jinrickisha	1	11
discendente	1	11
maschio	1	7
samurai	1	7
viviamo	1	7
pescatore	1	9
guadagna	1	8
vulcano	1	7
sakurajima	1	10
svuoterà	1	8
viscere	1	7
preghiamo	1	9
perdonarci	1	10
maledice	1	8
infuriati	1	9
blasfemia	1	9
goletta	1	7
imbatte	1	7
cada	1	4
convertirlo	1	11
kagoshima	1	9
presagisce	1	10
esala	1	5
mercantile	1	10
perpetuare	1	10
leggenda	1	8
giapponese	1	10
sessue	1	6
hayakawa	1	8
tsuru	1	5
aoki	1	4
girate	1	6
monica	1	6
california	1	10
corse	1	5
ombroso	1	7
gomme	1	5
gomma	1	5
miglia	1	6
incomincia	1	10
sentirsi	1	8
perturbatrice	1	13
propulsore	1	10
lamentarmi	1	10
resterò	1	7
xxx	1	3
mascalzone	1	10
fidata	1	6
giri	1	4
pulita	1	6
seguirà	1	7
riceverlo	1	9
facemmo	1	7
scorso	1	6
esperti	1	7
perfezionerà	1	12
cordiale	1	8
ernst	1	5
imparando	1	9
stimati	1	7
dichiarata	1	10
invii	1	5
presentarsi	1	11
vincolato	1	9
poca	1	4
operazioni	1	10
disciplina	1	10
file	1	4
proiettili	1	10
valorosamente	1	13
scoraggiate	1	11
aviatore	1	8
aeroplani	1	9
squadriglia	1	11
stabilità	1	9
atterraggio	1	11
affidatagli	1	11
eccellenza	1	10
sig.motzel	1	10
posposto	1	8
leliënvoort	1	11
straziante	1	10
proiezione	1	10
revisioni	1	9
rimontaggi	1	10
riportare	1	9
cornici	1	7
occasionalmente	1	15
visibili	1	8
aggiunta	1	8
crediti	1	7
errori	1	6
omissioni	1	9
dressler	1	8
forestiero	1	10
maltrattare	1	11
romantica	1	9
drink	1	5
rilascerò	1	9
spiacevole	1	10
curiosamente	1	12
acclusi	1	7
mantenerti	1	10
mucca	1	5
vitellini	1	9
averli	1	6
parsimoniosa	1	12
intraprende	1	11
escursione	1	10
segretari	1	9
impegnano	1	9
baldy	1	5
sposiamoci	1	10
eccolo	1	6
corra	1	5
tizio	1	5
spaccato	1	8
garzone	1	7
sboccia	1	7
ricordti	1	8
doobugle	1	8
groenlandia	1	11
party	1	5
butterò	1	7
chiamerò	1	8
riscuotere	1	10
smarchererò	1	11
luke	1	4
connor	1	6
proporremo	1	10
pugili	1	6
box	1	3
affronterà	1	10
vincitori	1	9
buldog	1	6
accetterò	1	9
proposte	1	8
bulldog	1	7
flint	1	5
sgradevole	1	10
impostore	1	9
scommetto	1	9
vinci	1	5
ammazzerò	1	9
aspettami	1	9
spingilo	1	8
sistemerò	1	9
passami	1	7
decino	1	6
atletica	1	8
sportivi	1	8
gle	1	3
ambrogio	1	8
solite	1	6
passeggiate	1	11
pietro	1	6
pagamenti	1	9
riprendo	1	8
consegnate	1	10
pospettiva	1	10
riportate	1	9
presunto	1	8
andavano	1	8
ammira	1	6
ambrose	1	7
suonare	1	7
riempiva	1	8
canzoni	1	7
spiritose	1	9
insinua	1	7
esclama	1	7
cricca	1	6
indolente	1	9
dirvi	1	5
verniciava	1	10
valutato	1	8
incontrato	1	10
pietrificava	1	12
lavoravo	1	8
biondo	1	6
ammirava	1	8
sognanti	1	8
passasse	1	8
gemma	1	5
custodito	1	9
offuscata	1	9
gesso	1	5
segnate	1	7
punteggio	1	9
baseball	1	8
leggiadra	1	9
preistorici	1	11
wakiki	1	6
favoriti	1	8
notiziia	1	8
scroccone	1	9
sonnambula	1	10
tavolo	1	6
little	1	6
dreams	1	6
rarebit	1	7
fiend	1	5
newlyweds	1	9
bringing	1	8
up	1	2
father	1	6
let	1	3
it	1	2
roy	1	3
mccardell	1	9
umorista	1	8
forato	1	6
riparano	1	8
scheletro	1	9
disegnare	1	9
pochino	1	7
differente	1	10
apparire	1	8
scommesso	1	9
avreste	1	7
uscirà	1	6
zucca	1	5
alzerai	1	7
jumbo	1	5
lucertola	1	9
averla	1	6
onorate	1	7
scommessa	1	9
fornai	1	6
tramano	1	7
mostrata	1	8
panettiere	1	10
forno	1	5
cuocere	1	7
pictures	1	8
tenerlo	1	7
posizionamento	1	14
curva	1	5
morbillo	1	8
benzina	1	7
sciocco	1	7
schiaccianoci	1	13
testata	1	7
avvisato	1	8
fata	1	4
galleggiava	1	11
avervi	1	6
chapelino	1	9
cattivo	1	7
spogliatoio	1	11
pugnale	1	7
bacato	1	6
johnnie	1	7
scocciatori	1	11
snookie	1	7
fatty	1	5
full	1	4
ballerini	1	9
professionisti	1	14
iloro	1	5
inizi	1	5
usurato	1	7
tenebrosi	1	9
pavoneggiano	1	12
musicista	1	9
ilsospetto	1	10
rompo	1	5
rubarmela	1	9
picchiati	1	9
escludo	1	7
tenerla	1	7
pirata	1	6
collezionista	1	13
travestimenti	1	13
rubate	1	6
robertson	1	9
conducano	1	9
contattare	1	10
dilettante	1	10
consentirebbe	1	13
competere	1	9
handy	1	5
convinta	1	8
dimostrerò	1	10
perlustra	1	9
eliografo	1	9
segnali	1	7
luminosi	1	8
corteggiando	1	12
leoanora	1	8
troximond	1	9
calare	1	6
guanto	1	6
creato	1	6
rapirete	1	8
scortarla	1	9
assalita	1	8
soiree	1	6
interessarle	1	12
suooi	1	5
inestimabili	1	12
abbassare	1	9
scintillio	1	10
teca	1	4
violata	1	7
disco	1	5
perquisiti	1	10
prestigiatore	1	13
sentirvi	1	8
offesi	1	6
constatazione	1	13
consultare	1	10
casi	1	4
sonnambulismo	1	13
ricordano	1	9
sollevato	1	9
modifica	1	8
egiziano	1	8
miniatura	1	9
rimpiazzeremo	1	13
corteggia	1	9
controllare	1	11
intrappolerò	1	12
riportiamo	1	10
diamande	1	8
mini	1	4
sviluppare	1	10
rivelerà	1	8
abbi	1	4
paracadute	1	10
schiaccianti	1	12
asciugato	1	9
acclamato	1	9
cautelare	1	9
precipita	1	9
ascoltato	1	9
cauzione	1	8
rintracci	1	9
temporaneamente	1	15
rilasciato	1	10
abruzzo	1	7
sederò	1	6
rapinerò	1	8
internazionale	1	14
incastrerò	1	10
scollega	1	8
telefonica	1	10
sfuggirà	1	8
immagino	1	8
affievolito	1	11
riconsidererà	1	13
sconfiggerla	1	12
tramando	1	8
copione	1	7
depositato	1	10
licenza	1	7
natalizia	1	9
cenone	1	6
risiede	1	7
addormentarla	1	13
determinata	1	11
stupore	1	7
evacuazione	1	11
preoccupata	1	11
saintex	1	7
svizzera	1	8
sollecito	1	9
sfollati	1	8
tratterebbe	1	11
velocemente	1	11
contando	1	8
bontà	1	5
esuli	1	5
banconota	1	9
dettagliata	1	11
battaglione	1	11
licenze	1	7
passerete	1	9
invasa	1	6
stimolo	1	7
foglio	1	6
arrivate	1	8
mancate	1	7
combattimenti	1	13
veglia	1	6
cronista	1	8
mezamette	1	9
stretto	1	7
mantenimento	1	12
rispedisco	1	10
leon	1	4
continuerà	1	10
presentarmi	1	11
possidente	1	10
ricchissima	1	11
congedato	1	9
consegnava	1	10
descriveva	1	10
imprese	1	7
sopraffatta	1	11
ritirava	1	8
liquori	1	7
offerti	1	7
dandosi	1	7
salottino	1	9
sbrigare	1	8
incontratemi	1	12
eleganti	1	8
esclusivi	1	9
balletto	1	8
graffio	1	7
intervistava	1	12
arrivavano	1	10
bastione	1	8
rette	1	5
collegiali	1	10
istituto	1	8
manterrò	1	8
indissolubilmente	1	17
legati	1	6
avvenivano	1	10
credevano	1	9
delégué	1	7
sforza	1	6
essendosi	1	9
inserire	1	8
rincresce	1	9
indisposto	1	10
interrompere	1	12
provvisoriamente	1	16
gufo	1	4
terminava	1	9
orario	1	6
manipolatore	1	12
divertimenti	1	12
pubblicazione	1	13
appassionanti	1	13
arianna	1	7
ridiventato	1	11
pompe	1	5
funebri	1	7
municipali	1	10
certificato	1	11
certifichiamo	1	13
scrupoloso	1	10
lamentela	1	9
richiamato	1	10
bretagna	1	8
presentata	1	10
giurare	1	7
erta	1	4
catapecchia	1	11
controllore	1	11
rincontrava	1	11
caratteristico	1	14
eccezzioni	1	10
washinton	1	9
entrmbi	1	7
comperato	1	9
augurali	1	8
irrompe	1	7
smistato	1	8
opposti	1	7
attarda	1	7
col.	1	4
cheè	1	4
ricoveratoneltuo	1	16
riconusciuto	1	12
spia	1	4
sciamano	1	8
divennero	1	9
impieghi	1	8
esercitare	1	10
superata	1	8
sudisti	1	7
talloni	1	7
estendere	1	9
concessioni	1	11
iniziando	1	9
misericordia	1	12
orgogliose	1	10
veglierò	1	8
melodie	1	7
dominano	1	8
incoraggiato	1	12
elenca	1	6
politici	1	8
portino	1	7
versato	1	7
ricattatore	1	11
provocatore	1	11
seguaci	1	7
rattristarci	1	12
opalescente	1	11
spaccio	1	7
proceso	1	7
oscuri	1	6
corridoi	1	8
allontanamento	1	14
temporaneo	1	10
civilizzazzione	1	15
burloni	1	7
biancchi	1	8
accoliti	1	8
affluire	1	8
spaventare	1	10
dominerà	1	8
sea	1	3
generazione	1	11
duplicato	1	9
lobtser	1	7
films	1	5
academy	1	7
arts	1	4
titolazione	1	11
originaria	1	10
tori	1	4
usale	1	5
ottengono	1	9
mandateli	1	9
colpiscono	1	10
toros	1	5
eva	1	3
florence	1	8
aggiustarlo	1	11
pensaci	1	7
trampolino	1	10
decisiva	1	8
sposeresti	1	10
rovinerebbe	1	11
provo	1	5
pensami	1	7
diligenza	1	9
prosperare	1	10
insondabile	1	11
responsabilità	1	14
imprevista	1	10
vicolo	1	6
bernie	1	6
calloso	1	7
capitalista	1	11
capitalisti	1	11
league	1	6
for	1	3
child	1	5
welfare	1	7
disastrose	1	10
indagato	1	8
benessere	1	9
insanguinato	1	12
comprese	1	8
lavorasse	1	9
faresti	1	7
migliorarli	1	11
sociali	1	7
ambulante	1	9
ruberai	1	7
promettimi	1	10
forniture	1	9
cadute	1	6
semi	1	4
half	1	4
dispiaciuto	1	11
rispettato	1	10
leggilo	1	7
rancore	1	7
corto	1	5
dedicati	1	8
slum	1	4
completo	1	8
chiamando	1	9
sposassi	1	8
screditeresti	1	13
abbandonerai	1	12
domenicale	1	10
supererai	1	9
bloody	1	6
bucket	1	6
riformato	1	9
minorile	1	8
indaghi	1	7
sfruttano	1	9
potercela	1	9
conosci	1	7
oppressi	1	8
inc	1	3
banning	1	7
scarsa	1	6
ventilazione	1	12
singola	1	7
saziano	1	7
appetiti	1	8
metodi	1	6
dipendenti	1	10
lasciala	1	8
virginia	1	8
scoppio	1	7
jefferson	1	9
b.	1	2
keenan	1	6
sentiamo	1	8
ingiustizia	1	11
affronti	1	8
durezza	1	7
sorgere	1	7
auguri	1	6
p.g.j.beaugard	1	14
brigata	1	7
gibson	1	6
municipio	1	9
arruolarci	1	10
arruolati	1	9
arruolato	1	9
mandamelo	1	9
consenso	1	8
ubbidirono	1	10
soglia	1	6
arrossato	1	9
reclute	1	7
ringhio	1	7
disperso	1	8
betty	1	5
cucina	1	6
sopportato	1	10
ombre	1	5
rispondere	1	10
cotton	1	6
yanks	1	5
soverchiante	1	12
segnato	1	7
freccia	1	7
rinforzare	1	10
attacchino	1	10
significherebbero	1	17
passate	1	7
combattenti	1	11
scuotono	1	8
codardia	1	8
impavido	1	8
sudista	1	7
unioniste	1	9
canti	1	5
cantando	1	8
show	1	4
poliestere	1	10
aggiunti	1	8
diacetato	1	9
cinematheque	1	12
riedizione	1	10
foundation	1	10
lucas	1	5
material	1	8
world	1	5
charitable	1	10
his	1	3
job	1	3
accademy	1	8
ri	1	2
editati	1	7
edizione	1	8
inizo	1	5
hardesly	1	8
manning	1	7
mccloud	1	7
pickford	1	8
tutore	1	6
bank	1	4
ammanco	1	7
lottato	1	7
chiamarla	1	9
sedici	1	6
cucciolo	1	8
ubriacone	1	9
dusty	1	5
breeches	1	8
perdonerai	1	10
considero	1	9
fagottino	1	9
cagnolino	1	9
gatti	1	5
conoscevo	1	9
h-	1	2
dm	1	2
n.y	1	3
duncan	1	6
acconsentano	1	12
residuo	1	7
suddetta	1	8
guardy	1	6
spezza	1	6
compatisce	1	10
apprezzo	1	8
swedish	1	7
magnusson	1	9
sjöström	1	8
rasmus	1	6
rasmussen	1	9
ekman	1	5
gabrielle	1	9
greta	1	5
almroth	1	7
nils	1	4
elvfors	1	7
jenny	1	5
tschernichin	1	12
larsson	1	7
rocciosa	1	8
pacchi	1	6
guadagniamo	1	11
dogana	1	6
piroscafo	1	9
ancorato	1	8
terrorrizzato	1	13
cancellate	1	10
oscurata	1	8
vacante	1	7
alfândega	1	9
nascondo	1	8
esisteva	1	8
germoglia	1	9
pretendente	1	11
approfondito	1	12
aiuterò	1	7
bagagliaio	1	10
contabbando	1	11
scoprirà	1	8
copriremo	1	9
cappoto	1	7
soffocati	1	9
globe	1	5
bambinaia	1	9
curtal	1	6
informativa	1	11
ricordare	1	9
st.clement	1	10
mundial	1	7
scopriranno	1	11
fornì	1	5
teme	1	4
ritirò	1	6
recapitato	1	10
occuperò	1	8
supposto	1	8
racontò	1	7
urgenti	1	7
vampire	1	7
reportage	1	9
rimetterete	1	11
postino	1	7
dovro	1	5
riportarvi	1	10
eccoci	1	6
patron	1	6
securite	1	8
paludi	1	6
andateci	1	8
rabbrividiranno	1	15
calorosi	1	8
omaggi	1	6
mrs	1	3
multimilionaria	1	15
incontrava	1	10
diresse	1	7
espose	1	6
coricarsi	1	9
girava	1	6
rigirava	1	8
sveglio	1	7
dettaglio	1	9
anticamera	1	10
identita	1	8
tradotti	1	8
interpretera	1	12
vampires	1	8
danzatrice	1	10
gue'	1	4
rande	1	5
rigatura	1	8
accettereste	1	12
bonta	1	5
cesso	1	5
--il	1	4
rimborserete	1	12
costi	1	5
ospitare	1	8
sig.guerande	1	12
manterro	1	8
perseguibili	1	12
penalmente	1	10
pensavano	1	9
uccidermi	1	9
delegue	1	7
avro	1	4
locazione	1	9
appartementi	1	12
etc.	1	4
riposando	1	9
tava	1	4
dettando	1	8
perdero	1	7
dovendomi	1	9
assentare	1	9
sig.métadier	1	12
succursale	1	10
prelevera	1	9
portera	1	7
vece	1	4
facesse	1	7
documentari	1	11
patito	1	6
pugnalato	1	9
stiletto	1	8
presento	1	8
reconobbe	1	9
occupatevi	1	10
descrisse	1	9
assomigliate	1	12
talmente	1	8
distinguerebbe	1	14
preoccupate	1	11
debellati	1	9
malefica	1	8
accadimenti	1	11
acconsentireste	1	15
assunta	1	7
baldo	1	5
vigili	1	6
calmi	1	5
cartomante	1	10
junot-	1	6
manifestarsi	1	12
ipnotizzato	1	11
ordinarle	1	9
riporre	1	7
requie	1	6
spuntar	1	7
sfrenato	1	8
nodi	1	4
stratega	1	8
ignorva	1	7
condotta	1	8
st.lazare	1	9
algerina	1	8
partirai	1	8
marittima	1	9
autorita	1	8
testimoniare	1	12
somministrare	1	13
conforti	1	8
religiosi	1	9
fiduciose	1	9
chiamera	1	8
comparire	1	9
fallace	1	7
fingi	1	5
zoppicare	1	9
imbarcata	1	9
avverra	1	7
raggiungimi	1	11
premiare	1	8
rispettabile	1	12
provenisse	1	10
trovero	1	7
bourdainville	1	13
indolenza	1	9
predisposizione	1	15
grossolani	1	10
espulso	1	7
classe	1	6
dispiacere	1	10
loupiere	1	8
potra	1	5
sopravvissuto	1	13
bretal	1	6
ritorsione	1	10
esplodera	1	9
tic	1	3
tac	1	3
pattumiera	1	10
eterne	1	6
urlante	1	7
venissi	1	7
dimenticaso	1	11
sante	1	5
portieri	1	8
ringraziamo	1	11
statene	1	7
certi	1	5
suonano	1	7
insistentemente	1	15
agitate	1	7
arrendervi	1	10
assisterete	1	11
dimostrazione	1	13
potenza	1	7
tentate	1	7
benche	1	6
fanciulle	1	9
arrendono	1	9
alloggia	1	8
sig.baldwin	1	11
sentirle	1	8
cpme	1	4
riesco	1	6
noemi	1	5
profondi	1	8
cooperazione	1	12
lascero	1	7
.piano	1	6
trasferiro	1	10
sommesso	1	8
chiacchierare	1	13
organizzano	1	11
etichetta	1	9
affittuaria	1	11
adele	1	5
sontuosa	1	8
velute	1	6
gelatina	1	8
filetti	1	7
dolcetti	1	8
ditte	1	5
servirvi	1	8
gentilmente	1	11
brindare	1	8
alticcio	1	8
iniziato	1	8
sconclusionato	1	14
diceva	1	6
dormendo	1	8
filarsela	1	9
aspettavi	1	9
riceverli	1	9
arrabbai	1	8
accorrere	1	9
presentazioni	1	13
modestia	1	8
taciuto	1	7
fattaccio	1	9
storditi	1	8
rivincita	1	9
impadronito	1	11
prenderlo	1	9
mettessero	1	10
andarci	1	7
"hotel	1	6
assassionio	1	11
sgomento	1	8
pianificato	1	11
denunciarvi	1	11
tenermi	1	7
distraeva	1	9
leggendo	1	8
gloriose	1	8
galanti	1	7
acconsenti	1	10
ingiunse	1	8
bessiere	1	8
facevano	1	8
seviziati	1	9
abbeverato	1	10
vendicarono	1	11
vestibolo	1	9
suite	1	5
impossessarsi	1	13
rilascera	1	9
invaghito	1	9
riconsegnarla	1	13
attiva	1	6
perpetrato	1	10
dira	1	4
intervistarvi	1	13
raramente	1	9
virtu	1	5
"enigma	1	7
assegnato	1	9
rapporti	1	8
conduca	1	7
eulogio	1	7
mortuaria	1	9
riconciliato	1	12
soffriva	1	8
viveur	1	6
costumista	1	10
perverso	1	8
capestro	1	8
elite	1	5
finanzieri	1	10
sparse	1	6
preallertato	1	12
disgustare	1	10
dimissioni	1	10
consegnati	1	10
pagine	1	6
tenteranno	1	10
carpire	1	7
avvertiti	1	9
aggiungete	1	10
spiacenti	1	9
fulvo	1	5
continuava	1	10
seduttore	1	9
prestava	1	8
spettacoli	1	10
sodali	1	6
bollettino	1	10
malfamato	1	9
canna	1	5
fumaria	1	7
inviategli	1	10
direttamenmte	1	13
funebre	1	7
municipale	1	10
attesta	1	7
rimostranza	1	11
tenebre	1	7
assicurarvi	1	11
fingeva	1	7
faisait	1	7
guet	1	4
tugurio	1	7
parigini	1	8
ritrovarmi	1	10
dopodiche	1	9
scovero	1	7
finalemente	1	11
adattato	1	8
my	1	2
kildare	1	7
r.a	1	3
walsh	1	5
harbaugh	1	8
pian	1	4
generalmente	1	12
hey	1	3
divertirà	1	9
premi	1	5
band	1	4
possedeva	1	9
ammirano	1	8
bevute	1	6
proverbiali	1	11
nomine	1	6
ripulire	1	8
dichiara	1	8
ames	1	4
svolazzante	1	11
assiduo	1	7
vederne	1	7
faremmo	1	7
necessarie	1	10
scuole	1	6
rapide	1	6
grath	1	5
annuale	1	7
ricorrente	1	10
flaherty	1	8
istruzione	1	10
stupì	1	5
torni	1	5
accoltellato	1	12
comporta	1	8
integrato	1	9
raffinato	1	9
dattela	1	7
mantieni	1	8
orgogliosi	1	10
insegnato	1	9
verde	1	5
medita	1	6
pignolo	1	7
palestra	1	8
sparring	1	8
partners	1	8
rifarsi	1	7
ripensamento	1	12
mingherlino	1	11
uppercut	1	8
campionato	1	10
allenatore	1	10
sfidante	1	8
giochiamo	1	9
nascondino	1	10
ciambelle	1	9
togli	1	5
ingannato	1	9
scuotiti	1	8
giunse	1	6
meyerbeer	1	9
roberto	1	7
viarskaya	1	9
varya	1	5
toccate	1	7
dipinga	1	7
stufato	1	7
permetti	1	8
sdraiarti	1	9
indegna	1	7
pulci	1	5
impegnarmi	1	10
offrite	1	7
romeo	1	5
sposerai	1	8
salvarmi	1	8
esci	1	4
confortevole	1	12
easy	1	4
hardluck	1	8
conoscenti	1	10
pulisci	1	7
pulirò	1	6
cravatta	1	8
pagarai	1	7
albergatore	1	11
lascera	1	7
chiudono	1	8
geraldine	1	9
farrar	1	6
gitana	1	6
occupero	1	8
conquistera	1	11
mail	1	4
transitare	1	10
lampade	1	7
sedurre	1	7
invitate	1	8
tolga	1	5
agitero	1	7
daro	1	4
verrei	1	6
tagliente	1	9
provarci	1	8
finirai	1	7
trovarne	1	8
lasciami	1	8
terrai	1	6
cercarci	1	8
deviu	1	5
laggiu	1	6
appartiena	1	10
predizione	1	10
avvisala	1	8
decido	1	6
paramount	1	9
italiani	1	8
olaf_il_rosso	1	13
siedidi	1	7
vienimi	1	7
divideremo	1	10
aiuterai	1	8
hovistol	1	8
xxi	1	3
organizzerò	1	11
lasciarci	1	9
conttrabbandieri	1	16
lillian	1	7
gish	1	4
arden	1	5
paget	1	5
lite	1	4
guardò	1	6
scivolò	1	7
esistenze	1	9
ascose	1	6
recessi	1	7
fortune	1	7
stupefatti	1	10
partì	1	5
ricciolo	1	8
restò	1	5
sino	1	4
inclinazione	1	12
vela	1	4
scomparendo	1	11
dopodiché	1	9
avviò	1	5
piangendo	1	9
ritrovò	1	7
frangenti	1	9
cresciuti	1	9
persisteva	1	10
raggiunse	1	9
presagiva	1	9
dicerie	1	7
apparteneva	1	11
rinasscita	1	10
anderson	1	8
rigenerato	1	10
willard	1	7
marguerite	1	10
clayton	1	7
ancella	1	7
hazel	1	5
applegate	1	9
scossone	1	8
ventenne	1	8
cercherò	1	8
impunemente	1	11
trasferisco	1	11
inferiore	1	9
giornaliera	1	11
cinguettio	1	10
sistemano	1	9
rispettosa	1	10
protocollo	1	10
adèle	1	5
vellutata	1	9
timballi	1	8
farciti	1	7
peperoncino	1	11
involtini	1	9
filetto	1	7
spezzatino	1	10
selvaggina	1	10
purea	1	5
patate	1	6
cerfoglio	1	9
prestigiose	1	11
gastronomie	1	11
berrete	1	7
brillo	1	6
brindisi	1	8
apprestavano	1	12
vorrebbero	1	10
svignarsela	1	11
soppiatto	1	9
accipicchia	1	11
interveniva	1	11
inferocito	1	10
impedivano	1	10
correre	1	7
presentarli	1	11
temuta	1	6
oscard	1	6
lázare	1	6
trasferita	1	10
arsenale	1	8
imbarco	1	7
ministri	1	8
riservare	1	9
accoglienza	1	11
sventurati	1	10
esperienze	1	10
riponete	1	8
simula	1	6
distorsione	1	11
sennò	1	5
insignire	1	9
onorificenza	1	12
accademiche	1	11
precipitato	1	11
proveniva	1	9
crittogrammi	1	12
cercarlo	1	8
rincasava	1	9
pigrizia	1	8
irrefrenabile	1	13
propensione	1	11
pessimo	1	7
rimando	1	7
laupière	1	8
cilindro	1	8
lavoretto	1	9
affondata	1	9
bertal	1	6
riguardano	1	10
esploderà	1	9
troveranno	1	10
trovarli	1	8
tatave	1	6
rigattiere	1	10
posate	1	6
spazzatura	1	10
introdotto	1	10
eustauche	1	9
pallottola	1	10
tentava	1	7
immortali	1	9
legate	1	6
comuni	1	6
giustificava	1	12
insolita	1	8
barbagianni	1	11
casomai	1	7
reparti	1	7
serbiamo	1	8
procurato	1	9
ovvia	1	5
complicità	1	10
acciufferemo	1	12
garantisco	1	10
avevavano	1	9
darsi	1	5
malfattore	1	10
risoluzione	1	11
spettava	1	8
trasportarlo	1	12
obitorio	1	8
soffrire	1	8
ripercorreva	1	12
sconvolgente	1	12
levandosi	1	9
sudario	1	7
balzi	1	5
previsione	1	10
spedire	1	7
lotto	1	5
interessate	1	11
toccherà	1	8
finanza	1	7
accalcava	1	9
mortesalgues	1	12
diffondeva	1	10
saloni	1	6
controllava	1	11
indicazioni	1	11
disgustoso	1	10
onesti	1	6
favole	1	6
illustrate	1	10
fontaine	1	8
considerare	1	11
becco	1	5
appartamenti	1	12
villette	1	8
eccetera	1	8
tutt'	1	5
orecchi	1	7
impegni	1	7
dettava	1	7
corrispondenza	1	14
filiale	1	7
consegnata	1	10
impossibilitato	1	15
umore	1	5
couronne	1	8
documentario	1	12
attualità	1	9
fanatico	1	8
usciva	1	6
riportarlo	1	10
spilloni	1	8
pseudo	1	6
pregiati	1	8
numa	1	4
draguignangue	1	13
moscato	1	7
lunel	1	5
svaligiato	1	10
ingannerebbe	1	12
brigadiere	1	10
mazamettte	1	10
telefonava	1	10
preoccupatevi	1	13
insanguinate	1	12
potranno	1	8
aleggerà	1	8
intuire	1	7
svariati	1	8
misteriosi	1	10
superstiziosa	1	13
spionaggio	1	10
manifestazione	1	14
confidarti	1	10
tregua	1	6
guérrande	1	9
rintracciare	1	12
annodata	1	8
preparata	1	9
esponenti	1	9
asfissiati	1	10
perseguita	1	10
impadronirsi	1	12
consultava	1	10
avidamente	1	10
potessero	1	9
indicibile	1	10
autori	1	6
diabolica	1	9
raffinatezza	1	12
puzza	1	5
risiedeva	1	9
chicago	1	7
europa	1	6
ethel	1	5
florid	1	6
empire	1	6
restante	1	8
provocato	1	9
agitazione	1	10
pubblicato	1	10
denunciassi	1	11
intascarmi	1	10
distrarrà	1	9
predicendogli	1	13
inseguendo	1	10
certamente	1	10
acconsentiva	1	12
bessière	1	8
plico	1	5
dipendevano	1	11
conducendo	1	10
assetato	1	8
partigiani	1	10
dissetato	1	9
vendicano	1	9
dedicava	1	8
minuziosa	1	9
sufficienza	1	11
garanzia	1	8
relativa	1	8
togliessero	1	11
castagne	1	8
renderà	1	7
riprenderemo	1	12
avveniva	1	8
restavano	1	9
introvabili	1	11
renderla	1	8
gerente	1	7
anvers	1	6
koucher	1	7
ucciderai	1	9
installato	1	10
intervistare	1	12
bandido	1	7
risuonava	1	9
perentorio	1	10
squillo	1	7
tranquilizzatevi	1	16
gregario	1	8
abituale	1	8
ordinava	1	8
sottomettervi	1	13
sfuggirmi	1	9
cavallina	1	9
vergogno	1	8
offra	1	5
venivano	1	8
sottomettersi	1	13
annunciamo	1	10
sceso	1	5
riuscita	1	8
henriette	1	9
granville	1	9
solita	1	6
celebrità	1	9
boissier	1	8
fonografi	1	9
personalità	1	11
parígi	1	6
clientela	1	9
registrò	1	8
odierna	1	7
noemie	1	6
sostituirà	1	10
scusandomi	1	10
rispettosi	1	10
cedola	1	6
pupa	1	4
riconosceva	1	11
passeggero	1	10
bomba	1	5
precipitava	1	11
informarlo	1	10
flor	1	4
consegno	1	8
polizía	1	7
accadono	1	8
roanne	1	6
delvé	1	5
georgette	1	9
faraboni	1	8
invitata	1	8
françoise	1	9
rosay	1	5
gaston	1	6
vuilbert	1	8
amy	1	3
linker	1	6
teniamo	1	7
rivolgo	1	7
stanley	1	7
squisito	1	8
cicisbei	1	8
turbamenti	1	10
assicurarti	1	11
turbi	1	5
sgualdrina	1	10
appariscente	1	12
intuizione	1	10
ricambiare	1	10
eylau	1	5
termale	1	7
fareste	1	7
tradizionale	1	12
offriva	1	7
compromettente	1	14
mondanità	1	9
estiva	1	6
dritto	1	6
sodo	1	4
rimprovero	1	10
considererete	1	13
pusillanime	1	11
raggiungervi	1	12
calmare	1	7
giravano	1	8
negozi	1	6
suddetto	1	8
fumi	1	4
donnaccia	1	9
rompicapo	1	9
cinese	1	6
ricevi	1	6
cognata	1	7
allegorica	1	10
vigila	1	6
raggiungerci	1	12
offenbach	1	9
théodule	1	8
guillaume	1	9
loiseau	1	7
rallegra	1	8
rrrh	1	4
russamento	1	10
sfinito	1	7
alunna	1	6
angosciato	1	10
noiosi	1	6
consigliere	1	11
annoio	1	6
virtuoso	1	8
concerti	1	8
contendono	1	10
bisognerebbe	1	12
ricetta	1	7
avresti	1	7
volessi	1	7
consigliarmi	1	12
mentore	1	7
mondana	1	7
impaurisce	1	10
occuparti	1	9
babbeo	1	6
residente	1	9
sportiva	1	8
meraviglia	1	10
buttarti	1	8
assistevano	1	11
violino	1	7
tchaikowski	1	11
cominciato	1	10
frequentare	1	11
perdi	1	5
antiquato	1	9
ginnastica	1	10
svedese	1	7
scherma	1	7
pugilato	1	8
equitazione	1	11
podistica	1	9
tango	1	5
sfortunatamente	1	15
intense	1	7
fisiche	1	7
inadatto	1	8
serate	1	6
mondane	1	7
desolato	1	8
sportivo	1	8
sbaglio	1	7
sentimentale	1	12
interessare	1	11
fazzoletto	1	10
fallito	1	7
ereditiere	1	10
capricciose	1	11
qualcuna	1	8
dijon	1	5
marthe	1	6
blanloeil	1	9
appassionata	1	12
blanc	1	5
organizzo	1	9
fortuito	1	8
boulainvillers	1	14
xvi	1	3
invitarvi	1	9
utilità	1	7
trasmetterli	1	12
wilde	1	5
fillm	1	5
dödskyssen	1	10
durava	1	6
elenco	1	6
ricorso	1	7
fisse	1	5
aggiuntive	1	10
sjöstrom	1	8
julius	1	6
jaenzon	1	7
ab	1	2
svenska	1	7
biografteatern	1	14
stoccolma	1	9
albin	1	5
lavén	1	5
sjostrom	1	8
harper	1	6
apparecchiando	1	14
dovevo	1	6
basandosi	1	9
arrestò	1	7
progettazione	1	13
azienda	1	7
perderà	1	7
aggiungere	1	10
continuai	1	9
farmaco	1	7
prescritto	1	10
sentivo	1	7
progrediva	1	10
completati	1	10
sopporto	1	8
ignori	1	6
sorprendente	1	12
simili	1	6
profilo	1	7
inizialmente	1	12
scambiati	1	9
esitazione	1	10
proposi	1	7
dissi	1	5
fermerò	1	7
ammalai	1	7
adel	1	4
dichiarò	1	8
sospetta	1	8
recuperò	1	8
disturbato	1	10
accorse	1	7
definitivo	1	10
prendemmo	1	9
precauzoni	1	10
afferrò	1	7
polso	1	5
cercò	1	5
sbalorditi	1	10
cademmo	1	7
illesi	1	6
metemmo	1	7
intruso	1	7
notai	1	5
nseguimento	1	11
antigas	1	7
offrì	1	5
esaminare	1	9
chiesi	1	6
incamminai	1	10
seguii	1	6
serratura	1	9
uscii	1	5
provenire	1	9
scoprì	1	6
concorrente	1	11
tentativi	1	9
avvelenamento	1	13
stavan	1	6
servì	1	5
lasciò	1	6
intatta	1	7
spinse	1	6
vassoio	1	7
versò	1	5
addosso	1	7
abbracciò	1	9
esaminò	1	7
zuccheriera	1	11
trovai	1	6
gettò	1	5
carita	1	6
difficolta	1	10
angio	1	5
ostilita	1	8
inchinero	1	9
pubblicita	1	10
proprieta	1	9
cavero	1	6
amero	1	5
fedelta	1	7
imparero	1	8
piacero	1	7
comunita	1	8
mose	1	4
ballera	1	7
tornera	1	7
mordero	1	7
battero	1	7
andro	1	5
civilta	1	7
ospitalita	1	10
vendichera	1	10
neversé	1	7
approvero	1	9
sboccera	1	8
iniziero	1	8
immunita	1	8
tradendo	1	8
autocratico	1	11
altrettante	1	11
vestali	1	7
scorrono	1	8
parallele	1	9
moderni	1	7
moralizzare	1	11
sedevano	1	8
ac	1	2
spiano	1	6
ceneri	1	6
amerai	1	6
apprezzi	1	8
religiosa	1	9
introduzione	1	12
rivali	1	6
coperta	1	7
pallida	1	7
esaudire	1	8
cartucce	1	8
temevano	1	8
guardiani	1	9
succo	1	5
henna	1	5
delineati	1	9
kohl	1	4
comprarmi	1	9
recidivi	1	8
proviene	1	8
bastone	1	7
restituisce	1	11
imitando	1	8
perdonare	1	9
incapacità	1	10
adattarsi	1	9
consolatore	1	11
inoffensivi	1	11
ficcanasi	1	9
silente	1	7
guarito	1	7
vedrò	1	5
ficcanaso	1	9
preferiscono	1	12
ghiotto	1	7
osti	1	4
retata	1	6
attirano	1	8
dedicano	1	8
riforma	1	7
opzione	1	7
profetizza	1	10
incidentalmente	1	15
esercitano	1	10
istituzioni	1	11
soffrite	1	8
mordo	1	5
offerte	1	7
fiammante	1	9
inno	1	4
vecchi	1	6
misura	1	6
affievoliscono	1	14
sinistre	1	8
presidiare	1	10
arringa	1	7
impiccarlo	1	10
vagabonderà	1	11
arrivi	1	6
sacramento	1	10
bocciolo	1	8
aprirà	1	6
cancellando	1	11
distintivi	1	10
conducono	1	9
fondono	1	7
rendano	1	7
virtuosa	1	8
belshazzar.mercanti	1	19
fiori;sette	1	11
mura.il	1	7
culto.nota	1	10
restaurare	1	10
profumato	1	9
placcato	1	8
mondo.nota	1	10
nostri.i	1	8
attesa.obbligati	1	16
inducono	1	8
prestare	1	8
ascolto	1	7
mogli.il	1	8
babilonia.e	1	11
jenkins.la	1	10
"c'	1	3
mortificazione.il	1	17
miracolo.la	1	11
felicente	1	9
insinuando	1	10
estate.alla	1	11
voglio.dammi	1	12
beneficenza",hanno	1	18
disse:"guardate	1	15
lapidata;ma	1	11
delpresente	1	11
ilcomitatodei	1	13
babilonia.il	1	12
persiano.ciro	1	13
ciro.i	1	6
ritenute	1	8
"un	1	3
babilonia;nelle	1	15
babilonia.allato	1	16
cinta	1	5
persiana	1	8
cuneiforme),divenne	1	19
faccino	1	7
banchetto.la	1	12
aromatizzato	1	12
"dobbiamo	1	9
"le	1	3
s.bartolomeo.all'	1	17
amore.la	1	8
colpevole.giustizia	1	19
st.germain	1	10
annunciano	1	10
,spinta	1	7
"domani	1	7
castani.l'	1	10
allat.venite	1	12
profondamente	1	13
angosciata	1	10
quí	1	3
consigliare	1	11
calligrafia	1	11
separata	1	8
parrucca	1	8
grigia	1	6
pomeridiane	1	11
quand'	1	6
malinconici	1	11
chiari	1	6
seguí	1	5
affarista	1	9
víttima	1	7
rimetteva	1	9
affermava	1	9
vendete	1	7
inmediatamente	1	14
liquidatele	1	11
fluttuava	1	9
preoccuparsi	1	12
banchieri	1	9
cominciarono	1	12
dubitare	1	8
inviò	1	5
giacimento	1	10
telegrafare	1	11
telefonare	1	10
spiato	1	6
otterranno	1	10
vendicherete	1	12
riportava	1	9
fasi	1	4
curvo	1	5
ingrigito	1	9
sappi	1	5
maiale	1	6
inaccessibile	1	13
paladino	1	8
torturatore	1	11
restituire	1	10
vendicherò	1	10
place	1	5
armand	1	6
carrel	1	6
mica	1	4
scemo	1	5
ondina	1	6
chiedano	1	8
negoziare	1	9
disarmato	1	9
scriverá	1	8
dicendole	1	9
pienamente	1	10
capirete	1	8
preferite	1	9
sbarazzeremo	1	12
torneremo	1	9
staremo	1	7
salpa	1	5
bellissimo	1	10
veliero	1	7
badare	1	6
oblò	1	4
stupida	1	7
buttato	1	7
fuoribordo	1	10
delitti	1	7
scampare	1	8
nuotatrice	1	10
posa	1	4
accorre	1	7
apprendere	1	10
fluisce	1	7
infangarla	1	10
telefonerò	1	10
scappata	1	8
riposate	1	8
ordunque	1	8
ritenuto	1	8
porvi	1	5
consegnerà	1	10
resterà	1	7
assicurerò	1	10
umili	1	5
proteggermi	1	11
chino	1	5
rispondiamo	1	11
giungerà	1	8
star	1	4
alloggiano	1	10
mediterranea	1	12
fervente	1	8
sedeva	1	6
sognante	1	8
onde	1	4
tremare	1	7
narici	1	6
eccitazione	1	11
dì	1	2
imbavagliato	1	12
liberatori	1	10
affittata	1	9
carcerieri	1	10
fantasiosa	1	10
eludere	1	7
sète	1	4
restituita	1	10
mantiene	1	8
scriva	1	6
chiedendole	1	11
raggiungerla	1	12
quotidiana	1	10
nouveau	1	7
cirque	1	6
parecchio	1	9
muta	1	4
anestetizzata	1	13
cloroformio	1	11
oise	1	4
mandante	1	8
rischio	1	7
impazienza	1	10
vergognoso	1	10
cevennes	1	8
inattesi	1	8
mensola	1	7
scappando	1	9
mostrino	1	8
condurranno	1	11
labirinto	1	9
percettibile	1	12
devozione	1	9
compensare	1	10
malefatte	1	9
ragazzino	1	9
mendicante	1	10
orfano	1	6
abbandonarlo	1	12
ubicato	1	7
largamente	1	10
apprezzate	1	10
affetti	1	7
espressione	1	11
condoglianze	1	12
editoriale	1	10
innamorarsi	1	11
tilleuls	1	8
instruzioni	1	11
scriviamo	1	9
rimessa	1	7
inviamo	1	7
spesa	1	5
riscossioni	1	11
interesso	1	9
diventerà	1	9
giudicatemi	1	11
sentiva	1	7
conducessero	1	12
dará	1	4
arruolarmi	1	10
straniera	1	9
ravvedermi	1	10
liberiamo	1	9
dalila	1	6
baciami	1	7
sciolgono	1	9
fidati	1	6
catenaccio	1	10
alibi	1	5
sdraiato	1	8
corde	1	5
penseranno	1	10
curioso	1	7
spettatore	1	10
espiazione	1	10
elettrico	1	9
langue	1	6
implacabile	1	11
murato	1	6
carcerazione	1	12
ortofrutticoltore	1	17
compere	1	7
nascevano	1	9
cavoli	1	6
insomma	1	7
condivisi	1	9
pero	1	4
sorprese	1	8
venivo	1	6
offrire	1	7
ritornerà	1	9
arrivasse	1	9
bara	1	4
parente	1	7
famigerato	1	10
riapparisse	1	11
restituirgli	1	12
tana	1	4
toglieremo	1	10
aleggiava	1	9
striscianti	1	11
vegliare	1	8
facevo	1	6
nacque	1	6
ragazzini	1	9
estratto	1	8
presumibilmente	1	15
sfortunata	1	10
coma	1	4
interrogata	1	11
trasferire	1	10
domande	1	7
tirarti	1	7
avventuriera	1	12
metterci	1	8
stancando	1	9
smascherare	1	11
astorg	1	6
rochenfontaine	1	14
fattoria	1	8
pergrues	1	8
route	1	5
chenes	1	6
riportarle	1	10
tutori	1	6
recato	1	6
reclamarlo	1	10
pasticcio	1	9
scapolo	1	7
chiedete	1	8
tel	1	3
centrale--	1	10
pretesto	1	8
opposto	1	7
sospettoso	1	10
avvertimento	1	12
accogliente	1	11
conservate	1	10
cinémathéque	1	12
aggiunto	1	8
mm	1	2
library	1	7
congress	1	8
negativi	1	8
possible	1	8
danneggiate	1	11
eseguito	1	8
laboratori	1	10
c.chaplin	1	9
piaciuti	1	8
tratteneva	1	10
sapessi	1	7
cantare	1	7
pattino	1	7
buonanotte	1	10
one	1	3
a.m	1	3
nottambulo	1	10
ficcato	1	7
farcela	1	7
conscessi	1	9
torte	1	5
girovita	1	8
cm.	1	3
ssh	1	3
felicissimo	1	11
cocomero	1	8
teniti	1	6
brock	1	5
impostori	1	9
caporeparto	1	11
afferriamo	1	10
occasioni	1	9
shhh	1	4
ucciderò	1	8
quattrini	1	9
dillo	1	5
pronuncia	1	9
civettuoli	1	10
flirta	1	6
pranzare	1	8
aspettarmi	1	10
sveglia	1	7
c.o.d	1	5
otterro	1	7
anticendio	1	10
purviance	1	9
wesley	1	6
ruggles	1	7
avaro	1	5
billy	1	5
armstrong	1	9
rand	1	4
spingere	1	8
sottomarina	1	11
descritte	1	9
imposero	1	8
racconti	1	8
regnava	1	7
oceani	1	6
alloggiava	1	10
th	1	2
inviera	1	7
navigazione	1	11
acconsentira	1	12
j.hobson	1	8
inventato	1	9
flutti	1	6
fermarsi	1	8
lento	1	5
battello	1	8
rilevamenti	1	11
avvenuta	1	8
catturando	1	10
resisi	1	6
compiaciuto	1	11
lascerete	1	9
supplicata	1	10
trasportati	1	11
avvicinamento	1	13
sorvolano	1	9
precipitati	1	11
perlustrata	1	11
disgraziati	1	11
fuggirete	1	9
muovervi	1	8
liberamente	1	11
progettato	1	10
ammirando	1	9
brilla	1	6
formata	1	7
corsara	1	7
pericolosi	1	10
mostrero	1	8
predatori	1	9
usciremo	1	8
vesti	1	5
respirare	1	9
palombari	1	9
serbatoi	1	8
giardini	1	8
marini	1	6
brivido	1	7
vaste	1	5
praterie	1	8
oceaniche	1	9
infestate	1	9
viziata	1	7
spavaldo	1	8
intermezzo	1	10
armatore	1	8
ossessionato	1	12
posato	1	6
cercarla	1	8
tornassi	1	8
cercarmi	1	8
strappata	1	9
allontanato	1	11
scoprite	1	8
faticano	1	8
veniamo	1	7
siluri	1	6
staro	1	5
siluro	1	6
bersaglio	1	9
lanciate	1	8
rari	1	4
guadagnato	1	10
serpeggiava	1	11
accuso	1	6
falsamente	1	10
sentivano	1	9
arcani	1	6
deliranti	1	9
fuggii	1	6
affrettai	1	9
aggredita	1	9
natia	1	5
pregai	1	6
sciolto	1	7
silenziosi	1	10
abitati	1	7
a.rannie	1	8
b.bennison	1	10
adexmont	1	8
rivisti	1	7
kaksy	1	5
filmato	1	7
venti	1	5
diretta	1	7
supervisione	1	12
sub	1	3
oceanica	1	8
impressero	1	10
impossibilità	1	13
dopotutto	1	9
sequestrato	1	11
morsa	1	5
ripetute	1	8
segnalazioni	1	12
inviando	1	8
prevalse	1	8
accompagnava	1	12
city	1	4
sir:-	1	5
mandando	1	8
viaggi	1	6
acconsentirà	1	12
immediataamente	1	15
j.jr.hobson	1	11
abrahm	1	6
segnerà	1	7
curò	1	4
inventò	1	7
imbarcazione	1	12
traversò	1	8
approdò	1	7
silenziosamente	1	15
tropicali	1	9
verificò	1	8
cuscinetti	1	10
spaventato	1	10
compas-	1	7
sione	1	5
realizzando	1	11
lascierete	1	10
union	1	5
army	1	4
scout	1	5
falliscono	1	10
"isola	1	6
librano	1	7
aggrappato	1	10
incoscente	1	10
annegato	1	8
frugata	1	7
bloaccato	1	9
frugano	1	7
sottomerino	1	11
tenterete	1	9
costruita	1	9
guardiamo	1	9
intendeva	1	9
brilòlante	1	10
solari	1	6
superfice	1	9
arino	1	5
gorsso	1	6
unomini	1	7
bestie	1	6
passeremo	1	9
tute	1	4
taniche	1	7
progrediscono	1	13
pistole	1	7
scariche	1	8
entusiasmante	1	13
vasti	1	5
prati	1	5
infestati	1	9
rilasciano	1	10
impura	1	6
icacciatori	1	11
trasportatore	1	13
oceanico	1	8
ritirato	1	8
cacciando	1	9
forzò	1	5
ulteriori	1	9
mysterious	1	10
trascinata	1	10
galleggia	1	9
combattono	1	10
reietto	1	7
pianifica	1	9
icospiratori	1	12
missili	1	7
missile	1	7
bersagli	1	8
caricare	1	8
principee	1	9
raro	1	4
avventu-	1	8
riero	1	5
guadagnò	1	8
brontolii	1	9
preannunciano	1	13
ambiva	1	6
calunniò	1	8
frenetiche	1	10
pregato	1	7
obbedì	1	6
sciolse	1	7
presidiato	1	10
concorrenza	1	11
cenerentola	1	11
suonero	1	7
gulasch	1	7
ungherese	1	9
sani	1	4
trifoglio	1	9
dipingerò	1	9
cenare	1	6
idillio	1	7
amoroso	1	7
scivola	1	7
dipingere	1	9
saltatore	1	9
rischiava	1	9
consultato	1	10
periscopio	1	10
i.	1	2
short	1	5
eccessivamente	1	14
preoccupati	1	11
aiutarci	1	8
stirami	1	7
saltellante	1	11
quietamente	1	11
bagno	1	5
inane	1	5
incappato	1	9
esaurito	1	8
mentale	1	7
sposarsi	1	8
saltatori	1	9
prepari	1	7
trucco	1	6
troveremo	1	9
stimolante	1	10
chinatown	1	9
vinca	1	5
scrivesse	1	9
copioni	1	7
cinematografici	1	15
accontentasse	1	13
interpretarli	1	13
sottotitolato	1	13
redz	1	4
finanziato	1	10
lumiere	1	7
media	1	5
europea	1	7
presentano	1	10
vittorio	1	8
sica	1	4
sedicenne	1	9
cinematografica	1	15
positivi	1	8
colorati	1	8
avanzato	1	8
decomposizione	1	14
saragoza	1	8
copie	1	5
casti-	1	6
gliano	1	6
tradotte	1	8
italiano	1	8
con-	1	4
servando	1	8
stile	1	5
grafica	1	7
ricostruito	1	11
metodo	1	6
noel	1	4
desmet	1	6
belge	1	5
attuale	1	7
straordinaria	1	13
interpretazione	1	15
gustavo	1	7
serena	1	6
contessina	1	10
trarre	1	6
giudicherà	1	10
serviranno	1	10
poterle	1	7
comprendere	1	11
veda	1	4
risplende	1	9
privo	1	5
narrazione	1	10
intimo	1	6
oscurò	1	6
direi	1	5
interrogasse	1	12
dipendere	1	9
sincerità	1	9
confessioni	1	11
esemplo	1	7
abregazione	1	11
educò	1	5
proventi	1	8
modesta	1	7
sartoria	1	8
premio	1	6
vocazione	1	9
raccomanderà	1	12
apprenda	1	8
tommaso	1	7
progressi	1	9
allievo	1	7
apriva	1	6
allori	1	6
camminavo	1	9
scelse	1	6
carriera	1	8
diplimatica	1	11
diversità	1	9
inclinazioni	1	12
allegre	1	7
imparerai	1	9
concentrò	1	9
creature	1	8
appassionato	1	12
intere	1	6
abbagliò	1	8
contigua	1	8
schizzo	1	7
terminato	1	9
confisca	1	8
insurrezione	1	12
zar	1	3
preoccuppi	1	10
rondine	1	7
usurai	1	6
esigui	1	6
conceda	1	7
scolpire	1	8
compromette	1	11
trarne	1	6
vantaggio	1	9
assurda	1	7
superstizione	1	13
chiromanzia	1	11
emozioni	1	8
millioni	1	8
gelosie	1	7
rivalità	1	8
amalgama	1	8
affascinare	1	11
posare	1	6
colloqui	1	8
magico	1	6
sortilegio	1	10
seduttrice	1	10
trasformava	1	11
finì	1	4
alata	1	5
inquietudine	1	12
funesta	1	7
spezzava	1	8
giudicare	1	9
rubli	1	5
frequenta	1	9
millionario	1	11
possede	1	7
sognato	1	7
inesorabile	1	11
allontana	1	9
adorata	1	7
risate	1	6
piene	1	5
rendevano	1	9
offrono	1	7
strapperà	1	9
aspetterai	1	10
separarono	1	10
incoraggianti	1	13
nube	1	4
oscurava	1	8
lottava	1	7
sciogliersi	1	11
fronda	1	6
alito	1	5
brezza	1	6
insinuante	1	10
suadente	1	8
scaltrezza	1	10
delicate	1	8
profonde	1	8
carissimo	1	9
dimentico	1	9
divenuta	1	8
sposarci	1	8
sepererò	1	8
accecarla	1	9
gemme	1	5
lusinghevole	1	12
imposta	1	7
accingo	1	7
dicessi	1	7
chiederebbe	1	11
prepararmi	1	10
cifre	1	5
doti	1	4
stirpe	1	6
concretizzazione	1	16
paghero	1	7
soddisfazioni	1	13
piaceri	1	7
favolose	1	8
precipitando	1	12
menthikoff	1	10
imperiale	1	9
aspira	1	6
aroma	1	5
delizie	1	7
internamento	1	12
mathilde	1	8
lasceranno	1	10
internata	1	9
kalaievo	1	8
previo	1	6
oggetti	1	7
denialeff	1	9
guarnigione	1	11
caucaso	1	7
ebbe	1	4
stabilisce	1	10
fatidico	1	8
inguanta	1	8
rovinarle	1	9
madreperlacea	1	13
trasparenza	1	11
adorazione	1	10
cortigiane	1	10
scuttore	1	8
cime	1	4
artistica	1	9
suscitano	1	9
entusiastica	1	12
degne	1	5
commissionato	1	13
dimenticarla	1	12
incruento	1	9
martirio	1	8
infantile	1	9
ingenuità	1	9
mandai	1	6
ritornasse	1	10
abbandonasse	1	12
sensa	1	5
eclisse	1	7
avvera	1	6
infondere	1	9
creatività	1	10
indimenticabili	1	15
nominava	1	8
lasciava	1	8
tono	1	4
indifferente	1	12
labile	1	6
offuscato	1	9
amava	1	5
sposammo	1	8
promisero	1	9
trascorsero	1	11
sainte	1	6
asisse	1	6
fresco	1	6
coppa	1	5
riflettendo	1	11
stranezza	1	9
idee	1	4
assalgonno	1	10
immergere	1	9
gelate	1	6
gracile	1	7
scultorea	1	9
creazioni	1	9
conservo	1	8
marmo	1	5
naturale	1	8
scoprisse	1	9
ebbi	1	4
modella	1	7
realizzai	1	9
pigmalione	1	10
stancava	1	8
temperamente	1	12
inquieto	1	8
tirannia	1	8
pose	1	4
interrompevano	1	14
frequente	1	9
rosee	1	5
sorrise	1	7
sfoggiare	1	9
scandaloso	1	10
ponga	1	5
freno	1	5
costosi	1	7
casuale	1	7
riannodava	1	10
darei	1	5
ancore	1	6
imponeva	1	8
distrazione	1	11
giocattolo	1	10
milionarie	1	10
esistevano	1	10
raccontami	1	10
cancellato	1	10
accettarlo	1	10
restituisciglielo	1	17
regalarlo	1	9
incontrarono	1	12
rievocando	1	10
estranea	1	8
alimentate	1	10
assidua	1	7
disgraziatamente	1	16
pubblicamente	1	13
pungente	1	8
ironia	1	6
benissimo	1	9
interpreta	1	10
raccontarlo	1	11
preoccupazioni	1	14
gravemente	1	10
duecentomila	1	12
saetta	1	6
risollevarsi	1	12
ava	1	3
intenso	1	7
volle	1	5
lasciarmelo	1	11
pianse	1	6
puramente	1	9
fuggirono	1	9
risa	1	4
tornai	1	6
procurare	1	9
trovavo	1	7
contiguo	1	8
riflessa	1	8
trattenendo	1	11
fiato	1	5
nascondendo	1	11
costami	1	7
modista	1	7
titubante	1	9
serge	1	5
padrini	1	7
fugga	1	5
bruxelles	1	9
iì	1	2
esco	1	4
trasferisce	1	11
fastosa	1	7
estinta	1	7
rechi	1	5
parlarle	1	8
affievolì	1	9
annullava	1	9
capacità	1	8
creative	1	8
restava	1	7
dolorosamente	1	13
vedeva	1	6
perseguitato	1	12
fantasmi	1	8
gioisce	1	7
diverte	1	7
frutto	1	6
loto	1	4
stranieri	1	9
sradicava	1	9
giuramenti	1	10
converrà	1	8
divertirmi	1	10
amorevoli	1	9
scriverle	1	9
farai	1	5
tirerai	1	7
coltello	1	8
pazza	1	5
incolparmi	1	10
inconscienza	1	12
ereditaria	1	10
detestabile	1	11
impedisca	1	9
esalato	1	7
esitazioni	1	10
malvagie	1	8
contengono	1	10
sorta	1	5
lievi	1	5
finanziariamente	1	16
carbonizzati	1	12
restanti	1	8
stiano	1	6
svezzato	1	8
scongiuro	1	9
chauteau	1	8
rianimato	1	9
dovrá	1	5
cosí	1	4
mettendo	1	8
tenerti	1	7
abbracci	1	8
bacci	1	5
amabile	1	7
manterrà	1	8
calyx	1	5
r.	1	2
deceduto	1	8
sparì	1	5
scioccata	1	9
disdegna	1	8
rapimento	1	9
costerá	1	7
sequestriamo	1	12
apparite	1	8
accorrerò	1	9
vegliando	1	9
darli	1	5
titubanze	1	9
consegnarvi	1	11
ricevute	1	8
ottemperare	1	11
devolvete	1	9
infamanti	1	9
puntano	1	7
briciolo	1	8
dissesti	1	8
minori	1	6
moglie.incendio	1	15
magazzini	1	9
arsi	1	4
miravate	1	8
ovvero	1	6
brandelli	1	9
ribolle	1	7
nutrito	1	7
calò	1	4
essa	1	4
distintamente	1	13
allevato	1	8
annunci	1	7
messi	1	5
familiare	1	9
consueto	1	8
corsi	1	5
ama.jean	1	8
fidato	1	6
confidenze	1	10
allieve	1	7
césar	1	5
perdonate	1	9
sfrontatezza	1	12
frenare	1	7
callyx	1	6
frequentato	1	11
illazioni	1	9
partita	1	7
rimasta	1	7
sbalordita	1	10
siffatta	1	8
respinge	1	8
rapirla	1	7
rapiamo	1	7
riconoscenza	1	12
correrò	1	7
dicendomi	1	9
darteli	1	7
cineromanzo	1	11
risulta	1	7
dimostrarle	1	11
facciate	1	8
accettarmi	1	10
volendo	1	7
decaduto	1	8
sommerso	1	8
desideravo	1	10
raderebbe	1	9
sventando	1	9
fraudolenta	1	11
riuniscono	1	10
ripeto	1	6
riconosci	1	9
onesta	1	6
illusa	1	6
finanziari	1	10
illecite	1	8
delinquente	1	11
cerco	1	5
pregarti	1	8
reclamo	1	7
ribuadet	1	8
investigativa	1	13
matrimoni	1	9
moralità	1	8
divorzi	1	7
lasciti	1	7
furti	1	5
abuso	1	5
contraffazioni	1	14
anonime	1	7
ricatti	1	7
successore	1	10
curiosando	1	10
ovattate	1	8
provenivano	1	11
fulminante	1	10
gravato	1	7
chiara	1	6
accetterà	1	9
desiderosa	1	10
avido	1	5
paghi	1	5
frustrerà	1	9
frode	1	5
svariate	1	8
chiedendo	1	9
elemosina	1	9
ribadisco	1	9
sedotto	1	7
prospettive	1	11
distribuì	1	9
finii	1	5
disoneste	1	9
teppista	1	8
reclamare	1	9
istanti	1	7
corrotto	1	8
donare	1	6
subentrato	1	10
laddove	1	7
frugando	1	8
terreni	1	7
sussurri	1	8
ordinario	1	9
catastrofica	1	12
pesato	1	6
national	1	8
risalente	1	9
intitola	1	8
dancer	1	6
museum	1	6
modern	1	6
cellulosa	1	9
celusa	1	6
acetato	1	7
specialisti	1	11
scansionato	1	11
k.	1	2
difetti	1	7
lavorazione	1	11
invecchiamento	1	14
inseriti	1	8
americane	1	9
imag	1	4
sec	1	3
durata	1	6
export	1	6
contenevano	1	11
didascalia	1	10
appariva	1	8
team	1	4
attrezzatura	1	12
alexander	1	9
hertz	1	5
witalis	1	7
korsak	1	6
ologowski	1	9
ensemble	1	8
józef	1	5
oalewski	1	8
tadeusz	1	7
sobocki	1	7
duleba	1	6
pawlowski	1	9
vilney	1	6
witold	1	6
kuncewicz	1	9
mara	1	4
ballerino	1	9
sobiszewski	1	11
polacca	1	7
irresponsabilità	1	16
confine	1	7
polacco	1	7
modeste	1	7
origini	1	7
tumultuosa	1	10
adolescenza	1	11
femminilità	1	11
esacerbata	1	10
fonte	1	5
preoccupazione	1	14
divertimento	1	12
partenze	1	8
rude	1	4
abbattuta	1	9
ribelle	1	7
ciecamente	1	10
risentita	1	9
vissuta	1	7
rendendosi	1	10
ingannata	1	9
restituirò	1	10
haute	1	5
couture	1	7
risentito	1	9
riflette	1	8
accompagnarmi	1	13
esaltata	1	8
dedicata	1	8
ignorano	1	8
bon	1	3
vivant	1	6
muovendo	1	8
ceniamo	1	7
specifichiamo	1	13
presenterò	1	10
mademoiselle	1	12
conoscerla	1	10
irresponsabile	1	14
single	1	6
gemella	1	7
sopporta	1	8
fiduciosi	1	9
confessare	1	10
proseguono	1	10
incontri	1	8
appassionati	1	12
resisterà	1	9
porteresti	1	10
amorevole	1	9
rafforzarne	1	11
seria	1	5
dirti	1	5
restituisca	1	11
dominato	1	8
trattengo	1	9
scatenare	1	9
volubile	1	8
tristemente	1	11
accettando	1	10
rimborsare	1	10
primizia	1	8
egoismo	1	7
nathalie	1	8
restituisco	1	11
regista	1	7
regali	1	6
scatola	1	7
caramelle	1	9
sfortuna	1	8
epidemia	1	8
