word_form	frequency	length
de	3607	2
ik	3111	2
het	2415	3
je	2391	2
een	1913	3
is	1778	2
dat	1759	3
van	1544	3
en	1385	2
niet	1378	4
in	1126	2
zijn	928	4
ze	911	2
te	842	2
hij	817	3
wat	784	3
op	778	2
we	735	2
voor	727	4
maar	681	4
met	675	3
die	665	3
er	610	2
als	542	3
naar	517	4
was	511	3
aan	500	3
me	482	2
om	482	2
mijn	457	4
heb	445	3
hem	416	3
ben	412	3
dit	392	3
haar	364	4
kan	358	3
weet	331	4
heeft	329	5
dan	329	3
zal	327	3
waar	315	4
geen	313	4
moet	312	4
zou	311	3
nog	305	3
zo	304	2
uit	302	3
hier	302	4
hebben	300	6
bij	285	3
wil	279	3
wel	279	3
nu	267	2
over	258	4
mij	253	3
hoe	236	3
goed	221	4
of	221	2
door	215	4
al	212	2
gaan	211	4
jij	208	3
doen	205	4
weg	201	3
ons	201	3
man	199	3
ja	196	2
't	194	2
ook	191	3
bent	186	4
gaat	185	4
hebt	184	4
daar	182	4
iets	181	4
jou	180	3
had	178	3
deze	178	4
uw	178	2
ga	172	2
waarom	172	6
nee	166	3
kom	164	3
m'n	157	3
meer	156	4
twee	149	4
tot	147	3
terug	145	5
wie	142	3
laat	140	4
kunnen	136	6
nooit	135	5
moeten	133	6
leven	131	5
denk	130	4
toch	130	4
eens	130	4
vrouw	123	5
doe	120	3
zeg	119	3
alleen	119	6
worden	118	6
zich	114	4
jullie	113	6
wordt	111	5
huis	110	4
alles	110	5
komt	109	4
vader	109	5
niets	108	5
tijd	108	4
misschien	107	9
laten	104	5
dag	103	3
zien	101	4
weten	100	5
even	97	4
komen	96	5
veel	95	4
nou	95	3
tegen	94	5
werk	94	4
iemand	93	6
jaar	90	4
altijd	89	6
'n	89	2
zit	88	3
weer	88	4
af	86	2
dus	86	3
mag	82	3
onze	81	4
willen	80	6
mee	80	3
zeggen	80	6
wij	79	3
grote	79	5
kijk	78	4
nodig	77	5
omdat	77	5
werd	77	4
dood	76	4
hun	75	3
zij	75	3
meneer	75	6
zullen	74	6
zei	73	3
xiaoping	73	8
baxter	73	6
zeker	72	5
zonder	72	6
toen	72	4
keer	72	4
mensen	71	6
hou	71	3
andere	70	6
wilt	70	4
echt	69	4
anders	69	6
oh	69	2
uur	68	3
reddington	67	10
kind	67	4
zegt	66	4
allemaal	66	8
krijgen	66	7
'm	65	2
toe	65	3
mr.	65	3
gewoon	64	6
zoals	64	5
z'n	64	3
geweest	64	7
waren	64	5
na	64	2
nieuwe	63	6
vriend	63	6
elke	63	4
god	63	3
moeder	62	6
vinden	62	6
onder	61	5
tom	61	3
wist	61	4
gedaan	61	6
geef	60	4
staat	60	5
congreslid	60	10
wilde	59	5
vandaag	59	7
miss	59	4
zitten	58	6
jouw	57	4
net	57	3
wacht	56	5
alle	56	4
doet	56	4
kon	56	3
lang	56	4
blijven	55	7
eerste	55	6
niks	55	4
maken	55	5
li	54	2
moest	54	5
dank	54	4
zie	54	3
natuurlijk	54	10
vragen	53	6
erg	53	3
dr.	53	3
gevonden	52	8
binnen	52	6
niemand	52	7
dokter	52	6
snel	51	4
land	51	4
einde	51	5
zelf	50	4
oude	50	4
drie	49	4
praten	49	6
wereld	49	6
vind	48	4
achter	48	6
thuis	48	5
vertel	48	6
eten	47	4
houden	47	6
kwam	47	4
von	47	3
jack	47	4
gezien	46	6
hele	46	4
deed	46	4
beste	46	5
iedereen	46	8
hoor	45	4
breng	45	5
helikopter	45	10
zouden	44	6
één	44	3
ziet	44	4
verder	44	6
kunt	44	4
beter	44	5
julio	44	5
vast	43	4
hand	43	4
me.	43	3
buiten	43	6
hen	43	3
u.	43	2
zelfs	43	5
harry	43	5
ark	43	3
heinrich	43	8
wachten	42	7
later	42	5
vraag	42	5
genoeg	42	6
enige	42	5
denken	42	6
denkt	42	5
naam	42	4
blijf	41	5
heel	41	4
geleden	41	7
goede	41	5
vertellen	41	9
evan	41	4
oké	40	3
wanneer	40	7
neem	40	4
maak	40	4
dacht	40	5
brengen	39	7
politie	39	7
zag	39	3
bang	39	4
jekyll	39	6
vanavond	38	8
kantoor	38	7
elkaar	38	6
idee	38	4
samen	38	5
heren	38	5
geven	38	5
familie	38	7
neen	38	4
ken	37	3
pavlovich	37	9
mannen	37	6
leuk	37	4
mooi	37	4
hadden	37	6
broers	36	6
helemaal	36	8
zorgen	36	6
alstublieft	36	11
kleine	36	6
bedrijf	36	7
vrienden	36	8
meisje	36	6
blanke	36	6
anna	36	4
caligari	36	8
morgen	35	6
zaak	35	4
zo'n	35	4
sleutel	35	7
ooit	35	4
broeders	35	8
plaats	35	6
wagner	35	6
parijs	35	6
vier	34	4
alsjeblieft	34	11
pas	34	3
keen	34	4
lijkt	34	5
rustig	34	6
klaar	34	5
word	34	4
graaf	34	5
stop	33	4
volgen	33	6
heen	33	4
begrijp	33	7
eruit	33	5
precies	33	7
kinderen	33	8
steeds	33	6
jonge	33	5
gebeurd	32	7
boot	32	4
geld	32	4
kijken	32	6
vijf	32	4
problemen	32	9
maakt	32	5
laatste	32	7
sheldrake	32	9
bel	31	3
ging	31	4
lizzy	31	5
werken	31	6
helpen	31	6
hallo	31	5
ervan	31	5
avond	31	5
trouwen	31	7
eerst	31	5
kubelik	31	7
washington	30	10
stad	30	4
hulp	30	4
leren	30	5
hoofd	30	5
want	30	4
oorlog	30	6
zorg	30	4
heet	30	4
jongen	30	6
den	30	3
sinds	29	5
gek	29	3
gelukkig	29	8
krijg	29	5
vroeg	29	5
ogen	29	4
liefde	29	6
deur	28	4
open	28	4
gebeurt	28	7
dochter	28	7
generaal	28	8
bijna	28	5
spijt	28	5
jaren	28	5
hart	28	4
geweldig	28	8
jongens	28	7
dingen	28	6
eigen	28	5
hé	28	2
kolonel	28	7
cesare	28	6
mingos	28	6
handen	27	6
genomen	27	7
zoek	27	4
water	27	5
papa	27	4
geheim	27	6
beginnen	27	8
nacht	27	5
nemen	27	5
vrouwen	27	7
broeder	27	7
ie	27	2
paar	27	4
gebeuren	27	8
wetsvoorstel	27	12
zoeken	26	6
zes	26	3
plan	26	4
spreken	26	7
kent	26	4
graag	26	5
bedankt	26	7
beetje	26	6
wou	26	3
slaapwandelaar	26	14
houd	25	4
voel	25	4
verloren	25	8
druk	25	4
ziek	25	4
moeilijk	25	8
terwijl	25	7
geeft	25	5
vergeten	25	8
gebruikt	25	8
zult	25	4
zoiets	25	6
film	25	4
vreemd	25	6
meteen	25	6
eigenlijk	25	9
gaf	25	3
dames	25	5
volgende	25	8
's	25	2
gelijk	25	6
karl	25	4
voorzichtig	24	11
tom.	24	4
welke	24	5
veilig	24	6
nieuw	24	5
haal	24	4
geluk	24	5
moment	24	6
mezelf	24	6
liet	24	4
gehad	24	5
sorry	24	5
krijgt	24	6
zee	24	3
houdt	24	5
gekomen	24	7
dagen	24	5
geloof	24	6
eindelijk	24	9
baby	24	4
gravin	24	6
zoon	24	4
indianen	24	8
etienne	24	7
vallen	23	6
schoenen	23	8
oog	23	3
mogelijk	23	8
langs	23	5
vertrekken	23	10
officier	23	8
manier	23	6
verlaten	23	8
tussen	23	6
enkel	23	5
verhaal	23	7
hyde	23	4
fran	23	4
long	23	4
tijdens	22	7
zet	22	3
zat	22	3
opnieuw	22	7
pakken	22	6
lichaam	22	7
nieuws	22	6
werkt	22	5
staan	22	5
neemt	22	5
zeer	22	4
vrede	22	5
horen	22	5
mens	22	4
kuzco	22	5
help	22	4
hull	22	4
jolene	21	6
onderzoek	21	9
gevaar	21	6
daarom	21	6
bank	21	4
hoop	21	4
spoor	21	5
hoeveel	21	7
halen	21	5
per	21	3
valt	21	4
sterven	21	7
bedoel	21	6
verzet	21	6
juist	21	5
dieren	21	6
mevrouw	21	7
gezegd	21	6
kate	21	4
essex	21	5
soms	21	4
mis	20	3
doelwit	20	7
leek	20	4
leugen	20	6
praat	20	5
vaak	20	4
tracy	20	5
brengt	20	6
derde	20	5
hield	20	5
stuur	20	5
the	20	3
men	20	3
kant	20	4
lopen	20	5
pak	20	3
lama	20	4
woont	20	5
slecht	20	6
pap	20	3
anderen	20	7
trots	20	5
voorbij	20	7
wees	20	4
rust	19	4
gebracht	19	8
werkte	19	6
vanwege	19	7
maanden	19	7
directeur	19	9
geval	19	5
groot	19	5
bellen	19	6
vanaf	19	5
ergens	19	6
proberen	19	8
soort	19	5
koning	19	6
redden	19	6
keizer	19	6
zon	19	3
luister	19	7
bouwen	19	6
koningin	19	8
john	19	4
auto	19	4
enkele	19	6
louise	19	6
voelt	18	5
geheime	18	7
route	18	5
lucht	18	5
bezig	18	5
gisteren	18	8
boek	18	4
pijn	18	4
klinkt	18	6
geloven	18	7
kans	18	4
reden	18	5
hetzelfde	18	9
ander	18	5
alsof	18	5
liefste	18	7
reis	18	4
tweede	18	6
langer	18	6
kronk	18	5
minuten	18	7
ziel	18	4
leg	18	3
qua	18	3
kamer	18	5
gehoord	18	7
kamper	18	6
laurier	18	7
euh	18	3
henriette	18	9
wenk	18	4
onderweg	17	8
mond	17	4
veranderd	17	9
bloed	17	5
gebroeders	17	10
grootste	17	8
eerder	17	6
gingen	17	6
hond	17	4
nummer	17	6
antwoorden	17	10
woods	17	5
betreft	17	7
archimedes	17	10
zodra	17	5
belangrijk	17	10
vlug	17	4
elk	17	3
inderdaad	17	9
vond	17	4
blij	17	4
deel	17	4
gemaakt	17	7
werden	17	6
vindt	17	5
ach	17	3
arme	17	4
feest	17	5
zuster	17	6
appartement	17	11
ridder	17	6
allen	17	5
volk	17	4
zaken	17	5
bergen	17	6
landheer	17	8
monsieur	17	8
madame	17	6
ziekenhuis	16	10
vermoord	16	8
dezelfde	16	8
chinese	16	7
maand	16	5
voordat	16	7
tien	16	4
aanwijzing	16	10
vanuit	16	6
vierde	16	6
team	16	4
agent	16	5
echtgenoot	16	10
stoppen	16	7
half	16	4
neer	16	4
maan	16	4
mooie	16	5
eén	16	3
boven	16	5
oom	16	3
juffrouw	16	8
trein	16	5
tante	16	5
onmiddellijk	16	12
lieve	16	5
doden	16	5
allebei	16	7
vorstin	16	7
goedemorgen	16	11
vraagt	16	6
verwacht	16	8
ethne	16	5
sanderson	16	9
march	16	5
chi-chi	16	7
buurt	15	5
parker	15	6
beloof	15	6
politieke	15	9
volgens	15	7
fbi	15	3
whitefog	15	8
gestolen	15	8
m.	15	2
lijst	15	5
mr	15	2
stellen	15	7
woord	15	5
rest	15	4
wraak	15	5
verdient	15	8
zichzelf	15	8
overal	15	6
huwelijk	15	8
mijnheer	15	8
dorp	15	4
zodat	15	5
echte	15	5
steek	15	5
broer	15	5
vertrek	15	7
frankrijk	15	9
luitenant	15	9
sta	15	3
indiaan	15	7
duitse	15	6
hetty	15	5
boord	14	5
seconden	14	8
sleutels	14	8
hoogte	14	6
hierheen	14	8
archief	14	7
helaas	14	6
getrouwd	14	8
kopie	14	5
bereiken	14	8
hè	14	2
zeven	14	5
mijne	14	5
wet	14	3
kracht	14	6
erbij	14	5
eerlijk	14	7
hard	14	4
waarheid	14	8
begin	14	5
vertaling	14	9
sturen	14	6
veranderen	14	10
hoeft	14	5
gegeven	14	7
blijft	14	6
gevoel	14	6
jezelf	14	6
slechts	14	7
gebruiken	14	9
gevangenis	14	10
klein	14	5
week	14	4
meester	14	7
richard	14	7
woorden	14	7
ten	14	3
raad	14	4
liever	14	6
vechten	14	7
geworden	14	8
bed	14	3
dansen	14	6
olsen	14	5
weken	14	5
kaarten	14	7
vrij	14	4
mira	14	4
danton	14	6
justitie	14	8
moord	13	5
erop	13	4
begrepen	13	8
belt	13	4
verraad	13	7
nek	13	3
wilden	13	6
maakte	13	6
namen	13	5
springs	13	7
snor	13	4
gevraagd	13	8
naast	13	5
verbergen	13	9
auto's	13	6
erin	13	4
red	13	3
waard	13	5
stond	13	5
aardig	13	6
ervoor	13	6
orde	13	4
luisteren	13	9
diner	13	5
contact	13	7
bericht	13	7
ding	13	4
ter	13	3
zoveel	13	6
witte	13	5
ene	13	3
betalen	13	7
george	13	6
beneden	13	7
verleden	13	8
ontslag	13	7
rug	13	3
welkom	13	6
eer	13	3
medicijn	13	8
brief	13	5
dollar	13	6
dame	13	4
donderdag	13	9
strijd	13	6
betekent	13	8
heil	13	4
vuur	13	4
hauen	13	5
belangrijke	13	11
vloedgolf	13	9
kári	13	4
david	13	5
asjeblieft	13	10
hitler	13	6
carozza	13	7
verteld	12	7
opdracht	12	8
wapens	12	6
langley	12	7
locatie	12	7
evacuatie	12	9
hoek	12	4
nationaal	12	9
prachtig	12	8
probleem	12	8
voelde	12	6
droeg	12	5
code	12	4
duurt	12	5
minuut	12	6
kun	12	3
plek	12	4
brug	12	4
geprobeerd	12	10
liz	12	3
duim	12	4
haat	12	4
ermee	12	5
regering	12	8
begint	12	6
bracht	12	6
gestuurd	12	8
gegaan	12	6
voelen	12	6
zonde	12	5
ontmoet	12	7
tafel	12	5
spel	12	4
voorstellen	12	11
leger	12	5
vijand	12	6
new	12	3
neef	12	4
kreeg	12	5
vrijheid	12	8
ver	12	3
kwaad	12	5
gezicht	12	7
probeer	12	7
middernacht	12	11
londen	12	6
persoonlijk	12	11
mrs	12	3
drank	12	5
dobisch	12	7
vorige	12	6
vooral	12	6
la	12	2
roep	12	4
indien	12	6
dans	12	4
mahdi	12	5
geweer	12	6
ochtend	12	7
monte	12	5
scène	12	5
moordenaar	12	10
nellie	12	6
boerderij	12	9
bartlett	12	8
mohikanen	12	9
judith	12	6
kano	12	4
hmm	12	3
marguerite	12	10
aristocraten	12	12
wachtwoord	12	10
werkkamp	11	8
ambulance	11	9
schiet	11	6
d.c.	11	4
bureau	11	6
krant	11	5
donald	11	6
geregeld	11	8
vliegtuig	11	9
gevangen	11	8
verliefd	11	8
erger	11	5
aannemen	11	8
jammer	11	6
gebied	11	6
zetten	11	6
halifax	11	7
straat	11	6
wegwezen	11	8
boodschap	11	9
herinnering	11	11
lief	11	4
medelijden	11	10
cisco	11	5
bewijzen	11	8
ziens	11	5
kwijt	11	5
zover	11	5
loop	11	4
ligt	11	4
aarde	11	5
plezier	11	7
mocht	11	5
genezen	11	7
nam	11	3
plannen	11	7
rond	11	4
uiteindelijk	11	12
rechts	11	6
groter	11	6
schuld	11	6
geest	11	5
burger	11	6
hoort	11	5
jurk	11	4
dicht	11	5
lange	11	5
ring	11	4
mogen	11	5
oud	11	3
onschuldig	11	10
baard	11	5
bidden	11	6
gezin	11	5
heer	11	4
willoughby	11	10
noch	11	4
ontmoeten	11	9
vreselijke	11	10
excelsior	11	9
jacht	11	5
ontbrekende	11	11
nath	11	4
stap	10	4
amerika	10	7
controle	10	8
gespecialiseerd	10	15
bacteriële	10	10
vlak	10	4
foto's	10	6
biologische	10	11
radford	10	7
braaf	10	5
verzoek	10	7
vertrokken	10	10
kort	10	4
pagosa	10	6
ieder	10	5
agro-chem	10	9
tel	10	3
waarvoor	10	8
aangedaan	10	9
besteld	10	7
geheimen	10	8
rolph	10	5
gebroken	10	8
pannenkoeken	10	12
pols	10	4
loopt	10	5
elizabeth	10	9
gestopt	10	7
nationale	10	9
gesprek	10	7
gebeurde	10	8
geduld	10	6
daarmee	10	7
herinner	10	8
begrijpen	10	9
ruilen	10	6
vaarwel	10	7
bekend	10	6
links	10	5
wakker	10	6
wezen	10	5
daarna	10	6
vergeef	10	7
claucus	10	7
ontdekt	10	7
hotel	10	5
vol	10	3
bezoek	10	6
draai	10	5
hoogheid	10	8
yzma	10	4
bedoelt	10	7
wens	10	4
straks	10	6
stuk	10	4
rivier	10	6
vertrouwen	10	10
beloofd	10	7
gele	10	4
gebruik	10	7
bouw	10	4
vrijdag	10	7
lift	10	4
tenminste	10	9
uitleggen	10	9
tijdje	10	6
jeff	10	4
lieverd	10	7
patiënt	10	7
stel	10	4
herinnert	10	9
beiden	10	6
vele	10	4
rijk	10	4
castleton	10	9
gij	10	3
lees	10	4
spinelli	10	8
cabello	10	7
liane	10	5
contract	10	8
rita	10	4
excuseer	10	8
noemen	10	6
schoonheid	10	10
vrees	10	5
battling	10	8
ejvind	10	6
nathaniel	10	9
grootvader	10	10
kleig	10	5
china	9	5
gevangene	9	9
briefje	9	7
restaurant	9	10
helpt	9	5
gesproken	9	9
cia	9	3
via	9	3
verboden	9	8
toegang	9	7
ontwerpen	9	9
school	9	6
al.	9	3
gekregen	9	8
koken	9	5
mochten	9	7
haast	9	5
eraan	9	5
overheid	9	8
daarvan	9	7
camera's	9	8
perfect	9	7
vastgehouden	9	12
mening	9	6
gelukt	9	6
straf	9	5
formule	9	7
boten	9	5
eerlijkheid	9	11
slaan	9	5
tegenhouden	9	11
gehouden	9	8
lachen	9	6
delen	9	5
lastig	9	6
kerel	9	5
persoon	9	7
vent	9	4
duren	9	5
weinig	9	6
succes	9	6
positie	9	7
probeert	9	8
hey	9	3
vlucht	9	6
leden	9	5
raket	9	5
lid	9	3
verlaat	9	7
trek	9	4
september	9	9
uren	9	4
nydia	9	5
schande	9	7
villa	9	5
hiij	9	4
pacha	9	5
prima	9	5
best	9	4
eet	9	3
heuvel	9	6
verkeerde	9	9
bezorgd	9	7
gif	9	3
lekker	9	6
schat	9	5
toekomst	9	8
slim	9	4
lag	9	3
slapen	9	6
west	9	4
afspraak	9	8
geboren	9	7
muziek	9	6
begrijpt	9	8
meisjes	9	7
geschreven	9	10
jong	9	4
arts	9	4
vertrekt	9	8
club	9	4
malvolio	9	8
margaretha	9	10
trench	9	6
lafaard	9	7
betekenen	9	9
licht	9	5
vorst	9	5
jacques	9	7
bewaard	9	7
klopt	9	5
bijbel	9	6
blind	9	5
storm	9	5
mm	9	2
halla	9	5
dief	9	4
millicent	9	9
saulsbourg	9	10
balling	9	7
gedachte	8	8
getuigen	8	8
liep	8	4
gemist	8	6
genaamd	8	7
oorlogsvoering	8	14
chinezen	8	8
emotioneel	8	10
neus	8	4
geloofde	8	8
zweer	8	5
onderzoeken	8	11
symir	8	5
klant	8	5
tabak	8	5
reken	8	5
genoegdoening	8	13
rij	8	3
soep	8	4
erom	8	4
achtergelaten	8	13
geniet	8	6
bruine	8	6
stof	8	4
pardon	8	6
vervoeren	8	9
handboeien	8	10
opschieten	8	10
vermist	8	7
overtuigd	8	9
grond	8	5
bereid	8	6
dreiging	8	8
afgelopen	8	9
recht	8	5
haalt	8	5
val	8	3
geschenk	8	8
cel	8	3
deden	8	5
zoekt	8	5
eindigen	8	8
ergste	8	6
vriendelijk	8	11
direct	8	6
kennen	8	6
basis	8	5
punt	8	4
papieren	8	8
ontvangen	8	9
sluit	8	5
midden	8	6
terecht	8	7
paleis	8	6
plicht	8	6
verlangen	8	9
slaat	8	5
jone	8	4
arbaces	8	7
gered	8	5
buurman	8	7
vriendschap	8	11
lodewijk	8	8
ii	8	2
scheiden	8	8
uwe	8	3
vonden	8	6
zomaar	8	6
ije	8	3
ontslagen	8	9
armen	8	5
pad	8	3
duidelijk	8	9
gebleven	8	8
tenzij	8	6
hangen	8	6
jouwe	8	5
besluit	8	7
dragen	8	6
nietwaar	8	8
ontsnappen	8	10
vergeven	8	8
geheel	8	6
robert	8	6
nottingham	8	10
toestemming	8	11
kirkeby	8	7
speelt	8	6
vriendin	8	8
kwamen	8	6
rijden	8	6
kerst	8	5
indruk	8	6
telefoon	8	8
antwoord	8	8
paard	8	5
waarschuwen	8	11
slaappillen	8	11
stil	8	4
vergeet	8	7
gedacht	8	7
duivel	8	6
macht	8	5
vincent	8	7
britse	8	6
soldaat	8	7
carré	8	5
regiment	8	8
verliezen	8	9
keek	8	4
vreemde	8	7
onmogelijk	8	10
hemel	8	5
francs	8	6
gebeden	8	7
marty	8	5
hierna	8	6
donkere	8	7
professor	8	9
middag	8	6
bossen	8	6
verdomde	8	8
wynn	8	4
terje	8	5
duitsland	8	9
lucy	8	4
verschillende	8	13
terugval	8	8
kabinet	8	7
jaarmarkt	8	9
martha	8	6
sir	8	3
franse	8	6
aandacht	8	8
hartrott	8	8
robespierre	8	11
markies	8	7
aristocraat	8	11
naartoe	7	7
vermiste	7	8
ongetwijfeld	7	12
paniek	7	6
gaande	7	6
wetenschapper	7	13
voorzorg	7	8
negatief	7	8
ervandoor	7	9
gebeld	7	6
eetkamer	7	8
kelder	7	6
gezocht	7	7
kookt	7	5
roeren	7	6
rekening	7	8
lijn	7	4
enig	7	4
heli	7	4
boodschapper	7	12
wolf	7	4
vestje	7	6
betaalt	7	7
waarvan	7	7
hoelang	7	7
momenteel	7	9
kook	7	4
vasthouden	7	10
toevallig	7	9
kapot	7	5
hartje	7	6
schoen	7	6
haven	7	5
schip	7	5
obsessie	7	8
neerzetten	7	10
project	7	7
noemt	7	5
directe	7	7
speel	7	5
leggen	7	6
grappig	7	7
knap	7	4
bestaan	7	7
bezorgen	7	8
wonen	7	5
schelen	7	7
gebruikte	7	9
eentje	7	6
laatst	7	6
fijn	7	4
gebouw	7	6
astronomen	7	10
legt	7	4
behalve	7	7
iedere	7	6
liggen	7	6
ondanks	7	7
touw	7	4
drinken	7	7
york	7	4
ontsnapt	7	8
priester	7	8
sterke	7	6
baan	7	4
waarde	7	6
slechte	7	7
münchen	7	7
kopen	7	5
bevel	7	5
gewone	7	6
stoel	7	5
makkelijk	7	9
honger	7	6
opruimen	7	8
redenen	7	7
geweten	7	7
terugkomt	7	9
bad	7	3
prijs	7	5
viel	7	4
kop	7	3
welk	7	4
lanyon	7	6
zorgt	7	5
boze	7	4
lot	7	3
tijden	7	6
meter	7	5
goedenavond	7	11
zomer	7	5
bar	7	3
buddy-boy	7	9
jas	7	3
gefeliciteerd	7	13
foto	7	4
koffie	7	6
leeft	7	5
slaapt	7	6
verdwenen	7	9
domme	7	5
gekozen	7	7
nederlandse	7	11
veer	7	4
ouwe	7	4
brits	7	5
godsnaam	7	8
angst	7	5
begonnen	7	8
job	7	3
eugene	7	6
ann	7	3
teveel	7	6
noah	7	4
wolven	7	6
los	7	3
jagen	7	5
halfbloed	7	9
restauratie	7	11
sheriff	7	7
huwen	7	5
teresa	7	6
beroep	7	6
uitgevoerd	7	10
rijke	7	5
mysterieuze	7	11
europa	7	6
seth	7	4
belden	7	6
bumppo	7	6
krijger	7	7
chingachgook	7	12
hutter	7	6
valkenoog	7	9
huh	7	3
marcelo	7	7
speciale	7	8
armand	7	6
gestapo	7	7
degelijke	7	9
vaudrey	7	7
guillotine	7	10
hartstilstand	6	13
vooruit	6	7
adrenaline	6	10
bedek	6	5
hezbollah	6	9
verdachte	6	9
dayton	6	6
verhuisd	6	8
computer	6	8
lagen	6	5
opgegeven	6	9
organisatie	6	11
agenda	6	6
weggehaald	6	10
virale	6	6
ressler	6	7
vervoer	6	7
crofton	6	7
dienst	6	6
schreef	6	7
th	6	2
constitution	6	12
gemeld	6	6
adams	6	5
morgan	6	6
pan	6	3
vermoeiend	6	10
billy	6	5
salter	6	6
des	6	3
zweren	6	6
oogpunt	6	7
zakelijk	6	8
vies	6	4
dna	6	3
compressor	6	10
analyseer	6	9
druppel	6	7
afgezet	6	7
cindy	6	5
rijbewijs	6	9
p.	6	2
afgeleverd	6	10
schrijf	6	7
bibliotheek	6	11
waterpomp	6	9
garage	6	6
waterpompen	6	11
pakje	6	5
chemisch	6	8
maïsboeren	6	10
elf	6	3
schuur	6	6
preston	6	7
doos	6	4
falls	6	5
goedemiddag	6	11
raymond	6	7
serienummer	6	11
kippenbouillon	6	14
citroensap	6	10
miljoenen	6	9
smeekte	6	7
afspraakje	6	10
afkeken	6	7
naakte	6	6
wiskundige	6	10
vloeistof	6	9
verplaatsing	6	12
verplaatsen	6	11
kustwacht	6	9
dorst	6	5
onderhandelingen	6	16
vrachtschip	6	11
smokkelwaar	6	11
smokkeloperatie	6	15
gesmokkeld	6	10
lamp	6	4
kluisnummer	6	11
attent	6	6
leiden	6	6
ontmoette	6	9
weggaan	6	7
invloed	6	7
vermoorden	6	10
gevaarlijk	6	10
ntsb	6	4
vanmorgen	6	9
archieven	6	9
vandaan	6	7
doorheen	6	8
opnemen	6	7
motor	6	5
sneller	6	7
ideaal	6	6
handel	6	6
verzeker	6	8
rijdt	6	5
vertelde	6	8
stuurde	6	7
verspild	6	8
relatie	6	7
brak	6	4
breek	6	5
gaten	6	5
kip	6	3
aangekomen	6	10
groep	6	5
minder	6	6
helicopter	6	10
toestel	6	7
mist	6	4
aankomen	6	8
opdagen	6	7
versie	6	6
commissie	6	9
ongeluk	6	7
kanon	6	5
plots	6	5
vlag	6	4
ster	6	4
ontdekken	6	9
enorme	6	6
coupeau	6	7
zoo	6	3
ongelukkige	6	11
regie	6	5
vriendelijke	6	12
tracht	6	6
redt	6	4
omstandigheden	6	14
november	6	8
opera	6	5
dresden	6	7
zwager	6	6
gearresteerd	6	12
eenzaam	6	7
hel	6	3
burgers	6	7
snap	6	4
opgelost	6	8
durft	6	5
opzij	6	5
sla	6	3
gewaad	6	6
vroeger	6	7
tand	6	4
moe	6	3
bouwt	6	5
boom	6	4
hout	6	4
droom	6	5
dom	6	3
zwaar	6	5
wind	6	4
meestal	6	7
kiezen	6	6
kwade	6	5
zy	6	2
daarvoor	6	8
kasalewsky	6	10
eenige	6	6
acte	6	4
vertelt	6	7
afscheid	6	8
stuurt	6	6
top	6	3
c.c.	6	4
negen	6	5
woon	6	4
acht	6	4
dreyfuss	6	8
promotie	6	8
raak	6	4
universiteit	6	12
joan	6	4
spreek	6	6
deuren	6	6
verkouden	6	9
hoezo	6	5
secretaresse	6	12
e.	6	2
wiens	6	5
adres	6	5
weekend	6	7
tenslotte	6	9
vrolijk	6	7
leeg	6	4
melden	6	6
ongerust	6	8
lunch	6	5
medicijnen	6	10
beslist	6	7
tussentitels	6	12
zolang	6	6
kerk	6	4
soedan	6	6
vertrouw	6	8
onthoud	6	7
britten	6	7
sterk	6	5
abou	6	4
beschermen	6	10
aanleggen	6	9
sluiten	6	7
volledig	6	8
dwaas	6	5
gevangenen	6	10
orders	6	6
molen	6	5
konden	6	6
dezen	6	5
waarschijnlijk	6	14
originele	6	9
gevallen	6	8
koud	6	4
geweld	6	6
excuseert	6	9
gelegenheid	6	11
teruggekomen	6	12
betrokken	6	9
dromen	6	6
dick	6	4
titels	6	6
centrum	6	7
verleiding	6	10
komaan	6	6
liefdadigheid	6	13
bologna	6	7
oosten	6	6
bestaat	6	7
limehouse	6	9
veldwachter	6	11
akte	6	4
lijden	6	6
berlijn	6	7
oudste	6	6
alan	6	4
holstenwall	6	11
franzis	6	7
hierrrrheen	6	11
moorden	6	7
moore	6	5
anna's	6	6
dochters	6	8
beroofd	6	7
oever	6	5
duitser	6	7
renoir	6	6
neutraal	6	8
stierf	6	6
compiègne	6	9
tirannie	6	8
zieke-kleine-rijke-meisje	6	25
patiã	6	5
mark	6	4
changzhou	5	9
cc	5	2
handelen	5	8
moordonderzoek	5	14
eng	5	3
rennen	5	6
gedragen	5	8
uitkomen	5	8
samenwerkten	5	12
paranoïde	5	9
ontvoeringen	5	12
undercoverteam	5	14
yunnan	5	6
andrews	5	7
echo	5	4
tango	5	5
brandend	5	8
neergestorte	5	12
liefst	5	6
ernaar	5	6
suiker	5	6
boeken	5	6
gezeten	5	7
mooier	5	6
brave	5	5
bantam	5	6
doorverbinden	5	13
buitengewoon	5	12
verlangde	5	9
bewijsmateriaal	5	15
vernietigen	5	11
vingerafdrukken	5	15
geschilderd	5	11
analyse	5	7
hall	5	4
beha	5	4
geoffrey	5	8
seevers	5	7
lever	5	5
openbare	5	8
creek	5	5
hielp	5	5
repareert	5	9
herinneringen	5	13
gaschromatografie	5	17
smeermiddelen	5	13
ethefon	5	7
tabakproductie	5	14
boeren	5	6
overgestapt	5	11
gok	5	3
sabusawa	5	8
ecuador	5	7
uitstekend	5	10
church	5	6
periodiek	5	9
systeem	5	7
vg	5	2
avgolemono	5	10
bak	5	3
goedmaken	5	9
halstead	5	8
gehuurd	5	7
opstond	5	7
eureka	5	6
opwaartse	5	9
oostkust	5	8
kammen	5	6
voordeel	5	8
chesapeake	5	10
dekking	5	7
zul	5	3
voorbeeld	5	9
breken	5	6
taak	5	4
ellende	5	7
verdien	5	7
programma	5	9
gedraagt	5	8
gedrag	5	6
voet	5	4
grijpen	5	7
weghalen	5	8
landen	5	6
gereed	5	6
buit	5	4
zeiden	5	6
slopen	5	6
veiligheid	5	10
incident	5	8
borst	5	5
verbrand	5	8
bewijs	5	6
huur	5	4
haalde	5	6
leuke	5	5
groeien	5	7
verbouwen	5	9
bedrijven	5	9
geplaatst	5	9
bekijken	5	8
verloor	5	7
meegenomen	5	10
inpakken	5	8
kopieën	5	7
kist	5	4
poging	5	6
onderhandelen	5	13
plaatsen	5	8
verdiend	5	8
president	5	9
ruzie	5	5
vat	5	3
enorm	5	5
sterren	5	7
schieten	5	8
omringd	5	7
publiek	5	7
zweert	5	6
street	5	6
kaart	5	5
ouders	5	6
circus	5	6
tent	5	4
bijzondere	5	10
griekin	5	7
gelooft	5	7
wanhopig	5	8
-jarige	5	7
koninklijke	5	11
dirigent	5	8
minna	5	5
tocht	5	5
leeftijd	5	8
moed	5	4
situatie	5	8
ramp	5	4
grens	5	5
arresteren	5	10
jaloezie	5	8
leefde	5	6
trok	5	4
spreekt	5	7
oproep	5	6
lord	5	4
steun	5	5
besloten	5	8
hierbij	5	7
spion	5	5
comité	5	6
troost	5	6
totdat	5	6
gooien	5	6
leider	5	6
draait	5	6
raam	5	4
boer	5	4
afdeling	5	8
zingen	5	6
teken	5	5
dodelijke	5	9
flesje	5	6
westen	5	6
-ik	5	3
pa	5	2
herinneren	5	10
bos	5	3
verandert	5	9
zin	5	3
arm	5	3
doorgaan	5	8
begon	5	5
verliet	5	7
gezellig	5	8
stomme	5	6
t.	5	2
drink	5	5
nergens	5	7
henry	5	5
schuilplaats	5	12
nachts	5	6
bezittingen	5	11
nelly	5	5
lieveling	5	9
voorspelling	5	12
ierland	5	7
schrijven	5	9
genade	5	6
taxi	5	4
absoluut	5	8
stelen	5	6
last	5	4
greta	5	5
barrymore	5	9
moderne	5	7
herkende	5	8
mat	5	3
buren	5	5
meid	5	4
negentiende	5	11
manieren	5	8
dat.	5	4
schrijft	5	8
ronde	5	5
verstandig	5	10
aandoen	5	7
afhankelijk	5	11
city	5	4
baas	5	4
advocaat	5	8
risico	5	6
lijken	5	6
excuseren	5	9
revolutie	5	9
winnen	5	6
huilen	5	6
winkelen	5	8
ijs	5	3
ramen	5	5
thee	5	4
champagne	5	9
manager	5	7
hoog	5	4
eind	5	4
meegemaakt	5	10
museum	5	6
verschuldigd	5	12
feit	5	4
oplossing	5	9
mary	5	4
bezit	5	5
kennis	5	6
namiddag	5	8
weduwe	5	6
beide	5	5
verlof	5	6
vervult	5	7
vrijlating	5	10
stand	5	5
vaderland	5	9
der	5	3
vicar	5	5
luistert	5	8
fort	5	4
soldaten	5	8
trekken	5	7
voeren	5	6
slachtoffers	5	12
officieren	5	10
bedanken	5	8
onrecht	5	7
verzegelde	5	10
bevelen	5	7
emil	5	4
zonsopgang	5	10
onschuld	5	8
wilson	5	6
genoegen	5	8
cannes	5	6
trektocht	5	9
gezorgd	5	7
prestige	5	8
jongeman	5	8
doordat	5	7
ontwikkeling	5	12
dier	5	4
sloeg	5	5
zwak	5	4
overstroming	5	12
herstellen	5	10
kamers	5	6
strong	5	6
wilken	5	6
straten	5	7
schaduw	5	7
lindens	5	7
begaan	5	6
onbekende	5	9
blanken	5	7
brace	5	5
gedreven	5	8
kleuren	5	7
meest	5	5
winter	5	6
geruiten	5	8
regenmantel	5	11
lach	5	4
ganse	5	5
gevecht	5	7
mes	5	3
zuiden	5	6
overleden	5	9
gekend	5	6
armoede	5	7
samengesteld	5	12
beloning	5	8
nicht	5	5
lennox	5	6
heilige	5	7
poole	5	5
roodhuiden	5	10
opwinding	5	9
trommels	5	8
torn	5	4
verrast	5	7
opperhoofd	5	10
schaakstuk	5	10
gans	5	4
carew	5	5
laboratorium	5	12
aah	5	3
gustav	5	6
franz	5	5
ah	5	2
beest	5	5
excuses	5	7
begeleider	5	10
hoofdkwartier	5	13
desnoyers	5	9
fleur	5	5
nt	5	2
spoerri	5	7
zwitserland	5	11
petit	5	5
casino	5	6
epinefrine	4	10
dagelijkse	4	10
thaise	4	6
vertrouwde	4	10
vermoordde	4	10
raakte	4	6
mogelijkheid	4	12
pakten	4	6
afpersers	4	9
etnische	4	8
zuivering	4	9
contactpersoon	4	14
ziekten	4	7
doelwitten	4	10
teams	4	5
wisten	4	6
transport	4	9
overleggen	4	10
homeland	4	8
vervolgens	4	10
daaraan	4	7
tweetjes	4	8
sprekend	4	8
verzonnen	4	9
warmtewisselaar	4	15
brandstof	4	9
beschikbaar	4	11
opgepikt	4	8
passagier	4	9
afgeleiden	4	10
pass	4	4
knuffelbeer	4	11
terugbrengen	4	12
geïnteresseerd	4	14
groeihormoon	4	12
brandstofbereik	4	15
betonnen	4	8
weleens	4	7
natrekken	4	9
cbr	4	3
veroordeling	4	12
emotie	4	6
pakte	4	5
riep	4	4
aram	4	4
hoever	4	6
verbaast	4	8
aangegaan	4	9
wederzijds	4	10
liepen	4	6
hand.	4	5
vracht	4	6
gebakken	4	8
erachter	4	8
kloppen	4	7
activa	4	6
gewond	4	6
achterna	4	8
belde	4	5
vecht	4	5
daarin	4	6
quality	4	7
quantity	4	8
qoq	4	3
releases	4	8
mystique	4	8
faraleth	4	8
mrzazou	4	7
gevangengenomen	4	15
coördineer	4	10
aankomst	4	8
aanwinst	4	8
protocol	4	8
wegen	4	5
gezichten	4	9
natie	4	5
vooraleer	4	9
instinct	4	8
trouwde	4	7
verzinsel	4	9
verbeelding	4	11
toestaan	4	8
zand	4	4
zake	4	4
college	4	7
landhuis	4	8
bezorgingen	4	11
opschrijft	4	10
ophalen	4	7
pakketje	4	8
vest	4	4
positief	4	8
suikermaïs	4	10
producent	4	9
voldoening	4	10
sterft	4	6
verdriet	4	8
taal	4	4
probeerde	4	9
vrachtbrieven	4	13
goeierikken	4	11
he	4	2
gedraag	4	7
excuus	4	6
tanden	4	6
kamp	4	4
vrijwillig	4	10
informatie	4	10
kar	4	3
geweldige	4	9
vinger	4	6
verandering	4	11
publieke	4	8
geliefde	4	8
rechtstreeks	4	12
doorbrengen	4	11
opstaan	4	7
kust	4	4
bezoeken	4	8
rook	4	4
geleid	4	6
gevolg	4	6
signaal	4	7
dichterbij	4	10
astronauten	4	11
langzaam	4	8
nogal	4	5
indringers	4	10
halve	4	5
kringen	4	7
sneeuwstorm	4	11
plotseling	4	10
oogenblik	4	9
glazen	4	6
klok	4	4
wijn	4	4
zondag	4	6
veld	4	4
voorstelling	4	12
gedwongen	4	9
betaald	4	7
grand	4	5
wreken	4	6
verstand	4	8
weigert	4	7
verjaardag	4	10
studeerde	4	9
verloofde	4	9
vluchten	4	8
rienzi	4	6
bezocht	4	7
dreef	4	5
nood	4	4
dankzij	4	7
lengte	4	6
periode	4	7
und	4	3
repetitie	4	9
bedrag	4	6
uitbetaald	4	10
zijne	4	5
hans	4	4
scherp	4	6
vogel	4	5
kies	4	4
lelijk	4	6
-ja	4	3
namelijk	4	8
trap	4	4
trouw	4	5
bereikt	4	7
heuvels	4	7
kuzcotopia	4	10
gebouwd	4	7
opgevoed	4	8
briljant	4	8
hendel	4	6
omhoog	4	6
avondeten	4	9
glas	4	4
boos	4	4
aardige	4	7
lukt	4	4
drankjes	4	8
warme	4	5
blauw	4	5
dronken	4	7
gewerkt	4	7
bloem	4	5
zingt	4	5
sukkel	4	6
mam	4	3
gelopen	4	7
-we	4	3
welterusten	4	11
teruggaan	4	9
hoi	4	3
kus	4	3
ongelukkig	4	10
gooit	4	5
bedank	4	6
gelogen	4	7
bedenk	4	6
simpel	4	6
kaas	4	4
stelt	4	5
spullen	4	7
zagen	4	5
momentje	4	8
zocht	4	5
vliegen	4	7
aanvallen	4	9
stem	4	4
gegooid	4	7
hoorde	4	6
inzien	4	6
testament	4	9
wetenschap	4	10
volgenden	4	9
hospitaal	4	9
beroemde	4	8
jean	4	4
gekwetst	4	8
opgenomen	4	9
toestand	4	8
thans	4	5
arriveert	4	9
vrolijke	4	8
streek	4	6
gods	4	4
trouwe	4	6
verraden	4	8
bezoekt	4	7
consolidated	4	12
life	4	4
verdieping	4	10
lieberman	4	9
kwart	4	5
gedoe	4	5
regent	4	6
eichelberger	4	12
sandwich	4	8
gedronken	4	9
sponsor	4	7
buddy	4	5
slaap	4	5
regel	4	5
cent	4	4
nerveus	4	7
vannacht	4	8
vanderhof	4	9
woensdag	4	8
vorig	4	5
bob	4	3
lading	4	6
hoed	4	4
heus	4	4
vestigingsmanager	4	17
binnenkort	4	10
staflid	4	7
verkoudheid	4	11
serieus	4	7
zus	4	3
kijkt	4	5
aanpakken	4	9
geholpen	4	8
bevalt	4	6
genieten	4	8
kerstfeest	4	10
draag	4	5
noemde	4	6
jongste	4	7
durf	4	4
verkeerd	4	8
geparkeerd	4	10
mickey	4	6
eenvoudig	4	9
kende	4	5
stom	4	4
maandag	4	7
keuken	4	6
bedoelde	4	8
tas	4	3
schatje	4	7
maag	4	4
komende	4	7
stamp	4	5
levend	4	6
hoef	4	4
verdere	4	7
telt	4	4
noem	4	4
binnenkomen	4	11
gehoopt	4	7
minst	4	5
kwartje	4	7
leest	4	5
knie	4	4
fout	4	4
cake	4	4
rol	4	3
gekocht	4	7
miljoen	4	7
versuft	4	7
job@whatkeepsmebusy.today	4	25
hoofdrollen	4	11
eene	4	4
ondergang	4	9
geachte	4	7
dachten	4	7
seidel	4	6
student	4	7
tegemoet	4	8
succesvolle	4	11
eeuw	4	4
sedert	4	6
schijnt	4	7
zekerheid	4	9
onrust	4	6
reconstructie	4	13
feversham	4	9
let	4	3
aangevallen	4	11
woestijn	4	8
geldt	4	5
normaal	4	7
reactie	4	7
korti	4	5
ingenomen	4	9
staakt	4	6
vuren	4	5
stammen	4	7
engelsman	4	9
velen	4	5
brieven	4	7
aard	4	4
lacht	4	5
gepakt	4	6
bezet	4	5
kalm	4	4
compagnie	4	9
bevrijd	4	7
waarschuwing	4	12
moesten	4	7
geleerd	4	7
afstand	4	7
honderd	4	7
put	4	3
beslissen	4	9
oordeel	4	7
betere	4	6
divisie	4	7
dochtertje	4	10
congres	4	7
avontuur	4	8
ryan	4	4
start	4	5
zegen	4	5
succesvol	4	9
eeuwen	4	6
gopherwood	4	10
eed	4	3
eeuwigheid	4	10
bescheiden	4	10
vogels	4	6
argument	4	8
kavels	4	6
kiest	4	5
belang	4	6
echter	4	6
verwijderd	4	10
regen	4	5
olifanten	4	9
stemmen	4	7
wijs	4	4
warm	4	4
morgenochtend	4	13
buster	4	6
ranton	4	6
sneeuw	4	6
sporen	4	6
melk	4	4
onzin	4	5
bedienden	4	9
nachten	4	7
verschrikkelijk	4	15
rusten	4	6
hut	4	3
superieure	4	10
lo	4	2
spelen	4	6
dunn	4	4
charme	4	6
intussen	4	8
blonde	4	6
zekere	4	6
beeld	4	5
belachelijk	4	11
woonde	4	6
lieten	4	6
sommigen	4	8
graf	4	4
emma	4	4
natuur	4	6
persoonlijke	4	12
buddha	4	6
woedend	4	7
omgeving	4	8
verborgen	4	9
digitale	4	8
björn	4	5
arnes	4	5
wildebras	4	9
waneer	4	6
gouden	4	6
gasmeter	4	8
camera-negatief	4	15
geesten	4	7
schouwspel	4	10
tonen	4	5
drieëntwintig	4	13
ontwaken	4	8
beantwoorden	4	12
gepubliceerd	4	12
waanzinnig	4	10
patienten	4	9
boston	4	6
specialiteiten	4	14
volgt	4	5
gebonden	4	8
verschil	4	8
meegebracht	4	11
wah-tah-wah	4	11
wonder	4	6
verdrag	4	7
rode	4	4
gevaarlijke	4	11
miguel	4	6
geneeskunde	4	11
gisterenavond	4	13
maar--	4	6
argentijn	4	9
ginder	4	6
argentijns	4	10
ik--	4	4
verontschuldigen	4	16
at	4	2
manuel	4	6
verliest	4	8
moeilijkheden	4	13
beloofde	4	8
picard	4	6
jacques-vergeet-niet	4	20
pierre	4	6
frochard	4	8
onderdak	4	8
harold	4	6
magnolia	4	8
meadows	4	7
dr	4	2
mabuse	4	6
aankondiging	4	12
aktentas	4	8
koerier	4	7
jiangsu	3	7
inzoomen	3	8
afspelen	3	8
kost	3	4
doodslag	3	8
opgejaagd	3	9
ongedurig	3	9
hoedanigheid	3	12
kwijtraakte	3	11
impulsief	3	9
reageerde	3	9
schrap	3	6
schept	3	6
observeren	3	10
gepokt	3	6
gemazeld	3	8
commando	3	8
joegoslavië	3	11
roofovervallen	3	14
afpersing	3	9
reddingtons	3	11
witwaspraktijken	3	16
immunologe	3	10
verhoord	3	8
overleg	3	7
gewijzigd	3	9
b.	3	2
gesignaleerd	3	12
verspreiden	3	11
toespeelt	3	9
informatiecoup	3	14
stilhouden	3	10
aanwijzingen	3	12
telefooncel	3	11
strot	3	5
dichtknijpen	3	12
rolletjes	3	9
snoep	3	5
duivels	3	7
schoolreisje	3	12
finance	3	7
onmiddellijke	3	13
instinctief	3	11
gevreeën	3	8
erdoorheen	3	10
zorgde	3	6
heelt	3	5
wonden	3	6
dooddoener	3	10
technische	3	10
recherche	3	9
zandkorrel	3	10
lerares	3	7
manor	3	5
deinde	3	6
creditcards	3	11
opgehaald	3	9
kapotte	3	7
rotberg	3	7
afleveren	3	9
dembe	3	5
laboratoriumverslagen	3	21
opvallende	3	10
bestanddelen	3	12
aangetroffen	3	12
gedaald	3	7
telen	3	5
plantages	3	9
bestanddeel	3	11
pesticidefabrikant	3	18
tabak-	3	6
overige	3	7
halverwege	3	10
leveringen	3	10
tip	3	3
geleverd	3	8
voorste	3	7
atoom	3	5
eidooiers	3	9
combinatie	3	10
beetgenomen	3	11
geattendeerd	3	12
cadeautje	3	9
kledingkast	3	11
halfgekleed	3	11
lukken	3	6
lukte	3	5
manifesten	3	10
samenwerkingsverband	3	20
passagierslijsten	3	17
scheepsroutes	3	13
vader-dochterrelatie	3	20
boeien	3	6
leuning	3	7
gevolgd	3	7
opgestart	3	9
dreigde	3	7
zoom	3	4
overkomen	3	9
bevolen	3	7
irrationeel	3	11
aantocht	3	8
missie	3	6
beveiliging	3	11
joegoslavische	3	14
losgeld	3	7
witwasser	3	9
bron	3	4
provincie	3	9
uitbreken	3	9
wapenprogramma	3	14
gecompromitteerd	3	16
neergestort	3	11
km	3	2
kenden	3	6
sluipen	3	7
malik	3	5
internationaal	3	14
ontvoerd	3	8
telefoontjes	3	12
gepleegd	3	8
thais	3	5
financiën	3	9
sierra	3	6
aanging	3	7
buitengewone	3	12
smerig	3	6
waden	3	5
opgewonden	3	10
vervalst	3	8
diepere	3	7
uitvoeren	3	9
vocht	3	5
benzine	3	7
korrel	3	6
laurel	3	6
md	3	2
stappen	3	7
kopiëren	3	8
berg	3	4
passage	3	7
lokale	3	6
jasje	3	5
resultaten	3	10
middel	3	6
vergelijken	3	11
pesticide	3	9
leverde	3	7
ruimte	3	6
wedden	3	6
volgde	3	6
voorop	3	6
atoomnummer	3	11
letters	3	7
eierdooiers	3	11
bespeeld	3	8
daaruit	3	7
bestelden	3	9
huurden	3	7
eindigden	3	9
kast	3	4
aangekleed	3	10
getekend	3	8
schreeuwde	3	10
opschrijven	3	11
principe	3	8
havens	3	6
teruggestuurd	3	13
vaarroutes	3	10
ofzo	3	4
duimen	3	6
gestart	3	7
aandeed	3	7
dreigt	3	6
uitvinden	3	9
vervoerd	3	8
oke	3	3
raken	3	5
twijfel	3	7
pavlovichin	3	11
by	3	2
fouten	3	6
bedreiging	3	10
brand	3	5
ontwerp	3	7
opzoek	3	6
opgesloten	3	10
koos	3	4
belangrijkste	3	13
afgifte	3	7
pakket	3	6
teruggeven	3	10
a.u.b.	3	6
productie	3	9
zoete	3	5
zicht	3	5
gokken	3	6
super	3	5
moeite	3	6
bevat	3	5
doorgebracht	3	12
grotere	3	7
geraakt	3	7
bedoeling	3	9
vergezellen	3	11
arbeider	3	8
getroffen	3	9
gesloten	3	8
kou	3	3
paraplu	3	7
paddestoel	3	10
selenieten	3	10
prachtige	3	9
achtervolgt	3	11
verstoppen	3	10
ondertitels	3	11
lantier	3	7
gervaise	3	8
vervoegen	3	9
slot	3	4
morgenmiddag	3	12
toekomstige	3	11
afloop	3	6
scenario	3	8
roept	3	5
mijzelf	3	7
groeten	3	7
herberg	3	7
wijst	3	5
degene	3	6
verdienen	3	9
hare	3	4
bloemen	3	7
weldoener	3	9
ontvoeren	3	9
doch	3	4
veroordeelt	3	11
ludwig	3	6
sprak	3	5
leipzig	3	7
slag	3	4
woning	3	6
vliegende	3	9
meyerbeer	3	9
opvoering	3	9
wanhoop	3	7
februari	3	8
oktober	3	7
wagners	3	7
koninklijk	3	10
klachten	3	8
meent	3	5
bieden	3	6
ideeën	3	6
russische	3	9
ertoe	3	5
toeschouwer	3	11
martin	3	6
zwitserse	3	9
wegens	3	6
verbanning	3	10
tristan	3	7
ontving	3	7
verzoekt	3	8
middelen	3	8
ministers	3	9
juni	3	4
eeuwig	3	6
eenzaamheid	3	11
gescheiden	3	10
vijfde	3	6
bayreuth	3	8
belangstelling	3	14
kroon	3	5
theater	3	7
jungle	3	6
kiijk	3	5
ziijn	3	5
adel	3	4
koningen	3	8
tirannen	3	8
cool	3	4
mysterie	3	8
-hoe	3	4
jakkie	3	6
karakter	3	8
type	3	4
handjes	3	7
meeste	3	6
zwembad	3	7
koop	3	4
lets	3	4
heersen	3	7
lab	3	3
verander	3	8
toetje	3	6
drankje	3	7
twintig	3	7
leve	3	4
raar	3	4
belangrijker	3	12
zak	3	3
harp	3	4
roepen	3	6
aap	3	3
schouder	3	8
mama	3	4
gekookt	3	7
beleefd	3	7
zulk	3	4
wassen	3	6
lig	3	3
lelijke	3	7
zomerhuis	3	9
best.	3	5
lol	3	3
walgelijk	3	9
beschouwd	3	9
bedenkt	3	7
kuste	3	5
trouwens	3	8
ruik	3	4
goeds	3	5
welnee	3	6
keertje	3	7
gegeten	3	7
vlees	3	5
liegen	3	6
toon	3	4
zwakke	3	6
hete	3	4
wensen	3	6
achterlaten	3	11
meende	3	6
apen	3	4
dook	3	4
verdiende	3	9
moordenaars	3	11
grijp	3	5
hiermee	3	7
vleugels	3	8
tijger	3	6
vlot	3	4
opgegeten	3	9
liefhebbende	3	12
utterson	3	8
stilte	3	6
and	3	3
verdwijning	3	11
my	3	2
myn	3	3
leiding	3	7
wilkinson	3	9
aviateur	3	8
zyn	3	3
meters	3	6
hoofdrol	3	8
devereux	3	8
totale	3	6
gratie	3	6
engeland	3	8
dienaar	3	7
an	3	2
nadat	3	5
minnaar	3	7
medewerkers	3	11
park	3	4
sylvia	3	6
sleep	3	5
klagen	3	6
personeelszaken	3	15
stafleden	3	9
betaal	3	6
kaascrackertjes	3	15
schattig	3	8
gang	3	4
top.	3	4
nobele	3	6
staf-badkamer	3	13
huisbazin	3	9
vervelend	3	9
vol.	3	4
verbind	3	7
akkoord	3	7
kostbare	3	8
verhalen	3	8
bleek	3	5
opeens	3	6
kansas	3	6
music	3	5
gewoonlijk	3	10
liefje	3	6
band	3	4
kwalijk	3	7
bootje	3	6
aangepakt	3	9
heerlijk	3	8
extra	3	5
gelukkige	3	9
jongedame	3	9
jaloers	3	7
uniform	3	7
verklaar	3	8
kleinzoon	3	9
durven	3	6
stukken	3	7
rechten	3	7
bespreken	3	9
dubbel	3	6
castro	3	6
havana	3	6
saaie	3	5
boel	3	4
goedkoop	3	8
lichten	3	7
maatschappij	3	12
allang	3	6
behandeld	3	9
zaten	3	5
omkeren	3	7
volwassen	3	9
ernstig	3	7
sterker	3	7
ontbijt	3	7
lenen	3	5
eieren	3	6
servetten	3	9
blijkt	3	6
gin	3	3
feestje	3	7
schoppen	3	8
deelt	3	5
spellen	3	7
papier	3	6
gereserveerd	3	12
vieren	3	6
gewonnen	3	8
winkel	3	6
kinderachtig	3	12
interesseert	3	12
schoon	3	6
spaghetti	3	9
valse	3	5
kocht	3	5
matuschka	3	9
schoonzus	3	9
misbruik	3	8
aangenaam	3	9
fantastische	3	12
scheiding	3	9
oudejaarsavond	3	14
kwijtraken	3	10
ondertiteling	3	13
bepaalde	3	8
theorie	3	7
uitgeput	3	8
hamson	3	6
eigenaar	3	8
wheeler	3	7
dienzelfden	3	11
dien	3	4
gespeeld	3	8
wetenschappelijke	3	17
details	3	7
figuur	3	6
garnizoen	3	9
som	3	3
waaraan	3	7
begraven	3	8
doel	3	4
gerestaureerd	3	13
idioot	3	6
prinses	3	7
danst	3	5
respect	3	7
gevochten	3	9
bruiloft	3	8
keel	3	4
hopeloos	3	8
ras	3	3
blindelings	3	11
echtgenote	3	10
kussen	3	6
veren	3	5
durrance	3	8
dienen	3	6
spionnen	3	8
keus	3	4
beesten	3	7
stal	3	4
meekomen	3	8
zijt	3	4
geschiedt	3	9
linie	3	5
gereedhouden	3	12
rondes	3	6
passen	3	6
vertraging	3	10
boetedoening	3	12
zond	3	4
vertrok	3	7
verantwoordelijk	3	16
pakjes	3	6
bid	3	3
gerust	3	6
paarden	3	7
geheimzinnige	3	13
regisseur	3	9
benjamin	3	8
christensen	3	11
jane	3	4
onbezonnen	3	10
schout-bij-nacht	3	16
heerlijke	3	9
olifant	3	7
juiste	3	6
tooneelspeler	3	13
croix	3	5
gedurende	3	9
rechters	3	8
toneelstuk	3	10
detectiven	3	10
bekende	3	7
schijn	3	6
verplicht	3	9
fanny	3	5
herkent	3	7
buffalo	3	7
verrassing	3	10
verwachtte	3	10
functie	3	7
missen	3	6
bewaar	3	6
daarboven	3	9
leguaan	3	7
insect	3	6
jordan	3	6
diegene	3	7
invloedrijk	3	11
omgaan	3	6
chrest	3	6
parken	3	6
lezen	3	5
genesis	3	7
vallei	3	6
pond	3	4
maria	3	5
weegt	3	5
gegokt	3	6
grapje	3	6
voorzitter	3	10
verenigde	3	9
staten	3	6
zonen	3	5
krankzinnig	3	11
gestrest	3	8
helder	3	6
geluksdag	3	9
minuutje	3	8
getraind	3	8
schapen	3	7
rand	3	4
hém	3	3
willekeurige	3	12
vriendelijkheid	3	15
haren	3	5
hiernaast	3	9
winst	3	5
argentijnse	3	11
ogenblik	3	8
groeit	3	6
dek	3	3
kudde	3	5
vissen	3	6
g.	3	2
brood	3	5
vergadering	3	11
geschorst	3	9
canada	3	6
ontslaan	3	8
york's	3	6
carson	3	6
privé	3	5
dam	3	3
hill	3	4
varen	3	5
show	3	4
bronnen	3	7
sommige	3	7
overtreden	3	10
nat	3	3
gerechtigheid	3	13
justice	3	7
residentie	3	10
richting	3	8
schaduwen	3	9
weeshuis	3	8
eva	3	3
vernemen	3	8
proef	3	5
vrijgelaten	3	11
oren	3	4
opname	3	6
identiteit	3	10
autoriteiten	3	12
donker	3	6
wong	3	4
politiebureau	3	13
verdenking	3	10
half-breed	3	10
lynch	3	5
print	3	5
tri-stone	3	9
bestaande	3	9
behulp	3	6
bewerking	3	9
carquinez	3	9
vroegere	3	8
hoge	3	4
squaw	3	5
wegkomt	3	7
perfecte	3	8
aanwezigheid	3	12
curson	3	6
verdomd	3	7
beschaving	3	10
bladeren	3	8
dichtbij	3	8
indian	3	6
dappere	3	7
blijkbaar	3	9
cineteca	3	8
di	3	2
maten	3	5
geldzakken	3	10
broko	3	5
verondersteld	3	13
hersteld	3	8
grijsaard	3	9
afgelegen	3	9
eiland	3	6
trokken	3	7
vervolgd	3	8
bereikte	3	8
bodem	3	5
tranen	3	6
roer	3	4
fatsoenlijke	3	12
hm	3	2
schurk	3	6
bloesems	3	8
tempel	3	6
burrows	3	7
spleetoog	3	9
poorten	3	7
alsjeblief	3	10
keert	3	5
zijde	3	5
heilig	3	6
gebaseerd	3	9
voorman	3	7
weerstaan	3	9
vergiffenis	3	11
haard	3	5
watervallen	3	11
smeek	3	5
rivieren	3	8
duizenden	3	9
wiesbaden	3	9
bundesarchiv-filmarchiv	3	23
filmmuseum	3	10
cameranegatief	3	14
l'immagine	3	10
ritrovata	3	9
carl	3	4
toelating	3	9
gebeurtenissen	3	14
ogenblikken	3	11
keuze	3	5
werpen	3	6
maart	3	5
masker	3	6
eender	3	6
paul	3	4
tremont	3	7
hemelsnaam	3	10
landgoed	3	8
schrift	3	7
gesteld	3	7
terugkomen	3	10
plegen	3	6
gevreesde	3	9
napoleon	3	8
voert	3	5
nichtje	3	7
tuin	3	4
uitgenodigd	3	11
gast	3	4
gemarteld	3	9
finsley	3	7
waarheen	3	8
geleefd	3	7
martelpaal	3	10
wild	3	4
hert	3	4
wah-ta-wah	3	10
stroom	3	6
beverboot	3	9
krijgers	3	8
gespleten	3	9
eik	3	3
behandelen	3	10
behandeling	3	11
sit	3	3
passie	3	6
realiseerde	3	11
zelfmoord	3	9
julio--	3	7
jawel	3	5
frans	3	5
verovering	3	10
pestilentie	3	11
luisa	3	5
tevreden	3	8
bestemming	3	10
zaad	3	4
argentinië	3	10
chamberlain	3	11
redelijkheid	3	12
peter	3	5
um	3	2
veiling	3	7
pure	3	4
wagen	3	5
betreur	3	7
lyon	3	4
gezelschap	3	10
nederland	3	9
oorlogskreten	3	13
aanvaard	3	8
normandië	3	9
radio	3	5
rue	3	3
traan	3	5
ochtendwandeling	3	16
ezel	3	4
weeskind	3	8
recensies	3	9
broertje	3	8
verslaat	3	8
neerslaan	3	9
wang	3	4
plattelandsdokter	3	17
luider	3	6
bezighouden	3	11
joch	3	4
snorretje	3	9
dromenland	3	10
ritje	3	5
sluipt	3	6
betover	3	7
wolkjes	3	7
edelen	3	6
anarchie	3	8
bolsjewisme	3	11
girard	3	6
koets	3	5
arresteer	3	9
conciërge	3	9
sanatorium	3	10
organiseert	3	11
boem	3	4
cara	3	4
told	3	4
edgar	3	5
georg	3	5
karsten	3	7
schramm	3	7
contracten	3	10
handelscontract	3	15
lezing	3	6
loge	3	4
schuldig	3	8
gokhuizen	3	9
café	3	4
ananas	3	6
milošević	2	9
voorafging	2	10
w.h.o	2	5
vaccinatie	2	10
epinephrine	2	11
clear	2	5
heengebracht	2	12
overeen	2	7
thai	2	4
onstabiel	2	9
klopte	2	6
hoeverre	2	8
reactionair	2	11
actueels	2	8
blacklist	2	9
se	2	2
brothers	2	8
ontvoerden	2	10
exfiltratieteam	2	15
milosevic	2	9
variërend	2	9
tegenstanders	2	13
beweert	2	7
aanzitten	2	9
agentschap	2	10
immunoloog	2	10
bacterieziekten	2	15
signaleerde	2	11
escorteren	2	10
ondervraging	2	12
aanpassing	2	10
afzetpunt	2	9
gearriveerd	2	11
geloofwaardige	2	14
beta	2	4
proto	2	5
anne	2	4
arundel	2	7
sheriffsafdeling	2	16
meldt	2	5
eenheden	2	8
stortplaats	2	11
binnenlandse	2	12
aangeeft	2	8
intelligence	2	12
staatsgreep	2	11
decennium	2	9
vertegenwoordigen	2	17
biologisch	2	10
oorlogvoeringsprogramma	2	23
prepaid	2	7
toestellen	2	10
fruitrolletjes	2	14
meegeven	2	8
satanische	2	10
suikerhoogte	2	12
excursie	2	8
delta	2	5
mockingbird	2	11
mengen	2	6
schending	2	9
seks	2	4
vuiligheid	2	10
uitzoeken	2	9
identificeren	2	13
staartnummers	2	13
forensische	2	11
deeltjes	2	8
warmte-uitwisseling	2	19
forensisch	2	10
curdell	2	7
technologie	2	11
calculus	2	8
deviraten	2	9
privélerares	2	12
veerkracht	2	10
creditkaarten	2	13
berichtgever	2	12
locaties	2	8
lijstje	2	7
plaatsgevonden	2	14
getest	2	6
samenstellingen	2	15
boerderijen	2	11
tabakboerderijen	2	16
component	2	9
tabakplantgroeiers	2	18
bereik	2	6
beheren	2	7
schuilhouden	2	12
straatje	2	8
bezorglocaties	2	14
dankjewel	2	9
exfiltratie	2	11
stenen	2	6
pand	2	4
vanzelf	2	7
overhalen	2	9
oprotten	2	8
duw	2	3
lettercombinatie	2	16
dmv	2	3
register	2	8
vasthielden	2	11
arriveerden	2	11
besteed	2	7
spendeert	2	9
uitspraak	2	9
afhaaleten	2	10
rijkend	2	7
uitgeoefend	2	11
ondergedompeld	2	14
terugbellen	2	11
deal	2	4
oorlogvoering	2	13
wederzijdse	2	11
voordelen	2	9
verliepen	2	9
roosters	2	8
goederen	2	8
vader-dochterding	2	17
pappie	2	6
sympatie	2	8
voorbeeldje	2	11
baluster	2	8
volgers	2	7
komend	2	6
ontmoeting	2	10
patient	2	7
ahh	2	3
alert	2	5
bedachtzaam	2	11
overtuigt	2	9
opgedragen	2	10
subs	2	4
wesjegtt	2	8
eventuele	2	9
generaals	2	9
bescherming	2	11
bevrijden	2	9
begeleiden	2	10
aanpassen	2	9
tempo	2	5
informant	2	9
meld	2	4
ooh	2	3
baden	2	5
samir	2	5
studie	2	6
leraar	2	6
pomp	2	4
tracey	2	6
aangaat	2	7
elementen	2	9
omlaag	2	6
feite	2	5
element	2	7
mais	2	4
vergelijk	2	9
hydrogem	2	8
opzet	2	5
wenste	2	6
beweeg	2	6
hell	2	4
rijd	2	4
archimede's	2	11
oostelijke	2	10
samenwerking	2	12
rolf	2	4
sympathie	2	9
bakt	2	4
pannekoeken	2	11
ingekleurde	2	11
méliès	2	6
bevinden	2	8
lanceren	2	8
goedgekeurd	2	11
smijt	2	5
wedergekeerd	2	12
barbenfouillis	2	14
omega	2	5
micromegas	2	10
werkplaats	2	10
dak	2	3
getuige	2	7
machtig	2	7
massa	2	5
staal	2	5
oven	2	4
menigte	2	7
aantal	2	6
duwen	2	5
landschap	2	9
vervangen	2	9
visioenen	2	9
phoebes	2	7
straffen	2	8
bevroren	2	8
krater	2	6
woedt	2	5
opent	2	5
breekt	2	6
duizend	2	7
tevoorschijn	2	12
vastgebonden	2	12
verslagen	2	9
bleef	2	5
gewicht	2	7
instabiel	2	9
razendsnel	2	10
burgemeester	2	12
speech	2	6
kroeg	2	5
drama	2	5
virginie	2	8
mÿ	2	2
troosten	2	8
verloving	2	9
vervolg	2	7
alkool	2	6
luid	2	4
drinkt	2	6
erfenis	2	7
slip	2	4
augustus	2	8
dinsdag	2	7
mede	2	4
hoogachtend	2	11
vermaak	2	7
aanbrengen	2	10
afgrond	2	7
cinematografie	2	14
alfred	2	6
uitnodiging	2	11
zomervakantie	2	13
pastorie	2	8
station	2	7
optredens	2	9
artiesten	2	9
belofte	2	7
kopenhagen	2	10
toeval	2	6
noodlot	2	7
pompey	2	6
hoofdpersonen	2	13
glauco	2	6
blinde	2	6
ruwe	2	4
meesters	2	8
beveelt	2	7
bemint	2	6
valsche	2	7
misleid	2	7
liefdesdrank	2	12
apoecides	2	9
muzikaal	2	8
adolph	2	6
revolutionairen	2	15
planer	2	6
knappe	2	6
eigenaardige	2	12
inrichten	2	9
rijksdaalders	2	13
stiekem	2	7
paris	2	5
duponchel	2	9
hoede	2	5
effect	2	6
liszt	2	5
hollander	2	9
minna's	2	7
hoogst	2	6
aangenomen	2	10
weergaloos	2	10
hofdirigent	2	11
richtte	2	7
imago	2	5
schade	2	6
artistiek	2	9
pijnlijk	2	8
revolutionaire	2	14
bijeenkomst	2	11
kunst	2	5
mensheid	2	8
leiders	2	7
vals	2	4
paspoort	2	8
rechtbank	2	9
buitenland	2	10
gevlucht	2	8
mei	2	3
gemiddelde	2	10
beleefde	2	8
verhouding	2	10
isolde	2	6
diepe	2	5
jezuïeten	2	9
inspanningen	2	12
katholieke	2	10
voorstel	2	8
maakten	2	7
pfistermeister	2	14
dhr.	2	4
renteloos	2	9
voorschot	2	9
levensonderhoud	2	15
levenslang	2	10
minister	2	8
majesteit	2	9
partner	2	7
festspielhaus	2	13
parsifal	2	8
onsterfelijke	2	13
diep	2	4
eentije	2	7
miijn	2	5
verwoest	2	8
vlooien	2	7
ijaar	2	5
aristocratie	2	12
perfectie	2	9
kok	2	3
gril	2	4
vlotte	2	6
bruid	2	5
beters	2	6
kletst	2	6
hangt	2	5
-u	2	2
rechterhand	2	11
regeert	2	7
gesaneerd	2	9
vijftig	2	7
ontboden	2	8
generaties	2	10
bomen	2	5
gesloopt	2	8
raakt	2	5
daarbij	2	7
bliijf	2	6
harder	2	6
vlo	2	3
postzegels	2	10
salade	2	6
letsje	2	6
smullen	2	7
totaal	2	6
spinaziesoesjes	2	15
kronky	2	6
lippen	2	6
vergif	2	6
recept	2	6
gezondheid	2	10
ruim	2	4
engel	2	5
leid	2	4
-nee	2	4
war	2	3
tipo	2	4
beurt	2	5
toedeloe	2	8
voorlopig	2	9
duivelslama	2	11
klets	2	5
ho	2	2
tja	2	3
ontvoerde	2	9
-waarom	2	7
herhalen	2	8
jaguars	2	7
slangen	2	7
-ga	2	3
behoorlijk	2	10
scherpe	2	7
adem	2	4
nogmaals	2	8
bedoeld	2	7
bespaard	2	8
gevoelloos	2	10
snapt	2	5
genoteerd	2	9
gestrand	2	8
kampvuur	2	8
droefheid	2	9
treuren	2	7
hoopten	2	7
droomde	2	7
wol	2	3
gehaakt	2	7
handdruk	2	8
ongedeerd	2	9
leugens	2	7
bewijst	2	7
lost	2	4
gemak	2	5
genie	2	5
hoepel	2	6
eekhoorn	2	8
pratende	2	8
gezeur	2	6
mokken	2	6
dagschotels	2	11
mazzel	2	6
herkennen	2	9
jus	2	3
aparte	2	6
kap	2	3
achting	2	7
vorm	2	4
aardappelen	2	11
volle	2	5
wiij	2	4
jarig	2	5
-echt	2	5
zeuren	2	6
oudtante	2	8
achter-achter-	2	14
kruk	2	4
flik	2	4
wrede	2	5
zondaars	2	8
loon	2	4
bof	2	3
vaker	2	5
gezang	2	6
onszelf	2	7
eikel	2	5
behoeftige	2	10
patiënten	2	9
advokaat	2	8
bespotten	2	9
experimenten	2	12
doodse	2	6
vrijlaten	2	9
drager	2	6
behandel	2	8
bezeten	2	7
avonturen	2	9
uitdagen	2	8
berouw	2	6
noodlottige	2	11
luchtvaart	2	10
hy	2	2
mankeert	2	8
zoudt	2	5
krygt	2	5
rondvlucht	2	10
oogenblikken	2	12
gereedheid	2	10
eere	2	4
defect	2	6
sarah	2	5
wachtend	2	8
edele	2	5
voorkomen	2	9
overwinning	2	11
shakespeare	2	11
waarzegger	2	10
voorspelt	2	9
bacon	2	5
anonieme	2	8
informeren	2	10
terugkeert	2	10
overtuigen	2	10
voorkomt	2	8
tekent	2	6
etc	2	3
vonnis	2	6
afschuwelijke	2	13
werelds	2	7
woonden	2	7
sectie	2	6
bud	2	3
uurtje	2	6
juli	2	4
bijzonder	2	9
vrijgezel	2	9
martini	2	7
bronx	2	5
metro	2	5
stoor	2	5
schema	2	6
aanbevolen	2	10
mankracht	2	9
hypotheken	2	10
columbia	2	8
medical	2	7
center	2	6
nalaten	2	7
garbo	2	5
crawford	2	8
wallace	2	7
beery	2	5
lionel	2	6
marilyn	2	7
monroe	2	6
ontzettend	2	10
jazeker	2	7
mildred	2	7
eraf	2	4
pakt	2	4
picasso	2	7
werkelijk	2	9
smoes	2	5
ophangen	2	8
public	2	6
koorts	2	6
zweet	2	5
longontsteking	2	14
bespreking	2	10
premie	2	6
hoger	2	5
harte	2	5
lunchen	2	7
loyaal	2	6
bookmaker	2	9
derby	2	5
ontken	2	6
jersey	2	6
medewerker	2	10
percentage	2	10
storen	2	6
a.	2	2
gekletst	2	8
el	2	2
vanochtend	2	10
arthur	2	6
murray	2	6
gehaald	2	7
blindedarm	2	10
speculeren	2	10
saus	2	4
fijne	2	5
vakantie	2	8
uitgemaakt	2	10
eventjes	2	8
lippenstift	2	11
white	2	5
plains	2	6
nadenken	2	8
lijntje	2	7
dankbaarheid	2	12
dankbaar	2	8
drive-in	2	8
oprecht	2	7
hartelijk	2	9
doorgeven	2	9
spiegeltje	2	10
vergis	2	6
lopend	2	6
rossi	2	5
koch	2	4
misdaan	2	7
vangen	2	6
chinees	2	7
verhaaltje	2	10
model	2	5
avenue	2	6
connecties	2	10
dikke	2	5
woordje	2	7
feestdagen	2	10
conservatief	2	12
koelkast	2	8
rum	2	3
collins	2	7
flierefluiter	2	13
dwars	2	5
geschiedenis	2	12
inmiddels	2	9
getrouwde	2	9
leuks	2	5
w-e-g	2	5
kilo	2	4
persoonlijks	2	12
afgestudeerd	2	12
macdougall	2	10
seksbink	2	8
directie	2	8
pillen	2	6
aderen	2	6
meningsverschil	2	15
meen	2	4
frisse	2	6
formeel	2	7
kilometer	2	9
regels	2	6
hoeken	2	6
gisteravond	2	11
waarschuw	2	9
voortplanten	2	12
bepaald	2	7
voorlezen	2	9
schaam	2	6
kauwgom	2	7
voren	2	5
benen	2	5
leeggepompt	2	11
liegt	2	5
slachtoffer	2	11
onmens	2	6
servet	2	6
zilver	2	6
weduwnaar	2	9
fles	2	4
potjes	2	6
hoogste	2	7
kerkhof	2	7
roken	2	5
heette	2	6
foute	2	5
taxi-chauffeur	2	14
handschoenen	2	12
uzelf	2	5
haten	2	5
strepen	2	7
gooi	2	4
wreed	2	5
gas	2	3
kousen	2	6
netjes	2	6
harde	2	5
wapen	2	5
schoot	2	6
buigen	2	6
serveren	2	8
ed	2	2
vaat	2	4
kleed	2	5
ongelukje	2	9
sukkeltje	2	9
belangrijks	2	11
klap	2	4
procent	2	7
assistent	2	9
terechtkomt	2	11
volg	2	4
evengoed	2	8
nieuwjaar	2	9
meenemen	2	8
gelaten	2	7
drugs	2	5
monster	2	7
detective	2	9
acten	2	5
nabij	2	5
margareet	2	9
zware	2	5
onderneming	2	11
gulden	2	6
ge	2	2
weder	2	5
dinesen	2	7
doctor	2	6
uitvinding	2	10
medische	2	8
vurige	2	6
absolute	2	8
leidt	2	5
kleinste	2	8
juweelen	2	8
dikwijls	2	8
triumf	2	6
gestaakt	2	8
kommer	2	6
alhier	2	6
uitdaging	2	9
les	2	3
duel	2	4
doodde	2	6
gevangenisstraf	2	15
veroordeeld	2	11
serum	2	5
bevatten	2	8
brachten	2	8
lafheid	2	7
saai	2	4
sutch	2	5
beeldschoon	2	11
beschaamd	2	9
royal	2	5
cumbrians	2	9
feliciteren	2	11
voerde	2	6
volhouden	2	9
waaronder	2	9
strijde	2	7
overwinningen	2	13
reageren	2	8
constant	2	8
verloofd	2	8
geur	2	4
rozen	2	5
wettige	2	7
gewacht	2	7
misverstand	2	11
gewild	2	6
zing	2	4
misleiden	2	9
alcohol	2	7
mustapha	2	8
vergiftigd	2	10
hopelijk	2	8
daarheen	2	8
arabisch	2	8
uitzien	2	7
opzoeken	2	8
opinie	2	6
held	2	4
prinsessen	2	10
dirham	2	6
bekeren	2	7
waardigheid	2	11
doorlopen	2	9
goeie	2	5
opgelucht	2	9
viert	2	5
momenten	2	8
beschouwen	2	10
thuiskomst	2	10
fatma	2	5
bedu	2	4
verkenner	2	9
weldra	2	6
besef	2	5
gauw	2	4
deserteur	2	9
clea	2	4
troepen	2	7
kamelen	2	7
engels	2	6
inlichten	2	9
cavalerie	2	9
tirailleurs	2	11
kapitein	2	8
vreselijk	2	9
raakten	2	7
manschappen	2	11
geselen	2	7
folteren	2	8
weggevoerd	2	10
overleven	2	9
uitgesloten	2	11
legers	2	6
omdurman	2	8
merken	2	6
familieleden	2	12
steekt	2	6
bezoeker	2	8
cadeau	2	6
hitte	2	5
overblijft	2	10
steunen	2	7
bewerkt	2	7
sealed	2	6
rolverdeling	2	12
fritz	2	5
dol	2	3
offers	2	6
waardevol	2	9
postduif	2	8
x.	2	2
gasten	2	6
middags	2	7
avonds	2	6
zuid	2	4
zuid-west	2	9
verrader	2	8
leugenaar	2	9
bedrieger	2	9
hoorzitting	2	11
dwaalt	2	6
personen	2	8
centraal	2	8
geopend	2	7
job@skynet.be	2	13
dramatische	2	11
egon	2	4
tusschen	2	8
mira's	2	6
gastheer	2	8
toegezegd	2	9
weldadigheidsfeest	2	18
lage	2	4
afgewezen	2	9
armband	2	7
betreffende	2	11
rechter	2	7
bedriegt	2	8
gouvernante	2	11
verkoopt	2	8
woekeraar	2	9
optreden	2	8
helft	2	5
paviljoen	2	9
cabbello	2	8
kleinen	2	7
ketting	2	7
opspraak	2	8
gaaf	2	4
cheese	2	6
braziliaanse	2	12
gevoelig	2	8
kersen	2	6
luizen	2	6
honden	2	6
verdwaald	2	9
wandelend	2	9
gezet	2	5
vanmiddag	2	9
sandwiches	2	10
indrukwekkend	2	13
knul	2	4
assisteren	2	10
gemeenschappelijk	2	17
geschoten	2	9
automatisch	2	11
pauze	2	5
passeren	2	8
junior	2	6
coast	2	5
kale	2	4
hierbinnen	2	10
stak	2	4
kentekenplaten	2	14
congresleden	2	12
afleggen	2	8
flauwgevallen	2	13
groentje	2	8
bouwde	2	6
draaien	2	7
doordraaien	2	11
act	2	3
high	2	4
uitstekende	2	11
maaltijd	2	8
openen	2	6
geschapen	2	9
gestraft	2	8
past	2	4
kavel	2	5
binden	2	6
veroorloven	2	11
gekke	2	5
crisis	2	6
stress	2	6
penis	2	5
ruige	2	5
tijdelijk	2	9
long's	2	6
scheren	2	7
scheer	2	6
redelijk	2	8
meerdere	2	8
versta	2	6
artic	2	5
realiseert	2	10
jenkins	2	7
beslissing	2	10
tillen	2	6
herhaal	2	7
hamsters	2	8
overdag	2	7
eronder	2	7
afmaken	2	7
bezitten	2	8
banen	2	5
verwijder	2	9
voorbereiden	2	12
vernietigt	2	10
daardoor	2	8
verbaasd	2	8
stonden	2	7
moedig	2	6
gevoelens	2	9
belastingen	2	11
soorten	2	7
live	2	4
dylan	2	5
interessant	2	11
goedendag	2	9
positieve	2	9
stopzetten	2	10
komst	2	5
kogel	2	5
regenen	2	7
crest	2	5
natuurlijke	2	11
ere	2	3
gerecht	2	7
daad	2	4
christie	2	8
speelde	2	7
nieuwste	2	8
scènes	2	6
maanverlichte	2	13
rende	2	5
overgebleven	2	12
terugkeer	2	9
gangen	2	6
verstreken	2	10
leken	2	5
voorwaardelijke	2	15
schudden	2	8
blindheid	2	9
bestuur	2	7
instelling	2	10
vijftien	2	8
instructies	2	11
gelaat	2	6
zielige	2	7
rusteloos	2	9
pijnlijke	2	9
voeten	2	6
nodigde	2	7
brandden	2	8
sam	2	3
planten	2	7
afwezigheid	2	11
dieven	2	6
voetstappen	2	11
schok	2	5
marie	2	5
ren	2	3
herhaalde	2	9
uitgebracht	2	11
getitelde	2	9
versies	2	7
unieke	2	6
beschadigde	2	11
s.a.	2	4
films	2	5
materiaal	2	9
complete	2	8
nitraat	2	7
vervangende	2	11
cherokee	2	8
kluizenaar	2	10
uitgesproken	2	12
onvriendelijke	2	14
sociale	2	7
palka	2	5
saloon	2	6
dominee	2	7
yuba	2	4
bill	2	4
schilderkunst	2	13
kleding	2	7
tekst	2	5
meegaan	2	7
doorgaat	2	8
beledigt	2	8
allerlei	2	8
slang	2	5
moeders	2	7
veronderstel	2	12
achtervolgen	2	12
groene	2	6
waardoor	2	8
portefeuille	2	12
stapte	2	6
bosrand	2	7
burnhams	2	8
roekeloze	2	9
alweer	2	6
vriendschappelijke	2	18
interesse	2	9
ochtends	2	8
eindeloze	2	9
foundation	2	10
secretaris	2	10
there	2	5
noorse	2	6
lichtten	2	8
golvende	2	8
zeeman	2	6
duistere	2	8
wit	2	3
spinnen	2	7
mooiste	2	7
verstreek	2	9
engelse	2	7
schepen	2	7
hongerdood	2	10
rijken	2	6
ziekte	2	6
peinsde	2	7
zeil	2	4
rif	2	3
voorraad	2	8
geslagen	2	8
voer	2	4
roeispaan	2	9
zweedse	2	7
golven	2	6
durfde	2	6
vigen	2	5
roeiboot	2	8
ware	2	4
kindje	2	6
staarde	2	7
dankte	2	6
n.	2	2
danken	2	6
gras	2	4
stug	2	4
komedie	2	7
amedeus	2	7
blue	2	4
terstond	2	8
thomas	2	6
griffith	2	8
klokken	2	7
zweep	2	5
amerikaanse	2	11
ouder	2	5
voogd	2	5
grootse	2	7
ineen	2	5
oceaan	2	6
tegenover	2	9
verblijf	2	8
oord	2	4
battler's	2	9
woede	2	5
zwakker	2	7
dient	2	5
humor	2	5
aluminiumfolie	2	14
uitgebluste	2	11
uitspattingen	2	13
zend	2	4
trainen	2	7
leed	2	4
sterrenhemel	2	12
warmte	2	6
blauwe	2	6
strelen	2	7
huid	2	4
droomt	2	6
bloesem	2	7
overkant	2	8
verantwoordelijkheid	2	20
vuile	2	5
stervend	2	8
filmarchief	2	11
ontwikkeld	2	10
strenge	2	7
wetten	2	6
levens	2	6
bergstéinsson	2	13
onrustig	2	8
korstmos	2	8
landloper	2	9
krachten	2	8
vergist	2	7
vijanden	2	8
besparen	2	8
gestoord	2	8
schapenhok	2	10
toedoen	2	7
aangeven	2	8
hup	2	3
heersers	2	8
tota	2	4
stelde	2	6
opeiste	2	7
opgevallen	2	10
begreep	2	7
leerlingen	2	10
telde	2	5
y.m.c.a	2	7
engelen	2	7
opgegroeid	2	10
keaton	2	6
friedrich-wilhelm-murnau-stiftung	2	33
spoel	2	5
nitraatkopieën	2	14
latijns-amerika	2	15
düsseldorf	2	10
deutsche	2	8
kinemathek	2	10
für	2	3
fernsehen	2	9
berlin	2	6
beeldrestauratie	2	16
conservation	2	12
restoration	2	11
mayer	2	5
janowitz	2	8
decla	2	5
film-gesellschaft	2	17
belin	2	5
wiene	2	5
art	2	3
directors	2	9
gefotografeerd	2	14
verdreven	2	9
vreemder	2	8
extra-editie	2	12
allerhande	2	10
tentoonstellingen	2	17
gemeentesecretaris	2	18
gehumeurd	2	9
reeks	2	5
puntig	2	6
instrument	2	10
stadssecretaris	2	15
veroozaakt	2	10
wonderbaarlijke	2	15
trance	2	6
ontwaak	2	7
ochtendschemering	2	17
marken	2	6
overlaten	2	9
tweevoudige	2	11
aangehouden	2	11
helpe	2	5
steken	2	6
soortgelijk	2	11
begrafenis	2	10
urenlang	2	8
gadegeslagen	2	12
zéker	2	5
hijzelf	2	7
observatie	2	10
slaapwandelen	2	13
collectie	2	9
uppsala	2	7
specialiteit	2	12
mysticus	2	8
beurzen	2	7
talrijke	2	8
dorpen	2	6
noord-italië	2	12
vergezeld	2	9
maandenlang	2	11
zaaide	2	6
vrijwel	2	7
identieke	2	9
volkomen	2	8
ondergeschikt	2	13
dwong	2	5
snode	2	5
marionet	2	8
exact	2	5
geleek	2	6
verdachtmaking	2	14
ontzenuwen	2	10
dagboek	2	7
asiel	2	5
niet-aflatende	2	14
psychiatrische	2	14
ontrafelen	2	10
handelingen	2	11
wakende	2	7
weerzinwekkend	2	14
obsessies	2	9
doordringen	2	11
krankzinnige	2	12
voorspellen	2	11
koninginnen	2	11
waanvoorstelling	2	16
mystieke	2	8
grijpt	2	6
historische	2	11
roman	2	5
heiligen	2	8
moeilijker	2	10
inzicht	2	7
karakters	2	9
tremonts	2	8
schemering	2	10
ontbreekt	2	9
platteland	2	10
village	2	7
hoewel	2	6
delicate	2	8
sandersons	2	10
verliefdheid	2	12
beloven	2	7
behoort	2	7
uiterste	2	8
holcomb	2	7
perkins	2	7
beletten	2	8
verlies	2	7
bewaren	2	7
hiervan	2	7
terugkom	2	8
hospita	2	7
hulpeloos	2	9
hi	2	2
holler	2	6
studeert	2	8
losbandige	2	10
gehandeld	2	9
bewondering	2	11
verrukt	2	7
verre	2	5
uitmonden	2	9
naaikring	2	9
geraken	2	7
dansje	2	6
wollen	2	6
touwtje	2	7
zwijgen	2	7
pelsjagers	2	10
salsbury	2	8
cumberland	2	10
veiliger	2	8
ravijn	2	6
aangebroken	2	11
rondkijken	2	10
bleekgezicht	2	12
grafsteen	2	9
en	2	3
bevriend	2	8
dinama	2	6
bloedvergieten	2	14
glimmer	2	7
etende	2	6
bende	2	5
scalp	2	5
rekenen	2	7
eenmaal	2	7
opschepper	2	10
spiegel	2	7
stam	2	4
hieruit	2	7
scheelde	2	8
stinkdier	2	9
innen	2	5
uitgevonden	2	11
verstopt	2	8
pelsen	2	6
vrouwenkamp	2	11
rare	2	4
vreedzaam	2	9
ottervellen	2	11
neergeschoten	2	13
eeuwige	2	7
jachtvelden	2	11
pech	2	4
woonboot	2	8
kano's	2	6
mohikaan	2	8
beschermd	2	9
onderscheid	2	11
hierin	2	6
verf	2	4
slurven	2	7
scalpen	2	7
families	2	8
tabaksdoos	2	10
hiernamaals	2	11
tevergeefs	2	10
uncas	2	5
noordelijk	2	10
bloedbad	2	8
wijze	2	5
naturen	2	7
heny	2	4
wetenschappen	2	13
kosten	2	6
mansfield	2	9
vreest	2	6
ervaring	2	8
italiaanse	2	10
gina	2	4
applaus	2	7
volledige	2	9
hetis	2	5
edward	2	6
handtekening	2	12
hiervoor	2	8
morgenvroeg	2	11
madariaga	2	9
och	2	3
geslaagd	2	8
ontroerd	2	8
praktisch	2	9
studeren	2	8
welnu	2	5
eh	2	2
apocalyps	2	9
zwaard	2	6
hongersnood	2	11
verdorie	2	8
echtgenoten	2	11
praktijk	2	8
besproken	2	9
adolf	2	5
duitsers	2	8
nazi	2	4
zijn--	2	6
leef	2	4
vreugde	2	7
vervloekt	2	9
ruiters	2	7
ahem	2	4
versailles	2	10
fransman	2	8
varken	2	6
troup	2	5
je--	2	4
buitenlandse	2	12
loze	2	4
provinciaal	2	11
reputatie	2	9
luxe	2	4
wrok	2	4
drukken	2	7
binnenkwam	2	10
verduistering	2	13
schilderij	2	10
wonnen	2	6
ernaartoe	2	9
primitieve	2	10
gemogen	2	7
de--	2	4
charmante	2	9
ongelegen	2	9
vergissing	2	10
sowieso	2	7
lauriers	2	8
beseffen	2	8
aantrekkelijke	2	14
frivool	2	7
hierop	2	6
front	2	5
notre	2	5
marseille	2	9
mogelijks	2	9
weglopen	2	8
duinkerken	2	10
bevechten	2	9
prijzen	2	7
aantrekkelijk	2	13
klaargespeeld	2	13
evenzeer	2	8
belangrijkheid	2	14
bewezen	2	7
nazi's	2	6
nogeens	2	7
zojuist	2	7
aantrekt	2	8
competitie	2	10
kleinsdorf	2	10
himmler	2	7
morgenavond	2	11
eigenbelang	2	11
bedrog	2	6
onschuldige	2	11
zusje	2	5
verholpen	2	9
nachtclub	2	9
beweer	2	6
contacteren	2	11
receptie	2	8
waarover	2	8
hopen	2	5
rijsel	2	6
passies	2	7
uitmaken	2	8
cassell	2	7
rendez-vous	2	11
verhoor	2	7
dreigementen	2	12
onafhankelijkheid	2	17
toost	2	5
dertiende	2	9
werkje	2	6
comeback	2	8
terugbrengt	2	11
politiekanoor	2	13
politiehoofd	2	12
h.	2	2
grapton	2	7
synced	2	6
marc	2	4
mei-	2	4
hulpeloze	2	9
lichtjes	2	8
beven	2	5
baby's	2	6
vondeling	2	9
noordelijke	2	11
linieres	2	8
lady	2	4
tuinen	2	6
gish	2	4
verontwaardiging	2	16
onrechtvaardigheid	2	18
praille	2	7
zulke	2	5
privileges	2	10
smeekt	2	6
bedelen	2	7
belooft	2	7
koningsgezinde	2	14
sjaal	2	5
vermoedt	2	8
bastille	2	8
onderdrukking	2	13
vergeet-niet	2	12
pleit	2	5
teruggekeerde	2	13
proces	2	6
beschuldig	2	10
vaudray	2	7
doods	2	5
acrobatie	2	9
zonlicht	2	8
herrie	2	6
oorlogsschuld	2	13
dokterâ	2	9
morgens	2	7
sonny	2	5
afgebrand	2	9
wespennest	2	10
scott	2	5
methoden	2	8
saulsbourgs	2	11
specialist	2	10
jamison	2	7
kleur	2	5
onregelmatig	2	12
pupillen	2	8
âmisschien	2	12
humpy	2	5
logan	2	5
spannend	2	8
zenuwen	2	7
weggejaagd	2	10
methode's	2	9
norbert	2	7
dusy	2	4
pesch	2	5
hawasch	2	7
julius	2	6
russin	2	6
doorbrengt	2	10
cocaïne	2	7
genève	2	6
exprestrein	2	11
dader	2	5
gevreesd	2	8
opzeggen	2	8
inhoud	2	6
resulteren	2	10
koffie-	2	7
cacaoconcerns	2	13
intact	2	6
overhandigd	2	11
consulaat	2	9
psychoanalyse	2	13
sensatie	2	8
va	2	2
banque	2	6
hugo	2	4
gokkers	2	7
strikt	2	6
gardi	2	5
aangezien	2	9
gokt	2	4
interessante	2	12
verklaring	2	10
smokkel	2	7
marmer	2	6
andalusia	2	9
bloedhond	2	9
opening	2	7
haydn-strasse	2	13
mirabeau	2	8
stipt	2	5
vaccinatieprogramma	1	19
sciet	1	5
dc	1	2
parker's	1	8
overeenkomt	1	11
dinge	1	5
beangstigt	1	10
dede	1	4
capaciteit	1	10
werkten	1	7
paranoide	1	9
reactioneel	1	11
houvast	1	7
nier	1	4
tijdigers	1	9
custom	1	6
nl	1	2
ontvoerdden	1	11
extractie	1	9
slepen	1	6
specialiceren	1	13
meenemen.van	1	12
ontvoering	1	10
dissidenten	1	11
beweers	1	7
eenchinese	1	10
achttien	1	8
undercover	1	10
bevrijdden	1	10
buitenlands	1	11
liberaal	1	8
immunologist	1	12
gespecialiceerd	1	15
informanten	1	11
geplanned	1	9
andrea	1	6
de-briefing	1	11
uitgaan	1	7
leidden	1	7
potentiële	1	10
volgend	1	7
randell	1	7
sherrif's	1	9
dumpplaats	1	10
luchtsteun	1	10
binnenland	1	10
geslopen	1	8
intellegentie	1	13
inging	1	6
gedeeld	1	7
coupe	1	5
omzetten	1	8
neergestortte	1	13
ziekgemeld	1	10
stopte	1	6
vluchtig	1	8
ratfords	1	8
gepleegt	1	8
telefoonscellen	1	15
conditie	1	8
ketel	1	5
overkoken	1	9
weetje	1	6
apart	1	5
fruitrollen	1	11
duivelse	1	8
suikerrush	1	10
schooluitje	1	11
komop	1	5
vance	1	5
financieën	1	10
verbinden	1	9
account	1	7
beveiligd	1	9
walking	1	7
bird	1	4
extraordinaire	1	14
overtreding	1	11
sex	1	3
vuil	1	4
enthousiast	1	11
fantasie	1	8
aansluitpunt	1	12
afdrukken	1	9
indentificeren	1	14
staartnummer	1	12
helicoper	1	9
overgespoten	1	12
analyze	1	7
specificatie	1	12
forensisici	1	11
drupper	1	7
traceer	1	7
ohh	1	3
burdell	1	7
technology	1	10
m.d	1	3
ohoho	1	5
wiskunde	1	8
mator	1	5
dergelijks	1	10
b.h	1	3
stuiter	1	7
creditcard	1	10
jeffrey	1	7
seavers	1	7
hoevaak	1	7
afgiften	1	8
ophaal	1	6
fogoces	1	7
spring	1	6
fogocus	1	7
spring's	1	8
piepding	1	8
wolfcreekpass	1	13
wonend	1	6
heuvelmensen	1	12
gevoerd	1	7
denbe	1	5
urgents	1	7
gasgeomatrie	1	12
tandwielolie	1	12
raporten	1	8
testte	1	6
onderscheidende	1	15
ephaton	1	7
rijpingsmiddel	1	14
federale	1	8
tabaksboederijen	1	16
maker	1	5
tabaksverbouwers	1	16
overgang	1	8
zeventien	1	9
onderhoud	1	9
halofax	1	7
blok	1	4
externe	1	7
punten	1	6
sabu	1	4
sawalle	1	7
bevrijding	1	10
equador	1	7
churh	1	5
teweeg	1	6
terugvallen	1	11
periodieke	1	10
avgolamena	1	10
combinaties	1	11
treffer	1	7
verdacht	1	8
bredford	1	8
gootje	1	6
uberhaupt	1	9
betekend	1	8
hells	1	5
belandden	1	9
opstaond	1	8
reikend	1	7
eukeka	1	6
sorrt	1	5
stateerd	1	8
opwaardse	1	9
zwevende	1	8
toegepast	1	9
gedrenkt	1	8
contacteer	1	10
havenautoriteit	1	15
verschepen	1	10
doorzoeken	1	10
dorstig	1	7
onderhandling	1	13
tijdstabellen	1	13
chessapeek	1	10
sisco	1	5
handboeid	1	9
ballustrade	1	11
goeien	1	6
bradford	1	8
volger	1	6
chineze	1	7
sync	1	4
miloševic	1	9
zaal	1	4
verfraaid	1	9
instrumenten	1	12
overhandigen	1	12
telescopen	1	10
gewelddadig	1	11
unaniem	1	7
knechten	1	8
kostuums	1	8
selecteert	1	10
collega's	1	9
nostradamus	1	11
alcofrisbas	1	11
parafaragamus	1	13
smeden	1	6
mechanici	1	9
timmermannen	1	12
stoffeerders	1	12
salpeterzuur	1	12
spektakel	1	9
gieten	1	6
horizon	1	7
opstapelen	1	10
schoorstenen	1	12
gehesen	1	7
gesmolten	1	9
mal	1	3
tsunami	1	7
explosies	1	9
veiligheidsmaatregelen	1	22
reizigers	1	9
onthaald	1	8
marinier	1	8
mariniers	1	9
geladen	1	7
toesel	1	6
vergroot	1	8
bemerken	1	8
crasht	1	6
kraters	1	7
vanop	1	5
gevige	1	6
ontploffing	1	11
kanten	1	6
strekken	1	8
nadien	1	6
gigantische	1	11
beer	1	4
verschijnen	1	11
gezichtjes	1	10
geïrriteerd	1	11
saturnus	1	8
besluiten	1	9
voorbeeldige	1	12
sneeuwen	1	8
ondraaglijk	1	11
afdalen	1	7
verdwijnen	1	10
grot	1	4
paddestoelen	1	12
omvang	1	6
transformeert	1	13
wortel	1	6
verschijnt	1	10
gebaren	1	7
ofwel	1	5
bewoners	1	8
seleniet	1	8
stukjes	1	7
aantalen	1	8
troon	1	5
levende	1	7
heft	1	4
verdedigen	1	10
herleid	1	7
vliegt	1	6
binnenin	1	8
oppervlakte	1	11
versleept	1	9
verwelkomt	1	10
blijde	1	6
verwachting	1	11
burgervader	1	11
ere-hoed	1	8
april	1	5
getrokken	1	9
emile	1	5
zola	1	4
deelen	1	6
tooneelen	1	9
jaloezÿ	1	7
lÿden	1	5
bekommert	1	9
genezing	1	8
verjaring	1	9
gervaise's	1	10
geboorte	1	8
absint	1	6
tooneel	1	7
wedt	1	4
verorberen	1	10
gasthuis	1	8
verwittigt	1	10
virginie's	1	10
verwisselt	1	10
wijnflesch	1	10
gevuld	1	6
overlijden	1	10
erfgenamen	1	10
j.	1	2
cheatum	1	7
broad	1	5
fetisch	1	7
immer	1	5
benny	1	5
verkeeren	1	9
buitengeoon	1	11
legaat	1	6
geschonken	1	10
ligging	1	7
diamantmijn	1	11
duidt	1	5
steenen	1	7
hierbijgevoegde	1	15
hjalmar	1	7
davidsen	1	8
urban	1	5
gad	1	3
lind	1	4
harten	1	6
welkome	1	7
vang	1	4
plezieren	1	9
knud	1	4
svane	1	5
reizende	1	8
weide	1	5
attracties	1	10
rudolph	1	7
cowboy	1	6
paardentemmer	1	13
koorddanseres	1	13
evelyn	1	6
fatale	1	6
gjerlev	1	7
fortuna	1	7
galauitvoering	1	14
magda	1	5
artiestenhotel	1	14
dansrepetitie	1	13
schandaal	1	9
bergafwaarts	1	12
erkenning	1	9
nidia	1	5
l'aveugle	1	9
jeune	1	5
patricien	1	9
fiancée	1	7
apaecide	1	8
frère	1	5
prêtre	1	6
d'isis	1	6
jaloerschheid	1	13
egyptischen	1	11
bewogen	1	7
koopt	1	5
zodoende	1	8
verlossen	1	9
bemind	1	6
verwisselen	1	11
waanzin	1	7
juister	1	7
doodt	1	5
beschuldigt	1	11
geworpen	1	8
amphitheater	1	12
uitbarsting	1	11
vesuvius	1	8
veroordeelden	1	13
overgeleverd	1	12
verwoesting	1	11
edel	1	4
filmbiografie	1	13
aanleiding	1	10
jeugd	1	5
sterfbed	1	8
stiefvader	1	10
geyer	1	5
talent	1	6
logeerde	1	8
ome	1	3
frederieke	1	10
sliep	1	5
pronkbed	1	8
august	1	6
rendante	1	8
jeannette	1	9
thomé	1	5
cantor	1	6
weinlich	1	8
welgestelde	1	11
muziekstudent	1	13
banket	1	6
vluchtende	1	10
poolse	1	6
dirigeertalent	1	14
lauchstädt	1	10
hoofdrolspeelster	1	17
theatergezelschap	1	17
actrice	1	7
inrichting	1	10
opgebouwd	1	9
baarde	1	6
zuinige	1	7
kapelmeester	1	12
königsberg	1	10
blankenstein	1	12
meubelmaker	1	11
begrijf	1	7
tournees	1	8
schuldeisers	1	12
achternagezeten	1	15
riga	1	4
identiteitsbewijs	1	17
doorzoekt	1	9
möller	1	6
vluchtte	1	8
rusland	1	7
onstuimge	1	9
hollaner	1	8
aanbevelingsbrief	1	17
opéra	1	5
uniek	1	5
meyerbeers	1	10
aanbevelingsbrieven	1	19
verslond	1	8
energie	1	7
kwelde	1	6
gejammer	1	8
vernomen	1	8
hofopera	1	8
bijgesloten	1	11
brockhaus	1	9
operahuis	1	9
uiterst	1	7
sfeervol	1	8
fiasco	1	6
januari	1	7
beïnvloedden	1	12
ondernam	1	8
lüttichau	1	9
serieuze	1	8
ongenade	1	8
vakmanschap	1	11
zodanig	1	7
overschat	1	9
meten	1	5
misstap	1	7
geneigd	1	7
vlijt	1	5
werkijver	1	9
financiële	1	10
aanblijven	1	10
rex	1	3
overmaat	1	8
gevolge	1	7
onbegrepen	1	10
tannhäuser	1	10
flop	1	4
wisselde	1	8
revolutionair	1	13
bakunin	1	7
destijds	1	8
verbleef	1	8
tijdgeest	1	9
verleiden	1	9
opstand	1	7
tegenstelling	1	13
heubner	1	7
bakoenin	1	8
weimar	1	6
oversteken	1	10
deelname	1	8
oproer	1	6
verantwoorden	1	13
politie-eenheden	1	16
verzocht	1	8
direcht	1	7
binnenkomt	1	10
oppel	1	5
stadscommandant	1	15
bruin	1	5
politiek	1	8
vluchteling	1	11
zürich	1	6
creatieve	1	9
las	1	3
nibelungen-gedicht	1	18
geïnspireerd	1	12
ideale	1	6
wesendonck	1	10
isdolde	1	7
gebrek	1	6
tact	1	4
verwoestten	1	11
scheidde	1	8
levensgezellin	1	14
teneergeslagen	1	14
stuttgart	1	9
z.m	1	3
beieren	1	7
eerbied	1	7
passende	1	8
ongestoord	1	10
dweperige	1	9
profiteren	1	10
vergeefse	1	9
oprichting	1	10
staatsbank	1	10
klindworth	1	10
paus	1	4
richten	1	7
ondertekenaars	1	14
pleiten	1	7
generale	1	8
residenztheater	1	15
lastercampagnes	1	15
intriges	1	8
vijandige	1	9
kabinetssecretaris	1	18
schatkist	1	9
contant	1	7
allerhoogst	1	11
daalders	1	8
ministerie	1	10
opstandelingen	1	14
avonturier	1	10
berooft	1	7
ondertekenen	1	12
volksoproer	1	11
ultimatum	1	9
dwongen	1	7
petitie	1	7
verzoeken	1	9
beprijpen	1	9
triebschen	1	10
vierwoudstrekenmeer	1	19
heenkomen	1	9
verzwakt	1	8
meistersinger	1	13
componeerde	1	11
somber	1	6
levensmoe	1	9
nibelungen	1	10
cosima	1	6
echtenoot	1	9
bülow	1	5
gemeente	1	8
vertegenwoordigd	1	16
muncker	1	7
bankier	1	7
feustel	1	7
wahnfried	1	9
nibelungenfestspiele	1	20
wilhelm	1	7
i.	1	2
ongeëvenaarde	1	13
spant	1	5
levenswerk	1	10
opgevoerd	1	9
parfisal	1	8
gehore	1	6
overleed	1	8
wenen	1	5
zielepoot	1	9
riijk	1	5
uitstraling	1	11
ija	1	3
ijullie	1	7
tiijd	1	5
despoten	1	8
dictators	1	9
manipulators	1	12
wildemannen	1	11
bananen	1	7
midden-amerikaanse	1	18
historie	1	8
toonbeeld	1	9
liijder	1	7
butler	1	6
zanger	1	6
supervlotte	1	11
knakker	1	7
alfabet	1	7
nuk	1	3
ratelmonster	1	12
figuren	1	7
allereerst	1	10
linksaf	1	7
bordjes	1	7
boerenijongen	1	13
gevaarliijk	1	11
doorluchtigheid	1	15
gedrocht	1	8
hof-adviseur	1	12
dinosaurussen	1	13
yzma's	1	6
ruilt	1	5
typisch	1	7
ophouden	1	8
-eten	1	5
pummels	1	7
adviseur	1	8
nietig	1	6
boertje	1	7
rimpels	1	7
yzma.ja	1	7
thuisjes	1	8
dorpshoofd	1	10
weg.je	1	6
ingekrompen	1	11
keizerrijk	1	10
jarenlang	1	9
plafond	1	7
snack	1	5
dorpsvriend	1	11
groente	1	7
hoeden	1	6
lama's	1	6
mekaar	1	6
zomerparadijsje	1	15
waterglijbaan	1	13
verjaarscadeau	1	14
verhuiskaarten	1	14
dorpje	1	6
fiinito	1	7
althans	1	7
ondankbare	1	10
worm	1	4
ontdoen	1	7
troonopvolger	1	13
drietjes	1	8
vermorzel	1	9
geniaal	1	7
vergiftig	1	9
scheelt	1	7
triomf	1	6
nadert	1	6
lichte	1	6
je-weet-wel	1	11
-prima	1	6
wereldkoning	1	12
rammelt	1	7
drankje.juist	1	13
brandt	1	6
-m'n	1	4
-mooi	1	5
tikje	1	5
hang	1	4
opdrinken	1	9
smaakt	1	6
schenk	1	6
vrind	1	5
broccoli	1	8
extract	1	7
verbeter	1	8
etiketjes	1	9
wegbrengen	1	10
-kronk	1	6
koffiie	1	7
-snel	1	5
klos	1	4
filmmuziek	1	10
zingende	1	8
volbracht	1	9
-niet	1	5
rechte	1	6
spannende	1	9
-jij	1	4
negeren	1	7
mietjesding	1	11
-twee	1	5
kever	1	5
milj	1	4
jeetje	1	6
elleboog	1	8
knagen	1	6
groei	1	5
meet	1	4
stilstaan	1	9
gegroeid	1	8
beestje	1	7
ingeslikt	1	9
-had	1	4
mondje	1	6
zwangere	1	8
gemeten	1	7
loszit	1	6
opblijven	1	9
thuiskwam	1	9
-lomperik	1	9
eisen	1	5
-die	1	4
vet	1	3
misty	1	5
tellen	1	6
-waar	1	5
-rustig	1	7
zeurderige	1	10
boerenspelletje	1	15
stinklama	1	9
lamakop	1	7
veranderde	1	10
-helemaal	1	9
geniale	1	7
boef	1	4
neerzet	1	7
geheimpje	1	9
onderhandel	1	11
drijfzand	1	9
oei	1	3
blad	1	4
enge	1	4
verdwalen	1	9
nature	1	6
heftig	1	6
sprakeloos	1	10
ophoepelen	1	10
killer	1	6
jaguar	1	6
rotvent	1	7
waterval	1	8
rotsen	1	6
-doe	1	4
ík	1	2
mond-op-mond	1	12
verliep	1	7
dakloos	1	7
dwarsliggen	1	11
lemand	1	6
heengaan	1	8
dierbare	1	8
prins	1	5
ontrukt	1	7
voortleven	1	10
kansloos	1	8
schrok	1	6
verwisselde	1	11
dooier	1	6
hofkleermaker	1	13
maatje	1	6
taille	1	6
grafrede	1	8
razende	1	7
welles	1	6
-nietes	1	7
alpacawol	1	9
-inderdaad	1	10
gebreid	1	7
bedacht	1	7
aardigs	1	7
-en	1	3
-laat	1	5
rotzakje.jij	1	12
stout	1	5
-dames	1	6
expres	1	6
samenwerken	1	11
rechtervoet	1	11
-de	1	3
vetzak	1	6
schorpi's	1	9
plukte	1	6
afbrokkelende	1	13
ravijnwand	1	10
-ach	1	4
-heb	1	4
doorzocht	1	9
-doen	1	5
rotjungle	1	9
nachtegaal	1	10
omgang	1	6
junior-bosverkenner	1	19
bosdieren	1	9
-dat	1	4
pieperdepiep-piep-pieps	1	23
opging	1	6
piep-pieper-de-piepjes	1	22
bloedsuiker	1	11
mudka's	1	7
vleeshut	1	8
snoezepoes	1	10
huwelijksreis	1	13
-erg	1	4
dapper	1	6
meeneemt	1	8
uienbalk	1	8
saampjes	1	8
maagzuur	1	8
diepvries-biels	1	15
krokante	1	8
pissebed	1	8
tortelduifjes	1	13
tov	1	3
-even	1	5
babbelen	1	8
-zo	1	3
rondjes	1	7
vork	1	4
schoolworstelen	1	15
metaalbewerking	1	15
ballet	1	6
semesters	1	9
achteraan	1	9
enkels	1	6
-het	1	4
dubieus	1	7
hoofdgerecht	1	12
zwemt	1	5
eetbaar	1	7
nagerecht	1	9
schotels	1	8
visie	1	5
porkschotels	1	12
bonen-kaas	1	10
ui	1	2
steak	1	5
forel	1	5
zeug	1	4
stier	1	5
kieuwen	1	7
-eerst	1	6
simpels	1	7
spinazie-omelet	1	15
toast	1	5
-deze	1	5
dagschotel	1	10
vleespasteitje	1	14
-cheddar	1	8
-wat	1	4
fiijne	1	6
verijaardag	1	11
ijarig	1	6
ijoehoe	1	7
magere	1	6
doodsbang	1	9
-angstaanjagend	1	15
-hoezo	1	6
opgelet	1	7
niksnut	1	7
duideliijk	1	10
pineut	1	6
miij	1	4
kapotmaken	1	10
gerekend	1	8
rots	1	4
brokkelen	1	9
vastpakken	1	10
-ze	1	3
-doodsbang	1	10
stiefnicht	1	10
tweedegraads	1	12
hupten	1	6
stootte	1	7
-wilt	1	5
fiijn	1	5
onhandig	1	8
afwachting	1	10
paca	1	4
-pacha	1	6
double	1	6
dutch	1	5
wisselen	1	8
-achter-oudtante	1	16
klemt	1	5
voegwoord	1	9
mahoniehout	1	11
-jullie	1	7
mormels	1	7
familiereunie	1	13
-geen	1	5
leeuwen	1	7
tijgers	1	7
beren	1	5
jee	1	3
logisch	1	7
permanent	1	9
ontsloeg	1	8
ironie	1	6
afhankelijkheid	1	15
-dan	1	4
haakt	1	5
bink	1	4
wachtten	1	8
-dit	1	4
foutje	1	6
koe	1	3
joepie	1	6
leeglopen	1	9
-zocht	1	6
-heus	1	5
trampoline	1	10
vóór	1	4
win	1	3
hebbes	1	6
valluik	1	7
rebel	1	5
gejokt	1	6
-pieper-de-piep	1	15
-piep-de-pieper	1	15
-pieper-de-piep-piep	1	20
pieps	1	5
-kanjers	1	8
king	1	4
baggot	1	6
dubbelrol	1	9
alice	1	5
verzorging	1	10
ongehoorde	1	10
besteedt	1	8
huispersoneel	1	13
logies	1	6
verwondingen	1	12
drj	1	3
wereldse	1	8
martelaar	1	9
dozen	1	5
faal	1	4
ongelovig	1	9
dosis	1	5
tegengif	1	8
apotheek	1	8
job@whatkeepsmebusy@today	1	25
alhambra	1	8
gelyk	1	5
waardig	1	7
wanhoopsdaad	1	12
alhambra-theater	1	16
getracht	1	8
beroven	1	7
tyd	1	3
feitelyk	1	8
behandelde	1	10
uitnoodiging	1	12
amerikaansche	1	13
vliegkamp	1	9
milliardair	1	11
voorgesteld	1	11
dadelyk	1	7
smoorlyk	1	8
bal	1	3
biedt	1	5
verneemt	1	8
aanstaande	1	10
huwelyk	1	7
begrypt	1	7
blyven	1	6
dulden	1	6
altyd	1	5
weest	1	5
elken	1	5
prys	1	4
overwinnaar	1	11
trachten	1	8
daling	1	6
kilometers	1	10
verschrikkelyk	1	14
aviateirkongeluk	1	16
gestort	1	7
vreeselyk	1	9
grysaards	1	9
verdwynt	1	8
onversaagde	1	11
wederziet	1	9
tegenovergestelde	1	17
zorgvuldigheid	1	14
verpleegt	1	9
gekwetste	1	9
welbeminde	1	10
zukor	1	5
presenteert	1	11
bernhardt	1	9
lou	1	3
tellegen	1	8
mlle	1	4
romain	1	6
maxudian	1	8
angstig	1	7
spaanse	1	7
armada	1	6
bevangen	1	8
enthousiasme	1	12
drake	1	5
verkondigt	1	10
spanjaarden	1	11
gunsteling	1	10
vrouwtjes	1	9
windsor	1	7
schavot	1	7
schuift	1	7
luitenant-generaal	1	18
verdediger	1	10
betrokkenen	1	11
gegroet	1	7
behaagd	1	7
gouverneur-generaal	1	19
treft	1	5
vertrouwt	1	9
aartsvijand	1	11
waarin	1	6
beschuldigen	1	12
genadige	1	8
lands	1	5
belangen	1	8
ontrouw	1	7
oppakken	1	8
westminster	1	11
berechting	1	10
onderwerping	1	12
informeert	1	10
intenties	1	9
gezwicht	1	8
smeekbeden	1	10
theems	1	6
doodvonnis	1	10
howard	1	6
walden	1	6
constable	1	9
tower	1	5
middels	1	7
doodstraf	1	9
voltrekken	1	10
dwingt	1	6
vergeve	1	7
takelde	1	7
vergaat	1	7
roem	1	4
teen	1	4
times	1	5
square	1	6
karachi	1	7
pakistan	1	8
verzekeraar	1	11
hoofdkantoor	1	12
gehele	1	6
bevolking	1	9
natchez	1	7
mississippi	1	11
normale	1	7
polissen	1	8
premie-administratie-afdeling	1	29
calvin	1	6
clifford	1	8
netto	1	5
gespreid	1	8
liften	1	6
aankunnen	1	9
opstoppingen	1	12
doorwerken	1	10
ambitieus	1	9
probleempje	1	11
loopafstand	1	11
central	1	7
tweedehands	1	11
airco	1	5
cape	1	4
canaveral	1	9
buitengesloten	1	14
lawaai	1	6
ingebroken	1	10
overschoenen	1	12
bespraken	1	9
wodka	1	5
vermouth	1	8
flessen	1	7
afrekenen	1	9
huisbezoek	1	10
schrafft's	1	10
prikker	1	7
nieren	1	6
fit	1	3
pikkie	1	6
opmaakt	1	7
tegenvallen	1	11
rustiger	1	8
filmklassiekers	1	15
presenteren	1	11
rookt	1	5
claims	1	6
filters	1	7
wiebelt	1	7
kunstgebit	1	10
joe	1	3
administratie	1	13
gescoord	1	8
slaappil	1	8
maandelijkse	1	12
efficiëntielijst	1	16
verprutsen	1	10
efficiënt	1	9
tekort	1	6
kwartier	1	8
zuchtje	1	7
kessel	1	6
flink	1	5
cijfers	1	7
ziektekostenafdeling	1	20
new-yorker	1	10
drommel	1	7
drempel	1	7
twintigste	1	10
vlek	1	4
muur	1	4
oplichter	1	9
efficiëntierapport	1	18
relations	1	9
typ	1	3
ingepland	1	9
afzeggen	1	8
taart	1	5
turks	1	5
facturering	1	11
thuisgekomen	1	12
untouchables	1	12
stack	1	5
wedje	1	5
efficiëntie	1	11
gegund	1	6
afdoet	1	6
hoogteverschil	1	14
snuit	1	5
berichten	1	9
behulpzaam	1	10
vindingrijk	1	11
gratis	1	6
overwerkt	1	9
stapelt	1	7
pr	1	2
eichelberg	1	10
compliment	1	10
fowler	1	6
populair	1	8
telefoons	1	9
rekenmachines	1	13
kentucky	1	8
loyale	1	6
vindingrijke	1	12
behulpzame	1	10
avond-	1	6
cursus	1	6
boekhouding	1	11
gevorderden	1	11
collega	1	7
biltmore	1	8
smoking	1	7
poppen	1	6
onbetamelijk	1	12
clubje	1	6
personeel	1	9
rotte	1	5
appelen	1	7
mand	1	4
narigheid	1	9
tommy	1	5
tandarts	1	8
gaatjes	1	7
kaartjes	1	8
aspirines	1	9
kruip	1	5
scherpzinnig	1	12
fantasierijk	1	12
gereorganiseerd	1	15
zachtjes	1	8
pick-up	1	7
appels	1	6
morocco	1	7
hamburger	1	9
burgerkleding	1	13
erheen	1	6
nieuwsgierig	1	12
ideetje	1	7
kaartje	1	7
majestic	1	8
foyer	1	5
naderhand	1	9
dansles	1	7
chico	1	5
verzekerings-	1	13
sofi-nummer	1	11
mazelen	1	7
daiquiri	1	8
afgeknipt	1	9
lok	1	3
portemonnee	1	11
bijhoud	1	7
zoet-zuur	1	9
stapel	1	6
overheen	1	8
ongetrouwde	1	11
horloge	1	7
rent	1	4
mok	1	3
oploskoffie	1	11
bestellen	1	9
lek	1	3
negligé	1	7
reddingsvest	1	12
elpee	1	5
lekke	1	5
vloerkleed	1	10
teamwork	1	8
teleurgesteld	1	13
privé-bezit	1	11
speelruimte	1	11
egoïstisch	1	10
volkswagen	1	10
bedreigt	1	8
teleur	1	6
beschamen	1	9
bemoeit	1	7
knalfuif	1	8
kleinere	1	8
vermeed	1	7
onvergeeflijk	1	13
lieverdje	1	9
administratief	1	14
onderassistent	1	14
mensenkennis	1	12
fatsoen	1	7
proost	1	6
hoofde	1	6
ambt	1	4
voegen	1	6
inboorlingen	1	12
ongevaarlijk	1	12
ponsmachine	1	11
geofferd	1	8
geprikt	1	7
sheldrake's	1	11
seattle	1	7
invaliditeit	1	12
tafeltje	1	8
weggaat	1	7
banaan	1	6
olson	1	5
kostte	1	6
flaneren	1	8
fifth	1	5
pz	1	2
mik	1	3
kerstkaart	1	10
oudere	1	6
prettige	1	8
opgetuigd	1	9
insgelijks	1	10
charlie	1	7
bourbon	1	7
arreslee	1	8
cuba	1	4
blaaskaak	1	9
jockey	1	6
toediende	1	9
bewoog	1	6
beleven	1	7
schoonfamilie	1	13
begrijpend	1	10
lachebekje	1	10
grappigs	1	8
kantoorfeest	1	12
slippertje	1	10
ongeveer	1	8
doodgelachen	1	12
nagaan	1	6
mascara	1	7
opdoen	1	6
kerstavond	1	10
krokodillentassen	1	17
bergdorf	1	8
optuigen	1	8
opfrissen	1	9
chihuahua	1	9
margie	1	6
knus	1	4
huisje	1	6
bevindt	1	7
notoire	1	7
gut	1	3
kippenvel	1	9
voorbereiding	1	13
uitchecken	1	10
wenst	1	5
opdondert	1	9
nagel	1	5
ijsla	1	5
vastzat	1	7
ruw	1	3
noodgeval	1	9
verrot	1	6
halfvol	1	7
badkamer	1	8
stroop	1	6
rechtermouw	1	11
ernstigs	1	8
geliefden	1	9
pikte	1	5
kerstcadeau	1	11
concentreer	1	11
behoorlijke	1	11
kater	1	5
gezond	1	6
zwaarder	1	8
berekenen	1	9
achternaam	1	10
k's	1	3
mensch	1	6
kerstman	1	8
gemarcheer	1	10
manoeuvre	1	9
vrijgezellen	1	12
dichtgedaan	1	11
respectabel	1	11
oscar	1	5
j.d	1	3
vlieg	1	5
baby-vliegen	1	12
overdosis	1	9
lastigvallen	1	12
kantje	1	6
afhandelen	1	10
erbuiten	1	8
pers.	1	5
gelukje	1	7
casanova	1	8
klomp	1	5
poetsen	1	7
tandenborstel	1	13
sinaasappel	1	11
sinaasappels	1	12
lazer	1	5
patser	1	6
gelogeerd	1	9
watten	1	6
zier	1	4
meiske	1	6
duizelig	1	8
noedelsoep	1	10
keukenpapier	1	12
beatnik	1	7
reclame	1	7
nette	1	5
keurig	1	6
playboy	1	7
betrouwbare	1	11
sticht	1	6
kanen	1	5
gil	1	3
vleiend	1	7
envelop	1	7
verscheuren	1	11
tv	1	2
rummy	1	5
samenzijn	1	9
automatiek	1	10
dierentuin	1	10
ophoud	1	6
auto-ongelukken	1	15
verzekeringsrisico	1	18
majorette	1	9
vakjes	1	6
financier	1	9
pittsburgh	1	10
onregelmatigheden	1	17
betaalden	1	9
secretaresse-opleiding	1	22
solliciteerde	1	13
typ-test	1	8
typen	1	5
wint	1	4
overstuur	1	9
pen	1	3
topkaarten	1	10
wegdoen	1	7
gehakt	1	6
speeltje	1	8
hoofdprijs	1	10
opendoen	1	8
hoogstens	1	9
been	1	4
malen	1	5
gepraat	1	7
maandsalaris	1	12
compensatie	1	11
ontsla	1	6
opvolgsters	1	11
privé-nummer	1	12
premie-administratie	1	20
douche	1	6
o.	1	2
klem	1	4
pizza	1	5
razend	1	6
afspreken	1	9
longchamps	1	10
madison	1	7
pleeg	1	5
privé-telefoontje	1	17
loper	1	5
aangezet	1	8
aangestoken	1	11
sokken	1	6
drieënhalf	1	10
tennisracket	1	12
italiaans	1	9
afgegoten	1	9
haarspelden	1	11
lipstick	1	8
wimpers	1	7
roerstaafje	1	11
stork	1	5
uiensoep	1	8
asperges	1	8
blik	1	4
radeloos	1	8
spul	1	4
verwerkt	1	8
verwerken	1	9
bestond	1	7
pistool	1	7
lommerd	1	7
reed	1	4
eden	1	4
cincinnati	1	10
parkeerde	1	9
laadde	1	6
dood-	1	5
verzint	1	7
liftbediende	1	12
navraag	1	7
kantooradministratie	1	20
gedeserteerd	1	12
terechtkwamen	1	13
tegenwoordig	1	12
verkleden	1	9
handig	1	6
racket	1	6
backhand	1	8
gehaktballen	1	12
kaarsen	1	7
elegantie	1	9
robinson	1	8
crusoe	1	6
voetafdruk	1	10
sullivan	1	8
dinah	1	5
shore	1	5
perry	1	5
como	1	4
mae	1	3
lel	1	3
injectie	1	8
gun	1	3
arrogant	1	8
realiseer	1	9
financieel	1	10
weggegaan	1	9
logeer	1	6
roy	1	3
thomson	1	7
denver	1	6
boedel	1	6
verdeeld	1	8
vrijgezellenbestaan	1	19
extraatjes	1	10
onkostenrekening	1	16
ingeschat	1	9
personeelsverloop	1	17
toegelaten	1	10
doktersadvies	1	13
hersenchirurgen	1	15
oor-	1	4
neus-	1	5
keelarts	1	8
proctoloog	1	10
verpleegsters	1	13
duurde	1	6
atlantic	1	8
hotelkamer	1	10
rollebollen	1	11
gepland	1	7
onverlaat	1	9
stapelgek	1	9
bewerktt	1	8
thewildbunch	1	12
graham	1	6
innemen	1	7
wezens	1	6
verdelen	1	8
test	1	4
geaccepteerde	1	13
huwelijkskandidaat	1	18
predikant	1	9
herhaald	1	8
bedwang	1	7
studeerkamer	1	12
vrouwelijke	1	11
sensatie-drama	1	14
artisten	1	8
vitagraph	1	9
company	1	7
vrouwe-	1	7
lijke	1	5
tea-	1	4
dansant	1	7
schulden	1	8
financieelen	1	12
lezers	1	6
mededeelen	1	10
fortuin	1	7
dezer	1	5
meerderjarige	1	13
mejuffrouw	1	10
financieele	1	11
zrogen	1	6
aandeelen	1	9
koopen	1	6
asherstraat	1	11
herkrijgen	1	10
terugzien	1	9
here	1	4
warrington	1	10
who	1	3
just	1	4
placed	1	6
department	1	10
levensgeschiedenis	1	18
merkteeken	1	10
zuid-afrika	1	11
diamantmijnen	1	13
naa	1	3
vereenigde-staten	1	17
keeren	1	6
duister	1	7
verzekeren	1	10
oogenschijnlijk	1	15
gelooven	1	8
zoodoende	1	9
diamanten	1	9
gebrandmerkt	1	12
berg-werken	1	11
ontvluchten	1	11
doodelijk	1	9
ongeruste	1	9
doktor	1	6
nordisk	1	7
denemarken	1	10
sara	1	4
margaretha's	1	12
orphan	1	6
gunnar	1	6
tolnaes	1	7
carlo	1	5
wieth	1	5
johanne	1	7
fritz-petersen	1	14
artsen	1	6
opzienbarend	1	12
krachtmiddel	1	12
gevorderd	1	9
krachtserum	1	11
favoriet	1	8
vakkringen	1	10
uiteindelijke	1	13
resultaat	1	9
hooggespannen	1	13
verwachtingen	1	13
ontevreden	1	10
vreugdeloze	1	11
heimelijke	1	10
benijdt	1	7
bezat	1	5
glijdt	1	6
begeleid	1	8
opvolgt	1	7
onbaatzuchtigheid	1	17
margarethas	1	11
speelbank	1	9
zwart	1	5
unpair	1	6
onthoudt	1	8
gesprongen	1	10
gaarne	1	6
overplaatsing	1	13
tooisel	1	7
brenger	1	7
wien	1	4
omtmoet	1	7
tegenwoordigheid	1	16
weten-	1	6
schappelijk	1	11
onder-	1	6
zoekingen	1	9
zoo'n	1	5
gewichtige	1	10
opknappen	1	9
gelieve	1	7
mej.	1	4
vijfduizend	1	11
weled	1	5
geleerde	1	8
schermen	1	8
schond	1	6
doodelijker	1	11
wonde	1	5
toegebracht	1	11
kortelings	1	10
kamter	1	6
walpurgesnacht	1	14
zooals	1	6
bloksberg	1	9
kliniek	1	7
gestorven	1	9
kampers	1	7
nasporingen	1	11
heilvolle	1	9
geneeskundige	1	13
vakbladen	1	9
heden	1	5
kanker	1	6
daarmede	1	8
groote	1	6
onderzoeker	1	11
geheele	1	7
menschdom	1	9
verzekerd	1	9
mephisto's	1	10
laaste	1	6
mark-paul	1	9
meyer	1	5
mederwerking	1	12
det	1	3
danske	1	6
veroverd	1	8
dienstweigeraars	1	16
vernedering	1	11
symbool	1	7
reus	1	4
plaatje	1	7
scheef	1	6
infantiel	1	9
pik	1	3
bevorderd	1	9
bijten	1	6
ingekleurd	1	10
pirouette	1	9
eustace	1	7
luchtje	1	7
scheppen	1	8
milords	1	7
johnson	1	7
offer	1	5
grootser	1	8
daartoe	1	7
formeer	1	7
intieme	1	7
vlammende	1	9
aanvoeren	1	9
isabelle	1	8
speer	1	5
moslimfanatici	1	14
zelfverklaarde	1	14
messias	1	7
leverden	1	8
heldhaftig	1	10
achterhoedegevecht	1	18
afgeslacht	1	10
verscheidene	1	12
regimenten	1	10
inschepen	1	9
schonk	1	6
wereldwijd	1	10
imperium	1	8
opdat	1	5
soevereine	1	10
uitvoer	1	7
behalen	1	7
nobeler	1	7
spanning	1	8
godvergeten	1	11
nare	1	4
afgehakt	1	8
vermoed	1	7
procedure	1	9
afwijzen	1	8
zorgvuldig	1	10
accepteer	1	9
kazerne	1	7
verse	1	5
bespeurde	1	9
twijfelen	1	9
duidelijke	1	10
aankomt	1	7
minachting	1	10
meegegaan	1	9
grap	1	4
hoorden	1	7
verscheept	1	10
helderen	1	8
mijd	1	4
kroegen	1	7
bordelen	1	8
christelijk	1	11
gesneuvelde	1	11
gewonde	1	7
slok	1	4
makker	1	6
sluipschutter	1	13
afstijgen	1	9
neerleggen	1	10
waartoe	1	7
vernederingen	1	13
onderging	1	9
bedriegen	1	9
angsten	1	7
betaalde	1	8
arabier	1	7
hoeren	1	6
rapport	1	7
lof	1	3
parlement	1	9
gordon	1	6
geweigerd	1	9
helden	1	6
saadi	1	5
mahdi-territorium	1	17
bevallen	1	8
loyaliteit	1	10
christelijke	1	12
waarden	1	7
volgelingen	1	11
opstandige	1	10
mobiliseren	1	11
versterkingen	1	13
uitrukken	1	9
verpletteren	1	12
waarborgen	1	10
verwijten	1	9
stoms	1	5
boet	1	4
scheidsrechter	1	14
slavenstam	1	10
bagagedrager	1	12
veldtocht	1	9
ontzetting	1	10
vanzelfsprekend	1	15
terugdraaien	1	12
glorieuze	1	9
wolseley	1	8
parasols	1	8
hicks	1	5
verbergt	1	8
verlegen	1	8
behouden	1	8
korporaal	1	9
halfdood	1	8
doorkruiste	1	11
bescherm	1	8
plaatste	1	8
christen	1	8
beledigd	1	8
ontkomen	1	8
william	1	7
smerige	1	7
egyptenaren	1	11
zwichten	1	8
spionage	1	8
lik	1	3
moslims	1	7
vijandelijke	1	12
hamilton	1	8
halfnaakte	1	10
kletsverhaal	1	12
aanhoor	1	7
gebed	1	5
billijk	1	7
datgene	1	7
ducht	1	5
compagniesectie	1	15
bajonetten	1	10
gewapend	1	8
sergeant	1	8
kwartdraai	1	10
formeren	1	8
compagniesecties	1	16
aantreden	1	9
handhaaf	1	8
vizier	1	6
compagnieën	1	11
bloedschuld	1	11
post	1	4
oplopen	1	7
kameel	1	6
lavendel	1	8
uien	1	4
zondagse	1	8
onderscheidingen	1	16
terugtocht	1	10
joeg	1	4
geneesmiddelen	1	14
achterblijvers	1	14
gidsen	1	6
keerden	1	7
roetmop	1	7
luisterde	1	9
voorzorgen	1	10
overlevenden	1	12
geruchten	1	9
schenken	1	8
hoogmoed	1	8
machtiger	1	9
brit	1	4
opgehangen	1	10
engelsen	1	8
ibrahim	1	7
voedsel	1	7
openmaken	1	9
voedselresten	1	13
idris	1	5
uitgeroeid	1	10
artillerie-aanvallen	1	20
hassan	1	6
daarentegen	1	11
omkoopbaar	1	10
wilton's	1	8
privé-vertrek	1	13
pinten	1	6
ober	1	4
vrijkomen	1	9
rot	1	3
bewakers	1	8
omkopen	1	7
aankan	1	6
verlamd	1	7
uitgewerkt	1	10
da's	1	4
trakteren	1	9
kogels	1	6
hoezeer	1	7
overgaan	1	8
converseren	1	11
ethne's	1	7
rijtuig	1	7
daarbuiten	1	10
meegekomen	1	10
opnam	1	5
achterlieten	1	12
charge	1	6
aanvoerden	1	10
veegde	1	6
vloer	1	5
muziektent	1	10
danste	1	6
juichten	1	8
gereisd	1	7
soldaats	1	8
wereldrijken	1	12
wegvallen	1	9
doorbrachten	1	12
marlboro	1	8
aka	1	3
script	1	6
laurids	1	7
skands	1	6
lieutenant	1	10
karen	1	5
sandberg	1	8
hermann	1	7
spiro	1	5
schout-admiraal	1	15
lampretch	1	9
oppas	1	5
amanda	1	6
lund	1	4
​​het	1	5
kruiser	1	7
gelderland	1	10
vloot	1	5
naderen	1	7
personages	1	10
inlichtingen	1	12
ingesloten	1	10
achterdochtig	1	13
bijwoont	1	8
afbeelding	1	10
admiraal	1	8
dageraad	1	8
haasten	1	7
doorzoek	1	8
spinelli's	1	10
notulen	1	7
handlangers	1	11
​​klaar	1	7
vergat	1	6
intelligentie	1	13
ontvanger	1	9
zuiveren	1	8
beken	1	5
bezorg	1	6
rampzalige	1	10
levensschets	1	12
francesca	1	9
bertini	1	7
angelo	1	6
gallina	1	7
andré	1	5
habay	1	5
fulvia	1	6
perrini	1	7
verstandhouding	1	15
laatsten	1	8
ijverzucht	1	10
geschokt	1	8
jaloersch	1	9
gastvrouw	1	9
reikt	1	5
souvenirs	1	9
genoodigden	1	11
gemalin	1	7
eenigste	1	8
gedachten	1	9
gister	1	6
samenleven	1	10
wederzijdsche	1	13
goedvinding	1	11
stemt	1	5
bereiden	1	8
vervullen	1	9
toegenegen	1	10
marquis	1	7
beaurivage	1	10
weldadigheids-commissie	1	23
menschen	1	8
toevertrouwd	1	12
verzuim	1	7
phototje	1	8
particuliere	1	12
toont	1	5
photographie	1	12
beschermelingen	1	15
dagvaarding	1	11
onzen	1	5
pikant	1	6
levendige	1	9
bekenden	1	8
ontnemen	1	8
opvoeding	1	9
monte-carlo	1	11
verlangend	1	10
moederhart	1	10
moedertje	1	9
booze	1	5
gevolgen	1	8
speelzucht	1	10
collier	1	7
morillot	1	8
artiste	1	7
optreedt	1	8
variété	1	7
théater	1	7
clou	1	4
maandelijksche	1	14
gage	1	4
ontvangt	1	8
ofschoon	1	8
geschenkt	1	9
beleenen	1	8
onbemerkt	1	9
achtervolgd	1	11
meebrengen	1	10
toekomen	1	8
onderteekent	1	12
aanplakbiljetten	1	16
waart	1	5
sensatie-avond	1	14
aanhoudend	1	10
doodendans	1	10
afsluiten	1	9
campagne	1	8
afval	1	5
eyewitness	1	10
gps	1	3
politici	1	8
rijkere	1	7
vissersman	1	10
uitzicht	1	8
dierenplaneet	1	13
brochure	1	8
wonderbaarlijk	1	14
mailing	1	7
keukenkastjes	1	13
maple	1	5
regenwoud	1	9
gerechten	1	9
verdwaalde	1	10
samengevat	1	10
fase	1	4
huisdans	1	8
schattige	1	9
specifiek	1	9
lekkere	1	7
temperatuur	1	11
hechter	1	7
karwei	1	6
betreffen	1	9
verkiezingsbelofte	1	18
gefaald	1	7
uitgekozen	1	10
verantwoording	1	14
meebrengt	1	9
alarm	1	5
baxters	1	7
alpha	1	5
onderdelen	1	10
zó	1	2
kahuna	1	6
écht	1	4
michel	1	6
geheugen	1	8
koffiegewoontes	1	15
s-morgens	1	9
decafé	1	6
decafé-expresso	1	15
geserveerde	1	11
gebakje	1	7
sociaal	1	7
pingpongtafel	1	13
kentekenplaat	1	13
hol	1	3
achtergrond	1	11
power-bureau	1	12
verderop	1	8
publiciteit	1	11
barbecue	1	8
hotdog	1	6
onderonsje	1	10
onderbreken	1	11
assistente	1	10
indienen	1	8
burgerintegratie	1	16
vice-congreslid	1	15
gestemd	1	7
hr	1	2
bekent	1	6
cinplan	1	7
ontwikkelingsprojecten	1	22
privé-gebieden	1	14
groots	1	6
springt	1	7
pennsilvania	1	12
document	1	8
tijdklok	1	8
kareem	1	6
hét	1	3
veranderingtijd	1	15
zelfde	1	6
aflevering	1	10
bestelt	1	7
united	1	6
states	1	6
woordspeling	1	12
dennepijnboomhout	1	17
huizen	1	6
housewarming	1	12
verstuurd	1	9
gereedschappen	1	14
carol	1	5
internet	1	8
kabel	1	5
schoonmaakfreak	1	15
uiterlijk	1	9
linkertepel	1	11
rechtertepel	1	12
wijsheid	1	8
controleer	1	10
zebrapad	1	8
maagd	1	5
schrikken	1	9
mail	1	4
pagina	1	6
opschrijf	1	9
langkins	1	8
ressorthouse	1	12
pluim	1	5
alex	1	4
gram	1	4
naald	1	5
rocksterplaten	1	14
parkeren	1	8
comitébijeenkomst	1	17
g.m.a.c	1	7
haai	1	4
compleet	1	8
republiek	1	9
onverdeelbaarheid	1	17
rechtvaardigheid	1	16
chuck	1	5
financiëncomité	1	15
studiekamer	1	11
betrek	1	6
gelezen	1	7
doorgelezen	1	11
flauwvallen	1	11
on-amerikaans	1	13
aaaa	1	4
vloed	1	5
verbouwing	1	10
aanwerkt	1	8
suikergevecht	1	13
ijsje	1	5
gekkenwerk	1	10
bui	1	3
nagedacht	1	9
five	1	4
duiven	1	6
katjes	1	6
tod	1	3
wase	1	4
means	1	5
speculatie	1	10
eugne	1	5
stringer	1	8
baxter's	1	8
stafmanager	1	11
daniels	1	7
uitvoerende	1	11
modieus	1	7
vastberaden	1	11
dekhengst	1	9
binnengekomen	1	13
volières	1	8
beweging	1	8
schepsels	1	9
domineren	1	9
maling	1	6
roodharige	1	10
specht	1	6
milieudeskundigen	1	17
uitgebeeld	1	10
voortaan	1	8
verrassingen	1	12
maximum	1	7
nul	1	3
risicovol	1	9
vlogen	1	6
babygeweer	1	10
opendoet	1	8
vogelgriep	1	10
ziektekostenrekeningen	1	22
oost	1	4
zonverlies	1	10
grondgebied	1	11
arkding	1	7
handeling	1	9
vul	1	3
ouderwetse	1	10
schepper	1	8
bergman	1	7
hypotheek	1	9
verkopen	1	8
spek	1	4
verrassen	1	9
verrasing	1	9
lennon	1	6
zeilen	1	6
midlife	1	7
wegzeilen	1	9
bouwproject	1	11
weekenden	1	9
marlboroman	1	11
loos	1	4
klik	1	4
bee	1	3
gee	1	3
coma	1	4
weerwolf	1	8
look	1	4
overdreven	1	10
zwerver	1	7
superknip	1	9
-scheerbeurt	1	12
puberteit	1	9
intentieverklaring	1	18
heriner	1	7
ondertekent	1	11
uitziet	1	7
scheert	1	7
kapperzaak	1	10
dekken	1	6
stotteren	1	9
sluier	1	6
oorbellen	1	9
zakken	1	6
vrouwending	1	11
liefdesleven	1	12
peppen	1	6
locos	1	5
machina	1	7
fan	1	3
overhandigde	1	12
lijk	1	4
beatle	1	6
koek	1	4
slik	1	4
dory	1	4
erover	1	6
ervaren	1	7
voedselketen	1	12
gemeenschap	1	11
jim	1	3
jaykins	1	7
tenesee	1	7
fris	1	4
blackhole	1	9
freeman	1	7
meedoen	1	7
groepsman	1	9
ondersteunt	1	11
doorvoeren	1	10
vlooienbaal	1	11
doorrollen	1	10
boomstammen	1	11
onbreekbare	1	11
bobbie	1	6
droge	1	5
voortgezet	1	10
achterin	1	8
varkensvlees	1	12
pita	1	4
verscheen	1	9
voorbereid	1	10
afscheerde	1	10
comfortabel	1	11
mogelij	1	7
yogaklas	1	8
grapjes	1	7
bewegingen	1	10
limonade	1	8
citroenen	1	9
raap	1	4
paardenstaart	1	13
wenkbrauwen	1	11
creëren	1	7
toename	1	7
tijdelijke	1	10
houdem	1	6
cosponsors	1	10
dodd	1	4
hughes	1	6
kledingmetamorfose	1	18
oscars	1	6
whoopi	1	6
toneelspeler	1	12
verkleed	1	8
ervandaan	1	9
circusact	1	9
macheert	1	8
dierenkudde	1	11
droogst	1	7
heeste	1	6
verwachten	1	10
curriculum	1	10
verwijderen	1	11
verhuizen	1	9
erlangs	1	7
commentaar	1	10
ongeschoren	1	11
verschijning	1	12
gekker	1	6
vult	1	4
verzameld	1	9
giraffen	1	8
jackass	1	7
muilezel	1	8
stumpers	1	8
toilet	1	6
bijvullen	1	9
beschouw	1	8
verhalenverteller	1	17
liefdesverhaal	1	14
buitenkans	1	10
bidt	1	4
geduldig	1	8
dichter	1	7
doezelige	1	9
verassing	1	9
campagnebelofte	1	15
verlaag	1	7
hierboven	1	9
leuker	1	6
doormaakt	1	9
bouwoverschrijdingen	1	20
ma	1	2
vijven	1	6
huren	1	5
hamer	1	5
spugen	1	6
misbruikt	1	9
hielpen	1	7
nieuwsbus	1	9
voortgang	1	9
viezigheid	1	10
virginia	1	8
uitwerpselen	1	12
nieuwsman	1	9
holbewoner	1	10
wasbeurt	1	8
corvette	1	8
beagle	1	6
rat	1	3
kregen	1	6
christopher	1	11
investeerders	1	13
inwoners	1	8
ontwikkelaar	1	12
bouwbesluiten	1	13
bouweisen	1	9
national	1	8
maatjes	1	7
wetsvoortstel	1	13
principes	1	9
capitol	1	7
naderend	1	8
ahap	1	4
zonnig	1	6
zonvloed	1	8
kiezer	1	6
gekte	1	5
treed	1	5
mogelijkheden	1	13
vooruitgang	1	11
gerechtelijk	1	12
dwangbevel	1	10
evacueer	1	8
watervloedgolf	1	14
bewustzijn	1	10
verrekte	1	8
traangas	1	8
sloperskogel	1	12
spuugt	1	6
droogte	1	7
beschutting	1	11
droog	1	5
bloody	1	6
watertekort	1	11
miscalculatie	1	13
hoeveelheid	1	11
wolken	1	6
veroorzaken	1	11
dé	1	2
cut	1	3
corners	1	7
bouwregels	1	10
lake	1	4
vernoemd	1	8
helling	1	7
beelden	1	7
stormvloed	1	10
memorial	1	8
bridge	1	6
beveel	1	6
waterschade	1	11
geregend	1	8
bevestig	1	8
allemachtig	1	11
parkeer	1	7
doorbroken	1	10
verzwolgen	1	10
opgezet	1	7
voorkant	1	8
achterkant	1	10
stemming	1	8
uitgesteld	1	10
hangende	1	8
belangenverstrengeling	1	22
teruggebracht	1	13
leefomgeving	1	12
afgevaardigden	1	14
capital	1	7
balans	1	6
lust	1	4
wennen	1	6
rondhangen	1	10
tegengewerkt	1	12
zetje	1	5
spendeerd	1	9
geproduceerd	1	12
produceerde	1	11
sensationele	1	12
internationale	1	14
hit	1	3
katherine	1	9
sanders	1	7
doktersvilla	1	12
verwelkomen	1	11
sloop	1	5
haveloze	1	8
heimelijk	1	9
verlichte	1	9
krakende	1	8
geweervuur	1	10
snijden	1	7
yvonne	1	6
kinderziekenhuis	1	16
chirurg	1	7
lastpakken	1	10
groet	1	5
clifton	1	7
draden	1	6
verschrikkelijke	1	16
circusmoord	1	11
arlton	1	6
onmenselijk	1	11
laken	1	5
bedekte	1	7
kalmeerde	1	9
plunderaar	1	10
rentmeester	1	11
goedgelovig	1	11
schrik	1	6
nachtmerrie	1	11
vermoordt	1	9
overhaalden	1	11
huilt	1	5
veertien	1	8
openingsavond	1	13
gepresteerd	1	11
monsterman	1	10
ontkend	1	7
heropend	1	8
klinken	1	7
onheilspellend	1	14
wilken's	1	8
branden	1	7
ongewoon	1	8
lawaaierig	1	10
geadopteerd	1	11
anoniem	1	7
ongebruikelijk	1	14
bekendgemaakt	1	13
sikes	1	5
adopteren	1	9
voorleggen	1	10
meegegeven	1	10
gesluierde	1	10
schittering	1	11
vluchtige	1	9
sleepte	1	7
uitputting	1	10
bankje	1	6
parkbomen	1	9
zwalpte	1	7
vraatzuchtige	1	13
morton	1	6
lucifer	1	7
maat	1	4
schrijnwerkerij	1	15
john's	1	6
verwarde	1	8
waakhond	1	8
nachtwacht	1	10
noord	1	5
watson	1	6
pleegzoon	1	9
verzorgen	1	9
expeditie	1	9
krokodillen	1	11
chinks	1	6
medaillon	1	9
misdaad	1	7
gewelddadige	1	12
vlaag	1	5
vrijgesproken	1	13
toeschouwers	1	12
schijnwerpers	1	13
ka	1	2
kin	1	3
fu	1	2
ko	1	2
liang	1	5
fakirs	1	6
wijnkelder	1	10
julli	1	5
slepende	1	8
terugleidden	1	12
fluisterden	1	11
verraadde	1	9
slaapkamer	1	10
sluwheid	1	8
gelovend	1	8
medicijnenkoffer	1	16
ijzeren	1	7
flits	1	5
zakmes	1	6
dichtstbijzijnde	1	16
blaf	1	4
geblaf	1	6
eindigde	1	8
angstaanjagend	1	14
gerochel	1	8
hal	1	3
gemoedsrust	1	11
ochtendkamer	1	12
onthou	1	6
annie	1	5
mama's	1	6
vrouwtje	1	8
aankwam	1	7
trof	1	4
bewusteloos	1	11
gereinigd	1	9
verenigd	1	8
samenvatting	1	12
bewerkte	1	8
incomplete	1	10
nitraatprint	1	12
bergplaats	1	10
afgedankte	1	10
dawson	1	6
yukon	1	5
pathé	1	5
pictures	1	8
visuele	1	7
kwaliteit	1	9
verkorte	1	8
oorsprong	1	9
aanwezig	1	8
prints	1	6
sequenties	1	10
opvullen	1	8
beperkte	1	8
verminderen	1	11
effecten	1	8
materiaaldegradatie	1	19
beschikbare	1	11
ontbraken	1	9
tri-stone-titelscript	1	21
aanduiding	1	10
rechterbenedenhoek	1	18
voltooid	1	8
cinémathèque	1	12
française	1	9
san	1	3
francisco	1	9
silent	1	6
festival	1	8
s.a	1	3
enterprises	1	11
inc.	1	4
douglas	1	7
fairbanks	1	9
allan	1	5
dwan	1	4
bret	1	4
harte's	1	7
pittoreske	1	10
californië	1	10
uitgestoten	1	11
natuurkenner	1	12
halfbloed-wees	1	14
grootgebracht	1	13
tradities	1	9
l'eau	1	5
dormante	1	8
slapend	1	7
inheemsen	1	9
dorman	1	6
goudzoeker	1	10
achtergebleven	1	14
ontziende	1	9
trotseren	1	9
verstotene	1	10
intellectuele	1	13
samenkomen	1	10
sabbatochtend	1	13
slokje	1	6
opheffen	1	8
longproblemen	1	13
three	1	5
forks	1	5
kerkgemeente	1	12
expresbode	1	10
tevoren	1	7
lo's	1	4
bedroog	1	7
wynn's	1	6
chique	1	6
talen	1	5
smaak	1	5
zondagmorgen	1	12
intolerantie	1	12
illustreren	1	11
onbewuste	1	9
wandel	1	6
jach	1	4
egoïstische	1	11
wandelen	1	8
wandeling	1	9
aanbidders	1	10
schopten	1	8
tuolumne	1	8
meerderen	1	9
california	1	10
miljonair	1	9
duikt	1	5
exemplaar	1	9
goedgelovigheid	1	15
onwetende	1	9
schorre	1	7
merkt	1	5
heesheid	1	8
geneest	1	7
scheurbuik	1	10
ischias	1	7
reuma	1	5
longaandoeningen	1	16
verwijdert	1	10
levervlekken	1	12
broek	1	5
afzakt	1	6
knieën	1	6
society	1	7
dergelijke	1	10
bruten	1	6
belle	1	5
vermaakt	1	8
toestaat	1	8
killjoy	1	7
zuivere	1	7
uitschot	1	8
blondie	1	7
razernij	1	8
bekoring	1	8
opjagen	1	7
heiligdom	1	9
ademt	1	5
gillen	1	6
verwachte	1	9
schatjes	1	8
vrijgevigheid	1	13
immigrant	1	9
hierover	1	8
uitgehuild	1	10
openbeuken	1	10
postkoets	1	9
binnenweg	1	9
burnham	1	7
geritsel	1	8
wandelpad	1	9
prettig	1	7
tegenzin	1	8
vechtende	1	9
volgzaam	1	8
nellie's	1	8
holle	1	5
instorten	1	9
respecteert	1	11
zwoor	1	5
legerdossier	1	12
sleeping	1	8
religieus	1	9
onderricht	1	10
geblust	1	7
verleid	1	7
ballingschap	1	12
verpesten	1	9
count	1	5
herbewerkt	1	10
fontazione	1	10
lobster	1	7
herstelling	1	11
gulle	1	5
lucas	1	5
family	1	6
material	1	8
world	1	5
charitable	1	10
oor	1	3
dansfeest	1	9
alhoewel	1	8
liefhebben	1	10
vernietig	1	9
watermeloen	1	11
bedriegers	1	10
nitraatfilm	1	11
titel	1	5
digitaal	1	8
duplicaat-negatief	1	18
titelkaarten	1	12
tijdperk	1	8
oorspronkelijke	1	15
tint	1	4
onvruchtbaarste	1	15
naderde	1	7
machtige	1	8
herfst	1	6
ganzen	1	6
zuidwaarts	1	10
kruisten	1	8
elkaars	1	7
schouders	1	9
anker	1	5
weemoedig	1	9
gluurde	1	7
gordijnen	1	9
voetenâš	1	9
âšstond	1	8
wieg	1	4
blozend	1	7
mollig	1	6
dronk	1	5
zong	1	4
liedjes	1	7
armenâš	1	8
âšterwijl	1	10
achttienhonderdnegen	1	20
ontberingen	1	11
oogsten	1	7
mislukten	1	9
stierven	1	8
dagenlang	1	9
zette	1	5
herinnerde	1	10
lichtste	1	8
skagen	1	6
mast	1	4
afnam	1	5
roeide	1	6
kindâš	1	7
âšde	1	5
jutland	1	7
bereikenâš	1	11
âšmaar	1	7
blokkade	1	8
fladstrand	1	10
enigen	1	6
telden	1	6
zonsopkomst	1	11
ontwaarde	1	9
stomheid	1	8
homborgsund	1	11
gansje	1	6
scheepscommandant	1	17
landinwaarts	1	12
rotsachtig	1	10
isâš	1	5
âšzit	1	6
zwom	1	4
verdween	1	8
visten	1	6
glimlachten	1	11
overmande	1	9
gebogen	1	7
grijs	1	5
achttienhonderdveertien	1	23
inclusief	1	9
huiswaarts	1	10
onderscheiden	1	13
vreemden	1	8
maalde	1	6
kerkelijke	1	10
begraafplaats	1	13
overspoelden	1	12
aanlandige	1	10
zeelieden	1	9
grootzeil	1	9
fok	1	3
opgelapte	1	9
strijder	1	8
greep	1	5
bedenkenâš	1	11
âšals	1	6
lijkbleek	1	9
gespannen	1	9
grimasâš	1	9
âštoen	1	7
vluchtten	1	9
gansjes	1	7
losâš	1	6
âšen	1	5
gat	1	3
gilde	1	5
zinken	1	6
zinkend	1	7
roeibootjeâš	1	13
âšmet	1	6
vaten	1	5
gerst	1	5
drijvende	1	9
commandant	1	10
knieã	1	5
zwoegde	1	7
beroofde	1	8
lachte	1	6
achteruit	1	9
eã	1	2
aanbreken	1	9
ochtendgloren	1	13
echtpaar	1	8
redding	1	7
hesnes	1	6
hesen	1	5
verte	1	5
verschenen	1	10
ondertiteld	1	11
joyce	1	5
wielinga	1	8
saperloot	1	9
vrijen	1	6
nieuwen	1	7
manten	1	6
noodig	1	6
amédée	1	6
wensch	1	6
rika	1	4
gritti	1	6
prachtmantel	1	12
opzichtig	1	9
bruidegom	1	9
japon	1	5
mantel	1	6
kereltje	1	8
schoone	1	7
pack	1	4
your	1	4
suitcase	1	8
come	1	4
on	1	2
he'll	1	5
wait	1	4
for	1	3
you	1	3
until	1	5
turns	1	5
telefonner	1	10
vijgenblaadje	1	13
wijfje	1	6
geheelen	1	8
kalmer	1	6
goeden	1	6
spreekuur	1	9
huisvrouw	1	9
vleeschkaart	1	12
raapkool	1	8
oorlogsgelee	1	12
elkander	1	8
schoonmoeders	1	13
burke	1	5
d.w	1	3
cameraman	1	9
g.w	1	3
bitzer	1	6
luiden	1	6
minnaars	1	8
hulpelozen	1	10
hanteren	1	8
wijzelf	1	7
daden	1	5
draaihekkens	1	12
kade	1	4
verdragshaven	1	13
matrozen	1	8
keet	1	4
trappen	1	7
geplande	1	8
raadgevingen	1	12
koestert	1	8
vredesboodschap	1	15
barbaarse	1	9
angelsaksen	1	11
gemoedelijk	1	11
jackies	1	7
gevoelige	1	9
krimpt	1	6
afschuw	1	7
naties	1	6
lessen	1	6
vastgestelde	1	12
kusten	1	6
district	1	8
winkelier	1	9
naïeve	1	6
duigen	1	6
wrange	1	6
realiteit	1	9
maleiers	1	8
indische	1	8
zeilers	1	7
aanschurkt	1	10
scharlaken	1	10
fantan	1	6
godin	1	5
duwde	1	5
bundel	1	6
doeken	1	6
bruut	1	5
gorilla	1	7
oost-londen	1	11
verkneukelend	1	13
klacht	1	6
afreageren	1	10
spaart	1	6
boksbal	1	7
doolt	1	5
gekneusde	1	9
lichaampje	1	10
dokken	1	6
waarschuwden	1	12
mikpunt	1	7
onbeschofte	1	11
humeur	1	6
opgekropte	1	10
brutaliteit	1	11
tover	1	5
glimlach	1	8
tafelmanieren	1	13
lachje	1	6
heidenen	1	8
winkeluitstap	1	13
extra's	1	7
opleveren	1	9
miste	1	5
betraand	1	8
zaait	1	5
ontzet	1	6
klooien	1	7
viooltjes	1	9
pluk	1	4
hunkert	1	7
burrow	1	6
alvorens	1	8
terugmatch	1	10
strompelt	1	9
doelloos	1	8
noedels	1	7
vleugje	1	7
opiumpijp	1	9
hersens	1	7
ervaart	1	7
leliebloemen	1	12
pruimenbloesems	1	15
zilveren	1	8
stromen	1	7
schemerige	1	10
ingericht	1	9
magisch	1	7
gekoesterd	1	10
bange	1	5
ontstaat	1	8
straalt	1	7
gedicht	1	7
gebabbel	1	8
maniertjes	1	10
chineesje	1	9
stralen	1	7
ontstolen	1	9
lieflijke	1	9
vlecht	1	6
hurkt	1	5
groezelige	1	10
blaast	1	6
amberkleurige	1	13
fluit	1	5
albasten	1	8
schriel	1	7
liefdesnaam	1	11
wisselgeld	1	10
wedstrijd	1	9
daagt	1	5
ouderlijke	1	10
diegenen	1	8
puur	1	4
deuropening	1	11
verhullende	1	11
riviernevel	1	11
schenkt	1	7
onvriendelijk	1	13
veertigduizend	1	14
ongevallen	1	10
toelacht	1	8
zweeds	1	6
filminstituut	1	13
duplicaatnegatief	1	17
onvolledig	1	10
mm-nitraatkopie	1	15
belgisch	1	8
zwart-witkopieën	1	16
toegevoegd	1	10
analoge	1	7
aktes	1	5
ijsland	1	7
achttiende	1	10
bandieten	1	9
dreven	1	6
waargebeurde	1	12
feiten	1	6
hadla	1	5
kauri	1	5
halla's	1	7
personage	1	9
deense	1	6
rondtrekkende	1	13
zwaait	1	6
smaken	1	6
goedhartig	1	10
schoonbroer	1	11
bundelen	1	8
overwegen	1	9
bediende	1	8
adviseerde	1	10
lusten	1	6
stillen	1	7
plekje	1	6
sprookje	1	8
wei	1	3
kasteel	1	7
deken	1	5
ontkomt	1	7
diezelfde	1	9
oogstfeest	1	10
wenkbrauw	1	9
gehoorzaam	1	10
gehoorzaamt	1	11
verblijft	1	9
kwaadspreekt	1	12
daarop	1	6
beschuldiging	1	13
vermakelijkers	1	14
verraders	1	9
uitvechten	1	10
eronderuit	1	10
tralies	1	7
bood	1	4
uitwissen	1	9
haatte	1	6
schaap	1	6
wanten	1	6
veroordeelde	1	12
bandiet	1	7
warmwaterbron	1	13
naarmate	1	8
alsmaar	1	7
lastiger	1	8
snapte	1	6
opdoemt	1	7
voortvluchtige	1	14
godzijdank	1	10
ochtendrood	1	11
aanbreekt	1	9
zegene	1	6
gebruikelijk	1	12
meegaat	1	7
beproevingen	1	12
zichtbaar	1	9
aankijkt	1	8
onzichtbare	1	11
bereikten	1	9
vlakte	1	6
leefden	1	7
bandietenbestaan	1	16
jaagden	1	7
zonnestralen	1	12
gletsjer	1	8
allermooiste	1	12
kleurloos	1	9
modder	1	6
tweeënhalf	1	10
gewoond	1	7
binnenstapte	1	12
scheen	1	6
voelden	1	7
geestverwanten	1	14
woestenij	1	9
bind	1	4
banger	1	6
lijf	1	4
trilt	1	5
voetsporen	1	10
trawanten	1	9
gemeen	1	6
frissen	1	7
depressiever	1	12
gelukkiger	1	10
scheuten	1	8
bezielde	1	8
tweeën	1	6
terugdenken	1	11
drieën	1	6
achten	1	6
zesde	1	5
wanhopige	1	9
koude	1	5
winternacht	1	11
grassprietjes	1	13
beefden	1	7
banden	1	6
mettertijd	1	10
ontstaan	1	8
sissend	1	7
ruil	1	4
omkomen	1	7
diefstal	1	8
bestwil	1	7
zestien	1	7
samengeleefd	1	12
sliepen	1	7
aanbrak	1	7
schreeuwen	1	10
beet	1	4
leer	1	4
johannes	1	8
worde	1	5
geheiligd	1	9
kome	1	4
geschiede	1	9
amen	1	4
braken	1	6
keken	1	5
godallemachtig	1	14
oosterse	1	8
western	1	7
cocktails	1	9
droogleggingsuur	1	16
broadway	1	8
vermoeide	1	9
yorker	1	6
verlokkende	1	11
vrije	1	5
t-h-u-i-s	1	9
gespeld	1	7
spelling	1	8
thuiskomt	1	9
klas	1	4
verplaatste	1	11
slingerende	1	11
s'morgens	1	9
kat	1	3
schraapt	1	8
noot	1	4
ooms	1	4
ranch	1	5
piute	1	5
aanzien	1	7
yip	1	3
klungels	1	8
tiger	1	5
lip	1	3
tompkins	1	8
pestkoppen	1	10
gemaskerde	1	10
geboden	1	7
verwrongen	1	10
golden	1	6
kilogram	1	8
sintels	1	7
st-t-t	1	6
bovenaan	1	8
vestzak	1	7
vogelschrik	1	11
geregisseerd	1	12
eddie	1	5
cline	1	5
traag	1	5
majestueus	1	10
klimt	1	5
heuveltoppen	1	12
munt	1	4
slagroomtaart	1	13
dolle	1	5
dansersverbond	1	14
stoopen	1	7
fluitsignaal	1	12
teentjes	1	8
kurketrekkers	1	13
voetsteunen	1	11
mode	1	4
geraakten	1	9
geduwd	1	6
zenuwachtige	1	12
proffesionele	1	13
medicatie	1	9
ph.d	1	4
t.n.t	1	5
behandelingen	1	13
opereren	1	8
slaapwandelt	1	12
uitgestrekt	1	11
laatse	1	6
nikkel	1	6
uitgegeven	1	10
rozijnen	1	8
brouwsel	1	8
ademhalen	1	9
j-j-je	1	6
portier	1	7
geluksnummer	1	12
verstoort	1	9
bovenkamers	1	11
gelijkvloers	1	12
rondlopen	1	9
departement	1	11
partituur	1	9
photoplay	1	9
mont	1	4
alto	1	4
motion	1	6
picture	1	7
orchestra	1	9
lottie	1	6
blair	1	5
jos	1	3
r.	1	2
grismer	1	7
anthony	1	7
kelly	1	5
d.	1	2
w.	1	2
polygaam	1	8
bijbelse	1	8
mensenzoon	1	10
wetgeving	1	9
overladen	1	9
genegeerde	1	10
zuiverheid	1	10
standvastigheid	1	15
opgroeien	1	9
man-dier	1	8
standaard	1	9
veroorzaakt	1	11
egoïsme	1	7
verhalenwereld	1	14
gebeurden	1	9
nieuw-engeland	1	14
geldnood	1	8
verwanten	1	9
toenemende	1	10
modetijdschrift	1	15
aarzelende	1	10
markeren	1	8
neven	1	5
gaven	1	5
bridge-	1	7
whistfeest	1	10
diana	1	5
incidentele	1	11
indringer	1	9
onstuimige	1	10
greenville	1	10
gênante	1	7
dump	1	4
excentrieke	1	11
zussen	1	6
hoofdstuk	1	9
vlakbij	1	7
rijkste	1	7
wijzer	1	6
afkomst	1	7
onderwezen	1	10
dichters	1	8
inzichten	1	9
puritein	1	8
opvatting	1	9
wier	1	4
zoet	1	4
dagdromen	1	9
eenentwintig	1	12
tremont-bal	1	11
hoogtepunt	1	10
seizoen	1	7
balkon	1	6
zusters	1	7
pesten	1	6
kleedt	1	6
topje	1	5
gloed	1	5
traphall	1	8
stimulans	1	9
elaine	1	6
lelies	1	6
astolat	1	7
geobsedeerd	1	11
lokt	1	4
keren	1	5
denkbeeldige	1	12
minuutjes	1	9
trouwt	1	6
onervaren	1	9
overspoeld	1	10
golf	1	4
dwarsbomen	1	10
geheimhouding	1	13
cynische	1	8
jaarlijkse	1	10
klasse	1	6
boosaardige	1	11
drang	1	5
hartstocht	1	10
onrustige	1	9
bruidssuite	1	11
rose	1	4
tree	1	4
inn	1	3
vervulling	1	10
meisjesdromen	1	13
onderbreking	1	12
tragedie	1	8
bartlett-postkantoor	1	20
rube	1	4
whipple	1	7
likeur	1	6
bitters	1	7
ros	1	3
beklimmen	1	9
postkantoor	1	11
briefkaarten	1	12
wittebroodsweken	1	16
verlicht	1	8
hints	1	5
rijkdom	1	7
gewoontes	1	9
bijeenkomsten	1	13
dringende	1	9
schuilt	1	7
schaamte	1	8
moederschap	1	11
gethsemane	1	10
wijzerplaat	1	11
druppels	1	8
plechtig	1	8
gedoopt	1	7
zijzelf	1	7
ritueel	1	7
doop	1	4
wake	1	4
eeuwenoude	1	10
kruis	1	5
bedevaart	1	9
klusjesman	1	10
opknapt	1	7
smeervet	1	8
korte	1	5
trip	1	4
zomergast	1	9
bestudeert	1	10
vlinders	1	8
ronddwaalt	1	10
geringsten	1	10
schriften	1	9
herder	1	6
ontbreken	1	9
kate's	1	6
kindertijd	1	10
onverholen	1	10
bekeert	1	7
wegging	1	7
vaars	1	5
geliefd	1	7
omhelzen	1	8
onberispelijke	1	14
maagdelijk	1	10
zomervelden	1	11
vertakkingen	1	12
trillen	1	7
oprechte	1	8
verdergaan	1	10
overweldigende	1	14
gehinderd	1	9
grimmige	1	8
beheersen	1	9
bark	1	4
bezwaarde	1	9
grappen	1	7
haan	1	4
scheurt	1	7
smelt	1	5
stroomt	1	7
uitkijken	1	9
lekkernijen	1	11
supermarkt	1	10
ontmaskeren	1	11
vermoedde	1	9
vergeving	1	9
veronderstelling	1	16
opwindende	1	10
warmen	1	6
ouderwets	1	9
tussenkomen	1	11
haver	1	5
zaaien	1	6
trouwring	1	9
martha's	1	8
aarzelend	1	9
confronteren	1	12
verkeert	1	8
bord	1	4
koekjes	1	7
avondmaal	1	9
geschikt	1	8
onwetend	1	8
schijnhuwelijk	1	14
geëerde	1	7
onweer	1	6
suikerwinnning	1	14
esdoornsap	1	10
uitzinnig	1	9
ijsbreker	1	9
ijsbarricade	1	12
geïnteresseerde	1	15
sacramentele	1	12
lieflijkste	1	11
weinigen	1	8
westelijke	1	10
avonturiers	1	11
bevond	1	6
vreemdeling	1	11
veel	1	5
dankje	1	6
nederzetting	1	12
jacob	1	5
bergpassage	1	11
naamloze	1	8
daaronder	1	9
voedertijd	1	10
rituelen	1	8
waarin	1	7
genegeerd	1	9
betekende	1	9
plunderen	1	9
opgezocht	1	9
zons	1	4
bewonderen	1	10
wildernis	1	9
goden	1	5
bezorgdheid	1	11
binnenkort	1	11
wigwams	1	7
allemaal	1	9
begroeven	1	9
legde	1	5
kleinigheden	1	12
mosselen	1	8
tassen	1	6
ongerept	1	8
onbekend	1	8
vond	1	5
indianenland	1	12
grenzen	1	7
belasting	1	9
vervelende	1	10
bloedbroeders	1	13
heerste	1	7
verbazen	1	8
gezonde	1	7
drogen	1	6
bedorven	1	8
hertenhuid	1	10
beenkappen	1	10
vandaar	1	7
latere	1	6
lederkous	1	9
legendarisch	1	12
heerste	1	8
aardbeien	1	9
plukken	1	7
ouderen	1	7
scheidt	1	7
pelsjager	1	9
tegengekomen	1	12
gevestigd	1	9
gehuil	1	6
insecten	1	8
ratten	1	6
smerigste	1	9
gouverneur	1	10
excellentie	1	11
slimmer	1	7
stopt	1	5
bevervallen	1	11
beverjacht	1	10
slaapkamers	1	11
beverburcht	1	11
bijl	1	4
scheepstimmerman	1	16
mensjes	1	7
oorlogstrommels	1	15
wawano	1	6
susquehanna	1	11
hutters	1	7
begint	1	7
zuidoostelijke	1	14
hinderlaag	1	10
match	1	5
geschoren	1	9
weiland	1	7
schort	1	6
hop	1	3
heeft	1	6
mijn	1	5
meeneem	1	7
mocassin	1	8
noorden	1	7
irokezen	1	8
arbeid	1	6
pot	1	3
speciaal	1	8
wegsturen	1	9
opscheppen	1	10
ssst	1	4
krap	1	4
luiken	1	6
tegenwoordig	1	13
geweren	1	7
laden	1	5
gebroed	1	7
riet	1	4
lesje	1	5
tegenslagen	1	11
gestoken	1	8
vriendjes	1	9
die	1	4
ingehouden	1	10
voorheen	1	9
scalperen	1	9
tomahawk	1	8
schijnheilig	1	12
douwde	1	6
stroming	1	8
kakkerlakken	1	12
hellehonden	1	11
stinkhonden	1	11
vieze	1	5
lafaards	1	8
kanoes	1	6
hij	1	4
overmorgen	1	10
ruzies	1	6
leeflang	1	8
mingo	1	5
zowaar	1	6
rechtop	1	7
wilddoder	1	9
valk	1	4
milde	1	5
verdwijnt	1	9
kennende	1	8
maak	1	5
lekkers	1	7
zachtaardig	1	11
achterlijk	1	10
zielsveel	1	9
domkop	1	6
letterlijk	1	10
figuurlijk	1	10
gelovig	1	7
zodat	1	6
gefolterd	1	9
onverstoord	1	11
zonder	1	7
roeien	1	6
vos	1	3
vrijpleiten	1	11
voornamelijk	1	12
kleren	1	6
omgekocht	1	9
ontvoert	1	8
aha	1	3
voorlees	1	8
beloont	1	7
manltou	1	7
steelt	1	6
daarover	1	8
begrijpelijk	1	12
veroveren	1	9
dansten	1	7
vredig	1	6
afwassen	1	8
dooft	1	5
opletten	1	8
juhig	1	5
armoedige	1	9
balken	1	6
eenden	1	6
waterlopen	1	10
dekens	1	6
roodhuid	1	8
geschonden	1	10
onderhandeld	1	12
gisternacht	1	11
kostbaar	1	8
j	1	2
heup	1	4
gewekt	1	6
gejat	1	5
ouderraad	1	9
leert	1	5
voorval	1	7
kerels	1	6
uilskuiken	1	10
datje	1	5
stro	1	4
stok	1	4
besmeurt	1	8
mistig	1	6
opvallen	1	8
rattenkop	1	9
wakend	1	6
dolende	1	7
gelegen	1	7
bronwater	1	9
stoer	1	5
kraai	1	5
coyote	1	6
martelen	1	8
hopend	1	6
oppikken	1	8
bleven	1	6
gaai	1	4
wan-tah-wah	1	11
verdrietig	1	10
haha	1	4
indianenpraat	1	13
neervallen	1	10
onbezorgd	1	9
roekeloos	1	9
luik	1	4
opengebroken	1	12
ieren	1	5
zwemmen	1	7
zooitje	1	7
opgeruimd	1	9
oorlogspad	1	10
opgeven	1	7
bezorgt	1	7
vestigen	1	8
bevolken	1	8
laffe	1	5
jakhalzen	1	9
hyena's	1	7
kromme	1	6
slaven	1	6
squaws	1	6
opgehad	1	7
eenheid	1	7
majoor	1	6
rogers	1	6
opgerukt	1	8
dringen	1	7
bloedig	1	7
voorgeworpen	1	12
gebedsplaats	1	12
karavanen	1	9
vermelden	1	9
overwinnen	1	10
idealist	1	8
filantropist	1	12
professioneel	1	13
progressief	1	11
charles	1	7
lane	1	4
knoeit	1	6
bovennatuurlijke	1	16
familieknecht	1	13
geërfd	1	6
menselijke	1	10
reparatiewinkel	1	15
jekylls	1	7
uitgebaat	1	9
brandon	1	7
hurst	1	5
beschutte	1	9
onlmangs	1	8
camden	1	6
paradijs	1	8
verontschuldigt	1	15
intrigeert	1	10
sint-antonius	1	13
weddenschap	1	11
wetenschappelijk	1	16
onderwerp	1	9
oneens	1	6
wijden	1	6
verwaarloos	1	11
ontwikkelt	1	10
rechterhgand	1	12
linkerhand	1	10
impulsen	1	8
ontkennen	1	9
music-halls	1	11
bek	1	3
stoort	1	6
specktakel	1	10
danseres	1	8
nita	1	4
naldi	1	5
meenam	1	6
argumenten	1	10
primaire	1	8
aangevoeld	1	10
opvoeden	1	8
gehuisd	1	7
lichamen	1	8
mirakels	1	8
teweeggebracht	1	14
heiligschennis	1	14
zowel	1	5
impuls	1	6
bevredigen	1	10
onberoerd	1	9
vlam	1	4
ban	1	3
onderzoekende	1	13
gedaante	1	8
volmacht	1	8
ondoordringbare	1	15
begeeft	1	7
poel	1	4
misdrijven	1	10
prul	1	4
huwelijksaanzoek	1	16
tegenslag	1	9
vermijden	1	9
toevlucht	1	9
jekull	1	6
verwijning	1	10
achterlaat	1	10
aangelegenheid	1	14
opvallend	1	9
verwaarloost	1	12
naargelang	1	10
dieper	1	6
wegzonk	1	7
verdorvenheid	1	13
achterliet	1	10
plotse	1	6
walging	1	7
verzaakte	1	9
zwakte	1	6
gekooid	1	7
losbarstte	1	10
gemener	1	7
overdekt	1	8
binnengeslopen	1	14
oorzaak	1	7
vreemds	1	7
bemoeienis	1	10
cheque	1	6
incasseren	1	10
believen	1	8
gekweld	1	7
hyde's	1	6
monsterlijke	1	12
wreedheden	1	10
overgegeven	1	11
overheersen	1	11
ogenschijnlijk	1	14
fatsoenlijk	1	11
verachtelijk	1	12
ondervragen	1	11
uitdaagde	1	9
bezwaar	1	7
cynisme	1	7
schaamde	1	8
goedheid	1	8
barnsbury	1	9
road	1	4
soho	1	4
nesten	1	6
teruggekeerd	1	12
boeten	1	6
uitzinnige	1	10
marteling	1	9
sluipende	1	9
gruwel	1	6
benheel	1	7
dr.jekyll	1	9
evenmin	1	7
zomin	1	5
noodzakelijke	1	13
tegenspoed	1	10
apotheken	1	9
gebrand	1	7
afhing	1	6
cuidado	1	7
invalt	1	6
kleinzonen	1	10
doening	1	7
vloog	1	5
voorgoed	1	8
nu--	1	4
ingenieur	1	9
schilder	1	8
inborst	1	7
stieren	1	7
deels	1	5
alweer-alweer	1	13
denkniet	1	8
kan--	1	5
doodgaan	1	8
dansend	1	7
terugkwam	1	9
hebnog	1	6
aangelegd	1	9
begripvol	1	9
controleerde	1	12
vliegweer	1	9
uitgetrokken	1	12
jaja	1	4
everzwijn	1	9
magische	1	8
zwijnentand	1	11
vreesik	1	7
vanavond--	1	10
formele	1	7
pompeus	1	7
glorie	1	6
marseillaise	1	12
verdeelt	1	8
moeten--	1	8
betekentdat	1	11
uitgedaagd	1	10
inferieure	1	10
lager	1	5
toom	1	4
belngrijk	1	9
aangesproken	1	12
vernederden	1	11
grootmoedig	1	11
prijzenswaardig	1	15
isnog	1	5
pampas	1	6
argentinïë	1	10
medailles	1	9
datze	1	5
opgemerkt	1	9
tijdenns	1	8
maniakken	1	9
joannes	1	7
beschreven	1	10
angel	1	5
niettoosten	1	11
opzo'n	1	6
elena	1	5
-daar	1	5
van-	1	4
bedien	1	6
eregast	1	7
buenos	1	6
aires	1	5
belangrijkers	1	13
groorvader	1	10
storten	1	7
gezworen	1	8
jakhals	1	7
huisschilder	1	12
huisschilders	1	13
jakhalsen	1	9
opluchting	1	10
euh--	1	5
uh	1	2
dochters--	1	10
duitsland--	1	11
argentijnen	1	11
kleinkinderen	1	13
ikben	1	5
studies	1	7
op--	1	4
partij	1	6
heb--	1	5
hebben--	1	8
bewust	1	6
.eilige	1	7
vreedzame	1	9
jesus	1	5
kaiser	1	6
verwekt	1	7
agentinië	1	9
binnengaat	1	10
mij--	1	5
buik	1	4
lendenen	1	8
zien--	1	6
ruiter	1	6
vlammen	1	7
jager	1	5
lachbui	1	7
feitelijk	1	9
de---	1	5
briljantste	1	11
bedoening	1	9
versterking	1	11
dezezoektocht	1	13
munchen	1	7
verzoening	1	10
bereidheid	1	10
compromis--	1	11
kunnen.--	1	9
economische	1	11
noodzaak	1	8
onvermijdelijk	1	14
machtspositie	1	13
gemanipuleerd	1	13
geredeneerd	1	11
tsjechoslovakije	1	16
bedoelingen	1	11
historisch	1	10
alsze	1	5
overblijven	1	11
maginot	1	7
strijdkrachten	1	14
sovjet-unie	1	11
gunnen	1	6
rationeel	1	9
irrationele	1	11
opmerkingen	1	11
opruiende	1	9
uitspraken	1	10
zet--	1	5
oprechtheid	1	11
doen--	1	6
aansporen	1	9
bloeddorstig	1	12
spuwen	1	6
omkijken	1	8
onderbreek	1	10
buitengewoons	1	13
haarstukje	1	10
golvend	1	7
zijkant	1	7
krulletje	1	9
vooraan	1	7
opzitten	1	8
vestiaire	1	9
charmant	1	8
prijze	1	6
ikwil	1	5
dekstoelen	1	10
tilden	1	6
matisse	1	7
modigliani--	1	12
zelden	1	6
schildert	1	9
onderandere	1	11
bekoorlijke	1	11
tomaat	1	6
integendeel	1	11
everzwijnentand	1	15
polen	1	5
oostenrijk	1	10
tjechoslovakije	1	15
conflict	1	8
geraak	1	6
verbluffend	1	11
staaltje	1	8
diplomatie	1	10
finesse	1	7
cocktail	1	8
party	1	5
praat--	1	7
amateur	1	7
strategen	1	9
theorieën	1	9
goedkeurt	1	9
goedkeur	1	8
afkeur	1	6
vertelle	1	8
opsommen	1	8
kwalen	1	6
vernoemen	1	9
polo	1	4
paardenrennen	1	13
racewagens	1	10
gerucht	1	7
zijnde	1	6
bespeuren	1	9
koesteren	1	9
gorvishi	1	8
ambassade	1	9
detail	1	6
vooraleer-	1	10
marguerite--	1	12
editie	1	6
moskou	1	6
catalogus	1	9
is--	1	4
jiist	1	5
rusland--	1	9
eenwederzijds	1	13
bondgenoten	1	11
dibiers	1	7
-uurs	1	5
wacht---	1	8
duisternis	1	10
bod	1	3
renoirs	1	7
pastelstudie	1	12
baders	1	6
verkocht	1	8
catalogus--	1	11
vaas	1	4
pastel	1	6
odilon	1	6
redon	1	5
bederven	1	8
gewoonte	1	8
raadsels	1	8
waarop	1	6
gefragen	1	8
bewondert	1	9
desnoyers--	1	11
pijt	1	4
zalu	1	4
verplichtingen	1	14
opgetogen	1	9
bijvoorbeeld	1	12
naakt	1	5
nude	1	4
zinnelijkheid	1	13
ongelooflijke	1	13
kleurschakeringen	1	17
textuur---	1	10
zachtheid	1	9
vlees--	1	7
magie	1	5
schilderen	1	10
errnstiger	1	10
moeilijkheid	1	12
neemde	1	6
pijnpunt	1	8
lunchafspraken	1	14
bekennen--	1	10
mm-hmm	1	6
vermeldde	1	9
ook--	1	5
kantoor--	1	9
hele--	1	6
vader--	1	7
onbewust	1	8
montlhery	1	9
won	1	3
aangepaste	1	10
beck	1	4
dobbs	1	5
chauffeurs	1	10
uittesten	1	9
deauville	1	9
verspilde	1	9
uitgeven	1	8
verduisteraar	1	13
bedragen	1	8
getalenteerde	1	13
wasdol	1	6
reporter	1	8
le	1	2
figaro	1	6
kruisvaarder	1	12
rechtzetten--	1	13
keren--	1	7
waszuiver	1	9
over---	1	7
zoalsde	1	7
famile	1	6
wer	1	3
heeftde	1	7
diepste	1	7
kussens	1	7
zachtste	1	8
gepast	1	6
slaapmutsje	1	11
aankloppen	1	10
stilletjes	1	10
opbellen	1	8
verhuist	1	8
slechter	1	8
gelijk--	1	8
omwille	1	7
mijn--	1	6
oordelen	1	8
klimaat	1	7
overgebracht	1	12
atelier	1	7
um--	1	4
huisnummer	1	10
kern	1	4
frivole	1	7
gehechtheid	1	11
legerafdeling	1	13
belgische	1	9
gate	1	4
regelmatig	1	10
overbelast	1	10
onbruikbaar	1	11
inleveren	1	9
zuid-amerika	1	12
wegkomen	1	8
garantie	1	8
gebombardeerd	1	13
coupé	1	5
hotelreserveringen	1	18
studentenmeeting	1	16
sorbonne	1	8
vandaag--	1	9
kranten	1	7
geëvacueerd	1	11
fransen	1	7
wijken	1	6
woedde	1	6
sneuvelden	1	10
maginotlijn	1	11
stemmetje	1	9
gogh	1	4
cezanne	1	7
wed	1	3
gepoogd	1	7
zogezegde	1	9
winnaars	1	8
neutralen	1	9
verhelpen	1	9
ze--	1	4
benzinevoorraad	1	15
noden	1	5
hof	1	3
profiteert	1	10
handbereik--	1	12
stijgt	1	6
leger--	1	7
nederigheid	1	11
inzien--	1	8
bijeen	1	6
herenigd	1	8
madrid	1	6
rio	1	3
waarmee	1	7
staatsburger	1	12
regelde	1	7
iemend	1	6
maarv	1	5
glinsterend	1	11
lieflijk	1	8
aantrekken	1	10
vrouwelijk	1	10
vanvon	1	6
toegekomen	1	10
wit,--	1	6
kaviaar	1	7
ontspannend	1	11
toelaten	1	8
spijtig	1	7
itte	1	4
trekt	1	5
uitdraaien	1	10
beledigend	1	10
neeft	1	5
kommandant	1	10
parijse	1	7
regio	1	5
dee	1	3
ommandant	1	9
romantische	1	11
eenvrouw	1	8
verkiezen	1	9
hersenen	1	8
knallen	1	7
uitnodig	1	8
yes	1	3
general	1	7
s.s.	1	4
reinhard	1	8
heydrichs	1	9
staf	1	4
neef-	1	5
please	1	6
down	1	4
voorwaarden	1	11
overgave	1	8
rang	1	4
verblijven	1	10
opwindend	1	9
ikeraan	1	7
toevoegen	1	9
goddelijk	1	9
sigaret	1	7
deamerikanen	1	12
aanvaardt	1	9
uitnodigingen	1	13
dineert	1	7
zwijg	1	5
dineer	1	6
verstaat	1	8
belgië	1	6
noorwegen	1	9
vermakelijk	1	11
berisp	1	6
misbruiken	1	10
bedrieglijk	1	11
verhuisden	1	10
niemnad	1	7
baat	1	4
geruststellend	1	14
oproepingen	1	11
onbeduidend	1	11
afvragen	1	8
gisterenvond	1	12
deschikkingen	1	13
treffen	1	7
gaan--	1	6
omdraaien	1	9
kruipen	1	7
gemakkelijk	1	11
schreeuw	1	8
zelfrespect	1	11
verwittigd	1	10
krijgsgevangene	1	15
relletje	1	8
banaal	1	6
onaangename	1	11
pas.	1	4
familiebijeenkomst	1	18
dienstaan	1	9
oostfront	1	9
geprezen	1	8
actie	1	5
we--	1	4
betoging	1	8
familieaangelegenheid	1	21
rellen	1	6
handvol	1	7
onschadelijke	1	13
ophaalt	1	7
uitleg	1	6
escapade	1	8
gebeuren--	1	10
spelletjes	1	10
tomaten	1	7
hegt	1	4
minste	1	6
belet	1	5
worden--	1	8
rondgekropen	1	12
smekend	1	7
rondkruipen	1	11
laurier--	1	9
aantekeningen	1	13
vergeleken	1	10
duitse--	1	8
geweldigste	1	11
bevreesd	1	8
jaar--	1	6
ging--	1	6
dienstpicht	1	11
terugging	1	9
argentini¨gebleven	1	18
geven--	1	7
bens	1	4
ingepikt	1	8
beslag	1	6
opmerkelijk	1	11
kunne	1	5
saint-denis	1	11
oneer	1	5
ikmoet	1	6
kwijtspelen	1	11
mogelijke	1	9
onderschat	1	10
een--	1	5
oppervlakkige	1	13
but--	1	5
ondervinden	1	11
lebeau	1	6
himmlers	1	8
voorzeker	1	9
onbetrouwbaar	1	13
blijken	1	7
leveren	1	7
dedader	1	7
anonimiteit	1	11
enzeer	1	6
hijof	1	5
verwijs	1	7
uitdrukkelijk	1	13
verwittg	1	8
wnsik	1	5
behoud	1	6
fraulein	1	8
duits	1	5
plotselinge	1	11
eigenaardig	1	11
strasse	1	7
weigeren	1	8
vernietigd	1	10
moge	1	4
zenuwaanval	1	11
bloot	1	5
herr	1	4
afgerond	1	8
ikvrees	1	7
verontschuldig	1	14
wasje	1	5
gebeld--	1	8
dibier	1	6
beschuldigd	1	11
hemerg	1	6
collaborateur	1	13
hij--	1	5
you're	1	6
going	1	5
now	1	3
npdig	1	5
verpleegster	1	12
installeert	1	11
vrijlatingskaart	1	16
afroepen	1	8
bevocht	1	7
derug	1	5
toekeren	1	8
besefte	1	7
reorganiseren	1	13
identificeerde	1	14
gekund	1	6
gunst	1	5
vragen--	1	8
doorstaan	1	9
overleefd	1	9
hierbuiten	1	10
provincies	1	10
strijden	1	8
martinique	1	10
binnenlopen	1	11
ingestort	1	9
opgepakt	1	8
werkkampen	1	10
uitgehaald	1	10
opgebrand	1	9
bekennen	1	8
leven--	1	7
aanraking	1	9
antieks	1	7
wegliep	1	7
waarje	1	6
bemoeid	1	7
intimideren	1	11
executiepeloton--	1	17
alstublief	1	10
intiem	1	6
verslechterd	1	12
schijnthet	1	10
pantserdivisie	1	14
verplaatst	1	10
inlichtingendienst	1	18
lokaliseren	1	11
ndien	1	5
lente	1	5
geallieerde	1	11
landingen	1	9
contacteert	1	11
bombardement	1	12
hoofdkartier	1	12
plaatsvinden	1	12
gericht	1	7
vernietiging	1	12
onnodig	1	7
aanvraag	1	8
schikkingen	1	11
francois	1	8
installeren	1	11
zehebben	1	8
smeken	1	6
tussengekomen	1	13
daar--	1	6
morgennamiddag	1	14
bevelhebber	1	11
enkele--	1	8
slapt	1	5
wekken--	1	8
oef	1	3
zender	1	6
zendt	1	5
piepsignaal	1	11
golflengte--	1	12
voortdurend	1	11
kanaal	1	6
krioelt	1	7
zenders	1	7
richtontvangers	1	15
ingenieus	1	9
sigarenaansteker	1	16
drukt	1	5
in-	1	3
stabiel	1	7
pieptonen	1	9
françois	1	8
indrukken	1	9
bommen	1	6
verspillen	1	10
graden	1	6
informatief	1	11
opving	1	6
noord-frankrijk	1	15
doorkruisen	1	11
onderhoudend	1	12
woord--	1	7
patrouille	1	10
lucifers	1	8
peiling	1	7
wachtnog	1	8
dringend	1	8
aansteker	1	9
verband	1	7
terecht--	1	9
degenen	1	7
verhoren	1	8
verhoorofficier	1	15
salon	1	5
operaties	1	9
gelokaliseerd	1	13
gaant	1	5
eergisteren	1	11
ondergaan	1	9
eenvoudiger	1	11
meewerkt	1	8
ondervragingsofficier	1	21
benijd	1	6
ontdekte	1	8
benijdde	1	8
onafhankelijk	1	13
welkereden	1	10
onmogelijke	1	11
watje	1	5
vliegtuigen	1	11
overvliegen	1	11
onhandige	1	9
aftocht	1	7
kid	1	3
guido	1	5
impresario	1	10
critici	1	7
herstel	1	7
verbaal	1	7
netherlands	1	11
d'ennery	1	8
bazen	1	5
evenveel	1	8
gluiperige	1	10
moreel	1	6
hoogstaande	1	11
wierp	1	5
omver	1	5
fanatici	1	8
rechtsorde	1	10
proloog	1	7
vaurdreys	1	9
huwde	1	5
familienaam	1	11
opvang	1	6
vondelingentrap	1	15
baby'tje	1	8
gebruikelijke	1	13
tegenstrijdigheid	1	17
hals	1	4
kinderjaren	1	11
politieprefect	1	14
levenslange	1	11
gevangenschap	1	13
uitgezonderd	1	12
fierste	1	7
knecht	1	6
setain	1	6
bijnaam	1	7
huurder	1	7
domein	1	6
ingrijpend	1	10
kruisen	1	7
mishaagde	1	9
leerde	1	6
goedkeurend	1	11
kokend	1	6
lood	1	4
aders	1	5
wraakdromen	1	11
xvi	1	3
zelfzuchtige	1	12
feodale	1	7
koningschap	1	11
representeert	1	13
hertog	1	6
orleans	1	7
aangewezen	1	10
rebellie	1	8
jefferson	1	9
ambassadeur	1	11
lafayette	1	9
walgend	1	7
heerschappij	1	12
beroemd	1	7
pokdalige	1	9
dondersteen	1	11
nota	1	4
abraham	1	7
lincoln	1	7
dorothy	1	7
lillian	1	7
epidemie	1	8
aandoening	1	10
grenzeloze	1	10
onuitsprekelijke	1	16
achterblijven	1	13
plechtige	1	9
goedkeuren	1	10
marktplein	1	10
pont	1	4
neuf	1	4
scharen	1	7
messen	1	6
slijpen	1	7
beruchte	1	8
weinige	1	7
blokkeert	1	9
verklapt	1	8
naïef	1	5
beraamt	1	7
wetend	1	6
maagdelijke	1	11
waargebeurd	1	11
koetshuis	1	9
begroeten	1	9
poort	1	5
feesten	1	7
voeden	1	6
mompelt	1	7
dreigend	1	8
hekkens	1	7
gedumpt	1	7
kritiek	1	7
orgieën	1	7
aristocratische	1	15
logeren	1	7
opkwam	1	6
fontein	1	7
gewillig	1	8
voertuigen	1	10
weggestuurd	1	11
wraakzuchtige	1	13
opbrengen	1	9
maxmillian	1	10
logeert	1	7
heerser	1	7
henriette's	1	11
logeergelegenheid	1	17
roddels	1	7
verbreken	1	9
wenden	1	6
gehoorzaamheid	1	14
prinselijke	1	11
hogere	1	6
gearrangeerd	1	12
bloede	1	6
ongehoorzaam	1	12
volksregering	1	13
danton's	1	8
welsprekendheid	1	15
alarmeert	1	9
smeedt	1	6
geroddel	1	8
vernam	1	6
voorzichtigheid	1	15
organisator	1	11
andermans	1	9
moraal	1	6
onthouden	1	9
dichtslaande	1	12
force	1	5
zoektocht	1	9
opdroeg	1	7
verlovingsring	1	14
ruïneren	1	8
bedelares	1	9
beminde	1	7
versterkte	1	10
despotische	1	11
liefdesgeschiedenis	1	19
blijk	1	5
verbannen	1	9
koningsgezind	1	13
uitgelaten	1	10
brissac	1	7
onheilspellende	1	15
gevangenissen	1	13
onschuldigen	1	12
despotisme	1	10
versperren	1	10
donder	1	6
schokt	1	6
hoopt	1	5
konings	1	7
bolwerk	1	7
triomfeert	1	10
emigreert	1	9
vaudreys	1	8
feeks	1	5
gespuis	1	7
carmagnole	1	10
onverklaarbare	1	14
uitdrukking	1	11
massawaanzin	1	12
verrijst	1	8
geslepen	1	8
politicus	1	9
manipuleert	1	11
decreet	1	7
rivalen	1	7
democratische	1	13
gezuiverd	1	9
gebreken	1	8
robespierre's	1	13
toespraak	1	9
stormachtige	1	12
fanatieke	1	9
patriot	1	7
controleposten	1	14
controleren	1	11
streng	1	6
verleent	1	8
scherpsnijdende	1	15
hachelijke	1	10
verleende	1	9
gerechtshof	1	11
terreur	1	7
sans-culottes	1	13
bendeleden	1	10
machthebbers	1	12
beledigen	1	9
zwoel	1	5
jury	1	4
tiran	1	5
voornaam	1	8
ikzelf	1	6
ontelbare	1	9
uiteraard	1	9
verlenen	1	8
teruggezien	1	11
mijlen	1	6
stadswallen	1	11
plechtigheid	1	12
slipte	1	6
functioneerde	1	13
neerwaartse	1	11
gebaar	1	6
karren	1	6
souper	1	6
gelijkheid	1	10
broederlijkheid	1	15
rechtspraak	1	11
volkstribunaal	1	14
redevoerder	1	11
redevoering	1	11
lijdende	1	8
gratieverlening	1	15
pleidooi	1	8
verspreid	1	9
onthoofd	1	8
democratie	1	10
deemsteren	1	10
bloeien	1	7
welzijn	1	7
keur	1	4
jongeling	1	9
verzinnen	1	9
bewoonde	1	8
wolkenkrabber	1	13
romance	1	7
e.j.	1	4
reese	1	5
salto's	1	7
barnum	1	6
bailey	1	6
stoelen	1	7
frank	1	5
gary	1	4
osteopaat	1	9
genezingen	1	10
vice-presidenten	1	16
deluxe	1	6
cafe	1	4
betaalbare	1	10
emmett	1	6
zaag	1	4
gezegend	1	8
benoemd	1	7
vrijers	1	7
jongeren	1	8
benemen	1	7
onbuigbare	1	10
joegen	1	6
ontmettingsmiddel	1	17
solo	1	4
zopas	1	5
gewijd	1	6
lloyd	1	5
wijdt	1	5
jaarsalaris	1	11
verbleken	1	9
heleboel	1	8
onderhanden	1	11
consulteerje	1	12
privã	1	5
-sanatorium	1	11
stadjes	1	7
hoefijzer	1	9
bedrijfstak	1	11
croquet	1	7
âdokter	1	9
medicijntas	1	11
gevald	1	6
krampjes	1	8
fleming	1	7
mevrouwtje	1	10
zakenâ	1	8
mãžge	1	5
wllde	1	5
verlatenâš	1	11
âlaat	1	7
aanbevelen	1	10
doenâ	1	7
âwilt	1	7
pokeren	1	7
maandloon	1	9
doet-le	1	7
âvolg	1	7
pussyfoot	1	9
sst	1	3
kaartenâ	1	10
âwaarom	1	9
ezâ	1	5
afrekening	1	10
nietsnut	1	8
eminent	1	7
consult	1	7
âdenk	1	7
ideeã	1	5
ntâ	1	5
probeerden	1	10
complicaties	1	12
onbeschaamdheid	1	15
brutaliteitâ	1	14
rikketikketik	1	13
hã	1	2
â	1	3
âstop	1	7
âniks	1	7
naarhet	1	7
overspannen	1	11
âalles	1	8
agenten	1	7
hoofdstraat	1	11
voorjou	1	7
blootgesteld	1	12
verbied	1	7
toegewijd	1	9
kunde	1	5
tonnen	1	6
verbleekt	1	9
behandelt	1	9
raadpleeg	1	9
noodzakelijk	1	12
hoefijzers	1	10
werkuren	1	8
inkomen	1	7
dokterstas	1	10
marta	1	5
longonsteking	1	13
krampen	1	7
zieke	1	5
schoolgebouw	1	12
voorschrift	1	11
darktown	1	8
strutters	1	9
ball	1	4
dok	1	3
passeerden	1	10
middagmaal	1	10
pokerspel	1	9
kattepootje	1	11
ez	1	2
weeet	1	5
zuurpruim	1	9
charlatan	1	9
saulsbourg's	1	12
consultatie	1	11
schoppenboer	1	12
jackson	1	7
compliaties	1	11
vrijpostigheid	1	14
tolleren	1	8
grove	1	5
belediging	1	10
stort	1	5
verbieden	1	9
ik-	1	3
tegenwerkingen	1	14
eigendom	1	8
shock	1	5
red.	1	4
friedrich-wilhelm-murnau	1	24
distributie	1	11
bestemd	1	7
exportnegatief	1	14
afkomstig	1	9
negatieven	1	10
herzien	1	7
censuurfiches	1	13
vergelijking	1	12
masternegatief	1	14
berliner	1	8
illustrierten	1	13
zeitung	1	7
thea	1	4
harbou	1	6
productieontwerp	1	16
otto	1	4
hunte	1	5
stahl-urach	1	11
fotografie	1	10
hoffmann	1	8
garderobe	1	9
hoofdactrices	1	13
vervaardigd	1	11
vally	1	5
reinecke	1	8
modeateliers	1	12
flatow-schädler	1	15
mossner	1	7
vertolkers	1	10
rudolf	1	6
klein-rogge	1	11
danser	1	6
aud	1	3
egede	1	5
nissen	1	6
gertrude	1	8
welker	1	6
abel	1	4
bernhard	1	8
goetzke	1	7
richter	1	7
forster-larrinaga	1	17
adalbert	1	8
schlettow	1	9
huszar	1	6
fine	1	4
grete	1	5
berger	1	6
falkenstein	1	11
lydia	1	5
potechina	1	9
herrmann	1	8
gokker	1	6
tolereer	1	8
betrap	1	6
verjaag	1	7
wegstuurt	1	9
jaag	1	4
kg	1	2
platina	1	7
salvarsan	1	9
balen	1	5
katoen	1	6
bankbiljetten	1	13
beurs	1	5
modern	1	6
kannibalisme	1	12
eliminatiecommissie	1	19
europese	1	8
valuta's	1	8
dalen	1	5
dollarbiljetten	1	15
sternberg	1	9
baissemarkt	1	11
nederlands-	1	11
spoorwegbediende	1	16
zwitsers	1	8
haussemarkt	1	11
verkoop	1	7
markt	1	5
philharmonie	1	12
lezingen	1	8
serie	1	5
iv	1	2
psychoanalyticus	1	16
prof.	1	5
factor	1	6
vereniging	1	10
psychoanalytisch	1	16
inmenging	1	9
derden	1	6
uitsluit	1	8
zenuwaandoeningen	1	17
tumultueuze	1	11
folies	1	6
bergéres	1	8
kondigen	1	8
industrieel	1	11
hoofdpijn	1	9
verdragen	1	9
plus	1	4
voorziet	1	8
aanraden	1	8
verlegenheid	1	12
promesse	1	8
gokte	1	5
kamernummer	1	11
ernaast	1	7
kwaadwillende	1	13
ongelooflijk	1	12
toegaat	1	7
respectabele	1	12
amerikaan	1	9
donkerharige	1	12
rus	1	3
wend	1	4
afgezien	1	8
voorzorgsmaatregel	1	18
werktuig	1	8
schuldbekentenis	1	16
omschrijven	1	11
relaties	1	8
introduceerde	1	13
doms	1	4
gokkerskringen	1	14
passieve	1	8
bewonderaar	1	11
prostituees	1	11
vermoeid	1	8
sensaties	1	9
observeer	1	9
teweegbrengt	1	12
spelers	1	7
tiffany	1	7
gekost	1	6
bestuderen	1	10
roofdier	1	8
gentleman	1	9
ongemerkt	1	9
erkent	1	6
honderdvijftigduizend	1	21
gewaarschuwd	1	12
kwestie	1	7
aanklager	1	9
voorname	1	8
behoeder	1	8
offcier	1	7
gemaskerd	1	9
gokverslaafde	1	13
gangster	1	8
lokken	1	6
gokclubs	1	8
triviale	1	8
uitnodigen	1	10
countess	1	8
stokpaardje	1	11
bittere	1	7
ontdekking	1	10
nachtclubs	1	10
gokholen	1	8
verademing	1	10
sfeer	1	5
ongewone	1	8
uitgestorven	1	12
ongelijk	1	8
boeiendste	1	10
deelnemen	1	9
achtervolg	1	10
overtuigend	1	11
bondgenoot	1	10
lotsbestemmingen	1	16
ergst	1	5
modewinkel	1	10
fox	1	3
wine	1	4
tavern	1	6
venus	1	5
kers	1	4
dancehall	1	9
hartenaas	1	9
bril	1	4
tsi-nan-fu	1	10
verwittig	1	9
hoteldetective	1	14
gevlogen	1	8
officemanager	1	13
verhuren	1	8
lijkenrover	1	11
bevoegd	1	7
regeringsvertegenwoordigers	1	27
openbaar	1	8
opgevolgd	1	9
wogenbruch	1	10
fier	1	4
wijnbar	1	7
palais	1	6
tegenstribbelen	1	15
klootzak	1	8
amateurs	1	8
chauffeur	1	9
haydnstrasse	1	12
geheimraad	1	10
wendel	1	6
spiritistische	1	14
seance	1	6
sesam	1	5
officieel	1	9
gewaardeerde	1	12
veeleisende	1	11
verlangens	1	10
kader	1	5
teruggevoerd	1	12
motto	1	5
toegestaan	1	10
beloond	1	7
bekendste	1	9
psychoanalytici	1	15
occulte	1	7
onschatbare	1	11
binnen-	1	7
buitenkant	1	10
verstoren	1	9
onruststoker	1	12
bewegen	1	7
langere	1	7
enerzijds	1	9
onaangenaam	1	11
anderzijds	1	10
oninteressant	1	13
duur	1	4
opvalt	1	6
donderdagavond	1	14
zijstraat	1	9
onbeleefd	1	9
intrekken	1	9
exacte	1	6
plattegrond	1	11
told's	1	6
onlangs	1	7
aanbod	1	6
opsluiten	1	9
gokclub	1	7
slagen	1	6
faalden	1	7
gevaarlijkste	1	13
criminelen	1	10
aller	1	5
ethische	1	8
klaargemaakt	1	12
hoofdbureau	1	11
